original_text,adversarial_text,original_label,requests_number,num_perturbed,attack_sucessful
RT @kitcoskjones: im soooo over having a bitch it aint EVEN funny lbs....,RT @kitcoskjones : i m soooo over having a bitch i t ai nt EVEN funny lbs....,happiness,21,1,True
I say we all do a big fat line of meth after the finale...come on you pussies :P #GoodbyeBreakingBad,I sa y we all do a big fertile line of meth ater the finale... come o n you pussies : P # GoodbyeBrakingBad,neutral,64,9,True
Watching #Steelers colts getting blinded by the Steelers uniys look like bunch of bumblebees,Watching # Steeles colts getting blinded by the Steelers uniys look like bunch of bumblebees,neutral,20,1,True
Can Charlie Crist pull one over on Rick Scott? Well he did pull one over on #floridaprimary dems tonite. #TPOT #Election2014,Can Charlie Crist pull o ne over on crick Sctot? swell he d id deplume ome ovr 0n # floridaprimary dems tonite. # TOT # Election204,neutral,119,22,True
"""@angelenagoley: 10 sex positions http://t.co/nt3PABMWsm http://t.co/JmHZ8Sczf0""naw this what u call fucking the soul outta bitch &#128557;",""" @angelenagoley : 10 sex positions http://t.co/nt3PABMWsm htt://t.co/JmHZ8Sczf0""naw this what u call fucking th e soul outta bitch & # 128557 ;",anger,31,2,True
@KiaraSmallzz lmaoo &#128514;&#128149;I think I want this bitch YA me tiene cansada but thanks &#128536;wait hold up ... Who u fighting &#128563;,@KiaraSmallzz lmaoo &#128514;&#128149;I think I want this bitch YA me tiene cansada b ut thanks & # 128536;wat hold u p... Who u fighting &#128563;,happiness,42,8,True
RT @AP_Noticias: #&#218;LTIMAHORA El republicano Charlie Baker elegido gobernador de Massachusetts. #Election2014 #APracecall http://t.co/qkbWQ&#8230;,RT @AP_Ntoicias : # & # 218;LTIMAHRA El republicano Charlie Baker elgeido gobernador d e Masscahusetts. # Election2014 # APracecall http:/t.co/qkbWQ&#8230 ;,neutral,105,22,False
"RT @LauraBehnke: #Yankees fans having flashbacks! RT @WCCORosen: @LauraBehnke You remember THIS Phil Hughes! It's already 4 to 0, still no &#8230;","R T @LauraBehnke : # Yankee fans having flashbcaks! RT @WCCORosen : @LauraBehnke Yo u remember THIS Phl Hughse! information technology ' s already 4 t0 0, sitll n o & # 8230 ;",neutral,155,32,False
Damn Charlie Wilson is still around?,Damn Charlie Wilson is stil just about?,confusion,22,3,True
"Always wanted to fuck that bitch, thank you god I fucked that bitch","Always wanted to fuck that bitch, thank you g od I fcked th@t bich",anger,51,8,True
"RT @MindOnSuccess_: My mother be on some trash man &#128514; I ask her EVERYDAY, you need/ want some money? She say ""Naw I'm good!"" But come payday&#8230;","R T @MindOSnuccess _ : My mother be along some trash man & # 128154 ; I ask her EVERYDAY, you need/ desire s0me moey? She say ""Naw I'm good!"" merely get along payday&#8230 ;",neutral,152,30,False
"I didn't know my nig G-Eazy had reached a million views on one of his songs, haha that's crazy","I did n't know my nig G - Eazy had reached a million views on one of his songs, hah a that 's craz y",happiness,33,2,True
@CBSThisMorning @charlierose @NorahODonnell tx trash your show was a disgrace this AM engaging w @MittRomney disrespecting the President,@CBSThisMoning @charlierose @NorahODonnell tx tra sh your show wa s a disgrace this AM engaging w @MittRomney disrespecting the President,disgust,33,4,True
I openly admit to being the level of white trash that will drive across town to the gas station with free hot dogs &amp; half price drinks.,I openly admit to being the level of white trash that wi ll drive across town to the gas station with free hot dogs & amp ; half price drinks.,happiness,34,1,True
RT @wittybigtwittys: I use the word cunt very loosely,RT @wittybigtwittys : I use the wod cunt very loosely,neutral,25,3,True
@sportsdude53 haha not you. Just getting shit from everyone else when my second favorite team is the redlegs.....,@sportsdude53 haha not you. Just getting shit from everyone else when my second favorite team is the redlegs.....,happiness,3,0,False
You're like a lucky leprechaun with a charmed day on your hand... More for Gemini http://t.co/2nx6NlOxOe,You 're like a l ucky leprechaun with a charmed day on your hand... More for Gemini http://t.co/2nx6NlOxOe,love,19,1,True
but shawty you not a bitch you the one I get money wid,but shawty you not a bitc h you the one I ge t money wid,anger,22,2,True
RT @BurgerKing: Chicken Fries. @Oreo Shake. Perfection. http://t.co/PdiGLRbhJZ,R T @urgerKing : Chicken Fries. @Oeo Shak e. Perfection. http://t.co/PdiGLRbhZ,neutral,54,10,True
Not a word on Jihadi stream about the Kurdish female suicide bomber in Kobane. That story undermines their mythology on several levels.,Not a word on Jihadi strem about the Kurdish female suicide bomber in Kobane. That story undermines their mythology on several levels.,neutral,22,2,True
"RT @Allan_Son: I got gatorades, Twinkies, rice puddings, Pringles, and cookies &#128525;&#128555;","R T @Allan_Son : I got gatorade$, Twinkie, rice puddings, Prngles, and cookies & # 128525;&128555 ;",neutral,87,20,False
Some hoes that tweet just make me mad lol,Some hoes that tweet just make me mad l ol,happiness,13,1,True
Keep those away frm Charlie Day RT @JhonenV: Just once in my life I'd like for someone's favorite part of my body to be my disgusting knees.,Keep those away frm Charlie Day RT @JhonenV : Just once in my life I ' d like for someone '$ favorite divide of ny body to be my disgusting knees.,disgust,114,16,True
@ElyssaJankowski @ComedyTextings haha she a stupid hoe,@ElyssaJankowski @ComedyTexings h aha she a stupid hoe,happiness,16,2,True
Fuck dat bitch,Fuck d@t bi tch,anger,15,2,True
"One of my favorite songs. ""There's a man on the shoreline with a white parakeet trying to make his bird go home."" http://t.co/bQ3CBIPk6s","O ne of my favorite songs. ""There's a man on the shoreline with a white parakeet trying to make his bird go home."" http://t.co/bQ3CBIPk6s",love,18,3,True
S/O to my Luu's. These are down bitches! Don't fuck with them.,S/O to my Luu's. Thsee are dwn holler! Don't fuck with them.,anger,29,5,True
This niggga said I be branding bitches &#128569;&#128514;&#128514;&#128514;&#128514;&#128527;,This niggag sad I be branding bitches & # 128569;&#128514;&#128541;&#128514;&#128514;&#128527 ;,neutral,39,8,True
got my bitch in her whip coming to pick me up,got my bi tch in her whip coming to pick me up,anger,15,1,True
RT @K1mb0Slyc3: Me too! &#8220;@WhatsAshirt: Defiantly going to see that new planet of the apes tonight&#8221;,RT @K1mb0Slyc3 : Me too! & # 8220;@WhatsAshirt : Defiantly goig to see tha t new satellite of the ape s tonight&#8221 ;,neutral,111,22,False
After tonight&amp;&amp; many more nights to come!! I will show you what a cold hearted bitch can do!!! #donefeedup #solo,After tonight&amp;&amp; many more nights to come!! I will show y ou wht a c old hearted bitch can do!!! #donefeedup #solo,anger,34,7,True
Aint no hoe in blood,Ai nt no hoe in blood,disgust,11,1,True
Hahahaa so people can't parent differently...? Twitter is fuckin trash ahahahha http://t.co/b6koSBMzBz,Hhaahaa s o people ca n't parent differently...? Twitter is fuckin trash ahahahha http://t.co/b6koSBMzBz,happiness,29,4,True
anybody want any sugar maple saplings? I have about 50 popping up in Heidi's hillbilly beach. me and emm's planted two Friday.,anybody want any sugar maple saplings? I have abou t l popping up in Heidi ' s bushwhacker beach. me and emm's planted two Friday.,neutral,43,6,True
RT @hilaryde92: Always a fat bitch in the handicap spot but never a dude in a wheelchair.,RT @hialryde92 : Always a f at bitch i n the hanicap sot but never a dandy in a wheelchiar.,neutral,68,12,True
"I named my penis ""The Truth"" because bitches can't handle it.","I named m y penis "" The Truth "" because bitches ca n't handle it.",neutral,26,4,True
RT @JesusMVela: &#8220;@Enriquuee_: @JesusMVela @wigga32 fucking pussy that's why&#8221; exactly. Let me @ the nigga @RyanMattheww7 were talking about &#8230;,RT @JesuMVela : & # 822;@Enriquuee _ : @JesusMVela @iwgga32 fucking pussy tha t ' s why#8221 ; exactly. Army of the Righteous me @ t he jigaboo @RyanMatteww7 wer3 ta1king around & # 830 ;,neutral,138,30,True
"@Blackman38Tide Ha bitch, I'm pickin' up beach babes left n right on the West Coast http://t.co/lDXNpohLyD","@Blackman38Tide Ha bitch, I 'm pickin ' up beach babes left n right o n the West Coast http://t.co/lDXNpohLyD",anger,23,1,True
@gezus__ you gunna let that bitch do you like that?,@gezus__ you gunna let that bitch do you like that?,neutral,14,3,False
"""@kazooook: We actin like it's the 7th day @WesGodLaFlare http://t.co/s9gMtEvpaT""
&#128123;spook",""" @kazooook : We actni like i t ' s th e 7 th day @WeGodLaFlare http://t.c/s9gMtEvpaT "" & # 128123spook",neutral,85,17,False
&#8220;@coltscommunity @Pacers @nflcolts @indystar #CHUCKSTRONG #GoldSwagger http://t.co/6q5wm3VU&#8221; thats awesome &#127936;+&#127944;=&#128077;&#128076;&#9757; #hoosiers,& # 8220;@coltscommunity @Pacesr @nflcols @indystar # CHUCKSTRONG # Goldwagger http://t.co/6qw5m3VU&#8221 ; that s awesome & # 127936;+#&127944;=&#128077;&#128076;&#9757 ; # Hoosier,neutral,89,21,False
RT @kamaalrkhan: Sir @ArvindKejriwal career tho apka waise bhi khatam ho chukka. You have become new Amar Singh so try for publicity #Kejr&#8230;,RT @kamaalrkhan : Si r @ArvindKejriwal career tho apka wasie bhi khatma ho chukka boot. You hae get novel Amar Sing h so try for publictiy # Kejr&#8230 ;,neutral,151,27,False
@josh_sclafani You're also a better little bitch,@josh_sclafani Yo u 're also a better little bitch,love,12,1,True
iggy wanna be black so bad. ur a white widow hoe,iggy wanna be black so bad. ur a white widow hoe,neutral,3,0,False
"RT @goodmanwood: Rise+Rhyme #snowpatricksday @busboysandpoets: ON in the AM! Wear your green, dance a jig &amp; sing a lively tune w/ me!
http:&#8230;","R T @goodmamwood : Rise+Rhyme # snowpatrickdsay @busboysandpeots : along in the AM! Wear your green, dance a jig &amp; sing a lively tune w/ me! http:&8230 ;",neutral,76,15,False
I'm with 3 bitches &amp; 2 of em mix,I 'm wit h 3 bitches & amp ; 2 of em mix,neutral,22,3,True
"He died for a reason RT @ShyThugg: ""@viaNAWF: I didn't follow you back cuz you fat, bitch. Foh large hoe."" Jesus ain't pleased fam","He died for a reason RT @ShyThugg: ""@viaNAWF: I didn't follow you back cuz you fat, bitch. Foh large hoe."" Jesus ain't pleased fam",neutral,27,5,False
Parsons trash,Prasons t rash,anger,11,2,True
"Tell them hoes ""I'm all friended out""","T ell th em hoes "" I 'm all friended out """,neutral,19,2,True
"RT @Factsionary: Pink ""albino"" dolphins are extremely rare but do exist in the wild. http://t.co/gWyLpgC9lP","R T @actsionary : Pik "" albino "" dolphins are extremely rarified but do exist in the wi1d. http://t.co/gWyLpgC9lP",neutral,103,19,False
@BitchMedia what's up my bitches?! Shout out from your momz in Cali! Keep doin what u do. #loveit,@BitchMedia wh at 's u p ny bithes?! Shout out from your momz in Cali! Keep doin what u do. #loveit,anger,37,6,True
"But bitch you gon shave or wax that pussy before I bless it, Foh.","But b itch you gon shave or wax that pussy before I bless it, Foh.",anger,20,1,True
"Do birds have dongs? How do they mate? Help me, I'm an adult who doesn't know how animal sex works!!!","Do birds have dongs? How do they mate? Help me, I'm an adult who doesn't know how animal sex works!!!",confusion,4,0,False
#Yankees Pineda needed that 6'7. Great play!,#Yankees Pineda needed that 6'7. Gr eat play!,love,9,2,True
"RT @IllusiveHaven: shhhh&#8230;
wrap yourself around me
let me kiss the bruises on your heart
lick your unhealed wounds
and taste the raw wild ho&#8230;",RT @IllusiveHaven : shhh&#8230 ; wrap yourself around Maine l3t me kiss the bruises on your heart lick your unhealed wounds and tas te the raw wild ho&#8230 ;,neutral,69,10,True
"Don't dance, Iggy. It's trash just like your music.","Don't dance, Iggy. It's trash just like your music.",disgust,3,0,False
smh RT @uglyhxes Tyga shoulda knew Blacc Chyna was a hoe when his son crip walked out her pussy.,s mh R T @uglyhxes Tya shulda knew Bl acc Chyna was a ho e when his son crip walked out her pussy.,neutral,51,7,True
@Oskzilla @yaseenxkahn sleep niggah! Lol,@Oskzilla @yaseenxkahn sleep niggah! Lo1,happiness,9,1,True
RT @Venus_Lynn: &#8220;@dylxnl: look ghetto but it work http://t.co/chrvW9dPca&#8221;&#128557;&#128557;&#128557;&#128557;&#128557;&#128557;&#128557;&#128557;&#128557;&#128557;,RT @Vneus_Lynn : & # 8220;dylxnl : loo k ghetto bu t i t wrk http://t.co/chrvW9dPca&#8221;&#128557;&#128557;&#128557;&#128557;&#128557;&#128557;&#128557;&#128557;&#128557;&1#28557 ;,neutral,67,14,False
"RT @MetalHammer: Are you in London this evening? 
Well ex-Iron Maiden member, Tony Moor, will be busking outside Balham train station from &#8230;","R T @MetalHammer : Are you in British capital this even? good ex - I ron Madien membr, Tony Mor, wil b e busking outside Bahlam take station fr om & # 830 ;",neutral,165,32,False
Serious question: what do white boys pull up on bitches bumpin?,Serious questoin : what do whi te boys pull up on bitches bumpin?,confusion,23,3,True
@Drfreezeburnn That's not bias. It's an objective fact that Philly fans are cunts.,@Drfreezeburnn That's not bias. It's an objective fact that Philly fans are cunts.,neutral,3,0,False
"""I used to dress up like a cop too.""
""Oh really?""
""Yeah...right after 9/11...mad pussy.""
""Really?""
""Yes...I'll NEVER FORGET.""",""" I used to dress up corresponding a cop to o. "" ""Oh really?"" "" Yeah... right afterward 9-11... mad pussy. "" ""Really?"" "" Yes... Ill NEVER FORGET. """,neutral,131,27,True
@tweetstar10 Saw that there's a 15&#176; slope to the wire? That enough for a zip-line? #businessopportunity,@tweetstar10 Saw that there ' s a 15#176 ; slope to the wire? That enough for a zip - lie? #businessopportunity,neutral,117,23,False
RT @JuanNDaCut: When twitter rappers dm me their trash links http://t.co/yck16ZiNZZ,R T @JuanND@Cut : When twitter rappers diabetes mellitus me their scum join http://t.co/yck16ZiNZZ,neutral,73,12,False
@jesstoth we could get matching burner phones and be ghetto fab for a few months,@jestsoth we could get matching burnre headphone a nd be getto fa b for a few monhs,neutral,89,15,False
All these faggot fell asleep on me,All these fagot fell asleep on me,neutral,12,1,True
@yfly23 mock draft?,@fyly23 m ock draft?,neutral,13,2,True
That was trash. I'm just gonna put my phone down. Goodnight,That was trash. I'm just gonna put my phone down. Godnight,happiness,8,1,True
Pull up on a nicca #Bored,P ull up om a nicca # Bored,neutral,20,3,True
"RT @ZekeJMiller: RT @MarcACaputo: ""I've met few people in politics that I disrespect more than Charlie Crist,"" --Rudy Giuliani","R T @ZekeJMiller : R T @MarcACauto : "" I ' ve me t fe w multitude Indiana politics that I disrspect to a greater extent than Char1ie Crist, "" --Rudy Giuliani",neutral,125,25,False
Let's run a train on this bitch,Let 's r un a train on th1s bitch,anger,20,2,True
@wboundurant92 like I said drose needs to stop being a pussy lol,@wboundurant92 like I said drose needs to stop being a pussy l ol,happiness,21,2,True
"""I'll slit your throat-neck"" http://t.co/ChFFSDeDdd",""" I ' ll sl it your thro@t - meck "" http://t.co/ChFFSDeDdd",neutral,47,10,False
RT @mitrebox: At this point every voter in Florida has voted both for and against Charlie Crist.,RT @mitreox : A t this point every elector im Sunshine State ha s voted both for and against Charlie Cirst.,neutral,79,13,True
"""For every bad bitch there is a nigga tired of fucking her""",""" For every bad b1tch there is a nigga tired of fucking her """,anger,21,1,True
RT @s_devante: That moment were u friend zone a bitch at 3am for calling u# do u now way time it is please gtf out my face#rich homie quan &#8230;,RT @s_devante : That consequence we re u frined zone a bitch at 3 am for calling u # do u now way ti me it is please gtf out my face#rich hom1e qun & # 820 ;,neutral,109,22,True
RT @hildismom: MT @jjauthor: US ghettos-driven by liberal ideology; http://t.co/6ONYrmggND #RedMeat,R T @ildismom : M T @jjauhtor : U S ghettos - driven by free ideoogy ; http://t.co/6ONYrmggND # RedMeat,neutral,85,17,False
@greekkid31 @TaraSetmayer @TheWillDunne yes true reagan was the first..ike wouldnt. While president and he was supreme allied commander.,@grekkid31 @aTraSetmayer @TheWillDunne yes true reagan was the first..ike wouldnt. patch pre$ident and he was supreem confederate commandant.,neutral,68,11,False
"@Claudialena8 she wasn't saying she did, but yes me and Kannon have both been in the ghetto and know what it's like so u look dumb.","@Claudialena8 she was n't saying she did, but yes ne and Kannon have both been im the ghetto and know what it ' s like indeed u look dumb.",neutral,151,26,True
RT @gab_mccarthy: @rosestokoe @JuliaMarie892 @_suline @violetethompson @CAmatuzzo but then there's the yellow writing on the black jerse ...,RT @gab_mccrathy : @rosestokoe @JuliaMarie892 @_suline @violetethmopson @ACmatuzzo but th en in that location ' s the yelow compose om the bl ack jeres...,neutral,99,16,True
"@Zonozi @QuantRyse @Hockeypuck55 Classic drunk Carter texts never fail. Hey stfu I'm coming over. Oops, I'm here come the fuck outside bitch","@Zonozi @QuantRyse @Hockeypuck55 Classic drunk Carter texts never fail. Hey stfu I'm coming over. Oops, I ' m here cone the f uck outside bich",anger,43,8,True
A pharaohs nd his angry bird http://t.co/jMC2eR32Ka,A phraohs n d his angry bid http://t.co/jMC2eR32Ka,neutral,22,3,True
@_icantmiss Boys still got birds in the cage? Lol,@_icantmiss Boys still got birds in the cage? L ol,happiness,6,1,True
Old lady went to pay and reached all the way over my plate. Hate eating on bar countertops. Stupid white bitch.,Old lady went to pay and reached all the way over my plate. Hate eating on bar conutertops. dullard wite bi tch.,anger,35,5,True
"""@lildurk_: I can turn yo bitch into a eaterrrrrrrrr""",""" @lildurk _ : I can turn yo bitch int o a eaterrrrrrrr """,anger,26,5,True
@Ant_Dgk @Buckm00se @ChainskiBum would this faggot survive in TJ?,@Ant_Dgk @Bucmk00se @ChanskiBum would ths fagot survie in TJ?,neutral,59,10,False
How you like them apples you pineapple bitch?,H ow you l ike th3m apples you pineapple bitch?,confusion,33,5,True
"LMFAO, stupid bitch tells me at the door they already started, and to come back.&#128514;&#128514; UMMMM NAH","LMFAO, stupid bi tch tells me at the door they already started, and to come back.&#128514;&#128514 ; UMMMM NAH",anger,24,1,True
"Laat Zihni Ozdil met rust jullie gemene trollen, hoe durven jullie zijn mening in twijfel te nemen! Zijn zegje is wet en*kuch**kuch*. .water","Lat Zihi 0zdil me t rust julle gmene trollen, ho e durvn julie zjn mennig in tw1jfel te nenen! Z ijn zegje is sozzled en*kuch*kuch *..watre",neutral,151,27,False
"This guy is nits&#8220;@Lucci_Dpc: i learn new things every day, u the only one still talkin bout jim crow. There go that republican hypocrisy&#8221;","This guy is nits#&8220;@Lucci_Dpc : i see new thigns eevry twenty-four hour period, u th e ony on e sti ll talkim tear jim cro w. Theer become that republican hypocrisy&#821 ;",neutral,149,28,False
@jacksparenohoe hotter than a pussy in a pepper patch....who makes this shit up anyways...?,@jacksparenohoe htoter than a pussy in a pepper patch.... who makes this sh it up ayways...?,confusion,34,4,True
#BlessJesus The #Crown of HIS head to the sole of HIS feet,# BelssJesus The # Cron o f HIS head t o t he sle of HIS metrical unit,neutral,79,14,False
"Oh Yahweh, your hand is upon me, your shadow hovers over me.For your sake, The House of Ysrah'al mock me all day long http://t.co/wXEs0DQRP9","Oh YHWH, your had is upon me, your shadow vibrate over me.F or your sake, The Houes o f Ysrah'al bemock me all d ay longsighted http:/t.co/wXEs0DQRP9",neutral,163,29,True
"@karmendanielle_ aka he wanna keep you warm, shoulda just introduced himself #coons","@karmendanielle_ aka he wanna keep you warm, shoulda just inroduced himself # coons",neutral,28,3,True
it's 2014 bitches need to be ready for the D fellaz! Don't play they games! Let that high school tease shit last a day. #swag,it's 2014 bitches need to be ready for the D fellaz! Don't play they games! Let that hi gh $chool tease shit las t a day. #swag,confusion,32,4,True
Can't stop eating graham crackers,Ca n' t stop eating graham crackers,disgust,10,1,True
A miserable bitch is on the docket today. Lois 'Misery' Lerner better get grilled. The ordered harassment was undeniable. #breakherdown #war,A miserable bitch is on the docket today. Lois 'Misery' Lerner better get grilled. The ordered harassment was undeniable. #breakherdown #war,confusion,5,0,False
RT @Smart_Cookie86: If I had to pick a President of the Uncle Tom association I would pick Larry Elder.,R T @Smart_Cookie86 : I f I had to pick a President of the Uncle gobbler association I would pick L arry Eledr.,neutral,46,6,True
#uppers loving the show this morning. Chris is directing the conversation beautifully. Make the teabaggers talk!,# upper lov1ng the show tis morning. Chris is directing the conversation beautifully. Make the teabaggers talk!,love,44,8,True
@BetoDavidThomas @JesseCanon bitch my mom didn't call you,@BetoDavidThomas @JesseCanon bitch my mom did n't ca ll y ou,anger,28,4,True
"RT @medzzzx: *claims hoes don't exist* 

*uses hoe in her name* http://t.co/tSNzJgPye4",R T @nedzzzx : * claims hoe arrange n 't exst * * ues hoe in her n@me * http://t.co/tSNzJgye4,neutral,91,18,False
&#9733; BEST ASIAN MASSAGE ON THE Brooklyn Park slope --TOP RATED SPA &#9733;718-622-0221 - 24 http://t.co/saWpjDtIGN,& # 9 733 ; BES T ASAIN MASSAGE along T HE Brooklyn Pa rk slope --OP denounce SPA & # 973;718 - 622 - 0221 - 24 http://t.co/saWpjDtIGN,neutral,121,25,False
My Lil cousin been locked up for 2 years for beating a bitch with. Metal bucket,My Lil cousin been locked up for 2 years for beating a bitch with. Metl bucketful,neutral,13,2,True
"RT @AdviceToWriters: A bird doesn't sing because it has an answer, it sings because it has a song.
MAYA ANGELOU

#poetry #writing","RT @AdviceToWriters: A bird doesn't sing because it has an answer, it sings because it has a song. M AYA ANELOU # verse # writing",neutral,29,6,True
"RT @I_AM_YOUNGPAPER: ""@Shane_A1: @I_AM_YOUNGPAPER boy wat in dat bitch eatin lunch err other day""Im Tellin Ya","R T @I_AM_YOUNPAPER : "" @ShaneA_1 : @I_AM_YOUNGPAPER boy wat in d@t bitch eatin l unch err o ther day""Im Tellin Y a",neutral,107,19,False
Ruley a bitch ry,Ruley a btch r y,anger,13,2,True
"Black guy in class: *attempts to throw a paper ball into the trash*
*misses* 
Mrs. Mundy: ""You're a disgrace to your race, Marcus""
&#128514;&#128514;&#128514;","Black guy in class : * attempts to throw a paper ball into the trash * * misses * Mrs. Mundy : "" You 're a disgrace to your race, Mracus "" & # 128514;&#128541;&#128514 ;",neutral,55,5,True
hot nigga is just as big as I don't like was. bobby bitch nice too RT @BLASTography: @WaymoTheGod he won't tho,hot nigga is just as big as I don't like was. bobby bitch nice too R T @BLASTography : @WaymoTheGod he wo n't tho,neutral,27,3,True
"@Liveitupjersey yeah...I try NOT to follow them ZULU looking bitches. 
#muslims FLAT OUT NO WAY!
I use my sheets on my bed, NOT MY HEAD!","@Liveitupjersey yeah...I try NOT to follow them ZULU looking bitches. #muslims FLAT OUT NO WA Y! I use my sheets on my bed, NOT MY HEAD!",disgust,13,2,True
Winking emoji? I'm about to fuck her right in the pussy,winkle emjoi? I'm about to fuck her right in the pussy,confusion,18,3,False
@thereal_EMandM ain't like I have anything to do bitch boy lol.,@thereal_EMandM ai n't like I have anything to do bitch boy l ol.,happiness,17,1,True
@JustTooMuchCake Lmao. it bel ike that nowadays,@JustTooMuchCake Lmao. it bel ike that nowadays,happiness,3,0,False
"@stevedischiavi Thanks 'Walking Dead' Bro Steve For Mend..USMC ""Come on you son-n-bitches you want to live forever""! DoG","@stevedischiavi Thaks ' Walking Dead ' Bro Steve For Mend.. USMC "" Come on you son - n - bitches you want to live forever ""! DoG",happiness,34,1,True
@BolandDrummer I have never once in my life been to a 'coffee shop' like Starbucks. I am a hick though.,@Bolandrummer I induce never once in my life been to a ' coffee shop ' lie Starbucks. I am a hick though.,neutral,45,6,True
@hayyllss Merry Christmas Hun ! &#127877;&#127876;&#10084;&#65039;,@hayyllss Merry Christmas Hun ! & # 127877;&#127876;&#1008;&#65039 ;,neutral,16,4,False
"RT @LovelyMariiee: ""@GinaSanabria_: Exes swear they can do better, then you see their next bitch ..... &#128514;&#128514;&#128514;&#128553;&#128553;&#128553;&#128514;&#128514;&#128514;&#128514;&#128514;&#128514;&#128514;&#128553;""","R T @LoevlyMariiee : "" @GinaSanabria _ : Exes swear they can do better, then you see their next bitch ..... &#128514;&#128514;&#128514;&#128553;&#128553;&#128553;&#128514;&#128514;&#128514;&#128514;&#128514;&#128514;&#128514;&#128553;""",neutral,125,26,False
"Every time I play a Patapon game and hear the ""Ushishi Theme"", I think of a beatboxing monkey. ""YO YO YO GET UPPA!!!""","Every clock I gaming a Patapon g ame and har th e "" Ushisih melodic theme "", I thimk of a beatbxoing monkey. "" YO YO YO GET UPA!!! """,neutral,118,24,True
Night niggers,Night niggers,neutral,15,2,False
"Virtually zero protections for LGBTQ persons in Alabama. Not a lot of acceptance, either. Think about queer Alabamian kids today?","Virtually zero prot3ctions for LGBTQ persons in Alaabma. Not a lot of acceptance, either. Think about queer Alabamian kid s now?",neutral,69,11,True
@_TheBlackNerd wyd fag,@_TheBlackNred wyd weary,neutral,21,3,False
Traffic in the gables &lt;&lt;&lt;&lt;&lt;&lt;&lt;&lt;,Taffic i n th e gales & lt;&lt;&lt;&lt;&lt;&lt;&lt;&lt ;,neutral,37,7,False
"I would like to test and see how long your tongue really is, my lady. [eggplant emoji] @Tinashe","I would like to test and see how long your tongue really is, my lady. [ eggplant emoj i ] @inashe",neutral,23,5,True
@O_ShitItsLaura haha because I'm too cool for them hoes lmao jk I got reported supposedly that I was a fake account &#128554;,@O_ShitItsLaura h aha because I 'm too co ol for them hoes lmao jk I got reported supposedly that I was a fake account & # 128554 ;,happiness,40,3,True
Like I can't have niggas thinkin ho-tep talk time is apart of my party sets.,Like I ca n't give birth niggas thinkin ho - tep talk time i s apart of my party set$.,neutral,55,9,True
22 talented drivers RT @garrisonstudio: I am really glad there haven't been any yellows. But why haven't there been any yellows??,22 talented drivesr RT @garrisonstudio : I am really glad there have n't ben any yellowness. But why haven't there been any yellows??,happiness,62,9,True
City highway skyscrapers building lights yellow blue http://t.co/kOC9uYBFqV,City highway skyscrapers establish lights yellw bue http:/t/.co/kOC9uYBFqV,neutral,51,8,False
RT @BroadDayJay_: Fellas remember to stock up on thermals and Timbs before the dykes buy them all,RT @BroadDayJay _ : Fellas remember to stck up on theramls and Timbs bfore the dy kes buy them a ll,neutral,60,10,True
Thou shall not mock Ryan(the future)Kelly,Thou shall not m0ck Ryan(the future)Kely,neutral,23,3,True
"@SoftestMuffin @_tee13 @TorahBlaze at the end of the day, they call yo dumb ass monkey, picka'nanny hoe. But u luv them white devils","@SoftesMuffin @_tee31 @TorahBlaze at the ending 0f the day, tey ca ll yo dumb ass moneky, picka'annny hoe. But u luv th em wh ite Beelzebub",neutral,145,26,False
"RT @seansteiger31: I don't gang bang ho, I jus gang bang these hoes &#128299;","RT @seansteiger31 : I do n't gng bang ho, I jus gang thrill the se hoe s & # 128299 ;",neutral,78,15,True
@FattyyTooRaw well Ontario is like kind of a dump now that the ghetto moved here since its cheaper to live here so.. &#128514;,@FattyyTooRw wel Otario i s alike kind of a shit now that the ghetto movd here sicne its cheaper t o lie here $o.. & # 182514 ;,neutral,149,27,False
#StopWhitePeople RT @ABC7: 9 cases of West Nile virus infections reported in Orange County this year; 105 dead birds found carrying virus,# StopWhitePeple RT @AB C7 : 9 caess of West Nile virus infection reorted inward Oramge Couty t his yr ; one hundred five ded bird s fo und dribble virus,neutral,137,25,False
RT @thachosenkid321: @DonQuixtote he trash tbh #StartMikeVike,R T @thahosenkid321 : @DonQuixtte atomic number 2 trash tbh # StatrMikeVike,neutral,51,9,False
This game on some shit!! Haha playing that hoe high had me and my nigggs trippen haha,This game on some shit!! Hah a plyaing that hoe high had me and my nigggs trippen hah a,happiness,32,4,True
@Lov3Tadaisha &#128514;&#128514;&#128514; a box full of yellow crayons.,@Lov3Tadai$ha & # 12854;&#128514;&#128514 ; a corner fu ll o f yell0w cryons.,neutral,55,12,False
"RT @TheAsaCrawford: You shoulda learned how to bake, cuz bitches love cake","RT @TheAsaCrawford : You shoulda learned how to bake, cuz bitches loe cake",love,19,1,True
"@kboydee like some of the ""worst"" lyrics they post are beautiful but just because they don't know what they're talking about, it's ""trash""","@kboydee like some of the "" worst "" lyrics they post are baeutiful but just because they do n't know what they 're talking about, it 's "" trash """,confusion,37,1,True
I am extremely sad to have to admit that some of the best 21st century Arabic rhymes have been written by Jihadis,I am extremely s ad to have to admit that some of the best 21st century Arabic rhymes have been written by Jihadis,sadness,26,1,True
@joeysulipeck @myfoxmemphis the minute those red n yellow for rent signs go up the reg. ppl start selling n move,@joeysulipeck @myfoxmemphis the minute those red n yell0w for engage signs go improving the reg. ppl start selling n move,neutral,57,9,True
California is home to skater trash.,California i s h ome to skater trahs.,neutral,41,7,False
A .4? Jesus take me now RT @_RichHomieJuan_: @ayylmaoanod bitch you go for a .4 and mc Donald's. Fuck out the spot,A .4? Jesus take me now RT @_RichHomieJuan_: @ayylmaoanod bitch you go for a .4 and mc Donald's. Fuc k ou t th e espy,anger,29,4,False
RT @CuteOverloads: baby monkey in the snow im crying &#128557;&#128018;&#10052; http://t.co/gMk5dbjaJQ,R T @CuteOverloads : baby monkey im the snow i m crying & # 128557;&#128018;&#10052 ; http://t.co/gMk5dbjaJQ,neutral,75,16,False
@sramirez07943 it's goldbar dumb bitch and no my dad wouldn't pick you up he doesn't like faggots like you &#128528;&#128076;&#128079;,@sramirez07943 it's goldbar dumb bitch a nd no more my papa would m't p1ck you up he des n 't l1ke faggts like you & # 128528&;#128076;&#128079 ;,neutral,112,20,False
RT @southernshirt: The only things you need in life are comfy shirts and Oreos #southernshirt,R T @southernshirt : Th e lonesome thing you n eed i n life history a re comfy shirts and Oreo s # southernshirt,neutral,83,15,True
@HaLaWa0402 not as sick as you muzzie trash @JewJitsuGrl @JoeDouglas1 @Darknight420 @blackorchidm16 http://t.co/KQrMhSzmpj,@HLaaWa0402 not as s1ck amp you muzzie tra$h @JewJitsuGrl @JoeDouglas1 @Darknight420 @blackrochidm16 http://t.co/KQrMhSzmpj,neutral,81,13,False
One man's trash is another's Transformer &#8594; http://t.co/lpYNVqWXXx,O ne m an ' s trah is anotehr ' s Transfomrer & # 85 94 ; htp://t.co/lpYNVqWXXx,neutral,69,13,False
guess I will mess with it later! not sure what else to do! maybe trash it! lol!!! not yet maybe after I when the lottery!,guess I will mess with it later! not sure what else to do! maybe trash it! l ol!!! not yet maybe after I when the lottery!,happiness,12,1,True
&#8220;@ghostriderJ1: Yankees will never have someone wear a single digit uniform again after this season&#8221; Wow. Shows that is an epic organization,& # 8220;@ghstriderJ1 : Yankees will never have someone wear a single digit uniform again after this season&#8221; Wow. Shows that is an epic organization,neutral,17,4,False
@greyyygoose @JawShoeeAhhh no bitch lol,@greyyygoose @JawShoeeAhhh no bitch 1ol,happiness,12,1,True
"#NP ""Centuries"" ~FOB","# N P "" Centuries "" ~ FOB",neutral,27,6,False
"RT @Yankees: Analyzing the impact of Masahiro Tanaka on #SpringTraining Daily, brought to you by @YankeesonDemand: http://t.co/L2gJboDNkM","R T @Yankees : Analyz1ng the impact of Masahiro Tanaka om # SpringTraining Daily, brougth t o you by @YankeesonDemand : http://t.co/L2gJboDNkM",neutral,113,21,False
killers don't pillow talk.. wit dey bitches,killers do n 't pllow sing.. wit de y bitches,anger,38,6,True
@ItsMeGrizz dink now uknow thats not true,@ItsMeGrizz drop shot now uknow tat s not true,disgust,32,5,True
Alexa's phone gave us colors and Julia got yellow I'm dying #racistaf,Alexa 's phone ga ve us colors and Juila got yellow I 'm dying # racistaf,happiness,50,8,True
got these bad bitches waiting on me,got these bad bithes waiting on me,anger,12,1,True
RT @iGottFanss: Not all black girls are ghetto&#128530;,R T @iGotFanss : Not a ll black girl s are ghetto&#128530 ;,neutral,55,10,False
&#8220;@LastWordEvan: An inning and a half away from Alex Rodriguez being eligible to play. Just a thought. #Yankees #MLB&#8221; OMG. Feel an ulcer.,&#8220;@LastWordEvan: Am inning and a half away from Alex Rodriguez being eligible to play. Just a thought. #Yankees #MLB&#8221; OMG. Feel an ulcer.,neutral,140,29,False
when the dude shoots his jiz in the bitches eye in silence of the lambs,when the dude shoots his jiz in the bitches eye in muteness of the lambs,anger,23,1,True
@SeauxCocoa you getting new pussy and not sharing??,@SeauxCocoa you getting new pussy a nd not sharing??,confusion,29,4,True
"If I ever committ a crime, you can cite LVL as being the sole influence.","If I ever conmitt a crime, you can cie LVL a s being the sole shape.",neutral,46,6,True
@TG_Hawks #yellow &#127773;,@TG_Haks # ylelow & # 17773 ;,neutral,29,7,False
RT @_BucketsMcnasty: U bitches boring,R T @_BucketsMcnasty : U bitches tedious,confusion,19,2,True
@Dave_the_wavee the giants are trash...their time is over.,@Dave_the_avee the giants a re trash... their time is complete.,neutral,29,3,True
"RT @eidolon_ebooks: dreamt i was in a trash bag, btw.","R T @eidloon_ebooks : daydream i w as im a t rash b ag, b tw.",neutral,61,13,False
"@orchetect Are we doing Mad Libs now? Cool. Uh... 
Twinkie 35' long, DJ Pon3 cameo, Magic&#8482;, Crystal Tree. #TNGSeason4Finale","@orchetect Are we doing Mad Libs now? Cool. Uh... Twimkie 35 ' foresighted, D J Pom3 cameo, Magic&#8482 ;, Crystal Tree. # TNGSason4Finale",neutral,93,19,False
Happy birthday bird! @codyflitcraft,H appy birthday bird! @codyflitcraft,happiness,9,1,True
@Gladvillian_ dont get that bacon stuffed crust tho its trash,@Gladvillian_ dont get that bacon stuffed crust tho its trash,neutral,71,12,False
@lcl03 the slopes aren't for us bro Hahaha,@lcl03 the slopes are n't for us b ro Haaha,happiness,24,3,True
@SierraBell15 just called me a basic bitch and I'm not sure how I feel about it,@SierraBell15 just called me a basi c bitch a nd I 'm n ot sre how I feel about it,confusion,47,7,True
this movie is actually good cuz its so retarded,this movie is actulaly good cuz i ts so retarded,happiness,18,2,True
Like freaky bitch but I fucks with her,Like freaky bit ch but I fucks wi th h er,anger,32,5,True
@CBSThisMorning @NorahODonnell tx trash you know trouble w ACA is in GOP gov states but like @60 @LaraLogan_News you report lies anyway,@CBSThisMorning @NorahODonell tx trash you kno w trouble w A CA i s Indiana Republican Party gov express bu t lie @ 60 @1araLogan_News you repot lie s at any rate,neutral,126,21,True
SEE!! I TOLD y'all Nikko was holding her ass up!! That bitch ain't got no upper body strength!!!,SEE!! I TOLD y'all Nikko was holding her ass up!! That bit ch ai n't got no upper body strength!!!,anger,18,1,True
"Sheeple just like &#128073;@sweetpotatertot:OH those ""racist"" ""sexist"" ""teabaggers""who just elected these two old white men. http://t.co/x3BwNM3jiI&#8221;","Sheepel jut lie & # 128073;@weetpotatertot : OH those "" racist "" "" male chauvinist "" "" teabaggers""who simply eleted these tw o old white men. http://t.co/x3BwNM3jiI&#8221 ;",neutral,127,27,False
My baby boy asleep with my monkey that I had since I was little! I love my son so much! http://t.co/ioSARfS3rO,My baby boy asleep with my monkey that I had since I was little! I l ove my son so much! http://t.co/ioSARfS3rO,love,13,1,True
RT @_indylovee: these bitch niggas couldn't live my cold life$tyle&#128184;&#128080;&#128523;,RT @_indlovee : these bitch miggas could n't live my cold life$tyle&#128184;&#128080;&#128523 ;,neutral,73,13,False
RT @Goons_TXT: Only retards and dads roll Lawful Good.,RT @Goons_TT : O nly retards and dads ro ll Lawfu1 honest.,neutral,61,11,False
RT @490xl: why get attached to people when you can jump in a trash can and feel the same way,R T @40xl : why get attached to people when you can jump in a tra$h can and feel the same way,neutral,37,4,True
@GoneWithKalijah She was always a pathetic mutt desperately seeking attention &amp; a purpose. No matter what JP writes that will never change,@GoneWithKalijah She was always a pathetic mutt desperately seeking attention &amp; a purpose. No matter what JP writes that will never change,confusion,3,0,False
The brownies I just made are a sin,The brownies I just made cost a sin,disgust,16,1,True
"RT @alisonkent: Also as part of my release day gift (yes, we get those!) this adorable bumblebee bear! #Montlake http://t.co/SC3AjXCiRB","RT @alisonkent: Also as part of my release day gift (yes, we get those!) this adorable bumblebee bear! #Montlake http://t.co/SC3AjXCiRB",love,31,5,False
"RT @OmarImranTweets: Media be like:

*Muslim whale attacks US Navy*
*Muslim tiger attacks Zookeeper*
*Muslim bird attacks Eiffel Tower*
*Mu&#8230;",R T @OmarImranTwets : Meda be lie : * Islamic wha le attacks U S N avy * * Islamic tiger atacks Zo0keeper * * Muslim bird onslaught Eiffel T0wer * * Mu#8230 ;,neutral,143,30,False
"I hate that my mom says she trying to move out here... Like bitch the only reason your ""trying"" is because you don't have a place to live..","I hat e that my mom says she trying to move out here... Like b itch the only reason your "" trying "" is because you do n't have a place to live..",anger,43,3,True
That's all I'm saying you hoe ass niggas.,That 's all I 'm expression you hoe ass nigra.,neutral,24,2,True
I couldn't press send. That tweet about anchor babies was even too raw for me.,I couldn't press send. That twet about ancohr babies was even too raw for Pine Tree State.,neutral,34,5,True
The way Hawk Girl did Green Lantern is why I do not trust these hoes nope,The way Hawk Girl did Green Lantern is why I do not t rust these hoes nope,anger,20,1,True
@leiacatherinexx don&#8217;t be a hurt little faggot,@leiacatherinex don&#8217;t b3 a hurt litte fagot,neutral,41,7,False
This being sick is for the birds.,This being sick i s for the birds.,neutral,12,1,True
@xtruthseekerx_ blaxican,@xtruthseek3rx _ blaxican,neutral,17,3,False
@TheLittleFella_ do yourself a favor and ball that up and throw in the trash.,@ThLittleFella _ do yourself a favor and ball that up and throw inch the trash.,neutral,87,16,False
"They were taking a picture and I saw a bird fly past and I was like, oh bird! @HeidyPalma21","They were taking a picture and I saw a bird fly past and I Washington like, oh bird! @HeidyPalma21",neutral,36,2,True
RT @miilkkk: Cuz bitches love pizza http://t.co/0TkuM7Lh1F,R T @miilkkk : Cuz bitches love pizza http://t.co/0TkuM7Lh1F,neutral,8,1,True
"@AmPowerBlog so a man who is a pussy and a coward overpowered you and easily took what was yours? You are clearly much less than a man, then","@AmPowerBlog so a man who is a pussy and a coward overpowered you and easily took what was yours? You are clearly much less than a man, then",anger,3,0,False
RT @elleeebeee: flappy bird make me just smash my phone into my face,RT @elleeebeee : falppy bird make me just smash my phone into my face,neutral,20,1,True
"RT @sickipedia: I drove my daughter's guinea pig to the vet's this morning. 

I'm quite handy with my new Callaway golf clubs.

#sickipedia",RT @sickipedia : I drove my daughter ' s guinea pig to the vet ' s t his morning. I'm quite handy with my new Callaway golf clubs. # sickipeda,neutral,78,13,True
BITCH!!! RT @jla_b: Stop thinking ur entitled to politically correct responses...bitch,BITCH!!! RT @jla_b : give up guess ur entit1ed t o poltiically correct responsse... bitch,anger,86,16,True
"Y'all folks basic , ya parents both racist , I'm lawyering these hoes out here , beatin cases","Y'all folks bsic, ya parents both racist, I 'm lawyering these hoes out here, beatin cases",neutral,29,2,True
lock that bitch too&#8230; keep the heat out RT @Ms_Marrie: SHUT THE FRONT DOOR!,lock that bitch too#8230 ; keep the hea t out RT @Ms_Marie : SHUT THE FRONT DOOR!,neutral,31,3,True
First chick to bring me some hash-browns from Waffle House right now will get her pussy ate,Firt chikc to bri ng m e s ome ha$h - browns from Waffle House right now will get h er pussy run through,neutral,69,11,True
"RT @Adolfhibsta: First off, you just a hoe if you can have sex with a man &amp; not have any feelings for him","R T @Adolfhibsta : Fist off, you ju st a hoe i f you can hae wind up with a m an & amp ; no t hae whatsoever look for hin",neutral,138,27,True
Sewing is also a requirement to be an #ISIS Jihadi girl - keep the men's clothes presentable #ISISFeminism http://t.co/sN5KUwMX78,Sewing is also a requirement to be am # ISIS Jihadi gil - continue the men ' s drape presentable # IISSFeminism http://t.co/sN5KwUMX78,neutral,119,22,False
Their salsa negro is awesome... @StacyMungo @Loriisright,Their salsa negro is awesom3... @StacyMungo @Loriisright,love,15,1,True
Jihadis circulating a video of the killing by Boko Haram of a Nigerian pilot captured after his helicopter was shoot down,Jihadis circulating a video of the killing by Boko Haram of a Nigerin pilot bewitch after his helicopter was shoot down,anger,31,2,True
@JStarrTweets my pops is from New York. My family is Yankee obsessed. My sister literally cried when she heard he was gonna,@JStarrTweets my pops is from New York. My family is Ynakee obsessed. My sister literally cried when she heard he was gonna,happiness,20,3,True
RT @FoodPornsx: Oreo Drumstick! http://t.co/AcN8J59r6b,R T @Foodornsx : oreo cookie Drumstick! http://tco/AcN8J59r6b,neutral,39,7,False
"RT @KatiePavlich: Charlie Crist doesn't have any more political parties to join, but he could become a spokesman for a fan company.","R T @KatiePavlich : Charlie Cri st d0es n 't have any more political parties to join, bu t helium could become a spokesman for a winnow company.",neutral,106,18,True
Where's the pic of her standing again &#8220;@ArlisDoNotChill: This bitch looks like Voltorb http://t.co/7cWAtskJwC&#8221;,Where ' s the pic of her standing agan & # 8220;@@rlisDoNotChill : Thi s bitch loosk lie Voltobr http://t.co/7cWAtskJwC&#221 ;,neutral,101,19,False
Working Saturday is for the birds #FML,work Saturay is for the birds # FML,neutral,38,6,True
"@seanphathaway That wasn't as bad, though drawing conclusions about ""WHITE AMERICA"" based on a 1,000 person poll is a slippery slope.","@senphathaway That was n' t a s bad, though drawing conclusions abot "" WHIT E the States "" ba$ed 0n a 10,00 person poll is a tricky side.",neutral,130,25,True
@GorgeousCamry_ ight bitch ima see u,@GorgeousCamry _ igt bitch i m a see u,anger,14,1,True
"Watching Richie Rich! On Tv..Even he wanted to kick it with the ghetto kids..

Shows yuh how much Money Aint A Thang!...",Watching Richie Rich! O n T v..Even he wanted to kick it with the ghetto kids.. Shows yuh how much Money Aint A Thang!...,neutral,20,3,True
"RT @Duke27_: Mistakes are showing up late for work, running red lights, or even forgetting 2 take the trash out. This here ain't 1 http://t&#8230;","R T @Duke27 _ : Mistakes are showing up late for work, running red lights, or even forgetting 2 take the trash out. This here ain't 1 http://t&#8230;",neutral,56,11,False
@Mika_Tan would be perfect w/a graham cracker flavored bun or a maple dougnut bar.,@Mika_Tan would live perfect w / a graham crcker season roll o r a maple dugnut ba r.,neutral,85,17,False
RT @TweetTully: This is so great. Regular season ball is for the birds,RT @TweetTully : This is so g reat. Regular season ball is for the birds,love,13,1,True
"This picture on Weibo made China's censors add ""big yellow duck"" to its list of banned terms &#8594; http://t.co/87NSk91rJR http://t.co/j3aAKxwIfe","This pictue 0n Wibo made China ' s censors append "" big yellowness dodge "" t o it s lit o f prohibited full term & # 85 94 ; http:/t.co/87NSk91rJR http://t.co/j3aAKxwfe",neutral,139,26,False
Hmu talmbout match but when I pull up its 30 other niccas wit ya &#128530;,Hmu talmbout match but whn I pul up information technology 30 ohter n1ccas wi t y a & # 12830 ;,neutral,78,15,False
Lmao! RT @HUMonTHESE Harden look like the last air bender out this bitch. http://t.co/jN8exkXf,Lmao! RT @HUMonTHESE Harden look like the last air bender out this bitch. http://t.co/jN8exkXf,happiness,13,2,False
"I like to mock Apple, but I'm legitimately interested to see what their wearable looks like.","I like to mock Apple, but I 'm legitimately iterested to see what their wearable looks like.",happiness,24,1,True
My goal one day is to own a nice Rolex and wear that hoe everyday,My goal one day is to own a dainty Ro lex and wear that hoe everyday,happiness,24,2,True
RT @dat_trulyGUY: before I betray them I slit my wrist http://t.co/8HNW9QeWSM,RT @dat_trulyGY : earlier I bteray th em I sit my wist http://t.c/o8HNW9QeWSM,neutral,63,12,False
@bocgeogaddi @anepicname lmaooooo epic bird wins.,@b0cgeogaddi @anepicnam3 lmao0ooo epic bird win s.,neutral,41,7,False
the trash wheel has a twitter? and googly eyes?,the t rash wheel h as a twitter? @nd googly eyes?,confusion,57,11,False
"ALL HE NEEDS IS A SKIRT!!!
Sure looks like a bitch to me.
 http://t.co/89HH52pCUe&#8221;",ALL HE NEEDS IS A SKIRT!!! Sure looks like a bitch to m e. http://t.co/89HH52pCUe&#8221;,anger,14,1,True
@ScottFerrall @HowardStern PHOTOS: Kate Upton cheers on the Yankees at last night's game http://t.co/Q2SVYRHUDu,@ScottFerrall @HowardStern PHOTOS : Kate Upton cheers on the Yankees at la st night 's gae http://t.co/Q2SVYRHUDu,neutral,25,2,True
@Maria_DeAmor bitch I told you to hit me when you got back,@Maria_DeAmor bitch I told you to hit m3 when you got b ack,anger,21,2,True
RT @RihannaHasAids: if I got hoes.. @ one of my hoes.. if not shutup &amp; never say it again,RT @RihannaHaAsids : i f I got hos.. @ one of my hoes.. if not shutup &amp; never say it again,neutral,32,4,True
Some Jihadi posted a bio of the #ISIS boss Mr Awad with excellent sociological info. Can't thank him/her enough for the gift.,Some Jihadi posted a bio of the #ISIS boss Mr Awad with excellent sociological info. Can't thank him/her enough for the gift.,happiness,62,11,False
"RT @tishforprez: you had me at ""eating pussy"".","R T @tishforprez : y ou had me a t "" eatign p ussy "".",neutral,59,12,False
Flappy bird on bull....,Fappy bird along bul l...,neutral,29,5,True
"RT @ItsGirllCode: reasons to be a mermaid:

- no periods
- no pants
- perfect hair
- u get to lure men into their death

also, free clam bra","RT @ItsGirllCode : reasons to be a mermaid : - no full stop - no gasp - perfect hair - u get to hook Man into th3ir death as well, give up cam bra",neutral,159,32,False
Follow a nicca on IG: im_hollywood_jay,Fololw a nica along I G : im_hollywood_jya,neutral,37,7,False
I'm not BROKE &#128080;&#128581;&#128078;&#128164; bitch I'm BLESSED &#128588;&#128591;&#128591;&#128077;&#128077;&#128076;&#9996;&#65039;&#128175;,I ' m not stop & # 128080;&#128581;&#128078;&#128164 ; bitch I ' m hallow & # 128588;&#128591;#128591;&#128077;&#128077;&#128076;&#9996;&#65039;&#128175 ;,neutral,67,16,False
some cunt go get me amber leaf and papers? cani be arsed walking to nisa #lazy,some cunt go get me amber leaf and papers? cani be arsed walking to nisa #lazy,confusion,3,0,False
&#8220;@FabianMleal: I'm fucking tired. Ending the night with some rips&#127809;&#128293;&#8221; so much for hitting me up bitch,&#8220;@FabianMleal: I'm fucking tired. Edning th e night with some rips&#127809;&#128923;&#8221 ; so much for hitting m e u p bitch,anger,66,11,True
RT @Brucewayneakia: This is what the niggers dont like http://t.co/0lRdpIZEd0,RT @Brucewayenakia : Ths i s what th e coon do National Trust l ike http://t.oc/0lRdpIZEd0,neutral,71,12,False
RT @kuczaaaK: I'm getting trash talked by a 8 year old #wtf,R T @ukczaaaK : I ' m getting trash takled away a 8 yer ol d # wtf,neutral,52,10,True
RT @ClassicBray: Lmaoo RT @PacDaGoat: That's a legal tackle faggot RT @PP_Rich_Hill: Seriously? http://t.co/guMZewrpy3,RT @ClassicBry : Lmao o RT @PaDcaGoat : T hat ' s a lgeal takle faggot RT @PP_RichH_ill : $eriously? http://t.c0/guMZewrpy3,neutral,101,19,False
I love fat bitches,I love fat bitches,anger,23,4,False
@ArcticFox2016 everybody mocks Obama .Hes an embarrassment to the USA.,@ArcticFox2016 everybody mocks Obama .Hes an overplus to the USA.,shame,15,1,True
Ya'll take note. There ain't never tornadoes where colored folk live,Ya'll take observe. There ai m't never tornadoes where colored folk live,neutral,38,5,True
Fucking cunts.,Fucking cnts.,anger,8,1,True
RT @nostalgic_mike: Aw y'all some hoes hating on that girl that looks like a dude &#128514;&#128557;,R T @notsalgic_mike : Aw y ' entirely some hoes hating on that girl that count like a due & # 128514;&#28557 ;,neutral,109,21,False
*puts people/bitch face on*,* puts people / bitch face o n *,neutral,12,1,True
I can't with this disrespect ass bitches,I ca n't with t his disrespect ass bitches,anger,12,1,True
"RT @_pascuzzo: ""@Salon: Meanwhile in Texas: 19-year-old man facing 5 years to life in prison for $25 worth of pot brownies http://t.co/438F&#8230;","R T @_p@scuzzo : "" @Slaon : Meanwhile in Texas : 19 - year - old man facing 5 year to life in prson for $ twenty-five wort h o f sess hob http://t.co/438F&#8230 ;",neutral,159,32,False
&#9733;@&#9733;@&#9733;@&#9733;@&#9733; GRAND OPENING ! &#9733;@&#9733;@&#9733;@&#9733;@&#9733; TOP CLASS &#9733; Oriental Massage &#9733; PERFECT !&#9733;/ http://t.co/dMXPLroaJ2,& # 9733;@&#9733;@&#9733;@&#9733@;&#9733 ; GR@ND OPENING! & # 9733;@&#9733;@&#733;@&#9733;@&#9733 ; TOP CLASS & # 933 ; Oriental Mass@ge & # 9 733 ; PEREFCT! & # 9733/ http://t.co/dMXPLroaJ2,neutral,113,29,False
Fresh polo on you bitches,Fresh po1o on yo u bitchse,anger,31,5,True
"RT @FriendlyAssh0le: If I've offended you, I'm very sorry that you're a lil bitch with no sense of humor.","RT @FriendlyAssh0le : If I 've offendd you, I 'm very sorry that you 're a lil bitch with no sense of humor.",shame,30,1,True
I would never fight a nigga for vagina...that's what hoes do lmao,I would never fight a nigga for vagina... that 's what hoes do lm ao,happiness,19,1,True
Big G-Day s/o to @MauricePrice17 #FreeBoosie nicca lol!!!!!,Bi g G - solar day s / o t o @MauricePr1ce17 # FreeBoos1e nica lo l!!!!!,happiness,63,18,True
Text your bitch some lyrics from that new Ty Dolla $ign tape before she wake up so she'll nag you a little less today,Text your bitch some lyrics from that new Ty Dolla $ ign tape before she wake up so she 'll nag you a little less t oday,neutral,30,1,True
RT @BlackNerdJade: RT @Parkour_Lewis: *Last 5 hours RT @the_blueprint the last hour and a half of work trash just for existing.,R T @lackNerdJade : R T @Parkour_Lewis : * Last 5 hours R T @the_bueprint the last hour a nd a hal f o f work t rash just f or existing.,neutral,129,25,False
"RT @ThatBajanKidd: #NeverAskABlackPerson if her hair is hers . she will hit you with a ""bitch i bought it , so it's mine"" .","RT @ThatBajanKidd: #NeverAskABlackPerson if her hair is hers . she will hit you with a "" bitch i boguht it, so it 's mine "".",anger,88,18,False
Oh my god this bitch walked past me and legit smelled like a fish market!! TFEH TFEH TFEH&#128562;,Oh my god this bitch walked past Maine and legit smelled like a fish market!! TFEH TFEH TFEH&#128562;,anger,26,1,True
It's unbelievable to me that there are Americans who refused to kill the okies. That means all Americans weak willed trash.,It 's unbelievble to me that there are Americans who refused to kill the okies. That means all Americans weak willed trash.,surprise,22,1,True
"From the archives: @ThatAndyRoss&#8217;s My Favorite #Bond_age_ essay on THUNDERBALL, The Story of a Shy Kid and 007 http://t.co/on5t60rMFb","From the archives : @ThatAndyRsos&#8217;s My Favrite # Bond_age _ es$ay om THUNDERBALL, The Stoy of a unsure shaver a nd 00 7 http:/t.co/on5t60rMFb",neutral,121,23,False
Me gusta pollo so espa&#241;ol that. Lol. &#127831;,Me gusta pollo so espa&#241;ol that. Lol. &#127831;,happiness,14,2,False
It's a matter of pure weight ratios... A five ounce bird can not carry a one pound coconut!,It ' s a thing o f perfect weight proportion... A five ounce bird can not carry a one pound coconut!,neutral,54,9,True
@Prettyflacko21 taking off like a bitch bra,@Prettyflacko21 taking turned like a bitch b ra,neutral,31,5,True
"RT @LesaMonroe: Fellas, guess what.. We don't like to be asked why were looking mean. It's called ""Resting bitch face."" WE JUST LOOK THIS W&#8230;","RT @LesaMonroe : Fellas, g uess what.. We don't like to be asked why were looking mean. It's called ""Resting bitch face."" WE but LOOK THIS W&#8230 ;",neutral,60,11,True
Boosie ran this hoe,Bosie ran t his hoe,neutral,13,2,True
If train officers that are wearing body armor stand back to watch the smoke clear. Why does every gun ho wanna be... http://t.co/cuLyANyQ,If train officers that are wearing body armor viewpoint back to watch the smoke clear. Why does 3very gunslinger ho wanna be... http://t.co/cuLyANQ,neutral,91,13,True
RT @OhLawdItsNiesha: That hoe Brittish got the fuckin NERVE,RT @OhLawdItsNiesha : That hoe Brittish got the fcukin NERVE,happiness,16,1,True
"""How u talking to hoes bout bro n em.. Why you talking to hoes bout bro n em""","""How u talking to hoes bout bro n em.. Why y0u verbalize to hes bout bro n en """,neutral,51,9,True
lol stupid ass bitch I don't fuck w/ you,lo l stupid fuck bitch I d o n 't fu ck w / you,happiness,55,10,True
"RT @yaboybillnye: its funny when sluts say ""u just mad cause I'm 100% real"" its like no bitch #swerve cuz u actually about 65% water gtfo","RT @yaboybillnye : i ts fu nny wh en sluts say "" u just mad cause I 'm 100 % real "" its like no bitch # swerve cuz u actually about 65 % water gtfo",happiness,48,4,True
"@tonynolanlive ""There is a special time and place for decaf coffee: never and in the trash."" My family's motto about their java habits. &#9749;&#65039;","@tonynolanlve "" There is a special meter and palce f or decaffeinated coffee coffee : never and in the trash. "" My family '$ slogan abou t their coffee substance abuse. & # 9749;&#6509 ;",neutral,167,33,False
My phone is finally back on bitches! no more TextNow,My phone is finally back on bitches! no more TextNow,confusion,3,0,False
"old fellas water froze in that funeral home. he got it unthawed and wants me to help get his pump going again, that place spooks me man..boo","old fellas water froze in that funeral home. he got it unthawed and deprivation me to help get his pump go ing aga in, that place spoks me man.. snort",neutral,93,15,True
Beyonc&#233; more of a hipster bitch wit no hips these days,Beyoc&#233 ; m ore of a hpster bitch wit no hip s these das,neutral,43,7,True
"Hey, you, bitch in the mini-van. Stop riding my ass. You have no power in your vehicle, just stop already.","He y, y ou, b1tch im th3 miniskirt - van. Stop riding my ass. You have no power in your vehicle, just stop already.",anger,49,10,True
"RT @215potter: Grown men, wearing jerseys with other grown men's name on them..

Don't forget your fucking pom poms.","RT @215potter: Grown men, wearing jerseys with other grown men's name on them.. Do n't foret your fucking pom poms.",confusion,35,6,True
"""I'm comparing KFC to the pussy"" @MaxOn_MaxOff5",""" I ' m liken KFC t o th e psusy "" @MaOn_MaxOff5",neutral,51,10,False
RT @Cajun_peach: Because humans aren't delicious ho RT @peta: Smarter than dogs AND your 3-year-old child. So why EAT them? http://t.co/eRT&#8230;,RT @Cajun_each : Because humans are n' t delicious ho R T @eta : Smarter than dogs AND your 3 - yer - old fry. thus why EAT them? http://t.co/eRT&#8230;,neutral,161,31,False
&#8220;@RaleighBeougher: dumb beaner&#8221; http://t.co/r0hABEQhSu,& # 8220;@RaleighB3ougher : dunb bener&#8221 ; http://t.co/r0hABEQhSu,neutral,35,8,False
"&#8220;There is a time &amp; a place 4 decaf coffee. Never &amp; in the trash."" http://t.co/ZVJROXgNDQ&#8221; #MommyMonday humor via @JenerationPR &amp; @theskimm","& # 8220;There is a clock & amp ; a pace 4 decaffeinated coffee coffee. Never & amp ; inward the trash. "" http://t.co/ZVJROXgNDQ&#8221 ; # MommyMonday humro vi a @JenrationPR & amp ; @theskimm",neutral,153,35,False
Like a skinny model boney bitch,Like a skinny model bney bitch,anger,11,1,True
No I don't love these hoes and FUCK these niggas Fuckem,No I do n't love th ese hoes and bang these niggas Fuckem,anger,21,2,True
Whoooooaaa no chill savage &#8220;@CantBeLocal: Here monkey monkey http://t.co/wmZ8s3j6iG&#8221;,Whoooooa@a no cihll savage & # 822;0@CantBeLocal : Here monkey monkey http:/t.co/wmZ8s3j6iG&#8221 ;,neutral,65,13,False
"RT @winkSOSA: ""@AintShitSweet__: ""@Rakwon_OGOD: Nigga messed with the wrong bitch &#128557;&#128514;https://t.co/5mNXKVAYot"" &#128557;&#128557;&#128557;&#128557;&#128514;&#128514;&#128557;&#128557;&#128514;&#128514;&#128514;&#128514;&#128514;&#128514;&#128514;""@Th_Real_Esco","R T @winkSOSA : "" @AintShit$weet _ _ : "" @Rakwon_OGOD : N igga mess up with the wr ong bitch & # 182557;&#128514;https://t.co/5mNXKVAYot "" & # 128557;&#128557;&#128557;&#128557;&#128514;&#128514;&#128557;&#128557;&#128514;&#128514;&#128514;&#128514;&#128514;&#128514;&#128514;""@Th_Real_Esco",neutral,99,24,False
"RT @BobKlap: Asked Betances before the game if he&#8217;d like to be a starter again someday. &#8220;If the Yankees ever asked me, I would. But I&#8217;m a r&#8230;","RT @BobKap : require Betanc3s befroe the game if he&#817;d like to follow a starting motor @gain someday. & # 8220;If the Yankee$ ever demand me, I wold. Bu t I&#8217;m a r&#8230 ;",neutral,177,35,False
@danifreshh some weird local ghetto school haha,@danifreshh some weird local ghetto school h aha,happiness,11,1,True
RT @NuteIla: when I die on flappy bird http://t.co/HKNUTfDVJZ,R T @Nutela : when I die out on flapy bird http://t.co/KHNUTfDVJZ,neutral,55,10,False
&#8220;@ImToBlame: Bruh RT @PriscoCBS: Trent took the yellow path http://t.co/1XxGuKtjp8&#8221;&#128514;&#128514;&#128514;&#128514;,& # 8220;@ImTolame : Brh RT @PriscoCS : Ternt aim the yelow p@th http://t.co/1XxGuKtjp8&#821;&#128514;&#128514;&#128514;&#128514 ;,neutral,73,15,False
RT @Elisaa_Martinez: Happy birthday cotton picker lol @1NOnlyDirtyMike,RT @Elisaa_Martinez : Happy birthday cotton picker l ol @1NOnlyDirtyMike,happiness,13,1,True
RT @RTGIFS: DOMINIQUE Made Larry bird do a 360 lmaooo http://t.co/Vs6e3Z0C2u,R T @RTIFS : DOMINIQUE Made Larry snort brawl a 360 lmaooo http://t.co/Vs6e3Z0C2u,neutral,67,12,False
"@SophieRo3 if only there was a medal for that: ""we hate fags, but we won't kill them"" medal. Thank u for the privilege to let fags live.","@SophieRo3 if only there was a medal for that: ""we hate fags, but we won't kill them"" medal. Tahnk u for the privilege to let fags live.",happiness,17,1,True
@mandaxll2963 yellow is even better,@mandaxll2963 yellw is even better,neutral,10,1,True
"tell the hating niggah 
stfu",tell the haing niggah st fu,anger,14,2,True
@SteveStockmanTX stockboy U should talk. U tweet lies and childish shit about Obama.youre very unqualified. You only appeal to dumb rednecks,@SteveStockmanTX stockboy U should talk. U tweet lies and ch1ldish shit about Obama.youre very incompetent. You only appeal to dumb rednecks,confusion,26,2,True
#Fact females that tweet ALL the dayum day r hoes that need attention #ijs #wontgetme,# Fact female person that twirp A LL th e daym day r hoes that ned attending # ijs # wontgetme,neutral,76,15,True
@JukeJuke_9 shit he prolly is other than that everybody else trash,@JukeJuke_9 shit he prloly is other than that everybody else trash,neutral,17,1,True
Confusing circumstances seem to get in the way of your high ho... More for Virgo http://t.co/nrAAI6dhVx,Confusing circumstances seem to ge t im the wa y o f you r hi gh ho... More for Virgo http://t.co/nrAAI6dhVx,confusion,82,13,False
I'm just matching grams wit my fam bitch,I 'm just maching grams wit my fam bitch,confusion,14,1,True
And now Jihadis bragging about a massive bombing in Sadr city in Baghdad. #Iraq #onslaught,And now Jihadis bragging about a massive bombing in Sadr city in Baghdad. #Iraq #onslaught,neutral,20,4,False
RT @wvjoe911: Gov Rick Scott Refuses To Debate Charlie Crist Because Of A Small Fan http://t.co/hKMfPnRukU,R T @wjoe911 : Go v Rick Sott refuse To argue Charlie Crist Because Of A Sall F@n http://t.co/hKfPnRukU,neutral,97,17,False
"@intrepidokie nice lie #teabagger. Just because you want to see it doesn't make it real. Like Reagan was a conservative, another huge lie","@intrepidokie nice lie # tebaagger. Just because you deprivation to s ee i t does n't make i t re al. Lie President Reagan w as a conservative, anther huge lie",neutral,137,24,True
@TheIronPony You rebel. Next you'll be ripping mattress tags off. It's a slippery slope.,@TheIronPony You rebel. Next you'll be ripping mattress tags off. It 's a tricky sloe.,neutral,22,3,True
RT @ccancel14: Miserable bitches talk the most shit &#128514;&#9996;&#65039;,RT @ccancel41 : Miserable bitches talk the most shit &#128514;&#9996;&#65039;,neutral,18,3,False
RT @Lamont21225_: &#128514;&#128514;&#128514; this bitch playing volleyball in Timberland's &#128553;&#128514;Edmondson Kids &#128517;&#128514; http://t.co/M4jtNGEJTH,RT @Lamont21225 _ : & # 128514;&#128514;&#128514 ; this bitch playing volleyball in Timberland ' s & # 128553;&#128514;Edmondson Kids & # 128517;&#218514 ; http://t.co/M4jtNGEJHT,neutral,107,24,False
*after BO1 RT @TheGodWriter_: @iDocLyfe Bruh lol I retired after mw2 because everything was trash afterwards.,* after BO 1 R T @TheGodrWiter _ : @iDocLyfe Bruh lol I retired after mw2 because everything was trash afterwards.,neutral,34,7,False
"RT @SportsNation: So, Yanks have signed Brian McCann &amp; Jacoby Ellsbury. Rumor has it, they still want Robinson Cano, Babe Ruth, Miguel Cabr&#8230;","RT @SportsNation : S o, Yankee-Doodle hae signed Brina McCann & adenylic acid ; Jacoby Ellsbuy. Rumor ha s it, tey st ill want Robinson Cano, Babe Ruth, Miguel Cabr&8230 ;",neutral,125,24,True
She unfollowed me after I said I cried watching dawn of the apes lmaooooooo,She unfollowed me after I said I cr1ed watching dawn of the apes lmaoo0oooo,sadness,26,2,True
dblite works like a charm in OpenWrt Arduino Yun with full test coverage. The gyp version would rarely made in there https://t.co/4JRj1Ezc1S,dblite work s like a charm i n OpenWrt Arduno Yun with full t3st coverage. The gip version wou1d rarely made in in that respect https://t.co/4JRj1Ezc1S,neutral,135,23,False
RT @SoTrippyWhit: &#8220;@laaaeee: I swear to god Whitney is a Regina George. &#128128; http://t.co/bttoCzQK5S&#8221; wow im a bitch &#128123;,R T @SoTrippyWhit : & # 8220;@1aaaeee : I curse to god Mount Whitney is a Regina George. & # 12818 ; http://t.co/bttoCzQK5S&#8221 ; wow i m a bitch & # 18123 ;,neutral,129,32,False
Nothing good on TV and the @Yankees are eating their balls 3 innings in. Great.,Nothing good on TV and the @Yankees are eating their balls 3 innings in. Gr eat.,love,8,2,True
Let the jig commence http://t.co/pqvJiEvqZa,Let the gigue commence http://t.co/pqvJiEvqZa,neutral,33,5,False
"RT @TheDrugTribe: New Years resolution: smoke more weed, make more money, fuck more bitches","RT @TheDrugTribe : New Years resolution : smoke more weed, make more money, fuck more bithces",anger,24,1,True
RT @radiomaru: nerds are cool because they get really judge-y about other nerds being passionate about things they aren't passionate abo ...,R T @radiomaru : ner ds are cool because thy get relaly adjudicate - y around early nrds bing passionate virtually things thy are m't passionate a bo...,neutral,147,26,False
RT @tolkienproverb: Fairy tale does not deny the existence of sorrow and failure...,RT @tolkienproverb : Fairy tale does not deny t he existence o f sorrow and failure...,sadness,24,2,True
"RT @JoeBudden: She&#8217;s not a hoe cuz she had sex before bro, lol","RT @JoeBuddem : She&#8217;s n ot a hoe cu z she h ad se x before bro, lol",happiness,81,15,False
"RT @ImNotTwitFamous: Big Sean is 5'7 and 159 pounds, yet he calls everyone lil' bitch. You the lil' bitch Sean, you the lil' bitch","RT @ImNotTwitFamous: Big Sean is 5'7 and 159 pounds, yet he calls everyone lil' bitch. You the lil' bitch Sean, you the lil' bitch",anger,3,0,False
Niggas go crazy over bitches now a days &#128541; like calm yo happy ass down,Niggas hug drug crazy over bitches now a days & # 128541 ; like calm yo happy ass d own,neutral,39,6,True
Alibaba / Jack Ma: Gotta love a guy who beat Meg Whitman's albino ass back to the US. Freakin' commie genius.,Alibaba / Jack Ma : Got ta love a gu y who beat Meg Whitman 's albino ass back to the US. Freakin' commie genius.,love,27,1,True
"Im just a young niggah out here chasing ins, til im in the driver seat of my benz","I m just a young niggah out here chasing ins, ti l i m in the driver seat of my bez",neutral,35,3,True
RT @Yankees: The @EmpireStateBldg shines its lights in #Yankees pinstripes in honor of Derek Jeter. #FarewellCaptain http://t.co/3fp2pg85MB,RT @Yankees : The @EmpireStateBldg shines its sparkle in # Yankees pinstripes in honor of Derke jet. #FarewellCaptain http://t.co/3fp2pg85MB,neutral,121,22,False
#TRUTH RT @notashley: David is the Charlie Brown of #Scandal,# TURTH R T @notashley : D avid i s the Charl1e Bro wn of # outrage,neutral,60,12,True
RT @EmmGoldLA: Don't be mad at me for telling FACTS be embarrassed at urself for acting like a bitch,RT @EmmGoldLA : Do n't be mad at me for telling FACTS be embarrassed at urself for acting like a b itch,confusion,30,2,True
Be trippin when I call you hoe but bitch you know I talk like Dat! -- @1future voice,Be trippin when I call you hoe but b itch you know I talk like Dat! -- @1future voice,anger,23,1,True
@CsSalazar15 wetback &#128513;&#128514;&#128514;&#128514;&#128514;&#128557;,@CsSalazr15 webtack & # 12853;&#128514;&#128514;&#128514;&#128514;&#128557 ;,neutral,27,6,False
@RAEPaelMunturo @WorldStarFunny aye sae en feeld kawkin dyke,@RAEPaelMunturo @WorldStarFunny aye sae nut feeld kawkin dyke,happiness,16,1,True
RT @anilkohli54: @mediacrooks so the ball did roll down the slope &amp; found a natural spot @madhutrehan defending brother &amp; the scumbag @sard&#8230;,RT @anilkohli54 : @mediarcooks so the ball did roll down the side & amp ; found a natural spot @madutrehan defending brother & amp ; the scumbag @sard#&8230 ;,neutral,149,29,False
"@DinoLich Don't yell at me, I love both of the evolutionary lines. @ClaudiaVice despises the trash buddies.","@DinoLich Do n't yell at me, I l ove both of the evolutionary lines. @ClaudiaVice despises the trash buddies.",love,20,1,True
Early bird gets the worm.... #GoGetIt,Ealy bid get$ th e wom... # GoGetIt,neutral,49,8,False
Daaamn lmao right back to them old ways RT @KingTralle Look at this hoe ass nigga covering Wiz face you hoe http://t.co/lpPToFmj5R,D@aamn lma o right rearwards to them erstwhile ways RT @KingTralle Look at this h oe ass nigga covering W iz fce you hoe http://t.co/lpPToFmj5R,neutral,137,22,False
"&#8220;@IAmClatonBigsby: Bout to ride my horse, to come fuck yo bitch.&#8221;Ooh @ em tho","&# 8220;@IAmClatonBigsby : Bout to ride my horse, to come fuck yo bitch.&#8221;Ooh @ en tho",anger,90,17,False
"You always buy me colored goldfish when my stash is low, and you are a constant inspiration to me and&#8230; http://t.co/nCPd8uSljf","You forever buy me colour goldfish whn my stahs live l ow, and you a re a cosntant inspiration to m e an&#8230 ; http:/t/.co/nCPd8uSljf",neutral,129,23,False
Yall bitches only muslim when yall hair fucked up ctfu stop that youngs!!,Yal1 holler only muslim when y all hair fucked up ctfu stop that youngs!!,anger,28,2,True
Jameis tweet RT @MrCOOK_ Fuck her right in the pussy,Jameis tweet RT @MrCOOK _ Fuck her decent in the pussy,anger,25,3,True
@suchy_monster you make me feel all warm and fuzzy inside &#128522; #youCANsitwithus,@suchy_monster you make me feel all warm and fuzy inside & # 128522 ; # youCANsitwithus,happiness,23,3,True
I'd kill a bitch to be able to cuddle right now. Ugh. Sucker for the stupid shit. I swear.,I 'd ki1l a bich to comprise able to cuddle right now. Ugh. Sucker for the stupid shit. I swear.,anger,62,11,True
A Yankee win makes any day better.,A Yankee w in make s any d ay better.,happiness,23,4,True
RT @gferguson8: @MSoltan18 @WBDyllon_ @KoredeB9 Messi is trash,R T @gferguson8 : @MSoltan18 @WDyllon _ @KoredeB9 Messi i s tra sh,neutral,57,10,False
Not true RT @_Kimchanel_: Every man has hoes #bye,Not true R T @_Kimchnel _ : Every m an ha$ hoe # bye,neutral,65,12,False
RT @AdamSchein: Great job by the Yankees giving Brian Cashman a new contract. The haters are just wrong. CC: @ChrisCarlinSNY,RT @AdamSchein : G reat job by the Yankees giving Brian Cashman a new contract. The haters are just wrong. CC: @ChrisCarlinSNY,love,21,1,True
"@richarddeitsch yeah,but the cripple not getting up clean helped the call out...wouldn't have been fair either way","@richarddeitsch yeah,but the cripple not getting up sportsmanlike helped the call out... wouldn't have been fair either way",disgust,28,1,True
@1SonofYahweh no wonder you run nose first for yo real nigger &amp; white devil massah's or any man pointing at another to convince u he is less,@1SonofYahweh n o wonder you run nose first for yo real nigger & amp ; white devil massah 's or any man pointing at another to convince u he is less,neutral,34,1,True
RT @FallonTonight: Jimmy and @BillyJoel's two-man doo-wop performance just went live on YouTube! https://t.co/NGzhImyvSF #FallonTonight htt&#8230;,R T @FallonTonigt : Jimy an d @BilylJoel ' s t wo - m an doo - w0p performance ju st went live on YuTube! https://t.co/NzhImyvSF # FalolnTonight htt&8230 ;,neutral,131,25,False
RT @xenakix2243: Feeling the crisp fall wind spinning around me and watching the colorful leaves fall like rainbow colored raindrops slowly&#8230;,RT @xenakix2243 : Feeling t he crisp fall wind spinning around me and waching th e colorful leaves fall like rainbow colored raindrops slowly&#8230 ;,happiness,37,3,True
"RT @OfficiallyIce: RT @Manatti23: ""I fucked your bitch cause she gave me a boner, she went down twice like Adrien Broner..."" #FreckBars","RT @OfficiallyIce : RT @Manatti23 : "" I fucked your bitc h cause she gave me a boner, she went down twice like Adrien Broner... "" #FreckBars",anger,32,1,True
RT @BasedZae: When lil b said &#8220;Word around town that I aint got no bitches? what?! Thats a damn lie nigga my nuts is my witness&#8221; http://t.c&#8230;,RT @BasedZae: When lil b said &#8220;Word around town that I aint got no bitches? what?! Thats a damn lie nigga my nuts is my witness&#8221; http://t.c&#8230;,anger,4,0,False
"If she makes a good sandwhich and she give a good blowy, wife dat hoe up. That way you can eat while she eatting","I f she makes a good sandwhich and she give a beneficial blowy, wife d at hoe up. That way you can eat while she eatting",neutral,96,18,False
The Guy got excited when he saw Oreo cookie crusts. He thought I was making pie. He was bummed when he realized it was cheesecake.,The Guy got excitd when he saw Oreo cookie crusts. He thought I was making pie. He was bummed when he realized it was cheesecake.,happiness,18,1,True
Lmao redskins turnin up,Lm@o redskins turnin up,happiness,11,1,True
"""@CeleyNichole: @white_thunduh how come you never bring me food"" i dont have a car retard",""" @CeleyNichole : @white_thunduh how come you never bring me food "" i do National Trust have a car retard",neutral,92,18,True
OMGGGGG...!!!! Nigga said Jerry ... black bitch.,OMGGGGG...!!!! jigaboo suppose Jerry... b lack bitch.,anger,27,4,True
Girls be looking for reasons to do hoe shit,Girls be looking for reasons to do hoe sh it,anger,13,1,True
"@HobsonDarlene #BlessJesus Amos 3:3 Can two walk together, unless they are agreed? #DifferentLevels","@HobsonDarlene # BlessJesus Amos 3:3 Can two walk together, unless th ey are agreed? # DifferentLevls",neutral,29,3,True
"""I dont even need a picture of tamar, that bitch is beat in every picture""&#128514;&#128557;&#128514;&#128514;&#128514;",""" I do National Trust even want a picture 0f tamar, that bitch is beat in every picture""&#128514;&#128557;&#128514;&#128514;&#128514 ;",neutral,97,19,False
The bird is the word. #EsuranceSave30,The bird i s the wod. # EsuranceS@ve30,neutral,26,5,True
"Chaber Books: BRAGADAYJAH 24 http://t.co/bTMLYNNKZp: Nimrod the Cushite, first king of the earth. See Bragadayjah 24","Chaber B0oks : BRAGADYAJAH 24 http://t.co/bTMLYNNKZp : Nimod the Cushite, start king of the 3arth. $ee Bragadayjah 24",neutral,109,20,False
RT @SneakerPics23: Oreo 6's http://t.co/Jx9DD9oahY,R T @Sne@kerPics23 : O reo 6 '$ http://t.co/Jx9DD9oahY,neutral,37,7,False
Julius Peppers still seems retarded.,Julius Peppers still seems retarded.,neutral,35,6,False
@slings_x_arrows bitches are gonna make it rain on me,@slings_x_arorws bitches are gon ma make it rain on me,anger,21,2,True
What manner of black folk take their kids riding in the ghetto to point out misplaced youth and victimized &amp; cursed brethren and say:,What manner of black folk tae their kids riding in the ghetto to point out misplaced youth and victimized & amp ; cursed bethren and say :,neutral,37,2,True
"@Pacman_Dre_SB I said something to you gorilla, stop listening to monkey music","@Pacman_DreSB I s@id something t o you goirlla, stop listening to monkey music",neutral,38,6,True
"RT @RussOnPolitics: GOP nominee for #MAgov Charlie Baker's ""fisherman story"" falls apart. He deserves an Oscar for his play crying. http://&#8230;","RT @RussOnPolitics: GOP nominee for #MAgov Charlie Baker's ""fisherman story"" falls apart. He deserve an Oscar for his play crying. http://&#8230;",love,19,1,True
RT @GottaPHILMe: &#128128;&#128128; RT &#8220;@VersaceSilk: When you and your boys discover a hoe https://t.co/fbfR8trToY&#8221;,R T @GottaPHILMe : & # 128128;&#128128 ; R T & # 8220;@VersaceSilk : When you and your bos happen upon a hoe https://t.co/fbR8trToY&#8221 ;,neutral,99,22,False
RT @fatguythe: *sings Careless Whisper to broken 7 year old flip flop on the way to the trash,RT @fatguythe : * signs Careless Whisper to broken 7 year old flip flop on the w ay to the trash,neutral,34,3,True
RT @YunGMiGo: &#128557;&#128557;&#128557;&#128514;&#128514;RT @Shane_A1: I done went wit a hoe before frfr so who am I to judge,RT @unGMiGo : & # 128557;&#128557;&#128557;&#12514;&#128514;RT @Shame_A1 : I d0ne w ent w it a hoe befre frfr s o wh o a m I t o judge,neutral,109,22,False
Oh shit its still light out.. I've been in this bitch too long &#128565;,Oh shit its still light ou t.. I've been in this bitch too long &#128565;,confusion,12,1,True
Only white trash watch football.,Omly white trash watch football.,neutral,14,2,True
Regular joes rockin tha boat that's us redneck yacht clubbb&#9728;&#127926;,Regular joes rockin th a boat tht ' s us redneck racing yacht clubbb&#9728;&1#27926 ;,neutral,71,12,False
"I have to stop using ""bitch"" so often in my everyday conversations","I hae t o stop using "" bitch "" so often in my everyday conversations",confusion,24,2,True
"RT @TheDouch3: Bitches tweeting ""relationship goals"" w/no man, job, or real desire to stop being a hoe or partying every weekend. Jus a iPh&#8230;","RT @TheDouch3 : Bitches tweeting ""relationship goals"" w/no man, job, or real desire to stop being a hoe or partying every weekend. J us a iPh&#8230 ;",neutral,36,7,False
I turn Cassey to a nasty hoe Rihanna to a classy hoe,I turn Cassey to a nasty hoe Rihanna to a clasy hoe,disgust,17,1,True
RT @Kevin_McAdams: Stop being a little bitch and #fuckherrightinthepussy,RT @Kevin_McAdams : Stop being a little btch and # fuckherrightinthepussy,anger,16,1,True
"RT @Fit4LifeMike: @Whitecholo23 @chanelisabeth true i need to sleep to make them Gainz bruh!! So all the hoes stay Mirin ;p 
Alright, later&#8230;","RT @Fit4LifeMike: @Whitecholo23 @chanelisabeth true i need to sleep to make them Gainz bruh!! So all the hoes abide Mi rin ; p Alright, later&#8230 ;",neutral,33,5,True
"RT @DamierGenesis: i live for street glory and I die for ghetto fame. respect all, fear none my pride is everything....","RT @DamierGenesis: i live for street glory and I die for ghetto fame. observe all, fear none my pride is everything....",happiness,19,1,True
"RT @alicia_garcia3: ""That's why God made brownies. To replace boys.""","RT @alicia_garcia3 : "" Th at ' s why deity made brownise. To r3place b0ys. """,neutral,81,16,False
"After Kuroda gave it his all putting up career numbers but getting no run support, the Yankees don't deserve to get into the World Series","After Kuroda gave it his all putting up career numbers but getting no run livelihood, the Yankees do n't deserve to get into the World Sreies",neutral,49,5,True
Her pussy clean but she dance dirty..,Her pussy clean only she dance dirty..,disgust,19,2,True
"@Ronnie2K not just @Pharrell gave 2k a trash non-basketball soundtrack, y'all still have problems with servers &#128530;","@Ronnie2 K not just @Pharrell gave 2k a trash not - basketball soundtrack, y ' a ll st ill have problems with servres & # 128530 ;",neutral,96,20,True
i just realized me and @DirkAlisic have been talking shit to each other nonstop for the past 48 hours. stop texting me bitch.,i just realzed me and @DirkAlisic ha ve been talking s hit to each other nonstop for the past 48 hours. stop texting me bitch.,confusion,36,4,True
"First thing she wit ya, next minute she against ya, like that hoe from the clippers","First thing s he wit ya, next minute s he against ya, like that hoe fr om th3 limiter",neutral,47,6,True
"RT @MiSSKathEVO: #NoFilter I been getting money I ain't worried 'bout a ho, No matter the occasion I'ma always get the dough &#128539; http://t.co/&#8230;","R T @Mi$SKathEVO : #NoFilter I been getting money I ain't worried 'bout a ho, No matter the occasion I ' m a always get the dogh & # 12539 ; http://t.co/&#8230 ;",neutral,74,16,False
"RT @vntonx: ""suck my duck""

thot: ""lol looks like ur autocorrect changed dick to duck""

""i meant what i said bitch"" http://t.co/K9LV3mfX1m","RT @vntonx : "" suck my duck "" thot : "" l ol looks like ur autocorrect changed dick to duck "" "" i meant what i said bitch "" http://t.co/K9LV3mfX1 m",happiness,35,1,True
Omg this bitch was standing and humming a very deep and annoying tone the whole time she was at the counter wtf.,Omg this bitch was standing and humming a very deep and annoing tone the whole time she was at the counter wtf.,confusion,28,1,True
This is really for @BrianStann RT @JimDaves: @WesDurham Exploding giant yellow ducks. You&#8217;ll appreciate this: http://t.co/SpOhTpl8uV,This is really for @BrianStann RT @JimDaves: @WesDurham Exploding giant yellow ducks. Yo&#8217;ll appreciate th is : http://t.co/SOphTpl8uV,love,31,5,False
"""@Stephenwildboy: Chilling &#128069;&#8482; http://t.co/mik3iPNle6"" sexy scally lad",""" @Stephenwildboy : Chilling & # 12806;9&#8482 ; http://tc.o/mik3iPNle6 "" aphrodisiac sc@lly fella",neutral,57,13,False
Shut up bitch i wasn't gonna roast.,Sht up btich i was n't gon na roast.,anger,20,2,True
&#8220;@avelindner: if he has a girlfriend don't be a hoe and text him yanno who u r &#128519;&#8221;,& # 8220;@avelindner : i f helium give birth a girlfriend d0 n' t be a hoe and textbook him yanmo who u r & # 128519;#&8221 ;,neutral,113,25,False
"A homeless dog living in a trash pile gets rescued, and then does something amazing! Please share. http://t.co/SzpStdxmn6 via @youtube","A homeless dog living in a trash pile gets rescued, and then does something amazing! Please share. http://t.co/SzpStdxmn6 via @youtube",happiness,4,0,False
I am such a pussy&#128514;&#127770;,I an such a pussy&#128514;&#127770 ;,neutral,27,6,False
I'm with another nigga bitch &#128514;&#128514;,I ' m wth another nigga bitch & # 128514;&#12854 ;,neutral,47,10,False
No cuz redskins are dumpster juice RT @trackinBlackKev: game of the week. still the best rivalry in sports,No cuz redskins are dumpster juice RT @trackinBlackKev: game of the week. still the best rivalry in sports,love,3,0,False
&#8220;@garytiffany_: Make the most of what you have.&#8221; Don't tell me what to do bitch,& # 8220;@garytiffany _ : Make the most of what you have.&#8221 ; Do n't tell me what t o do bitch,neutral,45,5,True
@Rosaalbae @iH8TvvitterHoes faggot but you sent me hella nudes. Hmmmm,@Rosaalbae @iH8TvvitterHoes fagogt bu t you sen t me hella nude painting. Hmmmm,neutral,69,11,False
@ashley_smith20 colored contacts,@a$hley_smith20 col0red c0ntacts,neutral,21,3,False
@kaylonnnnn then who are you to call me trash &#128522;,@kayonnnnn then who a re you to cll m e trah & # 18522 ;,neutral,69,13,False
"So I already don't fuck with dude, but I be nice. And I'm humoring him. but this bitch crossed a line.

""First of motherfucking all...""","So I already don't fuck with dude, but I be nice. And I'm humoring him. merely this bi tch crossde a lime. "" first-class honours degree of motherfcking entirely... """,anger,71,14,True
diet coke trash,det co ke trash,neutral,13,2,True
@AlexSchnider niiice my nigga schinder pullin hoes,@AlexSchndier niice my nigga shinder pullin hoe s,neutral,45,7,False
RT @Drewmking: @Joely_Poly @Victoria_Finae he plays for the Yankees right?,R T @Drewkming : @Joel_Poly @Victoria_Fiae he fiddle for the Yankees right?,neutral,67,12,False
I don't want a bitch that a nigga already had I want sumn new ... Or a runner it's too easy nigga I accept the challenge,I do n't want a bitch that a nigga alreay had I want sumn new... Or a runner it's too easy nigga I accept the challenge,confusion,33,4,True
RT @FoodPornsx: Oreo ice cream. ~ http://t.co/thrkAobdVj,R T @F0odPornsx : O reo i ce emollient. ~ http://t.co/thrkAobdVj,neutral,47,9,False
&#8220;@HeyKeifer: Golden Oreos &#128016; regular Oreos &#128686;&#8221; YES!!!,& # 8220;HeyKeifer : lucky Oeros & # 128016 ; regular Oreso & # 128686;&#8221 ; YES!!!,neutral,75,20,False
RT @YungFree504: Mannn let bosh hoe ass hit that 3,R T @ungFree504 : M@nnn let bo$h hoe a$s hit th at 3,neutral,61,11,False
RT @VinceSports: Best #CollegeGameday sign ever! The Dak-ness is spreading! Charlie Murphy's True Hollywood Stories. #ChappelleShow http://&#8230;,RT @VinceSports: Best #CollegeGameday sign ever! The palas - nes s i s spreading! Charlie Irish potato ' s avowedly Hollywood Storis. # ChappelleSh0w http:/&/#8230 ;,neutral,96,18,False
"RT @___Jazsy: If a bitch tweeting about a nigga and he saying he don't mess with her , He's lying&#128533; That bitch ain't tweeting for nothing &#128527;","RT @___Jazsy : I f a bitch twe3ting about a nigga and he saiyng he do n 't mess with her, He 's lying&#128533 ; That bitch ai n't twitch for nothing & # 128527 ;",neutral,75,9,True
@nataleovrerytng hoes these days,@natleovrerytng hos thsee d ays,neutral,27,4,False
Flo is a bad bitch,Flo is a bad bi tch,anger,9,1,True
"Not sure why #teabaggers would care about Nelson Mandela, being that he's one of 'them' if you know what I mean. #teaparty #tcot","Not sure why # tebaaggers wold c are around Nelson Mandela, being that he 's one of ' them ' i f y ou kn ow what I mean. # teaparyt # tot",neutral,118,22,True
RT @madi_judkins: When you look like trash and someone compliments you http://t.co/FzuXlPCMpV,R T @madi_judkins : When you look like trash and soul compliments you http://t.co/FzuXlPMpV,neutral,77,13,False
"RT @amazingatheist: America is like a drunken redneck flailing his fists around, raving incoherently. He's kind of funny, but also you'r ...","RT @amazingatheist: America is like a drunken redneck flailing his fists around, raving incoherently. He 's kind of f unny, but also you'r...",happiness,15,1,True
Hell yeah that bitch gon' go ham,Hell yeah that bitc h gon ' go ham,anger,12,1,True
RT @syd_renae: @2014Alyssa I have a pink fuzzy one &amp; a silky silver one. Bathrobes are a wonderful thing &#128129;&#128526;&#128525;,RT @syd_renae : @2041Alyssa I have a pink fzzy one & a mp ; a sleek silver one. Bathrobes are a wonderful thing &#128129;&#128526;&#128525;,neutral,84,18,False
@Yankees probably time to put this twitter feed to bed #nyy,@Yankees probably time to pu t this titter f eed to fuck # nyy,neutral,33,5,True
"Re: Alexander Skarsgard, my roommate has declared: ""He's a sexy albino lizard. i dont know how that's sexy, but it kinda is.""","Re: Alexander Skarsgard, my roommate has declared: ""He's a sexy albino lizard. i dont know how that's sexy, but it kinda is.""",neutral,3,0,False
"@FemsHaveBallz have u spent significant time in ANY ghetto, or witnessed the years of terrorism committed by police in the Black community?","@FemsHaveBallz have u spent significat time in ANY ghetto, or witne$sed the years of terrorism committed by police in the Black community?",confusion,35,3,True
"RT @JareerKassis: If there was an invisible celestial judge who killed those who spew hate on Palestinians, celebrities &amp; politicians would&#8230;","RT @JraeerKassis : I f the re w as an invisible celestial judge who killed thoes World Health Organization s pew hate along Palestinian Arab, celebriies & am p ; politicians would&#8230 ;",neutral,139,26,False
If I see another bitch with a rolly bag ima diesel that bitch,If I see another bitc h with a ro lly bag i m a diesel that holler,anger,29,3,True
"My nig been talking bout what he gonna be for Halloween since July, to excited!","My nig been talking bout what he gon na be for Halloween since July, to exited!",happiness,23,1,True
Caleb's a dick and Hanna's a bitch I hate them both now &#128554;&#128545;&#128545;&#128545;,Caleb's a dick and Hanna's a bitch I hat e thm both n ow & # 128554;&#128545;&128545;&#128545 ;,anger,38,9,True
Sources say that Charlie Crist is on the phone with Rick Scott as I type this to concede.,Sources say that Cahrlie Crist is on the phone with haystack Scott as I type this to concede.,neutral,31,3,True
"RT @AChosenWord: Of rain showers
&amp; weepy fog
of soft light
&amp; cool touch
of wild wind
that carry music of birds
who cease to soar;
this feel&#8230;",RT @AChosenWord : Of rain cascade & amp ; weepy daze of subdued light & amp ; cool touch of wild win d th at cary music of bids who end t o sailplane ; this feel&#8230 ;,neutral,185,35,False
Some Douche cubs redneck cubs fan freaked out asking if bites..... No you bloody BERK!!! He's like the&#8230; http://t.co/ulc6CMVtki,Some Douche cubs redneck cubs fan fraked out asking if bites..... No you bloody BERK!!! He's like the&#8230; http://t.co/ulc6CMVtki,confusion,19,1,True
RT @alec_tiano: @Vinnyrants Happy birthday fag boy,R T @alec_tiano : @Vinnyrants Happy birthday fag son,neutral,17,2,True
"RT @Garin: ""A day without laughter is a day wasted."" 

~Charlie Chaplin","R T @Garin : "" A day without laughter is a day wasted. "" ~Charlie Chaplin",neutral,27,2,True
"RT @Oreo: Woah, the depth of this Ollusion is unreal. #Ollusions http://t.co/fuiVThvZyN","RT @Oreo : Wo ah, the astuteness of thi$ Ollusion i s unreal. #Ollusions http://t.co/fuiVThvZyN",neutral,85,16,False
@AyyMartt bitch where you been,@yAyMartt bitch wh3re yo u beem,anger,31,5,True
RT @FunnySayings: &#8220;you&#8217;re a bitch&#8221; that&#8217;s new information thanks,RT @FunnySayings : & # 8202;you&#8217;re a bitch&#8221 ; that&#8217;s new infomation thanks,happiness,61,13,False
@brianabrazilian oh... my phone is some trash! but you knew that!,@brianabrazilian oh... my phone is some trash! but you knew that!,confusion,5,0,False
RT @CP24: Reports say female victim was shot while waiting for an Oreo McFlurry,R T @P24 : Reports enjoin female dupe was shot wile waitng for am 0reo McFlury,neutral,81,14,True
"SOO guys those tweets are bullshit. Be you.. And if the bitch ""is to stupid what she wants"" then she not stupid It's that she doesn't want u","SOO guys th ose tweets make up bullshit. Be you.. And if the bitch ""is to stupid what she wants"" then she not stupid It's that she doesn't want u",anger,18,2,True
Looks as if Federal Gun Laws to be proposed this week lack #AWB. Hope the #media and #antigun crowd choke on crow.,Looks as if Federal Gun Laws to be proposed this week lack #AWB. H ope t he # me dia a nd # antiun crodw choek along crow.,happiness,60,12,True
RT @lilduval: Maaan these hoes be photoshopping RT @007M_H: @lilduval damn you suppose to be that nigga. How you get catfished,RT @lildval : Maaan thees hoe be photoshpoping RT @007_MH : @lilduval damn you supose to be that nigra. How you drive catished,neutral,139,24,False
"No one has even eaten a Twinkie in, like, decades.","No one has even eaten a Twinkie in, lie, decades.",disgust,31,6,True
hahaha my girl just popped on a bitch like a Molly haha,hhaha my girl just popped on a bitch lik e a Mol ly haha,happiness,28,3,True
@mingtong007 you still are a cunt,@mingtong007 you sti1l a re a cunt,neutral,25,4,True
Then bitches gon fuck just because money long .,Then bitch g on sleep with ju st because money long.,anger,29,5,True
RT @MrPerfect_22: Most of these niggas go broke for these hoes !!,R T @MrPerfcet_22 : Most of these niggas g o broke for thee hoe s!!,neutral,44,6,True
&#8220;@Goldmind___: Smoke good weed with a bad bitch&#8221;&#128079;,& # 8220;@oldmind ___ : fume goodness w eed with a badly bitch&#8221;&128079 ;,neutral,67,15,False
You can expect me to be a total bitch towards you now yet again.,You can expect ne to be a total bitch towards you now yet again.,anger,22,1,True
@GrizzboAdams @wyattnuckels fuck you bruh you didn't show up fucking pussy,@GrizzboAdams @wyattnuckels f uck you br uh you did n't show up piece of ass pussy,anger,26,3,True
"you know what they say, the early bird gets the worm. *puts gummy worms in your morning coffee*","yo u know what th ey read, the early bird gets the worm. *puts gummy worms in your morning coffee*",neutral,28,3,True
"Rev. Charlie Rangel: What Unions Stand For Are &#8220;Spiritual Damn Things&#8221;&#8230; LIKE INFLATABLE RATS. 

 http://t.co/2nmrLDvIgB",Rev. Charlie Rangel : What Unions Stad For Are & # 8220;Spiritual Damn Things&#8221;&#8230 ; LIKE INFLATABLE RAS. http://t.co/2nmrLDvIBg,neutral,105,20,False
@NFLonFOX Random thought - If a bird crossing the path of a FG try were impacted by ball causing it to deflect off course. Re-kick or miss?,@NFLonFOX Random thought - If a bird crossing the path of a FG try were impacted by ball causing it to deflect off course. Re - kick or mi ss?,confusion,12,2,True
@TheMayorMatt @Frizzle18 I like where ur domes at #smart,@TheMayorMatt @Frizzle8 I like whre ur dome s a t # smat,love,55,10,False
@georgiathenewsa @Rosaalbae your tits may be better looking but her face makes you like a Asian or Latina tranny #facts,@georgiathenewsa @Rosaalbae your tits may be better looking but her face makes you like a Aian or Latina tranny # facts,love,26,1,True
"RT @alex_gtz13: Cause I'm as free as a bird now, and this bird you can not change &#127926;","R T @alex_gtz13 : Caues I 'm a s free a s a bird immediately, amd this bid you can not change & # 12726 ;",neutral,77,14,True
@KxRxSxB haha alright well you gotta get here and see this bitch haha you'll scare the shit outta him I already have,@KxRxSxB h aha aright well you got ta get here and see this bitch h aha you 'll scare the shit outta him I already have,happiness,43,4,True
My bf @iamthedannibal loves crows. Thought he might enjoy the last tweet!,My bf @iamthedannibal loves crows. Thought he might enjo y the la st tw eet!,happiness,28,4,True
RT @wwwobert_: New avi thanks to b Oreo,RT @wwwobert _ : New avi thans t0 b Oreo,happiness,20,2,True
&#8220;@Tom_2Times: Making weed brownies tonight&#8221; goin slide me a batch relo,& # 8220;@om_2Times : Making we3d brwonies tonight&8221 ; goin s lide me a tidy sum relo,neutral,65,14,True
Big Red and fat squaw ...lol my hubby is so funny!! #insidejoke,Big Red and fat squaw... 1ol my hubby is so fu nny!! #insidejoke,happiness,27,2,True
@THEHermanCain @redskins I'm not a liberal &amp; I support changing the name. It transcends standard political grandstanding.,@THEHermanCain @redskins I'm not a liberal &amp; I support changing the name. It transcends standard politial grandstanding.,neutral,13,2,True
RT @LilReese300: @trippygalll @StoneCold__ bum ass bitch u look like a hype Thot ass u a hot ready dirty ho &#128514;,RT @LilR3ese300 : @trippygalll @SotneCold _ _ bum ass bitch u look like a hype Thot ass u a live redy dirty ho & # 128514 ;,neutral,77,13,True
LMAOOOOOOO RT @DontCallMeKyrie *Record Scratches* RT @chinitaaah_: Damn Twitter famous bitches out hea strippin!? &#128557;&#128557; http://t.co/BLrN8dzyA3,LMAOOOOOOO RT @DontCallMeKyrie * register Scrathces * RT @chinitaaah _ : Damn Twitter famous bitches out hea strippin!? & # 128557&#128557 ; http://t.co/BLrN8dzyA3,neutral,74,16,False
One of the world's most prominent Jihadi forums just got shut down &#8594; http://t.co/9vafK90DOU,0ne o f th e wrold '$ most promient Jihdi meeting place ju$t got $hut down & # 85 94 ; http://t.co/9vafK90OU,neutral,99,18,False
"Hold all your ghetto labeled and endorsed vodka brands, you can rum me silly any day. 

#ShiverMeTimbers","Hol d all your ghetto labeled and endorsd vodka brands, you can run me silly any day. #ShiverMeTimbers",neutral,42,5,True
RT @BasedPaco: The NFL is very equal this season everybody showed glimpses of being trash,RT @BasedPaco : The NFL is very equal this season everybody show3d glimpses of being tash,neutral,28,2,True
Karma is a bitch,Karma is a bit ch,anger,8,1,True
@Rene_gadeCowboy Of course. I was being bitch. Learned from my mom how to make a guy feel like he's 1 foot tall.,@Rene_gadeCowboy Of course. I was being bitch. Learned from my mom how to make a guy feel like he's 1 foot tall.,confusion,4,0,False
Breakfast fried chicken jerk chicken Tater tots white rice nd press yellow rice nd beans Mac nd cheese http://t.co/Usz8gJnZl0,Breakfast fried chicken jerk chicken Tater tots white rice nd press yellow rice Peace Garden State benas mack n d cheeseflower http://t.co/Usz8gJnZ0l,neutral,40,6,False
Fuck these hoes im gone &#9996;&#65039;,Fuck thes e hoes i m g one & # 9996;&#65039 ;,anger,19,2,True
@derek_gatewood it's not ghetto you fool.,@drek_gatewood it 's not ghetto you fool.,neutral,13,1,True
RT @PatVPeters: Texas ranchers: Terrorists reportedly caught at border; feds clam up http://t.co/1vynD9zbpH,RT @PatVPeters : Texa s ranhers : Terroritss reporetdly caught at border ; federal official clam upwards http://t.c/1vynD9zbpH,neutral,87,16,False
@Conrad_MLG im goin now so be expecting to get slept faggot,@oCnrad_MLG i m goin now s o cost expectig t o get sleep faggot,neutral,67,12,False
"&#8220;@iTweet4UglyPpl: &#8220;@KirbyMouf: No one wants an ugly nigga, so you've got him all to yourself. No more stressing over hoes&#8221; &lt;-&#8221; lies !","& # 8220;@iTweet4UglyPpl : & # 8220;@KirbyM0uf : No i want an ugly coon, so you 've fuck off him all to yourself. No more stressing over hoes&#8221; &lt;-&#8221; lies !",neutral,74,10,True
RT @L3tsVibe: Keys open doors when them keys is albino,RT @L3tsVibe : Key s op en doors when them key$ i s albimo,neutral,36,6,True
RT @xDSmooth: I asked @1BookieG what's the definition of a preppy white girl and this niggah said Starbucks,R T @DxSmooth : I as ked @1BooieG what ' s the definition o f a peppy white gi rl and thi$ niggha said Strabucks,neutral,111,20,False
RT @Baseball_Photos: A 17 year old girl once struck out Babe Ruth and Lou Gehrig back to back and was banned from baseball for it #Yankees &#8230;,RT @Baseball_Pohtos : A 17 year old miss once struck out Babe Ruth and Lou Gehirg back to back and was banned fr om baseball for it # Ynakees & # 82 30 ;,neutral,127,24,True
"@caritoguey 02' Charcoal 7s are pre-owned, no sole wear or scuffs Size 10.5, Cherry 12's DS size 11.5","@cariotguey 02 ' Chracoal 7 s are pre - owed, no solitary wear or drag S ize 10.5, Chery 12 ' s D S s ize 11.5",neutral,131,24,False
RT @DedePayton: On the low RT @mzlola_bunny: They're really looking for the next bitch to smash,RT @DedePaytno : On the low RT @mzlola_bunny : They 're really looking for the next bitch to smash,neutral,109,19,False
Fuck this fuckin bitch and her stupid analysis bullshit,Fuck tis fuckim b itch @nd her dazed @nalysis blulshit,anger,57,9,False
RT @ThatsFoodPorn: Oreo Donut http://t.co/obytemi3Ed,R T @ThatsFoodPorn : O reo Dout http://t.co/obytemi3Ed,neutral,35,6,False
some call me the song bird of my generation,some call m e t he song bird of my generation,happiness,23,3,True
The republican teabaggers hate this but screw em. http://t.co/6iutHYvhQm,The republican teabaggers hate ths but screw em. http://t.co/6iutHYvhQm,anger,20,2,True
"Shy singer surprises and melts Simons heart: http://t.co/RbCWsvvdJY 

This was so damn beautiful! I almost cried!!",Shy singer surprises and melts Simons heart: http://t.co/RbCWsvvdJY This was so damn beautiful! I almost cried!!,sadness,23,5,False
@McKinseey the grass is greener on the other side of the fence of course it's also a soggy septic field,@McKinseey the grass i$ greener 0n the other side of the femce o f course it ' s also a soggy setpic field,neutral,70,10,True
"' Nah I ain't no hoe niggah , no bitch niggah , rich Niggah with the shits Niggah Getchu chipped niggah .","' Nah I a i n't no hoe niggah, no bitch niggah, rich Niggah wi th the shits Niggah Getchu chipped niggah.",neutral,32,2,True
remember when the dude who played young ned followed my youtube channel. this was when i actually used my youtube for more than favorites,remember when the dude who played young ned followed my youtube channel. this was w hen i actually use d my youtube for mre than favorites,happiness,33,5,True
RT @TinyTino842: @triple6em96 I call all women bitches get over it,R T @T1nyTino842 : @triple6em96 I anticipate all woman bitches get over it,neutral,40,5,True
"Can't wait till I get my full appetite back. Only ate a half ghetto sandwich. No lettuce, no nothing.","Can't wait till I get my full appetite back. Omly ate a half ghetto sandwich. No lettuce, no nothing.",neutral,22,3,True
"When people label their name on there ghetto nano&lt;&lt;&lt;&lt;&lt; 

@StephyRae7",When mass la bel tehir na me om ther3 gehtto nano&lt;&lt;&lt;&lt;&lt ; @StephyRe7,neutral,65,11,False
RT @ImNeverChillin: You bitches are so inconsiderate smh http://t.co/EInVs4YqpF,RT @ImNeerChillin : You bitches are so imconsiderate smh htt://t.co/EInVs4YqpF,neutral,33,5,True
"RT @VandTRailroad: #DidYouKnow: The Comstock Lode was a boon 4 @VirginiaCity as it grew 2 20,000 ppl &amp; became 1 of the largest &amp; wealthiest&#8230;","RT @VadnTRailroad : # DidYouKnwo : Th e Costock Lode represent a boom 4 @Virgini@City as it grew 2 20,00 ppl & amp ; turn 1 of the great & amp ; wealthiest&#8230 ;",neutral,153,33,False
Fucking pussy bruh lol,Fucking pusy bruh lol,anger,9,1,True
&#8220;@WavyGodd: I don't like a ghetto female&#8221;&#128567;&#128078;,&#8220;@WavyGodd: I don't like a ghetto female&#8221;&#128567;&#128078;,neutral,51,12,False
I'm hooked on monkey phonics.,I 'm hookd along monkey phonics.,neutral,37,7,False
"""@MotherJones: 10 birds your grandkids may never see, thanks to climate change http://t.co/XqmXHkAsWt http://t.co/RbITeGRnhm"" #Climate",""" @MotherJones : 10 birds your grandkids may never se e, thank t o cliamte change http://t.co/XqmXHkAsWt http://t.co/RbITeGRnhm "" # Climate",happiness,42,5,True
RT @rcooley123: Bill Maher mocks gullible America for missing the real enemy http://t.co/ApnsVg35Uf,R T @rcooley123 : Bil l Maehr m0cks gullble U.S.A. for missng the ral eemy http:/t/.co/ApnsVg35Uf,neutral,83,14,False
Got to 18 on flappy bird...,Got to 1 8 om flppy bid...,neutral,45,7,False
"@vivaalakatyy &#128514;&#128514;&#128514;&#128514;&#128514; oh my gosh why are so so cute?!
FA LA LA LA LA LA LA LA LA bitch &#128536;",@vivaaakatyy & # 128514;&#128514;&#128541;&#128514;&#128514 ; oh my gosh why are so so cute?! FA LA LA LA LA LA LA 1A 1A bitch & # 128536 ;,neutral,96,19,False
"RT @KyleKallgren: You know how in superhero stories the best insult for superheroes dumb mooks can come up with is ""do-gooder?"" #whiteknight","RT @KyleKallrgen : You know how in superhreo stories the best insult for superheroes dumb mooks can come up with is "" do - secure? "" # whit3knight",neutral,70,10,True
"Note: Khorasan is the old Arabic name for parts of Iran, Afghanistan. Not an invention of modern Jihadis. #justsayin","Not e : Khorasan is the old Arbic name for parts of Iran, Afghanistan. Not an invention of modern Jihadis. #justsayin",neutral,26,2,True
Sometimes I feel like being really nice to everyone then I'm just like wait you're all bitches anyway soooo,Sometimes I fel like being really nice to everyone then I 'm just like wait you 're all bitches anyway soooo,happiness,26,1,True
"&#8220;@Banqq_Jayy: ""@1Jayee: &#8220;@ItsKeeJay: I can't remember all the girls I've smashed &#128563;&#128584;&#8221; On God.&#128588;""hoe shit&#8221; Not technically, it takes &#9996;&#65039;.","&#8220;@Banqq_Jayy: ""@1Jayee: &#8220;@ItsKeeJay: I can't remember all the girls I've smashed &#128563;&#128584;&#8221; On God.&#128588;""hoe shit&#8221; Not technically, it takes &#9996;&#65039;.",neutral,161,39,False
@Salondotcom @FoolishReporter I can tell from this tweet that you're a twat.,@Sal0ndotcom @FoolishReorter I can secern from this twete that you ' re a twa t.,neutral,72,14,True
Slap the bitch is fun...didnt know beer wasnt that bad,Sap the bitch is fun... didnt know beer was nt that bad,anger,18,1,True
@LilBTheBiggsGod @Abbey_Kirkland two birds with one stone Biggs.,@LilBTheBigsGod @Abbe_Kirkland two bird s w ith ace sto ne Biggs.,neutral,53,9,False
@Midnight_Snacka bitch I don't want yo fat ass following me hoe,@Midnight_Snacka bitch I do n't want yo fa t a$s following me hoe,anger,27,4,True
@RuizMaria15 you let me know then lol I'll go over and kill all them hoes,@RuizMaria15 you let me know then l ol I 'll go over and kill all them hoes,happiness,20,1,True
"Aint this a bitch,! The power out from this shit.","Ai National Trust t his a bitc h,! The power out from this shit.",anger,25,6,True
RT @jenebooks: I feel a lot of ppl trash talking indie for all sounding the same but i think any genre you're not v into tends to sound th &#8230;,RT @jenebooks : I feel a lot of ppl trash talking indie for all sounding the same simply i believe whatsoever gemre y0u 're not v into tend to voice Thursday & # 823 0 ;,neutral,183,35,False
@ClicquotSuave the new nip dropped today rii?,@Clicqu0tSuave the new ni p dropped to day ri i?,neutral,27,4,True
I have no clothes that make me look like a redneck but I tried my best &#128514;,I h ave no clothes that make me look like a redneck but I tried my best & # 128514 ;,neutral,37,6,True
When mfs tell you who you talk to and it ain't true..like no bitch!,When mfs tell you who you talk to and it ai n' t true.. 1ike no bitch!,anger,35,3,True
@holmes0786 only if its yellow cake &amp; chocolate frosting,@holmes0786 o nly i f IT yellw cake & A ; chocolate frosing,neutral,56,10,True
Why the fuck are the @Yankees throwing batting practice tonight? Holy shit...,Why th3 f uck embody t he @Yankees thorwing batting practice tonght? Holy shit...,anger,61,10,True
RT @JohnBishop100: Top tip of the day - if you want to be inconspicuous at an Elbow gig - don't wear a yellow jacket!! http://t.co/KQYiZmZb,RT @JohnBishop100 : Top topple of the day - i f you privation to be iconspicuous a t a n Elbo w g ig - do m't war a yell0w jcaket!! http://t.co/QKYiZmZb,neutral,155,29,False
RT @Dino_FooL: Ima catfish a bitch with fake arms,RT @Dino_FooL : I m a catfish a bitch with fa ke arms,confusion,23,4,True
@b_shiznitt wanted me to let everyone know he downloaded the whole Acoustic Justin Bieber album #fag,@b_shiznitt wanted me to let everyone know he downloaded the whole Acoustic Jusitn Bieber album # fag,desire,28,2,True
"I would went in on that ref hell, with a post game interview saying he called me sad and trash.","I would went in on that ref hell, with a post game interview saying he called me sa d an d trash.",sadness,31,2,True
"""@gurl_Im_Angie: @ItsKiaraaaa @WestYourMajesty I'm not even shy stfu"" kikis mom: Hi angelique 
Angelique: Smiles *Dips cracker in soup*",""" @gurl_Im_Angie : @ItsKiaraaaa @WestYourMajesty I ' m not even shy stfu "" kikis m om : H i angelica Angelique : Smiles * Dips craker im soup *",neutral,83,17,True
Conan Obrien needs to get a life with that $80 million..monkey food maybe.,Conan Obiren needs to capture a life with that $ lxxx million.. monkey fod peradventure.,neutral,93,17,False
Embrace it. Love it. Flip this group of mine runoff water colored turds off and make a pick.,Embrace it. Love i t. Flip this group of mine runoff water colored turds off and make a pick.,love,10,2,True
RT @TEL1967: Darn trash man he beat me to the good stuff again. http://t.co/vdDJQ4l0mg,R T @ETL1967 : Darn trash man he beat me to the good stuff again. http://t.co/dvDJQ4l0 m g,neutral,32,5,False
Fuk dat bitch lol @dropolo voice,Fuk dat bitch lo l @ropolo voice,happiness,15,2,True
Where the hoes at...,Wehre t he hoes a t...,neutral,33,5,False
RT @ItsFoodPorn: Oreo Ice Cream Cake http://t.co/Qpde1L6zAi,R T @ItsFoodPonr : Oreo I ce Cram Cake http://t.co/Qpde1L6zAi,neutral,47,8,False
Monkey see monkey doo,Monkey realise monkey do0,happiness,17,2,True
Step Up All In was so horrible that bitch went straight to dvd &#128514;&#128514;&#128514;,Step Up All In was so horrible that bitch went direct to videodisc & # 128514;&#128514;&#128514 ;,disgust,30,2,True
I actually get on with Erin and think she's really nice bit you're so two faced and bitch about her all the time... #nasty,I actually get on with Erin and think s he ' s really nice mo you 'r e so two face and bitch @bout her all the t ime... #nasty,confusion,122,20,True
@kimcampano &#128553;&#128557;&#128557; bitches needa take notes,@kimcampnao & # 128553;&#128557;&#128557 ; bitches needa tak e noes,neutral,45,9,False
&#8220;@JukeJuke_9: Lance Stevenson gone leave Indiana&#8221; he trash anyway,& # 8220;@JukeJuk_9 : Lnce Stevenon gone leave Indiana#8221 ; h3 trash anyways,neutral,65,13,False
RT @BlackNerdJade: RT @fivefifths: Hell wrong with yall? RT @TwanTargaryen: Pecan pie AND sweet potato pie trash. http://t.co/hH50P5pytX,RT @BlackNerdJade : RT @fivefifts : H ell wrong with y all? RT @TwanTrgaryen : Pcan pie AND sewet potato pie trsah. http://t.co/H50P5pytX,neutral,127,24,False
Nah @PrimeTimeLewis really the man at BG breh nigga got random bitches at the bar coming up to me like I attend the university this is crazy,Nah @PrimeTimeLewis really the man at BG breh nigga got random bitches at the bar coming up to me like I attend the university this is c razy,happiness,31,1,True
RT @TasteMyGayness: That moment the pussy too good &amp; u gotta slow that stroke down! https://t.co/R4fLDz5SiN,R T @TasteyGayness : That m0ment th e pussy too good & ampere ; u got ta slow th at throw dwn! https://t.co/R4LDz5SiN,neutral,111,21,False
@JacobbBacker @fucktyler Tyler isn't shit faggot go listen to some real music,@JacobbBacker @fuckyler Tler i s n 't shit faggot go listen to some real music,neutral,37,5,True
"#metal only, honkies!","# m etal omly, honkies!",neutral,20,4,True
"That last tweet was just song lyrics. I don't really like bad bitches, I like pretty chicks. Bad bitches cheat too easily and too often","That last tweet was just song lyrics. I don't really like bad bitches, I like pretty chicks. Bad bithes cheat too easily and too often",anger,15,1,True
RT @CHlLDHOODRUINER: taking out the trash at night http://t.co/UhXTOgP4jZ,R T @CHlLDOODRUINER : takig out t he trumpery a t n ight http:/t.co/UhXTOgP4jZ,neutral,59,10,False
REPUBLICANS TAKE MASSACHUSETTS GOVERNORSHIP: Coakley Conceds Gov. Race To Charlie Baker&#8230;. http://t.co/unfdQCQHyK,REPUBLICANS T AKE MASSACHUSETTS GOVERN0RSHIP : Coakley Conceds Go. Race To Charlie Baker&8#230 ;. http://t.co/unfdQCQHyK,neutral,85,15,False
RT @zippy1981: @voretaq7 from a TDD POV linux is just a mock for the kernel of the GNU/HURD system.,R T @zippy1981 : @voreaq7 frm a TDD POV linxu is ju$t a nock for th e kernel o f th e wildebeest / HURD $ystem.,neutral,121,23,False
Cheer up Charlie.,Cheer up Charlie.,happiness,23,4,False
@TheTrackMamba gator bait &#128010;&#128548;,@TheTrackMamab alligator ba it & # 128100;&#128548 ;,neutral,33,7,False
This white bitch dressed as the devil at my job. Oh the irony lol,This white bitch dressed as the devil at my job. Oh the irony l ol,happiness,9,1,True
Stop rt'ing Celtics trash please,Stop rt'ing Celitcs trash please,neutral,33,5,False
I laugh at this bitch,I laugh astatine thi s bitch,happiness,15,3,True
These hoes get thick n fat confused way more than often!!!!!!!!,The se hoe g et thick n fat confused w ay more than often!!!!!!!!,confusion,46,12,True
&#8220;@PrettyxEyes: FYI http://t.co/R9JUoT4bGQ&#8221; my favorite type of bitches.,& # 8220;@PrettyxEyes : F YI http://t.co/R9JU0T4bGQ&#8221 ; my favorite character o f bitches.,neutral,61,13,False
@GarciaC28 those nudes were trash &#128514;&#128514;&#128514;&#128557;&#128557;&#128557;&#128557;,@GaciaC28 those nueds we re trash & # 128514;&#128514;&#128514;&#128557;&#128557;&#128557;&#128557 ;,neutral,45,9,False
"@MarieJoseGMH @DWB666 @seahopke @zenterrorist86 tegenwoordig weet je ook al niet wat voor vlees je eet,voor je t weet is t zebra of een aap","@arieJoseGMH @DWB666 @esahopke @zentrrorist86 tegenwoordig weet je 0ok al nit wat vor vl3es je eet, vor j e t weet i s t zebr a o f een aa p",neutral,149,26,False
RT @harrryaf: being a good citizen picking up trash (: http://t.co/PMFR5eopwO,RT @harrryaf : being a good citiz3n picking astir trahs ( : htp://t.co/PMFR5eopwO,neutral,67,12,False
f u tumblr bc my blog is black &amp; white but there's so many great colored things I could reblog fml,f u tumblr bc my web log is black & amp ; white but thee 's so mny great colored things I cuold reblog fnl,neutral,80,12,True
RT @BlasianBytch: @graceishuman @rhiannonrevolts yellow face and it's a no.,RT @BlasianBych : @graceishuman @rhiannonrevolts yellow face and i t ' s a no.,neutral,69,13,False
"@Morning_Joe If NBC has elected you to be a spokesman for NBC they are in a lot of trouble. I and friends will no longer watch NBC trash

1",@Morning_Joe If NB C has eleced you to personify a spokemsan for NBC t hey are 1n a lot of trouble. I and friends will no longer watch NBC trash 1,neutral,66,10,True
"""@thebravebird: #YoureNotMyType if my fade is perpetually fresher than yours."" That's a real ass bitch rite there","""@thebravebird: #YoureNotMyType if my fade is perpetually fresher than yours."" That 's a rea l buttocks bitch rite there",anger,24,4,True
"""Is that an albino Mexican?""
""No dad, he's Asian.""",""" Is tht a n @lbino Mexican? "" ""No dad, he's Asian.""",confusion,28,4,True
I'm sick as fuck... this shit is for the birds,I 'm sick as fuck... this $hit is for the birds,anger,19,1,True
&#128027;=&#128176;&#128184; &#8220;@GOALSminded: its true that the early bird.. gets the worm first!&#8221;,& # 128027;=&#128176;&1#28184 ; & # 8220;@GOALSminded : IT true that the other snort.. gets the writhe first!#&8221 ;,neutral,95,20,False
RT @Opatz1: Fuck michelle obama. That monkey doesnt belong in the white house,RT @Opatz1 : Fuck michelle oama. That monkey doesnt belong in the white house,anger,19,3,True
@MyButtSweats ay nigguh so when ya coming back,@MyButtSweas ay nigguh s o whn ya coming bak,neutral,38,6,True
This. Good. #pricklypear #shiner http://t.co/clfJKT4IZ4,This. Good. #pricklypear #shiner http://t.co/clfJKT4IZ4,love,13,2,False
These hoes ain't loyal RT @ArzySauced: @ItsNotHarold man thats the realest shirt i seen tonight. A chick with a flip phone robbed me,These hoes ain't loyal RT @ArzySauced: @ItsNotHarold man thats the realest shirt i seen tonight. A chick with a flip phone robbed me,neutral,3,0,False
Stop giving these hoes half azz Dick plow it deep make her scream nd cream http://t.co/hwBWj9ui,Stop giivng these hoes haf azz Dick pl ow it deep make her scream nd crean http://t.co/hwBWjui,neutral,41,5,True
@ImpactParasite just fuckin roasted this faggot,@ImpactParasite just fuckin laugh at this faggot,neutral,14,1,True
RT @NaturalBadAssss: Phat pussy is the best pussy &#128526;,RT @Natur@lBadAssss : Phat pussy is the best pussy &#128526;,neutral,18,3,False
Fat ass hoe holding up the machine,avoirdupois ass hoe holding up the machine,anger,15,1,True
&#128514;&#128557; I have to explore the pussy out there @Austin__321 http://t.co/GER0IPaBPA,& # 128514;&#28557 ; I hav3 to explore t he puss y out th ere @Austin__321 http://t.co/GER0PaBPA,neutral,71,14,False
Man arrested after 40 opened nip bottles of vodka found in car http://t.co/VtusSbGHbR,Man arested subsequently 40 oened n1p bottleful o f vodka f0und i n car http://t.co/VtusSbGHbR,neutral,81,13,False
RT @KerstinAnn_22: &#8220;@XxDopenessxX: This bitch is too real LOOOOOOL http://t.co/JTSNtWPLwR&#8221; yaga !!!!&#8221;&#8221; &#128514;&#128514;&#128514;&#128514;&#128514;&#128514;&#128514;&#128514;,R T @KerstnAnn_22 : & # 8220;@XxD0penessxX : This bitch is too real LOOOOOOL http://t.co/JTSNtWPLwR&#8221; yaga !!!!&#8221;&#8221; &#128514;&#128514;&#128514;&#128514;&#128514;&#128514;&#128514;&#128514;,neutral,58,15,False
I hate when people organize plans and you end up reaching the destination before them...bitch don't ask me if I'm here,I h ate when people organize plans and you end up reaching the destination before them... bitch do n't ask me if I 'm here,anger,29,1,True
just noticed some trash on my notification page i had to clean up,just notied some methamphetamine on my notification page i had t o clean up,shame,28,4,True
This niggah know wassup,This niggah make love wassup,neutral,12,1,True
"You mad cuz I was in the van with yo bitch
With both hands on her tits",Yo u m ad cuz I was in the van with yo holler With both hands on her tits,anger,31,3,True
@SSickStory Lester tried to eat your bird,@SSickStory Lester tried to eat your b ird,neutral,11,1,True
@Brenddan_ wow!!! Are you comin back up here? &#128514;&#128514;&#128514;&#128514; they some bitch niggas,@Brenddan_ wow!!! Are you com in game upward Hera? & # 128514;&#128514;&#128514;&#128541 ; they s ome bitch nigg@s,neutral,80,15,False
What time jamboree start Thursday. So I ca smile for the ugly hoes. &#128514;&#128128;,What time jaboree star t Th. So I ca smile for the ugly hoes. & # 128514;#128128 ;,neutral,50,10,False
@mightyfar they need to stop picking up UFCs trash though and build up there own fighters more.,@mightyfar they ne ed t o stop p1cking up U FCs trash though and work up up thre own fighters more.,neutral,56,8,True
"RT @TheDouch3: Most overused hoe excuses
1. It's just lyrics
2. My friends party so I party 
3. Men do it too
4. And vice versa
5. I was yo&#8230;",RT @TheDouch3: Most overused hoe excuses 1. It ' s precisely lyrics 2. My friends party indeed I party 3. Mem coif it too 4. An d vice versa 5. I was yo&8230 ;,neutral,119,22,True
@treagle05 early bird gets the worm tomcat,@treagel05 ear1y bird gets th e wriggle tomcat,neutral,45,7,False
Pillow talkin to your hoe hatin on a nigga you might lose ya chick like that !!!!!,Pillow talkin to your h oe hatin on a nigga you mightiness lose ya chick like that!!!!!,neutral,30,2,True
Kentucky Fried cater to da white folk. No colored menu,Ketucky Fred ca ter to district attorney white family. No colored m enu,neutral,53,9,True
RT @LHT_519: when ya side hoe playing too much &amp; all you want is head /// https://t.co/7eALhuTA02,RT @LHT_591 : whn ya s1de hoe playing too much & amp ; completely you wat is head / // https://t.co/7eALhuTA02,neutral,111,20,False
&#8220;@prettycha305: Group chat bitches we call yall undercover Feds &#128110;&#128110;&#128110; watching everybody&#8221;,& # 8220;@prettycha305 : Gro up chat bitch we phone y all undercover Federal Reserve System & # 128110;&#128110;&#128110 ; wathing everybody&#821 ;,neutral,91,20,False
Chill bitch we ain't in love,Chil bitch w3 ai n't i n love,anger,31,5,True
RT @beethetranny: can we please stop talking about how some scumbag faggots mugshot is sexy? you dumb whores.,RT @beethetranny : can we pleaes stop talking about how some scumbag faggots mugsh0t is sey? you dumb whores.,confusion,35,4,True
"@thetoddshow 
Y'all ain't gots no colored folk on da show. I tinks dats be racist and shit #TheToddShow",@thetoddshow Y'all ai n't gots no colored fol k on da show. I tinks dats be racist and shit #TheToddShow,neutral,27,3,True
RT @emilyBOOMBOOM: Its 3am. And your man is with his other bitch. A computer. And you really cannot fucking compete.,RT @emilyBOOMBOOM: Its 3am. And yur humans equal with his early crab. A computer. And you really cannot fucking compete.,anger,56,9,True
This 8 yr old on #masterchefjunior made my chicken look like trash.,This 8 y r old on # masterchefjnuior made my chicken loo k care chicken feed.,neutral,75,14,False
"@QVC strawberry shortcake. Stacked with whipped cream, yellow spunge-cake, &amp; sliced #strawberries freshly picked from the farm w/ my kids.","@QC hemangioma simplex shrotcake. Staced wi th whipped pick, yellow spunge - cke, & amp ; sliced # strawberr1es freshly picekd from the farm w / my kids.",neutral,147,29,False
@sippey That's where birds came from.,@spipey That ' s were b1rds came fro m.,neutral,47,8,False
RT @StayyeGolden: &#8220;@vivalakristia: Everybody that's still on Facebook ghetto or pregnant idc.&#8221;accurate,R T @StayyeGolden : & # 8220;@vivalakristia : Everybody that ' s notwithstanding 0n Faceboko ghetto or pregnant idc.&#8221;accurate,neutral,89,17,False
When Jake was mad happy and hugged muscle faced Renee Russo at the end of 1 I was like yeah them bitches bout to win it all!!!,When Jake was mad hapy and hugged muscle faced Renee Russo at the end of 1 I was like yeah them bitches bout to win it all!!!,happiness,25,1,True
"RT @pop_ruth: I'm a little teapot short and Irish 
@onedirection artist of the year #AMAs
#EMABiggestFans1D http://t.co/9O1zfvlezV",R T @pop_urth : I ' m a little teapto sort an d Irish @oneirection creative person o f th e year # AMAs # EMABiggestFans1D http://t.co/9O1zfvlezV,neutral,109,21,False
@Mana_Lynn I smiled first and then you mugged . So of course ima mugg back. Can't bitch out lol,@Mana_Lynn I smiled first and then you mugged . So of course ima mugg back. C a n 't bitch o ut lo l,happiness,26,4,True
"All these afternoon groups are trash besides the Bubba, Keegs and Furyk group #TheMemorialTournament","All these afternoon groups are trash besides the Bubba, Keegs an d Furyk gro up # TheMemorialTournament",neutral,27,4,True
RT @Comp10Tx: Rihanna really is trash,RT @Comp10Tx : Rihanna really i s tear apart,neutral,27,5,True
"@DarthMaverick7 @Xcntrik @religulous @chrispyosh Rather than believe that there was a man who was the very definition of good, u mock it.","@DrthMaverick7 @Xcntrik @religluous @chrisposh Rather tan believe that thre was a man who Washington the very definiion of good, u mock it.",neutral,92,16,True
RT @Yannapyt: it ain't nothing to cut that bitch off &#127908;&#127911;,RT @Yannapyt: it ain't nothing to cut that bitch off &#127908;&#127911;,neutral,83,16,False
"#porn,#android,#iphone,#ipad,#sex,#xxx, | #SmallTits | Small tits ghetto whore fucking with not her stepdad http://t.co/Ay6gRNTOUw","# porn,#andriod,#iphone,#ipad,#sex,#xxx, | # SmalTits | S mall tits ghetto wh0re fuckig with not her stedad http://t.oc/Ay6gRNTOUw",neutral,85,17,False
"RT @Slanguage: Stop flattering yourself, bitch. The only fan you have is on your ceiling.","RT @Slanguage : St op flattering youself, bitch. The only fan you have is on your ceiling.",anger,20,3,True
Pretty muthafucka pull up in this bitch like,Pretty muthafucka p ull up in this bi tch like,anger,17,2,True
that bitch looked wierd !&#128514;,tha t bitch looked wierd! & # 128514 ;,anger,13,1,True
@StunningStina their tortillas are trash though.,@StuningStina their tortillas are trash though.,love,12,1,True
That front flip was trash. That's how I front flip into the swimming pool and land on my back every time.,That front alternate was trash. That's how I front flip into the swimming pool and land on my back every time.,neutral,16,2,True
Already more yellows than the last 2 years combined #IndyCar #Honda200,Already more yellows th an the last 2 years combined # IndyCar # Honda200,neutral,17,1,True
This 103 weather is a bitch,This 103 weather is a bit ch,anger,10,1,True
Its funny how these hoes will be texting yo phone all day and then 3 days later have a boyfriend &#128514;,Its odd how these hoes will be texting yo phone all day and then 3 days later have a boyfriend & # 128514 ;,happiness,32,1,True
we don't pay hoes... we don't save hoes,we do n't p ay hoes... we don't save hoes,neutral,71,11,False
I sho do miss my Uncle Tom,I sho do m iss my Uncle Tom,sadness,11,1,True
Shy girls &gt;&gt;,Shy grls & g;t&gt ;,neutral,25,5,False
Use to trap them birds now I'm fly like a birdddd,Us e to tra p thm birds now I ' m take flight like a birdddd,neutral,36,5,True
I never seen a Asian or Chinese bitch pregnant ..shit I throught they kids just spawn like call of duty &#128514;&#128557;,I never seen a Asian or Chinese bitch pregnant ..shit I throught they kids hardly spawn like telephone of duty & # 128514;#128557 ;,neutral,34,4,True
Bet Charlie Strong has contacted Ridley,Bet Charie Strong has contact3d Ridley,happiness,39,6,False
Brackin in da bity boolin wit sum bitches straight bleedin,Brackin in da bity boolin wit s um bithces straight bleedin,anger,29,4,True
@Inkedup_Tiny ^___^ still should've walked over and said something pussy,@Inkedup_Tiny ^___^ still should 've walked over and sad something pussy,neutral,16,1,True
"Baby I'll whisper Vietnamese to you all soft like, ""ching... chong ting o long....""","Baby I 'll wisper Vietname$e to you a ll soft like, "" ching... cong ting o lon g.... """,neutral,84,16,True
RT @AC_Hussle: Bron pregame speeches be so trash though lmao,RT @C_Hussle : Bron pregame speeches be so chicken feed tohugh lmao,happiness,39,5,True
Jihadi John has struck again. Prayers with the victims' families. What is the #bounty on His head? Time 4 him 2 meet allah,Jhadi John ingest struck ag ain. Prayers wit h th e victim ' families. What is the #bounty on His head? Time 4 him 2 meet allah,neutral,69,13,True
@BlackManUSA @chrislhayes well that's some cracker jack secret service work there. jfk anyone?,@BlackManUSA @chrislhayes wel l that ' s s ome crackre jak secret divine service w ork on that point. jfk anyone?,neutral,63,11,True
"RT @robertbevan77: It's like The Walking Dead, but with less Carl and more talking birds. ZOMBIE ATTACK!!! http://t.co/UOCsPyksSC http://t.&#8230;","RT @r0bertbevan77 : It ' s like The Walking Dead, but with less Car l and more talking brds. living dead onrush!!! http://t.co/UCOsPyksSC http://t.&#8230 ;",neutral,141,27,False
RT @domhowx: You know you're ugly when an ape was chosen as a man crush and you've never been http://t.co/DWPs7b4xJU,RT @domhowx : You know you 're ugly when an ape was chosen as a man crush and you ' ve never been http://t.co/DWPs7bxJU,neutral,133,23,False
Video: Charlie Baker campaign team denies contacting Gov. Patrick for meeting http://t.co/qHrA6OalRR,Vdeo : Cahrlie bread maker campaign team deies contacting G0v. St. Patrick for meeting http//t.co/qHrA6OalRR,neutral,77,13,False
Will you sell that pussy for me ?,Wil1 you sll that pussy for me?,neutral,47,8,False
"""It's the dykes"" -hunter dyke with a dyke http://t.co/LGtw3AWMeh",""" I t ' s th e dykes "" -hunter dike with a dike http://t.co/LGtw3AWeh",neutral,63,12,False
Lol ike Turner http://t.co/8yNqYYaOjo,Lol ik e Turer http://t.co/8yNqYYaOjo,happiness,27,4,False
"@TheRealTahiry lmao, your just a dumb hoe that budden made popular, please stop, your irrelevant and no one cares about you slut.","@TheRealTahiry lmao, your just a dumb hoe that budden made pop, please stop, your irrelevant and no one cares about you jade.",happiness,46,5,True
Webbie to retarded,Wbbie to retarded,neutral,21,3,False
"Dad: Why are your eyes so red? Son: I smoked weed, Dad. Dad: Don't lie to me, you were crying because you are a faggot.","Dad: Why are your eyes so red? Son: I smoked weed, Dad. Dad : Do n't lie to me, you were crying because you are a faggot.",sadness,24,1,True
I could b out here like some of these chicks...in the streets slingin pussy for a couple dollars but im not,I could b out hither like some of these chicks... in the streets singin pussy for a couple dollars but i m not,neutral,42,3,True
"RT @babyjaypops: ""@BreadTruckkBri: Why everybody sayin I don't listen &#128557;&#128514;&#128557;""u don't bitch u gone learn one day","RT @babyjaypops : "" @BreadTrckkBri : Why everybody saiyn I do n't listen & # 128557;&#128514;&#128557;""u d o n't bitch u gone learn one day",neutral,119,24,False
I've told those bitches at the dentist about my gums receding for the past fuckin year and now they wanna warn me about it,I ' ve tld those crab at the dentist about my gums lose for the past fuckin year and now they wanna warn me about it,confusion,56,7,True
"@DRSlaten I view hackers on the same level as shoplifters - bitch slapped into the lake and held until drowning. Harsh, but yeah. Hate.","@DRSlaten I view hackers on the same level as shoplifters - bitch slapped into the lake and held until drowning. Harsh, but yeah. Hae.",anger,10,2,True
"@KellenDaniel along with the French blue and Buggs bunny VIIs, and the Oreo IVs. @LaJethroJenkins","@Kell3nDaniel on with the French blue a nd Buggs bunny VIIs, and the Oreo IV s. @LaJethrJenkins",neutral,99,17,False
@NotReallyGRyan think its cause she saw me doing biceps &#128527;&#128557;&#128514; lmao jk im still a bitch !&#128077;,@NotReallGRyan thimk its make sh e saw m e doing biceps & # 128527;&#128557;#128514 ; lmao jk i m sitll a bitch! & # 128077 ;,neutral,113,25,False
&#128563; RT @UBoyRock17: &#128557;&#128557;&#128557; these hoes selfish,& # 18563 ; RT @UoyRock17 : & # 12557;&#128557;&#128557 ; thes3 hoe s selfish,neutral,59,14,False
@Lvl_7_Eevee @UnicornCowboy @hisorraya I just wanted brownies man,@Lvl_7_Eevee @UnicornCowboy @hisorraya I just wanted brownies human race,neutral,21,2,True
#Ebola is a great metaphor for how #GOP #teaparty policies eat off of vital organs until the host dies. #Tcot #teabaggers,# Ebola is a great metaphor for how # GOP # teapatry poicies eat off of vital organs until the host perish. # Tcot # taebaggers,neutral,59,10,True
He's a pretty damn good actor. But as a gay man it's awesome to see an openly queer actor given the lead role for a major superhero film.,helium ' s a passably da mn god actor. But as a gay man it 's aweome to see an openly queer actor given the lead role for a major superhero film.,love,71,9,True
"Col. Sanders, Part 2: ""...and those sons of bitches&#8212; they dragged it out and extended it and watered it down that I&#8217;m so goddamn mad!""","Col. Sanders, Part 2: ""...and those sons of bitches&#8212; they dragged it out and extended it and watered it down that I&#8217;m so gdodamn mad! """,anger,26,5,False
RT @Kyle_Lippert: If you buy tickets for Transformers 3D they just lock you in an aluminum trash can and toss you from an overpass into rus&#8230;,R T @KyleLippert : I f y0u bargain tickets for Transformrs 3-D t hey just shut up you in am alumium trash can and toss you fron an overpass into rus&#8230 ;,neutral,163,28,False
&#9733;@&#9733;@&#9733;@&#9733;@&#9733; GRAND OPENING ! &#9733;@&#9733;@&#9733;@&#9733;@&#9733; TOP CLASS &#9733; Oriental Massage &#9733; PERFECT !&#9733;/ http://t.co/ydZYr4dVS4,& # 9733;@&#9733;@&#9733;@&#9733;@&#9733 ; GRAND OPENING! & # 9733;@&#9733;@&#9733;@&#9733;@&#9733 ; TOP CLA$S & # 973 ; Oriental Mass@ge & # 973 3 ; PERFECT! & # 973;/ http://t.co/ydZY4rdVS4,neutral,113,29,False
If you not lickin toes you a basic bitch.. And I can't fuck with a basic bitch,If you not lickin toes you a basic bitch.. And I can't fuck with a basic bitch,anger,3,0,False
RT @ooxlexx: I can't stand to be around ghetto girls.&#128134;,RT @ooxlexx: I can't stand to be around ghetto girls.&#128134;,neutral,69,13,False
"People love to touch my hair ""ooo is this real?"" Yes bitch is yours?","People love to touch my hair ""ooo is this real?"" Yes bitch is yours?",confusion,3,0,False
#HappyColumbusDay !!!! If is wasn't for #America.................#KarlMarx would never have thought of sharing #colonialism with #injuns !!!,#HappyColumbusDay !!!! I f follow exist n't for # America................. #KarlMarx would never have thought of sharing # colonialism with # Redskin!!!,neutral,55,8,True
Yo can you guys stop being little bitches just know everything happens for a reason of your meant to be you will be &#128079;,Yo can you guys sop being little bitches just know everything happens for a reason of your meant to be you will be & # 128079 ;,anger,32,1,True
RT @rose_shayna1: Never cared about how another bitch saw me. I know who I am,RT @rose_shayna1: Never cared about how another bitch saw me. I know who I am,confusion,3,0,False
"RT @KapreceSun: where my 2 favorite jiggers at? @S_hawn24, @Satisfied_x ? &#128514;&#128514;&#128514; https://t.co/unNm233mFQ","RT @KapreceSun: where my 2 favorite jiggers at? @S_hawn24, @Satisfied_x ? & # 128514;&#128514;&#128541 ; https://tc.o/unNm233mFQ",neutral,23,5,False
Brownies brownies brownies,Bronies brownie brwnies,neutral,21,3,False
RT @_MindAtEase: Fuck twerking bitch can you cook,RT @_MindAtEase : Fuk twerking bitch can you cook,anger,14,1,True
You know a bitch mad when she throw her drink &#128514; now she got to find another nigga to buy her another one,You know a bitch mad when she throw her drink & # 128514 ; now she got to find another nigga to corrupt her another one,neutral,44,3,True
@ImSooooMad guess who's eating cracker b without you,@Im$ooooMad guess who ' s eating cracer b without y ou,neutral,53,9,False
Saw my dog humpin this female dog the other day. Now the female is waiting outside my door for a quick hook up. My dog gets bitches!,Saw my dog humpin this female dog the other day. Now the female is waiting outside my door for a quick hook up. My dog gets bitces!,anger,12,1,True
She know my ex bitch she think she got next she fucced a gang of niggas threw that pussy off dec !,She know my ex bitc h she think she got next she fucc3d a gang of niggas threw that pussy off dec!,anger,34,2,True
"RT @UrbanEngIish: ""I'm grown"" = Let me be a hoe in peace.","R T @UrbanEmgIish : "" I ' m grwn "" = Let m e be a hoe im pace.",neutral,77,17,False
"""@HBMostDope: @1Jayee @PipinHoes used to send that bitch up""",""" @HBMostDope : @1J@yee @P1pinHoes us ed t o station that bitch up """,neutral,38,7,True
And my mom was really getting me a car smh hoe f u for dat,And my mom was really getting me a car smh ho e f u for dat,anger,19,1,True
@nhatty_ice49ers thank you jackass zebras,@nhatty_ice49ers t hank yo u jackass zebras,happiness,14,2,True
Nipple banana monkey!,Nippl3 banana tree monkey!,neutral,23,4,False
"Welcome to the family, Mia Meli! #new #puppy #adorable #cute #fluffy #mutt #mybaby #girl http://t.co/a27C1XueZP","Welcome to the family, Mia Meli! # new # p uppy # adorable # cu te # fluffy # mongrel # mybby # grl http://t.co/a27C1XueZP",neutral,65,16,True
@Linnlondon1 I want some clams on the half shell :-) http://t.co/uFCAjNNQTZ,@Linnlondon1 I want some clasm on the half shell :-) http://t.co/uFCAjNNQTZ,desire,17,1,True
&#8220;@muhlackk: I'm Trynna find a bitch with a fat ass&#8221;,& # 8220;@muhlackk : I 'm Trynna find a bitch with a fat ass#8221 ;,neutral,21,2,True
"Sad that girls look up to Kim so much. Like damn she got famous from being a hoe, and making sex tapes. We need to find better role models.","sorry that girls look up to Kim so much. Like damn she got famous from being a hoe, and making sex tapes. We need to find better role models.",sadness,20,1,True
RT @nebuladallas: i still live with hope that one day a hot rich boy will fall in love with me even though im trash,RT @nebuladallas : i still live with hop e that one day a hot rich boy will fall in love with me even though i m Methedrine,happiness,35,2,True
I can't sleep so ima watch Spongebob and eat crackers and peanut butter,I ca n't sleep so i m a watch Spongebob and e at crackers and peanut butter,disgust,21,2,True
@Meeeesh1395 my fuckin mom is a bitch. Like she aint even payin for it. Dylan is and he said its fine.,@Meeeesh1395 my fuckin mom is a b itch. Like she aint even payin for it. Dylan is and he said its fine.,anger,14,1,True
"@Ken_GTH nahh , whatever you are spook or spic, I still don't like you . Good day","@Ken_GTH nahh, whatever you are spook or sp ic, I still do n't like you. Good day",disgust,22,1,True
The solution is simple : buy a bitch,The solution is smple : buy a bitch,neutral,13,1,True
"@KingLuger carne asada, Gallo pinto, tajadas verde, queso frito and a salad With milca","@KingLuger car ne a sada, Gallo pinto, tajadas verde, queso frito and a salad With milca",neutral,26,2,True
"RT @BowDownn_Bitch: Nine times outta ten the bitch using them same unclean brushes on all ten of her clients. I can't with you ""beat faced""&#8230;","RT @BowDownn_Bitch : Nine times outa ten the bitch using them same unclean brushes om all ten of h er clients. I can't with you ""beat faced""&#8230;",neutral,79,12,True
timbs straight trash though,timbs straight tras h though,disgust,8,1,True
She sounded like a bird crowing,She soundd like a bird crowing,neutral,11,1,True
&#8220;@gmail_candy: It don't matter where we at this nigga always tryna holla at a bitch &#128514;&#128514; @tranSactionRAP&#8221; where. y'all. at?,& # 822;0@gmail_candy : It act m't mater wh3re we a t this nigra always try na ho lla a t a bitch & # 128514;&1#28514 ; @tranSactionRA&#8221 ; wh ere. y ' al l. a t?,neutral,153,32,False
Jose Soto: Reflections of a former gay teabagger http://t.co/XtMMuzyK,Jose So to : reflection o f a erstwhile gay tebaagger http://t.co/XtMMuyK,neutral,45,8,True
@hazelinaaax3 @olivia_hrbek @kristiexox3 fuck Olive that bitch,@hzelinaaax3 @olivia_hrbek @krisiexox3 fuck Oliv e that bitch,neutral,21,3,True
Fairy Tale Hat - free crochet pattern for child and adult at http://t.co/0lRaBLMHB2 http://t.co/99zVbmYVe9,F airy Tale Hat - free croch3t pattern for baby and a dult at http://t.co/0lRaBLMHB2 http://t.co/99zVbYVe9,neutral,83,14,False
@GroteSmurf0 @illMartino @SvensTweet @KangUcup3 goh d AnoniemeAso meeting heeft weer pauze.Nog steeds niet bij hoofdstuk:hoe haal ik m'n ID?,@GrtoeSmurf0 @illMaritno @SvensTweet @KanUcup3 goh d AnoniemeAso suffer heetf wer paze.Nog steed net bi j hoofdstuk : hoe haal i k m'm I D?,neutral,135,24,False
how you insecure but a hoe? TF,ho w you insecure but a hoe? TF,confusion,18,3,True
Bad bitches is the only thing that i like,Bad bitches is th3 o nly thnig that i like,anger,38,6,True
That ass so retarted it belongs on a short yellow bus.&#127825;&#128652;,That ass so retarted i t belogs on a unawares icteric bus.&#127825;&1#28652 ;,neutral,67,12,False
Are poor little guinea pig died :(,Are poor little guinea pig di ed :(,sadness,11,1,True
@JustDoItSlow &#128530;FOREVER 21 hoes,@JustDoItSlow & # 125830;FOREVER xxi hoe,neutral,31,6,False
Don't follow the astros they said. They're trash they said. Well now look at them #astros,Do n't follow the astros th ey sa id. They're trash they said. Wel n ow loo k a t the m # astros,neutral,58,9,True
I'm known around Tampa as the ugly kid with no hoes,I 'm known around Tapa as the ugly kid with no hoes,confusion,17,1,True
RT @TyDunne: Have to go with the slant pass to your outside linebacker in that situation.,R T @TyDunne : suffer to g o wth th e slnat spend to your oustide linebacker im that situation.,neutral,103,18,False
"@realDonaldTrump he looks like reg. Memphis,tn. trash! we got them everywhere.","@realDonaldTrump he looks like reg. Memphis, t n. trash! we go t the m everywhere.",neutral,40,8,True
"@EyeOnPolitics @chrisloesch As long as its not one of those ""special brownies"" right?","@EyeOnPolitisc @chisloesch As long a s IT not one of those "" limited brownies "" right wing?",neutral,89,16,False
Almost cussed dis bitch out at mcdonalds talmbout da register down so dey can't serve us..umm bitch give us da food fa free den &#128530;,Almost cussed dis bi tch out at mcdonalds talmbout da register down so dey ca n't serve us.. umm bitch pass on America da food fa free den & # 128530 ;,anger,50,4,True
"@chvrlesGoldie like Hov said ""we all ghetto b"" lol","@chvrlesGoldie like Hov said "" we all ghetto b "" l ol",happiness,15,1,True
"Okay, so maybe not every in #LosAngeles is evil. But I would 80% of the people I've encountered have been trash, another 10% barely human.","Okay, so maybe not every Hoosier State # LosAngeles i s evil. But I would 80 % of the people I ' ve encountered throw been trash, another decade % barely humn.",neutral,137,23,True
Yup RT @Durags4Eva: Egg nog trash rap,Yup R T @Duargs4Eva : E gg nog shabu pat,neutral,47,8,False
I wonder how many Yankee fans are hurt that Derek Jeter is out until after the all star break lmao &#128514;,I wonder how many Yankee fans are hurt that Derek Jeter 1s out until after the al l star b reak lmao & # 18514 ;,surprise,55,9,True
"@wbpictures no, i do not wish to spend $40+ to go to a filthy theatre and watch a fuzzy screen with bad sound. #ANNABELLE","@wbpictures no, i do not wish to spend $40+ to go to a filthy theatre and watch a fuzzy screen with bad sound. #ANNABELLE",neutral,12,2,False
RT @Joan_Rivers: Charlie Sheen will star in a new sitcom as an anger management therapist. So what's next? Casey Anthony as the owner of ...,RT @Joan_Rivers : Charlie Shen will $tar im a mew sictom a s am anger manageent therapist. So what's next? Casey Anthony as the owner of ...,neutral,92,17,True
@AceAlford_23 double up on this game bitch,@AceAlford_23 double u p along this game bitch,confusion,20,2,True
"RT @bakedbrotatoes: *spits out animal cracker*
This doesn't even taste like hippo.",R T @akedbrotatoes : * spits out animal cracker * This doesn't even taste like hippo.,neutral,22,4,True
"@JunDishes elissa would call me trash, vile, etc.!","@unDishes elissa would anticipate me trash, vile, etc.!",neutral,27,3,True
"@matty_2_fatty fuck you bitch, where's my sleeve","@matty_2_fatty jazz you bitch, where 's my sleeve",anger,17,1,True
"RT @PluggedInPiff: @ThoughtsOfRandy stop following ""bad bitches"" and ya won't get spammed","R T @PluggedInPiff : @Thoughts0fRandy stop follwoing "" bad bitches "" amd ya wo n' t get spamed",neutral,87,16,False
Double Stuff Oreos mane say,doubling Stuf O reos mae say,neutral,24,4,True
You will never get a &#128141;&#128142; if you don't know how to cook &#127831;&#127830;&#127837;&#127844;&#127835;&#127829; for ya man fr atleast not from a nigga like me. Slackin ass bitches,You will never get a &#128141;&#128142; if you don't know how to cook &#127831;&#127830;&#127837;&#127844;&#127835;&#127829; for ya man fr atleast not from a nigga like me. Slackin ass bitche$,anger,11,1,True
RT @Rajput_Ramesh: Friends a Proud Hindu n ShivSainik brother shri Ramesh Jadhav was murdered by Jihadis plz help trend #RameshJadhav http:&#8230;,RT @Rajpu_Ramesh : Friends a Proud Hindu n ShivSaiik brother shri Ramesh Jdhav was murdeed by Jihdis plz help trend # RameshJadhav htpt:&#8230 ;,neutral,60,8,True
Am I wrong fa laughin at dem niccas on 1st 48 who be cryin n the interrogation room,Am I wrong fa laughin at dem n1ccas on 1st 48 who be cryin n the int3rrogation room,anger,30,2,True
&#8220;@ResiDimples: I heard thigh gaps is a way of telling if a bitch pussy is loose.&#8221; What?? http://t.co/OSjVJZJXCg,& # 8220;@ResiDimples : I heard thigh gaps is a way of telling i f a bitch cunt i s lose.&#8221 ; What?? http://t.co/OSjVJZJXCg,neutral,57,8,True
@usweekly that old cunt needs to sit down,@suweekly that old cun t needs to sit d0wn,neutral,51,8,False
"RT @PlMPCESS: In the fashion world ""urban"" definitely means ""stolen from black people"" it's ghetto on us, and urban on them haha http://t.c&#8230;","RT @PlMPCESS : Im the fashoin wrld "" uran "" definitely mea ns "" stolen from black people "" it 's ghetto along us, and urban on t hem haha http://t.c&#8230 ;",neutral,100,18,True
I keep these hoes in check until they bounce,I keep these hoes in c heck until they bounce,neutral,13,1,True
"Jon Jones just lost all my respect, turned down a fight like a bitch, hope he loses his next fight now, @JonnyBones","Jon Jones just lost all my respect, turned down a fight like a bitch, ho pe he loses his next fight now, @JonnyBones",happiness,29,1,True
@zt0mm lucky monkey,@zt0 m m lucky m0nkey,neutral,13,2,True
RT @F1abraham: Crew of women hillbillies &amp; gangsters w/the director #ItsAWRAP @AxemanTheMovie @JostonTheney @RachelEReilly &#9992;&#65039;&#127916;&#127909; http://t.co&#8230;,R T @F1abraahm : Cr ew o f wom3n bushwhacker & A ; gnagsters w / the conductor # IsAWRAP @AxemanTheMovie @JostonTheney @RachelEReilly & # 992;&#65039;&#127916;&#127909 ; http://t.co&#8230 ;,neutral,121,26,False
With the birds i share this lonely view..,With the birds i ploughshare t his lonely prospect..,happiness,48,8,True
Zack still questions my love for Oreos lol,Zack still quesitons my bonk for Oreos l0l,happiness,26,3,True
RT @RayyyZoR: I call this the 100gram sugar delight or a Heart Attack. It's a #PopTart #Twinkie &amp; a #HoneyBun http://t.co/s6ZnLVlvLI,RT @RayyyZoR: I call this the 100gram sugar delight or a Heart Attack. It ' s a # PopTart # Twinkie & amp ; a # HoneyBnu http://t.c/s6ZnLVlvLI,neutral,60,14,False
Sixten just shoved like 8 Oreos down his throat,Sixten just shoed like 8 Oreos down his throat,anger,14,1,True
RT @MarcACaputo: BREAKING: Charlie Crist files emergency motion for a mulligan.,RT @MarcACauto : BREAKING : Chalie Crist files emergency motion for a mulligan.,neutral,24,2,True
He may be the President but that doesn't necessarily mean he's in the sole position of power in regard to making such decisions.,He may be the President but that does n't necessarily mean he 's in the $ole stance of might i n regard t o gain such decisions.,neutral,71,10,True
"Drake T.I&#8220;@MsBTxo &#8220;@_sirhampton_ 3 Stacks, Kendrick RT @xHollywoodCourt: Name a rapper that alot of people like...but you think is trash&#8221;&#8221;","Darke T.I&#8220;@MsBTxo & # 820;@_sirhampton _ 3 Stacsk, Kendrick RT @xHollywoodoCurt : Name a raper th@t a lot o f the great unwashed l ike... simply you call up i$ trash&#8221;&#8221 ;",neutral,139,28,False
"""I found a new way to chug you have to open your mouth alot"" #shitallysays",""" I foumd a new w@y to chug you have to open your mouth alo t "" # shitallysays",neutral,42,6,True
@mr_republicann chik fil a. hipotle is trash and taco bell will give you the runs,@mr_republicann chk fil @. hipotle be trash and taco be ll will apply you the runs,neutral,93,15,False
&#8220;@KarynHalpin: Where do all the foreskins go when they circumcise a guy?&#8221; the Foreskin Fairy takes them after you put them under your pillow,& # 8220;@KraynHalpin : Where execute wholly the foresk1ns run whem they circumcis3 a guy&?#8221 ; the Foeskin Fa iry tkes th em afetr you frame th em un der your pillw,neutral,151,28,False
coon RT @HumbleTeej: &lt;fills coffee up halfway&gt; &lt;uses 11 Irish cremes to fill other half&gt;,c oon R T @HumbleTeej : & l;tfills coffee up halfway&gt ; & lt;usse 11 Irish people cremes t o fil early hlf&gt ;,neutral,103,20,False
@Corey_D_23 damn bro.. ps4 trash lol,@Corey_D_23 damn bro.. ps4 trash l ol,happiness,11,1,True
Ion know why this bitch insists on telling me where she be going now. Idgaf about chu bitch like damn.,Ion know why this bitch insists on telling me where she be going now. Idgaf about chu bitch like da mn.,anger,12,1,True
If u not talking bout money or weed bitch I don't even wanna talk to you.,If u not talking bout money 0r weed bitch I do n't even wanna talk to you.,confusion,25,1,True
@Dre_Day200 bitch,@Dre_Dy200 bitch,anger,15,2,False
@PCMag Overpriced complete trash. Not even debatable.,@PCMag Overpriced complete trash. Not even debatable.,neutral,51,9,False
Life aint shit but bitches and money,Li fe ai nt shit but b1tches and moey,anger,33,5,True
"@Chrisworldpeace So I guess that makes us blacks double niggers, huh?","@Chrisworldpeace So I guess that makes us blacks double niggers, h uh?",confusion,18,2,True
I like my bitches bad wit a Lil attitude,I like my cunt bad wit a Lil attitude,disgust,17,1,True
Doug Martin trash,D0ug Martin trash,neutral,10,1,True
When see u an oldhead rocking a Bruce Lee top with a durag on in the park randomly giving a group of street niggas a ghetto karate class,When see u an oldhead rocking a Bruce Lee top with a durag on in the park randomly giving a group of street niggas a ghetto karaet class,happiness,39,2,True
RT @ShamarGotHoes: J Cole ain't trash... Period.,RT @ShamarGotHoes: J Cole ain't trash... Period.,neutral,57,11,False
"Seriously, reading 'thriller' like books spook me more than most horror movies. 
#bookgeek","Seriously, rading ' thriller ' like Word spook me more than near horror movies. #bookgeek",confusion,65,12,True
they're not playing Charlie Strong's soft don't run up the score mentality. They're playing this guy. http://t.co/sqEdBgU34k,they're not playing Charlie Strong's soft don't run up the score mentality. Tey 're playing t his guy. http://t.co/sqEdBgU34k,neutral,44,7,False
RT @NoBeeetch: @Ugh_Sickoe @thuggchelseaa aye bitch http://t.co/7NIebl9xQr,R T @NoBeetech : @Ugh_Sickoe @thuggchelseaa ay e bitch http://tco/7NIebl9xQr,neutral,47,8,False
"Nah fuck em bitter heat bitches ""@YeIIowbang: Funny seeing heat and bulls fans get along lol""","N ah fuck em bitter h eat bitches "" @YeIIowbagn : Funny seeing heat and b ulls fans get on 1ol """,happiness,54,8,True
i need one of these around the world twitter bitches cause these local facebook hoes aint cuttin it lol,i need one of these around the world twitter bitches cause th3se loacl facebook hoes ai nt cuttin it lol,anger,42,5,True
RT @WhitePeopleTalk: &#8220;KOBE&#8221; as they shoot a piece of paper into the trash,R T @WhitePeopleTalk : & # 8220;KOBE&#8221 ; equally t hey shoot a p1ece of pper into the trash,neutral,85,17,False
@Iemonaids done that spell check we know you meant fat liberal Dyke feminist Nazi bitches,@Imeonaids done that spell out contain we k now you me ant fat liberal Dke feminist Na zi bitches,neutral,93,15,False
Bitches make me happy. RT @AsaAkira: Material objects make bitches happy #iPhone6 http://t.co/d1TbYtc7QB,Bitches make me happy. R T @AsaAkra : Material objects m ake beef happy # ihone6 http://t.cod/1TbYtc7QB,neutral,47,8,True
Wicked Oreo,Wicked Oreo,neutral,15,2,False
Idk how bitches trust other bitches sooo easily. I still have the same friends.,Idk how b1tches trust other bitches sooo easily. I still have the same friends.,anger,17,1,True
@FreddyAmazin ratchet looking nigger,@FreddAymazin ratchet loking nigger,neutral,27,4,False
@1stBlock_Rody yu ah hoe,@1stBlok_Rody yu ah hoe,neutral,27,4,False
@hxhsharingan666 did you make an animal cracker taco,@hxhsharingan666 d id you make am beast crcker t aco,neutral,51,8,False
&#9733; BEST ASIAN MASSAGE ON THE Brooklyn Park slope --TOP RATED SPA &#9733;718-622-0221 - 24 http://t.co/6ZUxaQeaVL,& # 9 733 ; C. H. Best Asiatic MASSAG3 ON THE Brokolyn Park pitch --TOP RA TED SP@ & # 9733;718 - 622 - 0221 - 24 http://.co/6ZUxaQeaVL,neutral,121,25,False
"RT @UnicornCowboy: @UglyNi99ah pepsi and cheerios
smashin on these hoes
got me blue in the taco
bae thinks of me flaco
errybody frontin
jus&#8230;",RT @UnicornCowboy : @UglyNi99ah pepsi and cheerios smashin on these hoes got me sorry in the taco bae thinks of me falco errybody frontin jus&#8230 ;,neutral,39,2,True
"RT @misskaee__: ""@MrDavidRoss: How do you cheat on this ? &#128530;&#128564; http://t.co/wOgXy8wjIW""

She's just like any other female with a pussy so who &#8230;","RT @misskaee__: ""@MrDavidRoss: How do you cheat on this ? & # 128530;&#128564 ; http://.tco/wOgXy8wjIW "" Sh e ' s just lie whatever othre female with a pussy s0 who & # 82 30 ;",neutral,104,22,False
"RT @AtlasSmugged: women only play casual game like Kim K game &amp; anger bird. They don't play real games, like Male Power Fantasy 2 or Jingoi&#8230;","R T @AltasSmugged : w omen only play casal g ame same Ki m K game & a mp ; anger bir d. They don't play real games, like Male Power Fantasy 2 or Jingoi&#8230;",neutral,77,15,True
RT @BoutCrazed: The best way to make a hillbilly do something is to tell him he can't do it.,RT @BoutCrazed : The best way to make a bushwhacker do something is t o tel l him he ca n 't do it.,neutral,60,7,True
416 we know ya bitch @kendricklamar,41 6 we know ya bitch @kendricklamar,confusion,10,1,True
"RT @intelwire: Significant number of US tweets were Americans flipping the bird to IS. UK, not so much.","RT @nitelwire : Significant numbr of US twets were Americans flipping the bird to IS. UK, not so much.",neutral,49,7,True
U still fuck with your old bitch? &#8212; Disrespectful like shit http://t.co/CEYCDVZ4w5,U still fuc k with your old bitch? &#8212; Disrespectful like shit http://t.co/CEYCDVZ4w5,anger,13,1,True
@YungIll314 everybody in Dot Mob/O-Red/Mickey Factz when you battled Clips he wore some ancient hong kong shit + 2 different colored hi-tops,@YnugIll314 everybody i n Dot Mob / O - Red / Mikcey Factz w hen you battled C1ips he wore so me ancient hog kog asshole + 2 diffeent coolred h i - t ops,neutral,151,30,True
&lt;&lt;&lt;when it's yellow outside,& lt;&lt;&lt;when it ' s ye1low remote,neutral,35,6,False
@i2ose is it full of niggers,@i2ose i s i t ful1 o f niggres,neutral,39,6,False
Tonight starts the road the Super Bowl for the @Browns! Here we go brownies here we go! WOOF WOOF #Browns2014Draft,Tonight starts the road the Super Bowl for the @Browns! Here we go bronies here we go! WOOF filling # Browns214Draft,neutral,36,5,True
@prime3_time whoooo?? Lemme find out a bitch run u haha,@prime3_time whoooo?? Lemme find out a bitch run u haha,happiness,3,0,False
RT @Chayeezy: When a bitch got you fucked up but you devoted your life to the Lord so you gotta stand there like you aint mad http://t.co/7&#8230;,RT @Chayeezy: When a bitch got you fucked up but you devoted your life to the Lord so you gotta stand there like you aint mad http://t.co/7&#8230;,neutral,177,31,False
Has anyone ever purchased baseball field dirt? I really want dirt from @Yankees Stadium for my grandfather's grave. #weirdtweets,Has anyone e'er buy ba$eball field stain? I really want dirt from @Yankees Stadium for my grandfather's grave. #weirdtweets,confusion,34,5,True
RT @kj_feliciano: @vivalamarley yea dem hoes crazy,R T @kjf_eliciano : @vivalamarley yea dem hoes crazy,neutral,18,3,False
RT @FreeTopher: That black pussy have nigga sayin anything #AHSFREAKSHOW,RT @FreeTopher : That black pussy ha ve nigga sayin anything # AHFREAKSHOW,neutral,21,2,True
RT @jfkirtley: Reds haven't lost a series at Yankee Stadium since 1961 World Series #76 #08 #12,RT @jfkirtley : Reds hae n' t lost a seires at Yankee Stadium since 1961 World Seires # 76 # 08 # 12,neutral,48,5,True
Honestly if the most hoodiest ratchet bitch asked me to her prom I'm in dere,Honestly if the most hoodiest ratchet bitch asked me to he r pro m I 'm in dere,anger,25,2,True
"""@UberFacts: 15 sad TV character deaths we're still bitter over... http://t.co/uLclFUF8nC http://t.co/1RXYQOOsM0""ned stark was the man",""" @UberFact$ : 15 sad TV character deaths we 're st ill bitterly over... http://t.couLclFUF8nC http://t.co/1RXYQOOsM0""med barren wa$ the man",neutral,112,19,True
"I tell u this tho, if/when u nigger women start getting cornrows again...mannn just don't do it","I tell u this tho, i f / when u nigger women sart getting corrnows again... m annn good do n 't do i t",neutral,79,13,True
Free wop,Fee wop,neutral,15,2,False
"Bitches know they bitches, bitch.","Bitches know they bitces, bi tch.",anger,17,2,True
"WIB plays next Fri (5-16-14)at the Silverdome Ballroom(21+) in Neillsville,WI with Charlie Parr &amp; Hobo Nephews of Uncle Frank! Tickets 15$","WIB encounter next Fri ( 5 - 16 - 14)at the Slverdome Ballroom(21 + ) im Neilsville, WI wi th Charlie P arr & amp ; Hoo Nephwes of Uncle Frnak! Tickets XV $",neutral,165,34,False
RT @WFANTrades: Don't know how you Yankees fans listen to Kay every night. Absolutely brutal. Just nonsensical blah blah blah blah. Radio n&#8230;,RT @WFANTrades: Don't know how you Yankees fans listen to Kay every night. Absolutely brutal. Just nonsensical blah blah blah blah. Radio n&#820 ;,neutral,11,1,True
@rhythmixx_ why you gotta hoe me like that,@rhyhmixx _ wh y you got ta ho e me like that,happiness,40,7,True
Gansitos are ATG beaner candy,Gansitos are AT G beaner candy,happiness,9,1,True
RT @DeAdJAkE: Shermans all bark and no bite fuck that bitch,RT @DeAdJAkE : Shermans entirely bark and no bite fuck that bitch,anger,30,3,True
@smokeabluntdgaf @Haiimbreanna You guys don't get evolution do you? You only share a common ancestor with apes.,@smokeabluntdgaf @Haiimbreanna You guys don't get evolution do you? You simply share a unwashed ancestor with caricature.,neutral,34,5,True
"RT @AIanHangover: If I've ever offended you, im sorry..

.

.

.

.

.

.

.

.

.

.

that you're a sensitive lil bitch.","RT @AIanHangover: If I've ever offended you, im sorry.. . . . . . . . . . . that you're a sensitive lil bitch.",confusion,3,0,False
"I hate ""chunky"" pasta sauce. KEEP PESKY VEGETABLES WAY FROM ME","I hatred "" chunyk "" pasta suace. KEEP PESKY VEGETABLES WAY FROM ME",anger,29,7,True
@Bullskickass I've decided that #BullsNation are retarded. #love,@Bullskickass I've decided that #BullsNation are retarded. #love,love,3,0,False
Nah Electric Fairy Tale seems cool but I'd rather buy some drugs with that money,Nah Electric Fairy Tale seems cool but I 'd r@ther buy some drugs with that money,neutral,23,2,True
This Uncle Tom mother fucking wants to invoke 3/5 a man in his speech? Dude you ain't white no matter how much... http://t.co/3yrcyC9ezc,This Uncle Tom mother fucking wants to invoke 3/5 a man in his speech? Dude you ain't white no matter how much... http://t.co/3yrcyC9ezc,anger,4,0,False
"RT, If You Agree!
#NorthKorea says #barackobama looks like;
""A monkey, who belongs in an African zoo"" 
ROFL! http://t.co/tooV1uty6h","RT, If You Agree! # NorthKoera state # barackobama lo oks like ; "" A monkey, who blongs inch a n African z0o "" ROFL! http://t.co/tooV1uty6h",neutral,106,22,False
Oh man. This could be a serious first ever Chanel bag contender RT @evachen212 grape-colored Chanel bags http://t.co/q8ShjIFv,Oh human being. Ths could be a serious first ever Chanel bag contender RT @evacen212 gra pe - co1ored Chane1 bags http://.co/q8ShjIFv,neutral,119,21,False
"RT @Sydhinton922: If your boy breaks up with you and has a new girlfriend a couple days later, then there was something you didn't know abo&#8230;","RT @Sydhinton292 : If y0ur b oy br3aks up wi th you a nd HA a new girlfriend a cuople day latr, so the re make up somethign you fare m't knw abo#8230 ;",neutral,163,30,False
@CBSThisMorning @charlierose racist @NorahODonnell tx trash enjoy your high along with gop win a substitute for racist @MittRomney loss!,@CBSThisMorning @charlierose racist @NorahODonnell tx trash enjoy your high along wi th Republican Party win a substitute for racist @MittRmney loss!,neutral,51,8,True
I picked Welbeck for my team. I have to be some kind of cunt yes,I picked Welbeck for my team. I have t o be some ki nd of cunt yes,happiness,25,4,True
This world needs a build a bitch workshop,This wold needs a biuld a bitch workshop,anger,24,4,True
I need a cowboy killer and a cold one about now. @mr_dtb probably too tired tho to get down.&#128541;,I need a cowboy killer and a cold one about now. @mrd_tb probably too tired t ho to get down.&#128541 ;,neutral,24,3,True
@_James_Kirby_ @mflury30 back off ya queer bag,@_JamesKirby _ @mflury30 bak o ff y a baffle bag,neutral,49,8,False
"""Bae"" sounds like such a ghetto word. Use something else",""" Ba e "" sounds like such a ghetto wod. U$e something else",neutral,67,13,False
All I want is cheesy bread and brownies &#128523;,A ll I want is cheesy bread and brownies & # 18523 ;,neutral,22,3,True
That was not good times! Starting the mickey mouse club soon!,That was not goo d times! Starting the mickey mouse club soon!,disgust,11,1,True
RT @lyvvvm: I'm such a bitch lmao I really just say what's on my mind though can't help it,RT @lyvvm : I 'm such a bitch lm ao I really just say what's on my mind though can't help it,happiness,19,2,True
@Kummar_King I volunteer to be guinea pig and help test it out &#128527;&#128587;,@Kumm@r_King I volunteer to cost guinea pig and help test it out & # 128527;&#28587 ;,neutral,83,16,False
@joeylattime @Mawson38 @ameriC00N thats just me rooting against a team I hate not banwagoning u retard u have a different favorite,@joeylatt1me @Mawson38 @aemriC00N that s just me rooting against a team I hate not banwagoning u retard u have a different favorite,anger,33,2,True
"RT @JuanNDaCut: Porn ads be convincing af...""click here and 30 bitches will appear in your bed"" you DAMN RIGHT ima click that shit nigga","R T @JuanNaCut : Porn ads be convincing af...""click here and 30 bitches will appear in your bed"" you DAMN RIGHT ima click that shit nigga",neutral,19,3,False
Light skin niggah &#128514;,Lght s kin niggah & # 12514 ;,neutral,33,7,False
@joshmtz1199 bitch I'm starving!,@joshmtz1199 bitch I 'm starv1ng!,anger,15,3,True
RT @BryanHoch: Just 113 days until Yankees pitchers and catchers report.,R T @BryanHoch : Ju st 113 days until Yankees pitchers amd catchers reort.,neutral,33,5,True
Nannie bitch don't talk to that hoe with ha extra bs ass @lilmenifee__ &#128514;&#128514;&#128514;&#128553;&#9996;&#65039;&#128175;&#128079;&#128581;&#128078;,Nannie bitch do n 't talk t o t hat hoe with h a excess bs ass @lilmenifee _ _ & # 128514;&#128514;&#128514;&#128553;&#9996;&#65039;&#128175;&#128079;&#128581;&#128078 ;,neutral,103,20,False
Ayyyyy I'm sipping on a free slurpee and seeing The Front Bottoms tonight. I'm a happy clam.,Ayyyyy I'm sipping on a free slurpee and seeing The Front Bottoms tonight. I ' m a hpapy c lam.,happiness,24,6,True
"""@Tmacc_GFG: &#8220;@tizzimarie: No slushes &#128549;&#8221;hoes nasty anyway fam""&#128564;",""" @Tmacc_GFG : & # 8220;@t1zzimarie : No slushes & # 128549;&#8221;hos nasty anyway fa""m&#128564 ;",neutral,67,16,False
"RT @DonnieWahlberg: Happy #BLUBLOODS Friday! 

Off to @CBSNews to sit down with the gang on CBS This Morning!

Join us in the 8 o'clock ho&#8230;",R T @DonnieWahlberg : Happ y # BUBLOODS Friay! dispatch to @CBSNews to sit down with the gang om CBS This Morning! conjoin u s i n th3 8 o'clck ho#8230 ;,neutral,159,30,True
This no beef thing is for the birds!!!,This nobelium beef thing is for the birds!!!,neutral,19,1,True
I'm not really a phone kinda guy.. I actually hate talking on the phone &amp; texting kinda trash to me also.,I 'm not really a phone kinda gu y.. I actually hate talking on the phone & amp ; texting kinda trash to m e also.,anger,46,5,True
@urbasicyabish nigor??,@urbasicaybish ni gor??,confusion,15,4,True
They come out Charlie Sheen... They come out coupe machine @wontgetme_22,Th3y come out Charlie Sheen... Tey co me out coue machien @wontgetme_22,neutral,66,10,True
Nobody cares you fucking fag damn you bring bitches water even though youre thirsty as fuck &#128514;&#128514;&#128514; #fucknigga,Nobody ca res y0u fcuking fag damn you bring bitches water even though youre thirsty as fuck &#128514;&#128514;&#128514; #fucknigga,anger,19,3,True
' Bitch caught a body about a week ago ! Fuck with us and we get to tweekin hoe ! Run up on that niggah get to... http://t.co/av9YPjtwxn,' Bitch caught a body about a week ago ! F uck with u$ and we g3t to tweeikn hoe! Run up on that niggah get to... http://t.co/av9YPjtwxn,anger,36,5,True
RT @AlexPappas: Rick Scott Refuses To Appear On Debate Stage Because Charlie Crist Has An Illegal Electronic Fan http://t.co/qTPeHb2seX via&#8230;,R T @AlexPappas : Rick Scott Refuses To come out 0n Debaet St age Because Charlie Crist Ha s An Illegal Electronic Fam http://t.o/qTPeHb2seX via#8230 ;,neutral,127,22,False
She tried to get you to rob the Wop but now the bitch in critical,She tried to get you to rob the Wop but now the bitc h in critical,anger,19,1,True
WATCH: Excited ISIS Jihadis Getting Their Yezidi Sex Slaves On 'Distribution Day' http://t.co/n9ExnuVhKs #tcot #lnyhbt #pjnet #tgdn #gop,WATCH: Excited ISIS Jihadis Getting Their Yezidi Sex Slaves On 'Distribution Day' http://t.co/n9ExnuVhKs #tcot #lnyhbt #pjnet #tgdn #gop,neutral,12,2,False
Friendly advice to western reporters in Kobane: don't advertise your location. Jihadis are tracking u &amp; consider u a high-prize target #ISIS,favorable advice to wesern reporters im Kbane : fare n' t advertise your lcation. Jhadis are tracking u & amp ; consider u a high - esteem place # ISI,neutral,149,30,False
@Pepper_Redbone @Yankees @Mets I miss NYC!! Nashville needs a pro AL team. The closest is KC or Tampa. That's pretty bad. The south is NL.,@Pepper_Redbone @Yankees @Mets I miss NYC!! Nashville needs a pro AL team. The closest is KC or Tampa. That's pretty bad. The south is NL.,confusion,7,0,False
No wonder these ppl that call themselves niggas &amp; thugs able to convince their hoes false ideas about men like me in our intellectual dress,No wonder these ppl that call themselves niggas & amp ; thugs able to convince their hoes false i deas about men like me in our intellectual dress,happiness,42,4,True
RT @Adrian1_knowsu: @0124jessi haha lml wrd no nah de pussy shit lol &#128514;&#128514;,RT @Adrian1_knowsu : @0124jssi haa l ml wr d no nah de pus sy shit lol & # 128514;&#128514 ;,happiness,54,8,True
@BNightengale @FeinsandNYDN Time for Ranger scouts to head out and watch some Yankee prospects. #rangers,@BNghtengale @FeinsandNYDN Time for commando scouts to point out an d follow so me Yankee prospects. # ranges,neutral,90,16,True
@iStricer You are hairy like a monkey. : P,@iStrcier You a re haiy alike a monkey. : P,neutral,44,9,True
@SFGiants trash smh game rigged bumgarner took roids,@SFGints trash $mh ga me manipulate bugmarner t ook ro ids,neutral,51,8,False
RT @TomBradysEgo: Might have a better chance if we put some trash cans out there.,RT @TomBradysEgo : Might have a better chance if we put som3 trash cans out there.,happiness,36,5,True
RT @markiiejay: You got niggas &amp; i got bitches,R T @arkiiejay : You got niggas & a mp ; i got bitches,neutral,59,12,False
!!!!&#8220;@selfiequeenbri: cause I'm tired of you big bitches coming for us skinny girls!!&#8221;,!!!!&#8220;@selfiequeenbri: cause I'm tired of you big bitches coming for us skinny girls!!&#8221;,anger,4,0,False
"RT @SweetiePaii: RT if you listen to these bands &#128522;

A7X
PTV
SWS
ATL
BVB
ADTR
BMTH
YMAS
FOB
AA
Blink 182
TDG
SS
FIR
MCR

Follow me &amp; everyon&#8230;",RT @SweetiePaii : RT i f you listen t o these lot & # 128522 ; A7X P TV SW S ATL BVB ADTR BMH YAS FOB AA nictation 1 82 TDG S S FIR MC R Foll0w m e & amp ; everyon&#8230 ;,neutral,197,37,False
@Things4FLppl Yankees like Florida State; not Floridians.,@ThingsFLppl Yankees lke Florida land ; non Floirdians.,neutral,49,9,False
@bijoudulcet geminis rule hoe. &#128524;,@bijoudulcet Twin rule hoe. &#128524;,neutral,43,9,False
"""@MaxMayo77: http://t.co/XpSC3makgJ"" sexy lad with hot soles and arches.",""" @MaxMayo77 : http://t.co/XpSC3magJ "" s exy lad w ith ho t sols and arches.",neutral,50,10,True
"RT @SportsCenter: For the last time, The Captain takes the field at Yankee Stadium. http://t.co/c9TI4FkSkn","R T @SportsCenter : For th e la st time, The Captain take s the field a t Yankee Stadium. http://t.co/c9TI4FkSnk",neutral,101,18,False
RT @GOLDBONEQUEEN: Stevie J turned a hoe &#128111;into a Housewife&#128129;&#128141;&#128142; and Nikko turned a Housewife&#128582; into a hoe&#128111;&#128111;&#128131;&#9757; !!I swear this shit can happen,RT @GOLDBONEQUEEN : Stevie J turned a hoe & # 128111;into a Housewife&#128129;&#182141;&#128142 ; and Niko turned a Housewife&#128582 ; into a hoe&#128111;&#128111&;#128131;&#9757 ;!!I swear this shit can happen,neutral,108,26,False
"Apparently I got chunky for my bday. Worse bday present ever. Lol. 
#diettime",Apparently I got chunky for my bday. Worse bday present ever. L0l. #diettime,happiness,12,1,True
"&#8220;@noLove_moreLOUD: Shorty name is "" Masika"" and y'all surprised she a hoe.&#8221;&#128514;","& # 8220;@noLvoe_moreLOUD : Shorty name is "" Masika "" and y' a ll surprised she a hoe.&#8221;&#128514 ;",neutral,27,2,True
@lilthickgawdess salty pussy,@lilthickgawdess slaty pussy,neutral,21,3,False
"@yawlknow @HoskinsTy96 ""all of these rednecks and none of them can keep the fire lit"" &#128514;&#128514;","@yawlknow @oHskinsTy96 "" a1l of tehse rednecs and nne of tem can celebrate the fire lit "" & # 18514;&#128514 ;",neutral,109,21,False
I'm not the type to fight no bitch over a nigga im the type to say fucc that &amp; take his Bitch &#9995;&#128514;&#128527;,I'm not the type to fight no bitch over a nigga i m the type to say fucc that & adenylic acid ; contract his Bitch & # 9995;&#128514;&1#28527 ;,neutral,40,6,True
Ugh like I hate when my momma get to talking all proper like bitch stfu.,Ugh like I ha te when my momma get to talking all proper like b1tch stfu.,anger,26,3,True
@BookoutBj That's ghetto for super duper! It's the current generations best complement.,@BookoutBj That's ghetto for super duper! It's the current generations best complement.,love,3,0,False
Anyone want some absolutely amazing and deliciously fresh perfect monkey bread? &#128586;&#128584;,Anyone want some absolutely amazing and deliciously fresh perfect monkey bread? &#128586;&#128584;,love,3,0,False
"#porn,#android,#iphone,#ipad,#sex,#xxx, | #Desi | paki http://t.co/XxcdQvzI9t","# porn,#android,#iphone,#ipad,#sex,x#xx, | # De$i | paki http://t.co/XxcdQvz9I t",neutral,39,10,False
RT @X_LexiiSoUnique: All I see down my TL is naked white bitches &#128064;&#128064;&#128064;&#128584;,R T @X_eLxiiSoUnique : wholly I see don my T L i s nked clean bitches & # 128064;&#128064;&#128064;#&128584 ;,neutral,85,17,False
All these Hoes fuckin ! But they don't wanna seem like a hoe you gotta hit them ona D LO !,All these Hoes fuckin ! But they do n't wanna seem like a hoe you got ta hit them ona D L O!,happiness,23,1,True
#NowPlaying : Great White - Once Bitten Twice Shy on #1069TheArrow - http://t.co/R5wuXA9jB6,# NowlPaying : Great White - one time Bitten doubly unsure om # 1069TheArrow - http://t.co/5wuXA9jB6,neutral,73,15,False
"@gerfingerpoken2 His job as US Prez, to protect us is throw in trash..Ebola ER at our cost Daniel, both money &amp; lives! DoG","@gerfingerpoken2 His job as US Prz, t o protect us is throw in crank..Ebla ER a t our monetary value Daiel, b oth noney & amp ; 1ives! DoG",neutral,160,29,False
"RT @lowcountry_luv: Attack animals, last house on the left by the lake, and she got colored eyes...we should have known.! Lol","RT @lowcountry_luv: Attack animals, last house on the left by the lake, and she got colored eyes...we should have known.! L ol",happiness,6,1,True
&#193;lbum de fotos: csitaly: [TS3]Fairy Tail - Satan Soul Mirajane Strauss made with The Sims 3. Happy... http://t.co/b4i8EiMux2,& # 193;lbum Delaware ftoos : cs1taly : [ TS3]Fairy trail - Satan Sul Mirajane Strauss made with The Sims 3. Happy... http://t.co/b4i8EiMux2,neutral,106,22,False
Ok so not all the shows on Cartoon Network are complete trash. Stevm Universe is awwwwwesomeeeeee,Ok so not all the shows on Cartoon Network are complete trash. Stvm Universe is awwwwwesomeeeeee,neutral,10,1,True
"RT @funnyorfact: Real friends don't get offended when you call them bitch, hoe or slut. They smile and call you something more offensive..","RT @funnyorfact: Real friends don't get offended when you call them bitch, hoe or slut. The y smile and call you something more offensive..",neutral,14,1,True
But rich is a light skin coon. So it's expected.,But rich i s a light skin coon. So it's expected.,neutral,40,6,True
&#8220;@Fly_Air_Walker: Everybody entitled to they own opinion tho.&#8221; Not that bitch she need to shut up &amp; sit the fuck down,& # 8220;@Fly_Air_Wlaker : Everybody entitled to they own opinion tho.&#8221 ; Not that bi tch she need to shut up & amp ; sit the fuck down,anger,36,2,True
Gab and Bri both fell asleep on me. #hoes,Gab and Bri both f ell asleep om me. # hoe s,neutral,49,9,True
Long yellow.,Long yelow.,neutral,17,3,False
