original_text,adversarial_text,original_label,requests_number,num_perturbed,attack_sucessful
RT @kitcoskjones: im soooo over having a bitch it aint EVEN funny lbs....,R T @kitcoskjones : i m soooo over having a bitch it ai nt EVEN funny lb....,__label__1,48,8,True
I say we all do a big fat line of meth after the finale...come on you pussies :P #GoodbyeBreakingBad,I say we all suffice a big fatten up line o f me th after the finale... come along you pussies :P # GoodbyeBrekingBad,__label__1,55,8,True
Watching #Steelers colts getting blinded by the Steelers uniys look like bunch of bumblebees,Watching # Steelers colts getting blinded by the Steelers uniys lok the like bun ch of bumblebees,__label__1,29,3,True
Can Charlie Crist pull one over on Rick Scott? Well he did pull one over on #floridaprimary dems tonite. #TPOT #Election2014,Can Charlie Crist pull one concluded on Ri ck George C. Scott? Well he did pull one over on #floridaprimary dems tonite. #TPOT #Election2014,__label__2,37,6,True
"""@angelenagoley: 10 sex positions http://t.co/nt3PABMWsm http://t.co/JmHZ8Sczf0""naw this what u call fucking the soul outta bitch &#128557;",""" @angelenagoley : 10 $ex positions http://t.co/nt3PABMWsm http://t.co/JmHZ8Sczf0""naw this what u call fucking the soul outta bitch & # 128557 ;",__label__1,28,1,True
@KiaraSmallzz lmaoo &#128514;&#128149;I think I want this bitch YA me tiene cansada but thanks &#128536;wait hold up ... Who u fighting &#128563;,@KiaraSmallzz lmaoo &#128514;&#128149;I think I want this bitch YA me tiene cansada but thanks &#128536;wait hold up ... W ho u fighting & # 182563 ;,__label__2,22,6,True
RT @AP_Noticias: #&#218;LTIMAHORA El republicano Charlie Baker elegido gobernador de Massachusetts. #Election2014 #APracecall http://t.co/qkbWQ&#8230;,RT @AP_Noticias: #&#218;LTIMAHORA El republicano Charlie Baker elegido gobernador de Massachusetts. #Election2014 #APracecall http://t.co/qkbWQ&#8230;,__label__1,105,22,False
"RT @LauraBehnke: #Yankees fans having flashbacks! RT @WCCORosen: @LauraBehnke You remember THIS Phil Hughes! It's already 4 to 0, still no &#8230;","RT @LauraBehnke: #Yankees fans having flashbacks! RT @WCCORosen: @LauraBehnke You remember THIS Phil Hughes! It 's already 4 t o 0, still atomic number 102 & # 8230 ;",__label__1,37,7,True
Damn Charlie Wilson is still around?,Damm Charlie Wilsno i$ sill @round?,__label__2,38,7,True
"Always wanted to fuck that bitch, thank you god I fucked that bitch","Always wanted to fuck that bith, thank you god I fucked that bitch",__label__2,16,1,True
"RT @MindOnSuccess_: My mother be on some trash man &#128514; I ask her EVERYDAY, you need/ want some money? She say ""Naw I'm good!"" But come payday&#8230;","R T @MindOmSuccess _ : My mother be on some trash man & # 128514 ; I ask her EVERYDAY, you need/ want some money? She say "" N aw I ' m good! "" But come payday&#8230;",__label__1,88,14,True
"I didn't know my nig G-Eazy had reached a million views on one of his songs, haha that's crazy","I did n't know my nig G - Eazy had reached a million views on one o f his songs, hah a that 's wild",__label__2,38,3,True
@CBSThisMorning @charlierose @NorahODonnell tx trash your show was a disgrace this AM engaging w @MittRomney disrespecting the President,@CBSThisMorning @charlierose @NorahODonnell tx tras h your show was a disgrcae this AM engaging w @MittRomney disrespecting the President,__label__1,28,3,True
I openly admit to being the level of white trash that will drive across town to the gas station with free hot dogs &amp; half price drinks.,I openly admit to being the level of white tras h that will drive across town to the gas station with free hot dogs & amp ; half price drinks.,__label__1,34,1,True
RT @wittybigtwittys: I use the word cunt very loosely,RT @wittybigtwittys : I use t he word cunt v ery generally,__label__1,24,3,True
@sportsdude53 haha not you. Just getting shit from everyone else when my second favorite team is the redlegs.....,@sportsdude53 haha not you. Just getting shit fro m everyone else wh3n m y seocnd pet team is th3 redlegs.....,__label__2,50,7,True
You're like a lucky leprechaun with a charmed day on your hand... More for Gemini http://t.co/2nx6NlOxOe,You're like a lucky leprechaun with a charmed day on your hand... More for Gmeini http://.co/2nx6NlOxOe,__label__1,15,2,True
but shawty you not a bitch you the one I get money wid,but shawty yo u not a bitc h you the one I get money wid,__label__2,22,2,True
RT @BurgerKing: Chicken Fries. @Oreo Shake. Perfection. http://t.co/PdiGLRbhJZ,RT @BurgeKing : Chicken Fries. @Oreo Sahke. ne plus ultra. http://t.coPdiGLRbhJZ,__label__1,43,7,True
Not a word on Jihadi stream about the Kurdish female suicide bomber in Kobane. That story undermines their mythology on several levels.,Not a word on Jihadi stream about the Kurdish female suicide bomber in Kobane. That s tory subvert their mythology along several levels.,__label__1,24,3,True
"RT @Allan_Son: I got gatorades, Twinkies, rice puddings, Pringles, and cookies &#128525;&#128555;","RT @Allan_Son : I got gatorades, Twinikes, rice puddings, Prngles, a nd cookies & # 128525;&#128555 ;",__label__1,48,8,True
Some hoes that tweet just make me mad lol,Some hes that twinge just make me mad lol,__label__1,29,4,True
Keep those away frm Charlie Day RT @JhonenV: Just once in my life I'd like for someone's favorite part of my body to be my disgusting knees.,Keep those away frm Charlie Day RT @JhonenV : Just once in my life I 'd like for someone 's favorite part of my body to be my disgusting knees.,__label__2,35,1,True
@ElyssaJankowski @ComedyTextings haha she a stupid hoe,@ElyssaJankowski @ComedyTextings haha she a stpid hoe,__label__1,12,1,True
Fuck dat bitch,Fuck d@t bitc h,__label__1,21,3,False
"One of my favorite songs. ""There's a man on the shoreline with a white parakeet trying to make his bird go home."" http://t.co/bQ3CBIPk6s","One of my faorite songs. ""There's a man on the shoreline with a white parakeet trying to make his bird go home."" http://t.co/bQ3CBIPk6s",__label__2,13,1,True
S/O to my Luu's. These are down bitches! Don't fuck with them.,S/O to my Luu's. These are down bitches! Don't fuck with them.,__label__2,4,0,False
This niggga said I be branding bitches &#128569;&#128514;&#128514;&#128514;&#128514;&#128527;,This niggga said I be branding squawk & # 128569;&#128514;&#128514;&#128514;&#128514;&#128527 ;,__label__1,20,2,True
got my bitch in her whip coming to pick me up,got m y bitc h in her whip coming to pic k ne u p,__label__2,40,6,True
RT @K1mb0Slyc3: Me too! &#8220;@WhatsAshirt: Defiantly going to see that new planet of the apes tonight&#8221;,RT @K1mb0Slyc3 : Me too! & # 8220;@WhatsAshirt : Defiantly going to see that mew planet of the apes tonight&#8221 ;,__label__2,40,4,True
After tonight&amp;&amp; many more nights to come!! I will show you what a cold hearted bitch can do!!! #donefeedup #solo,After tonight&amp;&amp; many more nights to come!! I w ill show yo u wh at a cld heatred bithc john do!!! #donefeedup #solo,__label__2,55,12,True
Aint no hoe in blood,Ai n t mo hoe in blood,__label__1,15,2,True
Hahahaa so people can't parent differently...? Twitter is fuckin trash ahahahha http://t.co/b6koSBMzBz,Hahahaa so people can't parent differently...? Twitter is fuckin tras h ahahahha http://t.co/b6koSBMzBz,__label__1,11,1,True
anybody want any sugar maple saplings? I have about 50 popping up in Heidi's hillbilly beach. me and emm's planted two Friday.,anybody want any sugar maple saplings? I have about 50 poppig up in Heid i 's hillbilyl becah. me and emm's planted two Friday.,__label__1,38,5,True
RT @hilaryde92: Always a fat bitch in the handicap spot but never a dude in a wheelchair.,RT @hilaryde92 : Always a fat bitch in the handicap spot but never a dude in a weelchair.,__label__2,30,3,True
"I named my penis ""The Truth"" because bitches can't handle it.","I named my penis "" The Trtuh "" because bitches ca n't handle it.",__label__2,27,3,True
RT @JesusMVela: &#8220;@Enriquuee_: @JesusMVela @wigga32 fucking pussy that's why&#8221; exactly. Let me @ the nigga @RyanMattheww7 were talking about &#8230;,RT @JesusMVela: &#8220;@Enriquuee_: @JesusMVela @wigga32 fucking pussy that's why&#8221; exactly. Let me @ the nigga @RyanMattheww7 w ere talking about & # 8230 ;,__label__2,28,3,True
"@Blackman38Tide Ha bitch, I'm pickin' up beach babes left n right on the West Coast http://t.co/lDXNpohLyD","@Blackman38Tide Ha bitch, I 'm pickin ' up beach babes left n rght o n the West Coast http://t.co/lDXNpohLyD",__label__2,29,2,True
@gezus__ you gunna let that bitch do you like that?,@gezus__ you gunna rent tht bitch do you like that?,__label__2,24,2,True
"""@kazooook: We actin like it's the 7th day @WesGodLaFlare http://t.co/s9gMtEvpaT""
&#128123;spook",""" @kazooook : We actin similar it 's the 7th day @WesGodLaFlare http://t.co/s9gMtEvpaT "" & # 128123;spook",__label__2,85,17,False
&#8220;@coltscommunity @Pacers @nflcolts @indystar #CHUCKSTRONG #GoldSwagger http://t.co/6q5wm3VU&#8221; thats awesome &#127936;+&#127944;=&#128077;&#128076;&#9757; #hoosiers,& # 8220;@coltscommunity @Pacers @nflcolts @indystar # CHUCKSTRONG # GoldSwagger http://t.co/6q5wm3VU&#8221 ; that s awesoe & # 127936;+&#127944;=&#128077;&#128076;&#9757 ; # hoosiers,__label__2,26,1,True
RT @kamaalrkhan: Sir @ArvindKejriwal career tho apka waise bhi khatam ho chukka. You have become new Amar Singh so try for publicity #Kejr&#8230;,RT @kamaalrkhan: Sir @ArvindKejriwal career tho apka waise bhi khatam ho chukka. You have become new Amar Singh so t ry for pblicity # Kejr&#8230 ;,__label__1,25,3,True
@josh_sclafani You're also a better little bitch,@josh_sclafani You 'r e also a better ltitle bitch,__label__1,17,2,True
iggy wanna be black so bad. ur a white widow hoe,iggy wanna be black so bad. ur a ashen widow h oe,__label__1,16,3,True
"RT @goodmanwood: Rise+Rhyme #snowpatricksday @busboysandpoets: ON in the AM! Wear your green, dance a jig &amp; sing a lively tune w/ me!
http:&#8230;","RT @goodmanwood: Rise+Rhyme #snowpatricksday @busboysandpoets: ON in the AM! Wear your green, dance a ji g & amp ; sing a lviely tune w/ me! http:&#8230;",__label__2,29,3,True
I'm with 3 bitches &amp; 2 of em mix,I ' m with 3 bitches & amp ; 2 of em mix,__label__2,16,1,True
"He died for a reason RT @ShyThugg: ""@viaNAWF: I didn't follow you back cuz you fat, bitch. Foh large hoe."" Jesus ain't pleased fam","He died for a reason RT @ShyThugg: ""@viaNAWF: I didn't follow you back cuz you fat, bitch. Foh large hoe."" Jesu$ ai n' t pleased fa m",__label__2,35,5,False
Parsons trash,parson trsah,__label__1,15,2,True
"Tell them hoes ""I'm all friended out""","Tell them hoes "" I 'm all fr1ended tabu """,__label__1,22,2,True
"RT @Factsionary: Pink ""albino"" dolphins are extremely rare but do exist in the wild. http://t.co/gWyLpgC9lP","RT @Factsionary : Pink "" albino "" dolphins are extremely rre but do exist in the wild. http://t.co/gWyLpgC9lP",__label__2,24,1,True
@BitchMedia what's up my bitches?! Shout out from your momz in Cali! Keep doin what u do. #loveit,@BitchMedia what's up my bitches?! Shout out from your momz in Cali! Keep doin what u do. # loveti,__label__1,11,1,True
"But bitch you gon shave or wax that pussy before I bless it, Foh.","But bich you g on shave or wax that pussy before I bless it, Foh.",__label__2,26,2,True
"Do birds have dongs? How do they mate? Help me, I'm an adult who doesn't know how animal sex works!!!","Do brids hav e dongs? How practice th ey pair? Help me, I'm an adult who doesn't know how animal sex works!!!",__label__1,49,9,True
#Yankees Pineda needed that 6'7. Great play!,# Yankees Pineda needed that 6'7. corking pay!,__label__1,27,4,True
"RT @IllusiveHaven: shhhh&#8230;
wrap yourself around me
let me kiss the bruises on your heart
lick your unhealed wounds
and taste the raw wild ho&#8230;",RT @IllusiveHaven : shhhh&#8230 ; wrap yourself around Maine let me kiss the bruises on yo ur heart lick your unhealed wounds and taste the raw wild ho&#8230 ;,__label__2,42,3,True
"Don't dance, Iggy. It's trash just like your music.","Don't dance, Iggy. It 's tra sh just like your nusic.",__label__1,21,2,True
smh RT @uglyhxes Tyga shoulda knew Blacc Chyna was a hoe when his son crip walked out her pussy.,$mh RT @uglyhxes Tyga shoulad knew Blacc Chyna was a hoe when his son crip walked o ut her pussy.,__label__1,34,3,True
@Oskzilla @yaseenxkahn sleep niggah! Lol,@Oskilla @yasenexkahn sleep niggah! Lol,__label__1,24,3,True
RT @Venus_Lynn: &#8220;@dylxnl: look ghetto but it work http://t.co/chrvW9dPca&#8221;&#128557;&#128557;&#128557;&#128557;&#128557;&#128557;&#128557;&#128557;&#128557;&#128557;,RT @Venus_Lynn : & # 8220;@dylxnl : look ghetto but it work on http://t.co/chrvW9dPca&#8221;&#128557;&#128557;&#128557;&#128557;&#128557;&#128557;&#128557;&#128557;&#128557;&#128557 ;,__label__1,22,1,True
"RT @MetalHammer: Are you in London this evening? 
Well ex-Iron Maiden member, Tony Moor, will be busking outside Balham train station from &#8230;","RT @MetalH@mmer : @re you in Lodon this evening? Well ex-Iron Maiden member, Tony Moor, will be busking outside Balham train station from &#8230;",__label__2,34,5,True
Serious question: what do white boys pull up on bitches bumpin?,Serious quesiton : what do white boys pull up on bitches bumpin?,__label__2,40,6,True
@Drfreezeburnn That's not bias. It's an objective fact that Philly fans are cunts.,@Drfreezburnn That ' s mot bi as. It ' s a n objective fac t that Philly fans a re cunts.,__label__1,69,11,True
"""I used to dress up like a cop too.""
""Oh really?""
""Yeah...right after 9/11...mad pussy.""
""Really?""
""Yes...I'll NEVER FORGET.""",""" I used t o dress up lik e a cop too. "" ""Oh really?"" ""Yeah...right after 9/11...mad pussy."" "" Re@lly? "" ""Yes...I'll NEVER FORGET.""",__label__1,39,7,True
@tweetstar10 Saw that there's a 15&#176; slope to the wire? That enough for a zip-line? #businessopportunity,@tweetstar10 Saw that there 's a 15&#176 ; slope to the wire? Th at enoguh for a zip - li ne? # businessopportuity,__label__1,65,11,True
RT @JuanNDaCut: When twitter rappers dm me their trash links http://t.co/yck16ZiNZZ,RT @JuanNDaCut: When twitter knocker dm me their tash links http://t.co/yck16ZiNZZ,__label__1,23,2,True
@jesstoth we could get matching burner phones and be ghetto fab for a few months,@jesstoth we could get matching burner phones and b3 ghetto fab for a few months,__label__1,22,1,True
All these faggot fell asleep on me,All these faggot settle deceased on me,__label__1,45,7,False
@yfly23 mock draft?,@fly23 m ock d raft?,__label__1,18,3,True
That was trash. I'm just gonna put my phone down. Goodnight,Tha t wa s folderol. I'm just gonna put my phone down. Goodnight,__label__1,27,4,True
Pull up on a nicca #Bored,Pull up on a ncica # B ored,__label__2,16,2,True
"RT @ZekeJMiller: RT @MarcACaputo: ""I've met few people in politics that I disrespect more than Charlie Crist,"" --Rudy Giuliani","RT @ZekeJMiller : RT @MarcACaputo : "" I 've met few people in politcs that I disrespect more than Charlie Crist, "" --Rudy Giuliani",__label__2,30,1,True
Let's run a train on this bitch,Let 's run a discipline on th is bitch,__label__1,17,2,True
@wboundurant92 like I said drose needs to stop being a pussy lol,@wboundurant92 like I said drose needs t o stop being a pussy lol,__label__1,16,1,True
"""I'll slit your throat-neck"" http://t.co/ChFFSDeDdd",""" I 'll sli t your throat - neck "" http://t.co/ChFFSDeDdd",__label__1,14,1,True
RT @mitrebox: At this point every voter in Florida has voted both for and against Charlie Crist.,RT @mitrebox : At this point eevry voter in Florida has voted both for and against Charlie Crits.,__label__2,67,11,True
"""For every bad bitch there is a nigga tired of fucking her""",""" F0r eve ry bad bitch the re is a nigga tired of fucking her """,__label__1,28,3,True
RT @s_devante: That moment were u friend zone a bitch at 3am for calling u# do u now way time it is please gtf out my face#rich homie quan &#8230;,RT @s_devante : That moment were u friemd zone a bitch at 3 am for calling u # d o u now way time it i s please gtf out my face#rich homie quan & # 8230 ;,__label__2,62,7,True
RT @hildismom: MT @jjauthor: US ghettos-driven by liberal ideology; http://t.co/6ONYrmggND #RedMeat,R T @hildismom : MT @jjauthor : US ghettos - driven by liberal ideology ; http://t.co/6ONYrmggND # RedMeat,__label__1,26,2,True
@greekkid31 @TaraSetmayer @TheWillDunne yes true reagan was the first..ike wouldnt. While president and he was supreme allied commander.,@greekkid31 @TaraSetmayer @TheWillDunne yes true reagan was the first..ike wouldnt. While president an d h3 was supreme allied commaner.,__label__2,41,7,True
"@Claudialena8 she wasn't saying she did, but yes me and Kannon have both been in the ghetto and know what it's like so u look dumb.","@Claudialena8 she was n't saying she did, but yes me and Kannon have both been in the ghetto and know what it ' s like so u look dumb.",__label__1,35,2,True
RT @gab_mccarthy: @rosestokoe @JuliaMarie892 @_suline @violetethompson @CAmatuzzo but then there's the yellow writing on the black jerse ...,RT @gab_mccarthy : @rosestokoe @JuliaMarie892 @_sulne @violetethompson @CAmatuzzo but then there's the yellow writing on the black jerse ...,__label__1,15,2,True
"@Zonozi @QuantRyse @Hockeypuck55 Classic drunk Carter texts never fail. Hey stfu I'm coming over. Oops, I'm here come the fuck outside bitch","@Zonozi @QuantRyse @oHckeypuck55 Classic d runk C@rter texts never fai l. Hey stfu I'm coming over. Oops, I'm here come the fuck outside bitch",__label__1,38,5,True
A pharaohs nd his angry bird http://t.co/jMC2eR32Ka,A pharaohs nd his an gry bird http://t.co/jMC2eR32Ka,__label__1,11,1,True
@_icantmiss Boys still got birds in the cage? Lol,@_icantmiss Boys still got bi rds in the cage? 1ol,__label__1,21,2,True
Old lady went to pay and reached all the way over my plate. Hate eating on bar countertops. Stupid white bitch.,Old lady went to pay and reached all the way over my plate. Hate eating on bar countertops. pudding head white-hot bit ch.,__label__1,21,4,True
"""@lildurk_: I can turn yo bitch into a eaterrrrrrrrr""",""" @lildurk _ : I c an sour yo bich into a eaterrrrrrrrr """,__label__2,28,3,True
@Ant_Dgk @Buckm00se @ChainskiBum would this faggot survive in TJ?,@Ant_Dgk @Buckm00se @ChainskiBum woul d this faggot survive in TJ?,__label__1,15,2,True
How you like them apples you pineapple bitch?,How you lie tem apples you pineaplpe b itch?,__label__2,30,4,True
"LMFAO, stupid bitch tells me at the door they already started, and to come back.&#128514;&#128514; UMMMM NAH","LMFAO, supid bitch tells me at the door they already started, and to come back.&#128514;&#128514 ; UMMMM NAH",__label__1,25,1,True
"Laat Zihni Ozdil met rust jullie gemene trollen, hoe durven jullie zijn mening in twijfel te nemen! Zijn zegje is wet en*kuch**kuch*. .water","Laat Zihni Ozdil met rust julie gemene trollen, hoe durven jullie zijn meming in twijfel te nemen! Zijn zegje is wet en*kuch**kuch*. .water",__label__1,32,2,True
"This guy is nits&#8220;@Lucci_Dpc: i learn new things every day, u the only one still talkin bout jim crow. There go that republican hypocrisy&#8221;","This guy is nits&#8220;@Lucci_Dpc : i learn freshly things e very day, u the only one still talkin bo ut jim crow. There go that republican hypocrisy&#8221;",__label__2,43,5,True
@jacksparenohoe hotter than a pussy in a pepper patch....who makes this shit up anyways...?,@jacksparenohoe hotter than a pussy in a pepper patch.... who ma kes ths shit up anyway...?,__label__2,37,4,True
#BlessJesus The #Crown of HIS head to the sole of HIS feet,# BlessJesus The # Crown of HIS head to the so le of HIS feet,__label__1,18,1,True
"Oh Yahweh, your hand is upon me, your shadow hovers over me.For your sake, The House of Ysrah'al mock me all day long http://t.co/wXEs0DQRP9","Oh Yahweh, yo ur hand is upon me, your shadow hovers over me.For your sake, The House of Ysrah'al mock me all day long http://t.co/wXEs0DQRP9",__label__1,20,1,True
"@karmendanielle_ aka he wanna keep you warm, shoulda just introduced himself #coons","@karmendanielle_ aka he wanna keep you warm, shoulda just introduced himself #coons",__label__2,74,13,False
it's 2014 bitches need to be ready for the D fellaz! Don't play they games! Let that high school tease shit last a day. #swag,it 's 201 4 bitches need to be r3ady for the D fellaz! Don't play they games! Let that high school tease shit last a day. #swag,__label__2,30,3,True
Can't stop eating graham crackers,Ca n't stop eating gr@ham crackers,__label__2,13,1,True
A miserable bitch is on the docket today. Lois 'Misery' Lerner better get grilled. The ordered harassment was undeniable. #breakherdown #war,A miserable bitch is on the docket today. Los ' miserableness ' Alan Jay Lerner practiced become grill3d. The ordered harassment was undeniable. # breakherdown # wa r,__label__1,60,12,True
RT @Smart_Cookie86: If I had to pick a President of the Uncle Tom association I would pick Larry Elder.,RT @Smart_Cookie86 : If I had to pick a President of the Uncle Tom associtaion I wold pick Larr y Elder.,__label__1,38,6,True
#uppers loving the show this morning. Chris is directing the conversation beautifully. Make the teabaggers talk!,# pep pill loving the sho w this dawn. Chris is directing the conversation beautifully. Make the teabaggers talk!,__label__2,45,8,False
@BetoDavidThomas @JesseCanon bitch my mom didn't call you,@BetoDavidThomas @Jesseanon bitch my mom did n't call you,__label__1,24,3,True
"RT @medzzzx: *claims hoes don't exist* 

*uses hoe in her name* http://t.co/tSNzJgPye4",RT @medzzzx : * cla1ms hoes do n't exist * * use s hoe in her name * http://t.co/tSNzJgPye4,__label__1,32,3,True
&#9733; BEST ASIAN MASSAGE ON THE Brooklyn Park slope --TOP RATED SPA &#9733;718-622-0221 - 24 http://t.co/saWpjDtIGN,& # 9733 ; BEST A SIAN MASSAGE ON THE Brooklyn Park s1ope --TOP R ATED SPA & # 9733;718 - 622 - 0221 - 24 http://t.co/saWpjDtIGN,__label__2,96,20,True
My Lil cousin been locked up for 2 years for beating a bitch with. Metal bucket,My Lil cousin been loced up for 2 y ears for beating a bitch with. Me tal buckt,__label__1,39,5,True
"RT @AdviceToWriters: A bird doesn't sing because it has an answer, it sings because it has a song.
MAYA ANGELOU

#poetry #writing","RT @AdviceToWriters: A bird doesn't sing because it has an answer, it sings because it has a song. MAY@ ANGELOU # poetry # writing",__label__1,14,1,True
"RT @I_AM_YOUNGPAPER: ""@Shane_A1: @I_AM_YOUNGPAPER boy wat in dat bitch eatin lunch err other day""Im Tellin Ya","R T @I_AM_YOUNGPAPER : "" @Shane_A1 : @I_AM_YOUNGPAPER boy wat in dat bitch eatin lunch err other day""Im Tellin Ya",__label__1,11,1,True
Ruley a bitch ry,Ruey a bi tch r y,__label__2,23,4,False
"Black guy in class: *attempts to throw a paper ball into the trash*
*misses* 
Mrs. Mundy: ""You're a disgrace to your race, Marcus""
&#128514;&#128514;&#128514;","Black guy in class : * attempst t o throw a paper ball into the tras h * * miss * Mrs. Mundy : "" You 're a take down to your race, Marcus "" & # 128514;&#128514;&#128514 ;",__label__1,62,6,True
hot nigga is just as big as I don't like was. bobby bitch nice too RT @BLASTography: @WaymoTheGod he won't tho,hot nigga is just as big as I don't like was. bobby bitch n ice too RT @BLASTography : @WaymoTheGod he wo n't t ho,__label__2,22,2,True
"@Liveitupjersey yeah...I try NOT to follow them ZULU looking bitches. 
#muslims FLAT OUT NO WAY!
I use my sheets on my bed, NOT MY HEAD!","@Liveitupjersye yeah...I tr y NOT to follow them ZULU looking bitches. #muslims FLAT OUT atomic number 102 W@Y! I use my sheets on my bed, NOT MY HEAD!",__label__1,54,7,True
Winking emoji? I'm about to fuck her right in the pussy,Winking emoji? I 'm about to fuck her right i n the pussy,__label__2,15,1,True
@thereal_EMandM ain't like I have anything to do bitch boy lol.,@thereal_EMandM a1 n't like I have anything to do bitch boy lol.,__label__1,62,11,True
@JustTooMuchCake Lmao. it bel ike that nowadays,@JustTooMuchaCke Lao. it b el ike that nowadays,__label__1,30,5,True
"@stevedischiavi Thanks 'Walking Dead' Bro Steve For Mend..USMC ""Come on you son-n-bitches you want to live forever""! DoG","@stevedischiavi Thanks 'Walking Dead' Bro Steve For Mend..USMC ""Come on you son-n-bitches you want to live forever""! hotdog",__label__1,147,29,False
@BolandDrummer I have never once in my life been to a 'coffee shop' like Starbucks. I am a hick though.,@BolandDrummer I have never once in my life been to a 'coffee shop' like Starbucks. I @m a hik though.,__label__1,18,3,True
@hayyllss Merry Christmas Hun ! &#127877;&#127876;&#10084;&#65039;,@hayyllss Merry Christmas Hun ! & # 172877;&#127876;&#10084;&#65039 ;,__label__1,11,1,True
"RT @LovelyMariiee: ""@GinaSanabria_: Exes swear they can do better, then you see their next bitch ..... &#128514;&#128514;&#128514;&#128553;&#128553;&#128553;&#128514;&#128514;&#128514;&#128514;&#128514;&#128514;&#128514;&#128553;""","RT @LovelyMariiee: ""@GinaSanabria_: Exes swear they can do better, then you see their next bitch ..... &#128514;&#128514;&#128514;&#128553;&#128553;&#128553;&#128514;&#128514;&#128514;&#128514;&#128514;&#128514;&#128514;&#128553;""",__label__2,98,19,False
"Every time I play a Patapon game and hear the ""Ushishi Theme"", I think of a beatboxing monkey. ""YO YO YO GET UPPA!!!""","Every time I play a Patapon game a nd hear the "" Ushishi Theme "", I think o f a beatboxing monkey. ""YO YO YO GET UPPA!!!""",__label__2,32,2,True
Night niggers,Nig ht nigga,__label__1,15,2,False
"Virtually zero protections for LGBTQ persons in Alabama. Not a lot of acceptance, either. Think about queer Alabamian kids today?","Virtually z ero protections for LGBTQ persons in Alabama. Not a lot of acceptance, either. Think about queer Alabamian kids today?",__label__1,15,1,True
@_TheBlackNerd wyd fag,@_TheBlacNerd wyd jade,__label__1,18,3,True
Traffic in the gables &lt;&lt;&lt;&lt;&lt;&lt;&lt;&lt;,Traff1c inwards th e gable$ & lt;&lt;&lt;&lt;&lt;&lt;&lt;&lt ;,__label__1,26,4,True
"I would like to test and see how long your tongue really is, my lady. [eggplant emoji] @Tinashe","I would like to test and see h ow long your tongue really i s, my 1ady. [eggplant emoji] @Tinashe",__label__2,32,3,True
@O_ShitItsLaura haha because I'm too cool for them hoes lmao jk I got reported supposedly that I was a fake account &#128554;,@O_ShitItsLaura haha because I 'm too cool for them hoe s lmao jk I got reported supposedly that I was a fae account & # 128554 ;,__label__1,41,4,True
Like I can't have niggas thinkin ho-tep talk time is apart of my party sets.,Like I ca n't have niggas thinkin h o - tep talk time is apart of my party sets.,__label__1,28,2,True
22 talented drivers RT @garrisonstudio: I am really glad there haven't been any yellows. But why haven't there been any yellows??,22 talented drivers RT @garrisonstudio : I a m really gld there have n't been any yellows. But why haven't there been any yellows??,__label__2,27,2,True
City highway skyscrapers building lights yellow blue http://t.co/kOC9uYBFqV,Cit y highawy skyscrapers building lights yellow blue http://t.co/kOC9uYBFqV,__label__1,27,4,True
RT @BroadDayJay_: Fellas remember to stock up on thermals and Timbs before the dykes buy them all,RT @BroadDayJay _ : Fellas remmeber t o stock up on thermals and Timbs before the dykes buy the m all,__label__2,33,3,True
Thou shall not mock Ryan(the future)Kelly,T hou shall non nock Rayn(the fture)Kelly,__label__1,31,5,True
"@SoftestMuffin @_tee13 @TorahBlaze at the end of the day, they call yo dumb ass monkey, picka'nanny hoe. But u luv them white devils","@SoftestMuffin @_tee13 @TorahBlaze at the end of the day, they call yo dumb ass monkey, picka'nanny hoe. But u luv th3m white devils",__label__2,19,2,True
"RT @seansteiger31: I don't gang bang ho, I jus gang bang these hoes &#128299;","RT @seansteiger31 : I do n't gang bang ho, I jus gang bang these ho3s & # 128299 ;",__label__1,27,1,True
@FattyyTooRaw well Ontario is like kind of a dump now that the ghetto moved here since its cheaper to live here so.. &#128514;,@FattyyTooRaw well Ontario is like kind o f a dump now that the ghetto moved here since its cheaper to live here so.. & # 128514 ;,__label__1,32,2,True
#StopWhitePeople RT @ABC7: 9 cases of West Nile virus infections reported in Orange County this year; 105 dead birds found carrying virus,# StopWhitePeople RT @ABC7 : 9 cases of West Nile virus infections reported in Orange County this yea r ; 105 dead birds found carrying virus,__label__2,29,1,True
RT @thachosenkid321: @DonQuixtote he trash tbh #StartMikeVike,RT @thachosenkid321: @DonQuixtote h e tash tbh # $tartMikeVike,__label__1,27,5,True
This game on some shit!! Haha playing that hoe high had me and my nigggs trippen haha,This game on some shit!! Haha playing that hoe high ha d me and my nigggs trippen hah a,__label__2,22,2,True
@Lov3Tadaisha &#128514;&#128514;&#128514; a box full of yellow crayons.,@Lov3Tadaihsa & # 128514;&#128514;&#128541 ; a b0x full of yellow crayons.,__label__1,29,4,True
"RT @TheAsaCrawford: You shoulda learned how to bake, cuz bitches love cake","RT @TheAsaCrawford : You shoulda laerned how to bake, cuz bitches love cake",__label__2,25,2,True
"@kboydee like some of the ""worst"" lyrics they post are beautiful but just because they don't know what they're talking about, it's ""trash""","@kboydee like some of the ""worst"" lyrics they post are beautiful but just because they don't know what they're talking about, it's ""trash""",__label__1,169,31,False
I am extremely sad to have to admit that some of the best 21st century Arabic rhymes have been written by Jihadis,I am extremely sad to have to admit that some of the best 21st century Arabic rhymes hav e been written by Jihadis,__label__1,26,1,True
@joeysulipeck @myfoxmemphis the minute those red n yellow for rent signs go up the reg. ppl start selling n move,@joeysulipeck @myfoxmemphis the minute those red n yellow for rent signs go up the reg. ppl start selling n move,__label__2,3,0,False
California is home to skater trash.,Californi@ i s home t o skater Methedrine.,__label__1,32,6,True
A .4? Jesus take me now RT @_RichHomieJuan_: @ayylmaoanod bitch you go for a .4 and mc Donald's. Fuck out the spot,A .4? Jesus take Pine Tree State now RT @_RichHomieJuan _ : @ayylmaoanod bitch you go for a.4 and mc Donald 's. F uck out th3 spot,__label__2,55,5,True
RT @CuteOverloads: baby monkey in the snow im crying &#128557;&#128018;&#10052; http://t.co/gMk5dbjaJQ,RT @CuteOverloads : baby monkey in the sow i m crying & # 128557;&#128018;&#10052 ; http://t.co/gMk5dbjaJQ,__label__2,23,3,True
@sramirez07943 it's goldbar dumb bitch and no my dad wouldn't pick you up he doesn't like faggots like you &#128528;&#128076;&#128079;,@sramirez07943 it's goldbar dumb bitch and no my dad would n't pick y ou up he does n't l ike faggots like you & # 128528;&#128076;&#128079 ;,__label__2,30,2,True
RT @southernshirt: The only things you need in life are comfy shirts and Oreos #southernshirt,RT @southernshirt : The only things y ou need in life are cofy shirts and Oreos # southernshirt,__label__2,31,3,True
@HaLaWa0402 not as sick as you muzzie trash @JewJitsuGrl @JoeDouglas1 @Darknight420 @blackorchidm16 http://t.co/KQrMhSzmpj,@HaLaWa0402 n0t as sic k as you muzzie tras h @JewJitsuGrl @JoeDouglas1 @Darknight420 @blackorchidm16 http://t.co/KQrMhSzmpj,__label__1,32,4,True
One man's trash is another's Transformer &#8594; http://t.co/lpYNVqWXXx,One man 's tra sh is another 's Transformer & # 8594 ; http://t.co/lpYNVqWXXx,__label__1,17,1,True
guess I will mess with it later! not sure what else to do! maybe trash it! lol!!! not yet maybe after I when the lottery!,guess I will mess with it later! not sure what else to do! m aybe tr ash it! lol!!! no t yet ma ybe after I when the lottery!,__label__1,56,10,True
&#8220;@ghostriderJ1: Yankees will never have someone wear a single digit uniform again after this season&#8221; Wow. Shows that is an epic organization,&#8220;@ghostriderJ1: Yankees will never have someone wear a single digit uniform again a fter this season&#8221 ; Wow. Shos that is am epi c organization,__label__2,60,7,True
@greyyygoose @JawShoeeAhhh no bitch lol,@greyyyogose @JawShoeAhhh n o bitch lol,__label__1,19,3,True
"#NP ""Centuries"" ~FOB","# N P "" Centureis "" ~F OB",__label__1,27,6,False
"RT @Yankees: Analyzing the impact of Masahiro Tanaka on #SpringTraining Daily, brought to you by @YankeesonDemand: http://t.co/L2gJboDNkM","RT @Yankees : Analyzing the impat of Masahiro Tanaka on # SpringTraining Daily, brought to you by @YankeesonDemand : http://t.co/L2gJboDNkM",__label__2,26,1,True
killers don't pillow talk.. wit dey bitches,killers do n't pllow talk.. wit dey bitches,__label__1,19,2,True
@ItsMeGrizz dink now uknow thats not true,@ItsMeGrizz dink now uknow that s mot true,__label__1,15,1,True
Alexa's phone gave us colors and Julia got yellow I'm dying #racistaf,Alexa 's phone gve u s colors and Julia got yellow I 'm dying # racistaf,__label__1,24,2,True
got these bad bitches waiting on me,got these uncollectible bitches waitig on me,__label__1,17,2,True
RT @iGottFanss: Not all black girls are ghetto&#128530;,RT @iGottFanss : Not all black gir ls are gheto&#128530 ;,__label__1,25,4,True
&#8220;@LastWordEvan: An inning and a half away from Alex Rodriguez being eligible to play. Just a thought. #Yankees #MLB&#8221; OMG. Feel an ulcer.,& # 8220;@LastWord3van : An inning and a half away from Alex Rodriguez being eligible to play. but a thought. #Yankees #MLB&#8221; OMG. Feel an ulcer.,__label__1,29,5,True
when the dude shoots his jiz in the bitches eye in silence of the lambs,wen the dude shoots his jiz in t he bitches eye in silence of the lambs,__label__1,39,5,True
@SeauxCocoa you getting new pussy and not sharing??,@SeauxCoco@ y ou getting new pussy and not sharing??,__label__2,19,2,True
"If I ever committ a crime, you can cite LVL as being the sole influence.","If I ever committ a criem, you can cite LVL a s being the $ole influence.",__label__1,31,3,True
@TG_Hawks #yellow &#127773;,@T_Hawks # yelow & # 17773 ;,__label__1,29,7,False
RT @_BucketsMcnasty: U bitches boring,RT @_BucketsMcnasty : U bicthes boirng,__label__1,31,6,False
@Dave_the_wavee the giants are trash...their time is over.,@Dave_the_wavee the giants are trsah... their clock is over.,__label__2,29,3,True
"RT @eidolon_ebooks: dreamt i was in a trash bag, btw.","R T @eidolone_books : dream i wa s in a t rash bag, btw.",__label__1,52,12,True
"@orchetect Are we doing Mad Libs now? Cool. Uh... 
Twinkie 35' long, DJ Pon3 cameo, Magic&#8482;, Crystal Tree. #TNGSeason4Finale","@orchetect Are we doing Mad Libs now? Cool. Uh... Twinkie 35' long, DJ Pon3 cameo, Magic&#8482;, Crystal Tree. #TNGSeason4Finale",__label__2,5,0,False
Happy birthday bird! @codyflitcraft,H appy birhtday brd! @codyflitcrfat,__label__1,28,5,True
@Gladvillian_ dont get that bacon stuffed crust tho its trash,@Gladvillian _ do n t get th at bacon stuffed crust tho its trash,__label__1,21,2,True
@lcl03 the slopes aren't for us bro Hahaha,@lcl03 the sloeps are n't for us bro Hahaha,__label__2,15,1,True
@SierraBell15 just called me a basic bitch and I'm not sure how I feel about it,@SierraBell15 just called m e a basic bitch and I 'm not sure h0w I feel about it,__label__2,26,2,True
this movie is actually good cuz its so retarded,this movie is actually good cuz its so retrded,__label__1,14,1,True
Like freaky bitch but I fucks with her,Like freaky grouse but I fucks w ith her,__label__2,17,2,True
@CBSThisMorning @NorahODonnell tx trash you know trouble w ACA is in GOP gov states but like @60 @LaraLogan_News you report lies anyway,@CBSThisMorning @NorahODonnell tx tra sh you know trouble w ACA is in GOP gov states but like @60 @LaraLogan_News you report lies anyway,__label__1,26,1,True
SEE!! I TOLD y'all Nikko was holding her ass up!! That bitch ain't got no upper body strength!!!,SE E!! I TOLD y'all Nikko was holding her ass up!! That bitch @i n't got no upper body strength!!!,__label__1,37,5,True
"Sheeple just like &#128073;@sweetpotatertot:OH those ""racist"" ""sexist"" ""teabaggers""who just elected these two old white men. http://t.co/x3BwNM3jiI&#8221;","Sheeple just like &#128073;@sweetpotatertot:OH those ""racist"" ""sexist"" ""teabaggers""who just elected these two old white men. http://t.co/x3BwNM3jiI&#8221;",__label__2,118,25,False
My baby boy asleep with my monkey that I had since I was little! I love my son so much! http://t.co/ioSARfS3rO,My baby boy asleep with m y monkey that I had since I was little! I hump my son s o practically! http://t.co/ioSARfS3rO,__label__2,56,8,True
RT @_indylovee: these bitch niggas couldn't live my cold life$tyle&#128184;&#128080;&#128523;,RT @_indylovee : these bith niggas could n't li ve my cold life$tyle&#128184;&#128080;&#128523 ;,__label__2,22,2,True
RT @Goons_TXT: Only retards and dads roll Lawful Good.,RT @Goon_sTXT : Only retards amd dads whorl Lawful Go od.,__label__2,39,5,True
RT @490xl: why get attached to people when you can jump in a trash can and feel the same way,RT @490xl : why get attached to people when you can jump im a trash can and feel the same way,__label__2,33,2,True
@GoneWithKalijah She was always a pathetic mutt desperately seeking attention &amp; a purpose. No matter what JP writes that will never change,@GoneWithKalijah She was always a pathteic mutt desperately seeing attention & amp ; a purpose. No matter what JP writes that will never change,__label__1,27,2,True
The brownies I just made are a sin,The brownies I just made are a $in,__label__1,15,1,True
"RT @alisonkent: Also as part of my release day gift (yes, we get those!) this adorable bumblebee bear! #Montlake http://t.co/SC3AjXCiRB","RT @alisonkent: Also as part of my release day gift (yes, we get those!) this adorabl3 bmublebee bear! #Montlake http://t.co/SC3AjXCiRB",__label__2,18,2,True
"RT @OmarImranTweets: Media be like:

*Muslim whale attacks US Navy*
*Muslim tiger attacks Zookeeper*
*Muslim bird attacks Eiffel Tower*
*Mu&#8230;",RT @OmarImranTweets : Media beryllium the likes of : * Muslim whale atatcks U S Navy * * Mslim tig er attakcs Zookeeper * * Moslem b ird atatcks Eiffel Tower * * Mu&#8230 ;,__label__2,86,17,True
"I hate that my mom says she trying to move out here... Like bitch the only reason your ""trying"" is because you don't have a place to live..","I hate t hat my mamma says she trying to move out her e... Like btich the only reason your "" tying "" is because you do n't have a place to live..",__label__1,79,10,True
That's all I'm saying you hoe ass niggas.,That 's all I 'm saying you h0e ass niggas.,__label__2,35,6,True
I couldn't press send. That tweet about anchor babies was even too raw for me.,I couldn't press send. That tweet about anchor babies was eve n t oo raw for me.,__label__1,22,2,True
The way Hawk Girl did Green Lantern is why I do not trust these hoes nope,The way Hawk Girl did Gre en Lanterm is why I d o n ot trust these hoes nop e,__label__1,40,5,True
@leiacatherinexx don&#8217;t be a hurt little faggot,@leiacatherinexx don&#8217;t b e a anguish 1ittle faggot,__label__1,22,4,True
This being sick is for the birds.,This being $ick i$ for the birds.,__label__1,26,4,True
@xtruthseekerx_ blaxican,@xtrutsheekerx _ blaxican,__label__1,9,1,True
@TheLittleFella_ do yourself a favor and ball that up and throw in the trash.,@TheLittleFella _ d o yourself a favor and ball that up and throw in the t rash.,__label__1,37,6,True
"They were taking a picture and I saw a bird fly past and I was like, oh bird! @HeidyPalma21","They were taking a depiction and I s aw a brd fly pst and I was like, o h bird! @HeidyPalm21",__label__1,61,11,True
RT @miilkkk: Cuz bitches love pizza http://t.co/0TkuM7Lh1F,RT @miilkkk: Cuz bitches loe pizza http://t.co/0TkuM7Lh1F,__label__2,11,1,True
"@AmPowerBlog so a man who is a pussy and a coward overpowered you and easily took what was yours? You are clearly much less than a man, then","@AmPowerBlog so a man who is a pussy and a coward overpowered you and easily took what was yours? You are clearly mu ch lss tha n a man, then",__label__1,25,3,True
RT @elleeebeee: flappy bird make me just smash my phone into my face,RT @elleeebeee : flappy bird mke me j ust smsah my phone into my face,__label__2,34,4,True
"RT @sickipedia: I drove my daughter's guinea pig to the vet's this morning. 

I'm quite handy with my new Callaway golf clubs.

#sickipedia",RT @sickipedia: I drove my daughter's guinea pig to the vet's this morning. I 'm quite hany with my new Callaway golf clubs. #sickipedia,__label__2,18,1,True
BITCH!!! RT @jla_b: Stop thinking ur entitled to politically correct responses...bitch,BIT CH!!! RT @jla_b : St op thining ur entitled to poliitcally adjust responses... bitch,__label__1,52,10,True
"Y'all folks basic , ya parents both racist , I'm lawyering these hoes out here , beatin cases","Y'all folks basic, ya parents both racialist, I 'm lawyering these h oes out here, beatin cases",__label__1,30,4,True
lock that bitch too&#8230; keep the heat out RT @Ms_Marrie: SHUT THE FRONT DOOR!,lock that bitch too&#8230 ; living the heat out RT @Ms_Marrie : SUT THE FRONT DOOR!,__label__2,27,2,True
First chick to bring me some hash-browns from Waffle House right now will get her pussy ate,First chick to bring me some hash - browns from Waffle House right now will get h er pussy ate,__label__1,38,4,True
"RT @Adolfhibsta: First off, you just a hoe if you can have sex with a man &amp; not have any feelings for him","RT @Adolfhibsta : First off, you just a hoe if you can have s3x wi th a man & amp ; not have any feelings for him",__label__1,36,2,True
Sewing is also a requirement to be an #ISIS Jihadi girl - keep the men's clothes presentable #ISISFeminism http://t.co/sN5KUwMX78,Sewing is also a requireemnt to be an # ISIS Jihadi gir l - kep the men 's clothes presentable # ISISFeminism http://t.co/sN5KUwMX78,__label__2,42,5,True
Their salsa negro is awesome... @StacyMungo @Loriisright,The ir salsa ne gro i s awsome... @StacyMungo @Loriisright,__label__1,51,8,False
Jihadis circulating a video of the killing by Boko Haram of a Nigerian pilot captured after his helicopter was shoot down,Jihadis circulating a video of the killing by Boko Haram of a Nigerian pilot captured after his hlicopter was sho0t down,__label__1,31,2,True
@JStarrTweets my pops is from New York. My family is Yankee obsessed. My sister literally cried when she heard he was gonna,@JStarrTweets my pops is fom New York. My family is Yankee obsessed. My sister literally cried when she heard he was gonna,__label__1,25,3,True
RT @FoodPornsx: Oreo Drumstick! http://t.co/AcN8J59r6b,RT @FoodPornsx : Oeo Drumstick! http://t.coA/cN8J59r6b,__label__1,39,7,False
"RT @KatiePavlich: Charlie Crist doesn't have any more political parties to join, but he could become a spokesman for a fan company.","RT @KatiePavlich : Charlie Crist does n't h@ve any more political parties to join, but he could become a spokesman for a fan company.",__label__2,38,2,True
Where's the pic of her standing again &#8220;@ArlisDoNotChill: This bitch looks like Voltorb http://t.co/7cWAtskJwC&#8221;,Where 's the pic of h er standing again & # 8220;@ArlisDoNotChill : This bitch loosk like Voltorb http://t.co/7cWAtskJwC&#8221 ;,__label__1,48,6,True
Working Saturday is for the birds #FML,Working Saturday 1s for t he birds # F ML,__label__1,43,8,True
"@seanphathaway That wasn't as bad, though drawing conclusions about ""WHITE AMERICA"" based on a 1,000 person poll is a slippery slope.","@seanphathaway That was n 't as ba d, though drawing concluisons about "" WHITE AMERICA "" based on a 1,000 person poll is a slipery slope.",__label__1,46,4,True
@GorgeousCamry_ ight bitch ima see u,@G0rgeousCamry _ ight b1tch i m a see u,__label__2,23,4,True
"Watching Richie Rich! On Tv..Even he wanted to kick it with the ghetto kids..

Shows yuh how much Money Aint A Thang!...",Watching Richie Rich! On Tv..Even he wanted to kick it with the ghetto kids.. picture y uh how much Money artificial intelligence nt A Th ang!...,__label__2,40,7,True
"RT @Duke27_: Mistakes are showing up late for work, running red lights, or even forgetting 2 take the trash out. This here ain't 1 http://t&#8230;","RT @Duke27_: Mistakes are shew up late for wo rk, running red lights, or even forgetting 2 take t he tash out. This here ain't 1 http://t&#8230;",__label__1,42,4,True
@Mika_Tan would be perfect w/a graham cracker flavored bun or a maple dougnut bar.,@Mika_Tan wo uld be perfect w / a graham crackr flavored bun or a maple dougnut bar.,__label__1,33,4,True
RT @TweetTully: This is so great. Regular season ball is for the birds,RT @TweetTully : This is so great. Regular season ball is for the birds,__label__1,14,1,True
"This picture on Weibo made China's censors add ""big yellow duck"" to its list of banned terms &#8594; http://t.co/87NSk91rJR http://t.co/j3aAKxwIfe","This pictrue on Weibo made China 's censors add "" big yellow duck "" to its li st of banned terms & # 8594 ; http://t.co/87NSk91rJR http://t.co/j3aAKxwIfe",__label__1,35,2,True
Hmu talmbout match but when I pull up its 30 other niccas wit ya &#128530;,Hmu talmbout match but when I pul l up its 30 other nicas wit ya & # 128530 ;,__label__2,37,5,True
Lmao! RT @HUMonTHESE Harden look like the last air bender out this bitch. http://t.co/jN8exkXf,Lmao! R T @HUMonTHESE Harden look like the las t air bender out this bitch. http://t.cojN8exkXf,__label__1,40,5,True
"I like to mock Apple, but I'm legitimately interested to see what their wearable looks like.","I like to mock Apple, but I 'm legitimately interested to see what their wearable feel like.",__label__1,27,1,True
My goal one day is to own a nice Rolex and wear that hoe everyday,My goal one day is to own a ni ce Rolex and wea r that hoe everyday,__label__2,24,2,True
RT @dat_trulyGUY: before I betray them I slit my wrist http://t.co/8HNW9QeWSM,RT @dat_trulyGUY : bfeore I betray them I puss my wrist http://t.co/8HNW9QeWSM,__label__1,39,6,True
@bocgeogaddi @anepicname lmaooooo epic bird wins.,@bocgeogaddi @anepicname lmaooooo ep ic b1rd wns.,__label__2,37,6,True
the trash wheel has a twitter? and googly eyes?,the tr ash wheel has a twitter? and googly eyes?,__label__1,15,1,True
"ALL HE NEEDS IS A SKIRT!!!
Sure looks like a bitch to me.
 http://t.co/89HH52pCUe&#8221;",ALL HE NEEDS IS A SKIRT!!! Sure looks lik e a bitch to me. http://t.co/89HH52pCUe&8221 ;,__label__1,23,3,True
@ScottFerrall @HowardStern PHOTOS: Kate Upton cheers on the Yankees at last night's game http://t.co/Q2SVYRHUDu,@ScottFerrall @HowardStern PHOTOS : Kate Upton cheers on the Yankees a t last night 's game http://t.co/Q2SVYRHUDu,__label__2,20,1,True
@Maria_DeAmor bitch I told you to hit me when you got back,@Maria_DeAmor bith I told you to hit me when y ou got back,__label__2,21,2,True
RT @RihannaHasAids: if I got hoes.. @ one of my hoes.. if not shutup &amp; never say it again,RT @RihannaHasAids: if I got hoes.. @ one of my hoes.. if no t shutup & a mp ; neve r say i t aga1n,__label__2,52,10,True
Some Jihadi posted a bio of the #ISIS boss Mr Awad with excellent sociological info. Can't thank him/her enough for the gift.,Soe Jihadi p0sted a bio of the # ISIS boss M r Awad with excelelnt sociologic@l info. Can't thank him/her enough for the gift.,__label__2,43,5,True
"RT @tishforprez: you had me at ""eating pussy"".","RT @tishforprez : you had Maine at "" eating pus sy "".",__label__2,26,3,True
Flappy bird on bull....,Flappy bird on bu ll....,__label__1,9,1,True
"RT @ItsGirllCode: reasons to be a mermaid:

- no periods
- no pants
- perfect hair
- u get to lure men into their death

also, free clam bra","RT @ItsGirllCode : reasons to be a mermaid : - no periods - no pants - p3rfect hair - u get to lure men i nto thir death also, free clam bra",__label__2,47,4,True
Follow a nicca on IG: im_hollywood_jay,Follow a nicca on IG : im_hollywod_jay,__label__1,18,3,True
I'm not BROKE &#128080;&#128581;&#128078;&#128164; bitch I'm BLESSED &#128588;&#128591;&#128591;&#128077;&#128077;&#128076;&#9996;&#65039;&#128175;,I 'm not BROKE & # 128080;&#128581;&#128078;&#128164 ; bitch I ' m BLESSED & # 128588;&#128591;&#128591;&#128077;&#128077;&#128076;&#9996;&#65039;&#128175 ;,__label__1,24,5,True
some cunt go get me amber leaf and papers? cani be arsed walking to nisa #lazy,s ome cumt go g et me amber leaf and papers? cani be arsed walking to nisa #lazy,__label__2,51,9,True
&#8220;@FabianMleal: I'm fucking tired. Ending the night with some rips&#127809;&#128293;&#8221; so much for hitting me up bitch,&#8220;@FabianMleal: I'm fucking tired. Ending the nigth with some rips&#127809;&#128293;&#8221 ; s o much for hitting me up bitch,__label__2,30,3,True
RT @Brucewayneakia: This is what the niggers dont like http://t.co/0lRdpIZEd0,RT @Brucewayneakia : This is what the miggers do mt like http://t.co/0lRdpIZEd0,__label__1,24,2,True
RT @kuczaaaK: I'm getting trash talked by a 8 year old #wtf,RT @kuczaaaK : I 'm getting tr ash talked b y a 8 year old # w tf,__label__1,34,4,True
RT @ClassicBray: Lmaoo RT @PacDaGoat: That's a legal tackle faggot RT @PP_Rich_Hill: Seriously? http://t.co/guMZewrpy3,RT @ClassicBray: Lmaoo RT @PacDaGoat: That's a legal tackle faggot RT @PP_Rich_Hill: Seriously? http://t.co/guMZewrpy3,__label__2,4,0,False
I love fat bitches,I love rich bitches,__label__1,23,4,False
@ArcticFox2016 everybody mocks Obama .Hes an embarrassment to the USA.,@ArcticFox2016 everybody mocks Obama .Hes an embrrassment to the USA.,__label__1,12,1,True
Ya'll take note. There ain't never tornadoes where colored folk live,Ya'll take note. There ain't never tornadoes where colored folk live,__label__2,3,0,False
Fucking cunts.,Fuking cu nts.,__label__1,17,3,False
RT @nostalgic_mike: Aw y'all some hoes hating on that girl that looks like a dude &#128514;&#128557;,RT @nostalgic_mike : Aw y' all some hoes hating on that girl that look s like a dude & # 128514;&#128557 ;,__label__1,25,1,True
*puts people/bitch face on*,* puts people / bith face on *,__label__1,14,2,True
I can't with this disrespect ass bitches,I ca n't with t his disresect ass bitches,__label__1,17,2,True
"RT @_pascuzzo: ""@Salon: Meanwhile in Texas: 19-year-old man facing 5 years to life in prison for $25 worth of pot brownies http://t.co/438F&#8230;","R T @_pascuzzo : "" @Salon : Meanwhile in Texas : 19 - year - old man facing 5 years t0 l ife in prison for $ 25 worth of pot brownies http://t.co/438F&#8230 ;",__label__2,61,6,True
&#9733;@&#9733;@&#9733;@&#9733;@&#9733; GRAND OPENING ! &#9733;@&#9733;@&#9733;@&#9733;@&#9733; TOP CLASS &#9733; Oriental Massage &#9733; PERFECT !&#9733;/ http://t.co/dMXPLroaJ2,&#9733;@&#9733;@&#9733;@&#9733;@&#9733; GRAND OPENING ! &#9733;@&#9733;@&#9733;@&#9733;@&#9733; TOP CLASS &#9733; Oriental Massage &#9733; PERFECT !&#9733;/ http://t.co/dMXPLroaJ2,__label__1,113,29,False
Fresh polo on you bitches,Fersh pol o on yo u bitches,__label__1,33,5,False
"RT @FriendlyAssh0le: If I've offended you, I'm very sorry that you're a lil bitch with no sense of humor.","RT @FriendlyAssh0le : If I 've offended y ou, I ' m very sorry that yo u 'r e a lil bitch wih no sense of humor.",__label__1,70,14,True
I would never fight a nigga for vagina...that's what hoes do lmao,I wo uld n ever figh t a nigga for vagina... that 's what hoes do lmao,__label__1,29,3,True
Big G-Day s/o to @MauricePrice17 #FreeBoosie nicca lol!!!!!,Big G - Day s / o t o @MauricePrice17 # FreeBoosie nicca lo l!!!!!,__label__1,35,6,True
Text your bitch some lyrics from that new Ty Dolla $ign tape before she wake up so she'll nag you a little less today,Text your bitch some lyrics from that new Ty Dolla $ ign tape before she wak e up so she 'll nag you a litle less tod ay,__label__2,41,4,True
RT @BlackNerdJade: RT @Parkour_Lewis: *Last 5 hours RT @the_blueprint the last hour and a half of work trash just for existing.,RT @BlackNerdJade : RT @Parkour_Lewis : * Last 5 hours RT @the_blueprint the last hou r and a half of work t rash just for existing.,__label__1,34,2,True
"RT @ThatBajanKidd: #NeverAskABlackPerson if her hair is hers . she will hit you with a ""bitch i bought it , so it's mine"" .","RT @ThatBajanKidd : # NeverAskABlackPerson if he r hair is hers. she will hit you with a ""bitch i bought it , so it's mine"" .",__label__2,26,3,True
Oh my god this bitch walked past me and legit smelled like a fish market!! TFEH TFEH TFEH&#128562;,Oh my god this bitch walked past me and legit smleled l ike a fish market!! TFH TFEH TFEH&#125862 ;,__label__1,48,6,True
It's unbelievable to me that there are Americans who refused to kill the okies. That means all Americans weak willed trash.,It 's unbelievable to me that there are Americans who refusde t o kill the okies. Tha t think of all Amercans wek bequeath shabu.,__label__1,71,10,True
"From the archives: @ThatAndyRoss&#8217;s My Favorite #Bond_age_ essay on THUNDERBALL, The Story of a Shy Kid and 007 http://t.co/on5t60rMFb","From the archives : @ThatAndyRoss&#8217;s My Favorite # Bond_age _ esay on THUNDERBALL, The Story of a Shy Kid and 007 http://t.co/on5t60rMFb",__label__1,29,2,True
Me gusta pollo so espa&#241;ol that. Lol. &#127831;,M3 gusta polo so espa&#241;ol that. Lol. &#127831;,__label__2,16,2,True
It's a matter of pure weight ratios... A five ounce bird can not carry a one pound coconut!,It's a matter of pure weight ratios... A five ounce bird can mot carry a one pound coconut!,__label__1,21,2,True
@Prettyflacko21 taking off like a bitch bra,@Prettyflacko21 taking of f like a bitch bra,__label__2,11,1,True
"RT @LesaMonroe: Fellas, guess what.. We don't like to be asked why were looking mean. It's called ""Resting bitch face."" WE JUST LOOK THIS W&#8230;","RT @LesaoMnroe : Fellas, gues s wat.. We don't like to be asked why were looking mean. It's called ""Resting bitch face."" WE JUST LOOK THIS W&#8230;",__label__1,43,8,True
Boosie ran this hoe,Boosie ran this h oe,__label__1,8,1,True
If train officers that are wearing body armor stand back to watch the smoke clear. Why does every gun ho wanna be... http://t.co/cuLyANyQ,If train officers that are wearing body armor stand back to watch the smoke clear. Why does every gas pedal holmium wann a glucinium... http://t.co/cuLyANyQ,__label__1,33,4,True
RT @OhLawdItsNiesha: That hoe Brittish got the fuckin NERVE,R T @OhLawdItsNiesha : That h0e Brittish got the fuckin brass,__label__1,29,4,True
"""How u talking to hoes bout bro n em.. Why you talking to hoes bout bro n em""","""How u talking to hoes bout bro n em.. Why you talking to hoes b out bro n em """,__label__2,20,2,True
lol stupid ass bitch I don't fuck w/ you,lol stupid ass bitch I practice n't fuck w/ you,__label__1,59,10,False
"RT @yaboybillnye: its funny when sluts say ""u just mad cause I'm 100% real"" its like no bitch #swerve cuz u actually about 65% water gtfo","RT @yaboybillnye : its funny wh en sluts say "" u just mad cause I 'm 100 % real "" its like n o bitch # swerve cuz u actually about 65 % water gtfo",__label__2,53,5,True
"@tonynolanlive ""There is a special time and place for decaf coffee: never and in the trash."" My family's motto about their java habits. &#9749;&#65039;","@tonynolanlive "" on that point is a special time and place f0r decaffeinated coffee cofefe : never and i n the trash. "" My family's motto about their java habits. &#9749;&#65039;",__label__2,74,14,True
My phone is finally back on bitches! no more TextNow,My pho ne i s finlly ba ck o n bitches! no more TextNow,__label__2,45,8,True
"old fellas water froze in that funeral home. he got it unthawed and wants me to help get his pump going again, that place spooks me man..boo","old fellas water f roze in that funeral home. he got it unthawed and wants me to help get his pump going again, that place spooks me man..boo",__label__1,14,1,True
Beyonc&#233; more of a hipster bitch wit no hips these days,Beyonc&#323 ; more of a hipster bitch wit no hips these days,__label__1,67,12,False
"Hey, you, bitch in the mini-van. Stop riding my ass. You have no power in your vehicle, just stop already.","Hey, you, bitch in the mini-van. Stop riding my ass. You have n o power in your vehicle, just stop already.",__label__1,18,1,True
"RT @215potter: Grown men, wearing jerseys with other grown men's name on them..

Don't forget your fucking pom poms.","RT @215potter : spring up gentleman, wearing jerseys with other grown nen 's name on th em.. Don't forget your fucking pom poms.",__label__1,55,7,True
"""I'm comparing KFC to the pussy"" @MaxOn_MaxOff5",""" I 'm comparing KFC to the puss y "" @MaxOn_MaxOff5",__label__1,14,1,True
RT @Cajun_peach: Because humans aren't delicious ho RT @peta: Smarter than dogs AND your 3-year-old child. So why EAT them? http://t.co/eRT&#8230;,R T @ajun_peach : Because humasn embody n't delicious ho RT @pet@ : impudent than dos AN D yur 3 - yea r - old child. So why EAT them? http://t.co/eRT&#8230;,__label__2,79,13,True
&#8220;@RaleighBeougher: dumb beaner&#8221; http://t.co/r0hABEQhSu,& # 8220;@RaleighBougher : d umb benaer&#8221 ; http/:/t.co/r0hABEQhSu,__label__1,32,7,True
"&#8220;There is a time &amp; a place 4 decaf coffee. Never &amp; in the trash."" http://t.co/ZVJROXgNDQ&#8221; #MommyMonday humor via @JenerationPR &amp; @theskimm","& # 822;There 1s a clock time & adenosine monophosphate ; a p lace 4 dcaf cfofee. Never &amp; in the trash."" http://t.co/ZVJROXgNDQ&#8221; #MommyMonday humor via @JenerationPR &amp; @theskimm",__label__2,59,15,True
Like a skinny model boney bitch,Lie a skiny model boney bitch,__label__1,17,3,True
No I don't love these hoes and FUCK these niggas Fuckem,No I do n't love thse hoes and FUCK these niggas Fuckem,__label__2,17,1,True
Whoooooaaa no chill savage &#8220;@CantBeLocal: Here monkey monkey http://t.co/wmZ8s3j6iG&#8221;,Whoooooaaa no chill savage & # 8220;@CantBeLocal : Here monkey monkey http://t.co/wmZ8s3j6iG&#8221 ;,__label__2,17,1,True
"RT @winkSOSA: ""@AintShitSweet__: ""@Rakwon_OGOD: Nigga messed with the wrong bitch &#128557;&#128514;https://t.co/5mNXKVAYot"" &#128557;&#128557;&#128557;&#128557;&#128514;&#128514;&#128557;&#128557;&#128514;&#128514;&#128514;&#128514;&#128514;&#128514;&#128514;""@Th_Real_Esco","RT @winkSOSA : "" @AintShitSweet _ _ : "" @Rakwon_OGOD : Nigga messed with the wr ong bitch & # 128557;&#128514;https://t.co/5mNXKVAYot "" & # 128557;&#128557;&#128557;&#128557;&#128514;&#128514;&#128557;&#128557;&#128514;&#128514;&#128514;&#128514;&#128514;&#128514;&#128514;""@Th_Real_Esco",__label__1,28,1,True
"RT @BobKlap: Asked Betances before the game if he&#8217;d like to be a starter again someday. &#8220;If the Yankees ever asked me, I would. But I&#8217;m a r&#8230;","RT @BobKlap: Asked Betances before the game if he&#8217;d like to be a starter again someday. &#8220;If the Yankees ever asked me, I would. But I&#8217;m a r&#8230;",__label__2,57,12,False
@danifreshh some weird local ghetto school haha,@danifreshh some weird local ghetto school h aha,__label__2,11,1,True
RT @NuteIla: when I die on flappy bird http://t.co/HKNUTfDVJZ,RT @NuteIla : when I die on flappy bird http://t.co/HKNUTfDVJZ,__label__1,14,1,True
&#8220;@ImToBlame: Bruh RT @PriscoCBS: Trent took the yellow path http://t.co/1XxGuKtjp8&#8221;&#128514;&#128514;&#128514;&#128514;,& # 8220;@ImToBlame : Bruh RT @PriscoCBS : Trent tok the yellow path http://t.co/1XxGuKtjp8&#8221;&#128514;&#128514;&#128514;&#128514 ;,__label__1,20,1,True
RT @Elisaa_Martinez: Happy birthday cotton picker lol @1NOnlyDirtyMike,RT @Elisaa_Martinez : Happy birthday ctton picker lol @1NOnlyDirtyMike,__label__1,14,1,True
RT @RTGIFS: DOMINIQUE Made Larry bird do a 360 lmaooo http://t.co/Vs6e3Z0C2u,RT @TRGIFS : DOMINIQUE Ma de Lrary bird Doctor of Osteopathy a 360 lmaooo http://t.co/Vs6e3Z0C2u,__label__1,34,5,True
"@SophieRo3 if only there was a medal for that: ""we hate fags, but we won't kill them"" medal. Thank u for the privilege to let fags live.","@SophieRo3 if only there was a medal for that : "" we hate fags, but w e wo n't kill them "" medal. Thank u for the privilege to let fags live.",__label__1,89,17,True
@mandaxll2963 yellow is even better,@mandaxll2963 yellow is even beter,__label__2,10,1,True
"tell the hating niggah 
stfu",tell the haing niggah stfu,__label__2,10,1,True
@SteveStockmanTX stockboy U should talk. U tweet lies and childish shit about Obama.youre very unqualified. You only appeal to dumb rednecks,@SteveStockmanTX stockboy U should talk. U tweet li3s and chilidsh shit about Obama.youre very unqualified. Yo u ony appe@l t o dub redneks,__label__1,62,8,True
#Fact females that tweet ALL the dayum day r hoes that need attention #ijs #wontgetme,# Fact females tht tweet ALL the dayum day r hoes that ned attention # ijs # wontgetme,__label__2,38,4,True
@JukeJuke_9 shit he prolly is other than that everybody else trash,@JukeJuke_9 shit he prolly is other than that everybody else tra sh,__label__1,15,1,True
Confusing circumstances seem to get in the way of your high ho... More for Virgo http://t.co/nrAAI6dhVx,Confusing circumstances sem t0 get in the w ay of your high ho... More for Virgo http://t.co/nrAAI6dhVx,__label__2,33,4,True
I'm just matching grams wit my fam bitch,I 'm just matching grams w it my fam bitch,__label__2,13,1,True
And now Jihadis bragging about a massive bombing in Sadr city in Baghdad. #Iraq #onslaught,And now Jihadis brgging about a massive bombing in Sadr city in Baghdad. # Iraq # onsaught,__label__1,37,5,True
RT @wvjoe911: Gov Rick Scott Refuses To Debate Charlie Crist Because Of A Small Fan http://t.co/hKMfPnRukU,RT @wvjoe911 : Gov Rick Scott Refuses T o Debate Charlie Crist Because Of A Small F@n http/:/t.co/hKMfPnRukU,__label__1,33,3,True
"@intrepidokie nice lie #teabagger. Just because you want to see it doesn't make it real. Like Reagan was a conservative, another huge lie","@intrepidokie nice lie #teabagger. Just because you want to see it doesn't make it real. Lie Reagan was a conseravtive, another hu ge 1ie",__label__1,37,7,True
@TheIronPony You rebel. Next you'll be ripping mattress tags off. It's a slippery slope.,@TheIronPony You rebel. Next you'll be ripping mattress tags off. I t ' s a $lippery slope.,__label__1,24,5,True
RT @ccancel14: Miserable bitches talk the most shit &#128514;&#9996;&#65039;,RT @ccancel14 : Miserable bitches talk the most sit & # 128514;&#9996;&#65039 ;,__label__1,31,4,True
RT @Lamont21225_: &#128514;&#128514;&#128514; this bitch playing volleyball in Timberland's &#128553;&#128514;Edmondson Kids &#128517;&#128514; http://t.co/M4jtNGEJTH,RT @Lamont21225 _ : & # 128514;&#128514;&#128514 ; this bich playing volleyball i n Timberland 's & # 128553;&#128514;Edmondson Kids & # 128517;&#128514 ; http://t.co/M4tjNGEJTH,__label__2,38,3,True
*after BO1 RT @TheGodWriter_: @iDocLyfe Bruh lol I retired after mw2 because everything was trash afterwards.,* aft3r BO1 R T @ThGodWriter _ : @iDocLyfe Bruh lol I retired after mw2 because everything was t rash afterwards.,__label__1,49,8,True
"RT @SportsNation: So, Yanks have signed Brian McCann &amp; Jacoby Ellsbury. Rumor has it, they still want Robinson Cano, Babe Ruth, Miguel Cabr&#8230;","RT @SportsNation: So, Yanks have signed Brian McCann &amp; Jacoby Ellsbury. Rumor have got it, they $till want Robinson Can o, Bab e Ruth, Mguel Cabr&#8230 ;",__label__1,49,9,True
She unfollowed me after I said I cried watching dawn of the apes lmaooooooo,She unfollowed me after I said I cried watching dawn of the ap es laooooooo,__label__1,23,2,True
dblite works like a charm in OpenWrt Arduino Yun with full test coverage. The gyp version would rarely made in there https://t.co/4JRj1Ezc1S,dblite wor ks lie a cha rm in OpenWrt Arduino Yun with full test coverage. The gyp version would rarely made in there https://t.co/4JRj1Ezc1S,__label__2,29,3,True
RT @SoTrippyWhit: &#8220;@laaaeee: I swear to god Whitney is a Regina George. &#128128; http://t.co/bttoCzQK5S&#8221; wow im a bitch &#128123;,RT @SoTrippyWhit: &#8220;@laaaeee: I swear to god Whitney is a Regina George. &#128128; http://t.co/bttoCzQK5S&#8221; wow i m a btch & # 128123 ;,__label__2,15,2,True
Nothing good on TV and the @Yankees are eating their balls 3 innings in. Great.,Nothing good on TV and the @Yankees are eating their balls 3 innings im. Great.,__label__1,68,11,True
Let the jig commence http://t.co/pqvJiEvqZa,Let the jig commnce http://t.co/pqvJiEvqZa,__label__1,10,1,True
"RT @TheDrugTribe: New Years resolution: smoke more weed, make more money, fuck more bitches","RT @TheDrugTribe : New Years closure : smoke more weed, make more money, fuck more bitches",__label__1,41,4,True
RT @radiomaru: nerds are cool because they get really judge-y about other nerds being passionate about things they aren't passionate abo ...,RT @radiomaru : nerds are cool because they get really j udge - y about other nerds being passiomate about things they are n't pasisonate abo...,__label__2,40,3,True
RT @tolkienproverb: Fairy tale does not deny the existence of sorrow and failure...,R T @tolkienproverb : Fairy tale does not deny the existence of sorrow and failre...,__label__1,39,5,True
"RT @JoeBudden: She&#8217;s not a hoe cuz she had sex before bro, lol","RT @JoeBudd3n : She&#8217;s n0t a hoe cuz she had $ex before bro, lol",__label__1,33,4,True
"RT @ImNotTwitFamous: Big Sean is 5'7 and 159 pounds, yet he calls everyone lil' bitch. You the lil' bitch Sean, you the lil' bitch","RT @ImNotTwitFamous: Big Sean is 5'7 and 159 pounds, yet he calls everyone lil' bitch. You the lil ' bitc h Sean, you the lil ' b1tch",__label__2,22,2,True
Niggas go crazy over bitches now a days &#128541; like calm yo happy ass down,Niggas go nutcase over bitches no w a days & # 128541 ; like clm yo happy ass down,__label__2,32,3,True
Alibaba / Jack Ma: Gotta love a guy who beat Meg Whitman's albino ass back to the US. Freakin' commie genius.,Alibaba / Jack Ma : Got ta lve a guy who bet Meg Whitman 's albino ass back to the U S. Freakin' commie genius.,__label__2,55,8,True
"Im just a young niggah out here chasing ins, til im in the driver seat of my benz","I m just a yung niggah out here chasing ins, ti l i m in the dirver seat of my benz",__label__2,36,3,True
RT @Yankees: The @EmpireStateBldg shines its lights in #Yankees pinstripes in honor of Derek Jeter. #FarewellCaptain http://t.co/3fp2pg85MB,RT @Yankees : The @EmpireStateBldg scramble its lights in # Yankees pinstripes in h onor o f Derek Jeter. #FarewellCaptain http://t.co/3fp2pg85MB,__label__2,33,3,True
#TRUTH RT @notashley: David is the Charlie Brown of #Scandal,# TRUTH RT @notashley : David is the Charie Brown of # Scandal,__label__1,69,13,False
RT @EmmGoldLA: Don't be mad at me for telling FACTS be embarrassed at urself for acting like a bitch,RT @EmmGoldLA : Do n't be mad at me for telling FACTS be embarrssed at urself for acting like a bitch,__label__1,26,1,True
Be trippin when I call you hoe but bitch you know I talk like Dat! -- @1future voice,Be trippin when I call you hoe b ut bitch you know I talk like Dat! -- @1future voie,__label__1,34,4,True
@CsSalazar15 wetback &#128513;&#128514;&#128514;&#128514;&#128514;&#128557;,@CsSalzar15 greaser & # 128513;&#128514;&#128514;&#128514;&#128514;&#128557 ;,__label__1,27,6,False
@RAEPaelMunturo @WorldStarFunny aye sae en feeld kawkin dyke,@RAEPaelMunturo @WorldStarFunny aye sae en feedl kawkin dyke,__label__2,14,1,True
RT @anilkohli54: @mediacrooks so the ball did roll down the slope &amp; found a natural spot @madhutrehan defending brother &amp; the scumbag @sard&#8230;,RT @anilkohli54 : @mediacrooks so the ball did roll down the slope & amp ; found a natural spot @madhutrehan defending brother & amp ; the scmbag @sard&#8230 ;,__label__1,34,1,True
"@DinoLich Don't yell at me, I love both of the evolutionary lines. @ClaudiaVice despises the trash buddies.","@DinoLich Don't yell at me, I love both of the evolutionary lines. @ClaudiaVice depsises the t rash buddies.",__label__1,23,3,True
Early bird gets the worm.... #GoGetIt,Early bird g ets the worm.... #GoGetIt,__label__2,11,1,True
Daaamn lmao right back to them old ways RT @KingTralle Look at this hoe ass nigga covering Wiz face you hoe http://t.co/lpPToFmj5R,Daaamn lmao right back to them old ways RT @KingTralle Look at this hoe ass nigga incubate Wiz face you hoe http://t.co/lpPToFmj5R,__label__2,30,1,True
"&#8220;@IAmClatonBigsby: Bout to ride my horse, to come fuck yo bitch.&#8221;Ooh @ em tho","&# 8220;@IAmClatonBigsby : Bout to ride m y hrse, t0 amount fuck yo bitch.&#8221;Ooh @ e m t ho",__label__2,47,6,True
"You always buy me colored goldfish when my stash is low, and you are a constant inspiration to me and&#8230; http://t.co/nCPd8uSljf","You alwys buy me colored goldfish whn ny stash is low, and you are a constant inspiration to me and&#8230 ; http://t.co/nCPd8uSljf",__label__2,38,3,True
Yall bitches only muslim when yall hair fucked up ctfu stop that youngs!!,Yall bitches only muslim when yall hair fucked up ctfu stop that youngs!!,__label__2,87,16,False
Jameis tweet RT @MrCOOK_ Fuck her right in the pussy,Jameis tweet RT @MrCOOK _ Fuck her right i n the pussy,__label__2,15,1,True
@suchy_monster you make me feel all warm and fuzzy inside &#128522; #youCANsitwithus,@suchy_monster you make me feel a ll wrm and fuzzy inside & # 128522 ; # youCANsitwithus,__label__2,30,3,True
I'd kill a bitch to be able to cuddle right now. Ugh. Sucker for the stupid shit. I swear.,I'd kill a bitch to be able to cuddle right now. Ug h. Sucker for the stuid shit. I s wear.,__label__1,34,6,True
A Yankee win makes any day better.,A Yankee wi n mak3s whatever day btter.,__label__1,32,5,True
RT @gferguson8: @MSoltan18 @WBDyllon_ @KoredeB9 Messi is trash,RT @gferguson8: @MSoltan18 @WBDyllon_ @oredeB9 Mesi i s tra sh,__label__1,24,4,True
Not true RT @_Kimchanel_: Every man has hoes #bye,N ot tue RT @_Kimchanle _ : Every man has hoes #bye,__label__2,27,5,True
RT @AdamSchein: Great job by the Yankees giving Brian Cashman a new contract. The haters are just wrong. CC: @ChrisCarlinSNY,RT @AdamSchein: Great job by the Yankees giving Brian Cashman a new contract. Th3 hatrs ar e only wrong. CC: @ChrisCarlinSNY,__label__2,34,6,True
"@richarddeitsch yeah,but the cripple not getting up clean helped the call out...wouldn't have been fair either way","@richarddeitsch yeah,but the cripple not getting u p cle@n helped the call out... wouldn't have been fair either way",__label__2,44,5,True
@1SonofYahweh no wonder you run nose first for yo real nigger &amp; white devil massah's or any man pointing at another to convince u he is less,@1SonofYahweh mo marvel you run nose first for yo real nigger & amp ; white devil massah 's or any man pointing at another t o convert u he i s less,__label__1,54,5,True
RT @FallonTonight: Jimmy and @BillyJoel's two-man doo-wop performance just went live on YouTube! https://t.co/NGzhImyvSF #FallonTonight htt&#8230;,RT @FallonTonight: Jimmy and @BillyJoel's two-man doo-wop performance just went live on YouTube! https://t.co/NGzhImyvSF # FallonTonight htt&#8230 ;,__label__1,9,1,True
RT @xenakix2243: Feeling the crisp fall wind spinning around me and watching the colorful leaves fall like rainbow colored raindrops slowly&#8230;,RT @xenakix2243 : Feeling the crisp fall wind spinning more or less m3 and watching the colorful leaves fall like rainbow colored raindrops slowly&#8230 ;,__label__2,36,2,True
"RT @OfficiallyIce: RT @Manatti23: ""I fucked your bitch cause she gave me a boner, she went down twice like Adrien Broner..."" #FreckBars","RT @OfficiallyIce : RT @Manatti23 : "" I fucked your bitch case she gave me a boner, she went down twice like Adrien Broner... "" #FreckBars",__label__2,138,27,False
RT @BasedZae: When lil b said &#8220;Word around town that I aint got no bitches? what?! Thats a damn lie nigga my nuts is my witness&#8221; http://t.c&#8230;,RT @BasedZae : When lil b said & # 8220;Word around town that I ai nt got n o bitches? wh at?! Thats a damn lie nigga my nuts is my witness&#8221; http://t.c&#8230;,__label__1,37,4,True
"If she makes a good sandwhich and she give a good blowy, wife dat hoe up. That way you can eat while she eatting","If she makes a g ood sandwhich a nd s he gve a g ood blowy, married woman dat hoe up. That way you can eat while she eatting",__label__2,50,7,True
The Guy got excited when he saw Oreo cookie crusts. He thought I was making pie. He was bummed when he realized it was cheesecake.,The Guy got excited when he saw Oreo cookie crusts. He thought I was making pie. He was bumed when he realized i t was cheesecake.,__label__1,21,2,True
Lmao redskins turnin up,Lao redkins tunrin up,__label__1,27,4,False
"""@CeleyNichole: @white_thunduh how come you never bring me food"" i dont have a car retard",""" @CeleyNichole : @white_thunduh how c ome you ne'er bring me food "" i do nt have a car retard",__label__2,43,5,True
OMGGGGG...!!!! Nigga said Jerry ... black bitch.,OGMGGGG...!!!! Ni gga said Boche... black-market bith.,__label__1,63,13,False
Girls be looking for reasons to do hoe shit,Gils b e lookimg f or reasons t o do hoe sht,__label__1,48,8,True
"@HobsonDarlene #BlessJesus Amos 3:3 Can two walk together, unless they are agreed? #DifferentLevels","@HobsonDarlene # BlessJesus Amos 3:3 Can two walk together, uness they are agreed? # DiffernetLevels",__label__1,30,3,True
"""I dont even need a picture of tamar, that bitch is beat in every picture""&#128514;&#128557;&#128514;&#128514;&#128514;",""" I do nt even need a pictur3 of tamar, that bitch is beat in every picture""&#128514;&#128557;&#128514;&#128514;&#128514 ;",__label__1,34,5,True
The bird is the word. #EsuranceSave30,The bid live the word. #EsuranceSave30,__label__2,36,6,False
"Chaber Books: BRAGADAYJAH 24 http://t.co/bTMLYNNKZp: Nimrod the Cushite, first king of the earth. See Bragadayjah 24","Chaber Books : BRAGADAYJAH 24 http://t.co/bTMLYNNKZp : Nimrod the Cushite, first kng of the earth. See Bragadayjah 24",__label__2,23,1,True
RT @SneakerPics23: Oreo 6's http://t.co/Jx9DD9oahY,R T @SneakerPics23 : Oreo 6 ' s http://t.co/Jx9DD9oahY,__label__1,17,3,True
Julius Peppers still seems retarded.,Juilus Pepeprs sill seem s rtearded.,__label__1,31,6,True
@slings_x_arrows bitches are gonna make it rain on me,@slings_x_arrows bitches are go n atomic number 11 make it rain on me,__label__1,23,2,True
What manner of black folk take their kids riding in the ghetto to point out misplaced youth and victimized &amp; cursed brethren and say:,What manner of black folk ta ke their kids riding in the ghetto t0 p oint come out of the closet misplaced youth and victimized & amp ; cursed brethren and say :,__label__2,46,4,True
"@Pacman_Dre_SB I said something to you gorilla, stop listening to monkey music","@Pacman_Dre_SB I said something to you gorilla, stop listening to monkey music",__label__1,73,13,False
"RT @RussOnPolitics: GOP nominee for #MAgov Charlie Baker's ""fisherman story"" falls apart. He deserves an Oscar for his play crying. http://&#8230;","RT @RussOnPolitics : GOP nominee for # MAgov Charlie Baker 's "" fisherman story "" fa lls aaprt. He deserves an Oscar for his play crying. http://&#8230;",__label__1,38,4,True
RT @GottaPHILMe: &#128128;&#128128; RT &#8220;@VersaceSilk: When you and your boys discover a hoe https://t.co/fbfR8trToY&#8221;,RT @GottaPHILMe : & # 128128;&#128128 ; RT & # 8220@VersaceSilk : When you and your bo ys discoer a hoe https://t.co/fbfR8trToY&#8221 ;,__label__2,36,3,True
RT @fatguythe: *sings Careless Whisper to broken 7 year old flip flop on the way to the trash,RT @fatguythe : * sings Careless Whisper to broken 7 year old flip flp on the way t o t he tras h,__label__1,44,5,True
RT @YunGMiGo: &#128557;&#128557;&#128557;&#128514;&#128514;RT @Shane_A1: I done went wit a hoe before frfr so who am I to judge,RT @YunGMiGo : & # 128557;&#128557;&#128557;&#128514;&#128514;RT @Shane_A1 : I done went w it a hoe before frfr so who am I to judge,__label__2,21,1,True
Oh shit its still light out.. I've been in this bitch too long &#128565;,Oh shit its st ill light out.. I've been in this bitch too long &#128565;,__label__2,12,1,True
Only white trash watch football.,Ony white trsh wat ch football game.,__label__1,26,5,True
Regular joes rockin tha boat that's us redneck yacht clubbb&#9728;&#127926;,Regular j oes rcokin tha boat that 's us redneck yacht clubbb&#9728;&#127926 ;,__label__2,26,3,True
"I have to stop using ""bitch"" so often in my everyday conversations","I have t o stop using "" bitch "" so often in my everyday conversations",__label__1,25,4,True
"RT @TheDouch3: Bitches tweeting ""relationship goals"" w/no man, job, or real desire to stop being a hoe or partying every weekend. Jus a iPh&#8230;","RT @TheDouch3 : Bitches twitch "" relationship goals "" w / no man, job, or real desire to stop be ing a h oe 0r party every weekend. Ju s a iPh&#2830 ;",__label__1,100,20,True
I turn Cassey to a nasty hoe Rihanna to a classy hoe,I tu rn Cassey to a nasty hoe Rihanna t o a classy h0e,__label__1,33,6,True
RT @Kevin_McAdams: Stop being a little bitch and #fuckherrightinthepussy,RT @Kevin_McAdams : Stop b eing a litlte bitch and # fukherrightinthepussy,__label__2,31,5,True
"RT @Fit4LifeMike: @Whitecholo23 @chanelisabeth true i need to sleep to make them Gainz bruh!! So all the hoes stay Mirin ;p 
Alright, later&#8230;","RT @Fit4LifeMike: @Whitecholo23 @chanelisabeth true i need to sleep to make them Gainz bruh!! So all the hos sta y Mrin ; p Alright, later&#8230 ;",__label__1,29,5,True
"RT @DamierGenesis: i live for street glory and I die for ghetto fame. respect all, fear none my pride is everything....","RT @DamierGenesis : i lve fo r sreet g lory and I buy the farm for ghetto fame. respect all, fear none my pride is everything....",__label__2,46,6,True
"RT @alicia_garcia3: ""That's why God made brownies. To replace boys.""","RT @alicia_garcia3 : "" That 's why God mad e brownies. To substitute b0ys. """,__label__1,41,8,True
"After Kuroda gave it his all putting up career numbers but getting no run support, the Yankees don't deserve to get into the World Series","After Kuroda gave it his all putting up career numbers but getting atomic number 102 run support, the Yankees do n't deserve to ge t into the World Series",__label__1,36,2,True
Her pussy clean but she dance dirty..,Her p ussy clea n but she dance dirty..,__label__2,13,2,True
"@Ronnie2K not just @Pharrell gave 2k a trash non-basketball soundtrack, y'all still have problems with servers &#128530;","@Ronnie2 K not just @Pharrell gave 2k a trash non - basketball soundtrack, y' all still have problems wit h host & # 128530 ;",__label__1,44,4,True
i just realized me and @DirkAlisic have been talking shit to each other nonstop for the past 48 hours. stop texting me bitch.,i just relized me and @DirkAlisic have been talking shit to each other nnostop for the past 4 8 hours. stop texting me bitch.,__label__2,46,6,True
"First thing she wit ya, next minute she against ya, like that hoe from the clippers","First th ing s he wit ya, next minute she against ya, like that hoe from the clippers",__label__1,27,2,True
"RT @MiSSKathEVO: #NoFilter I been getting money I ain't worried 'bout a ho, No matter the occasion I'ma always get the dough &#128539; http://t.co/&#8230;","RT @MiSSKathEVO: # NoFilter I been getting money I ai n't worred 'bout a ho, No matter the occsion I'ma always get the dough &#128539; http://t.co/&#8230;",__label__2,30,2,True
"RT @vntonx: ""suck my duck""

thot: ""lol looks like ur autocorrect changed dick to duck""

""i meant what i said bitch"" http://t.co/K9LV3mfX1m","RT @vntonx : "" take up my duck "" thot : "" lol looks li ke ur autocorrect changed dick to duck "" "" i meant what i said bitch "" http://t.co/K9LV3mfX1 m",__label__1,40,2,True
Omg this bitch was standing and humming a very deep and annoying tone the whole time she was at the counter wtf.,Omg this bitch was standing and humming a very deep and annoying tone the whole time she was at the countr wtf.,__label__1,38,3,True
This is really for @BrianStann RT @JimDaves: @WesDurham Exploding giant yellow ducks. You&#8217;ll appreciate this: http://t.co/SpOhTpl8uV,This is really for @BrianStann RT @JimDaves: @WesDurham Exploding giant yellow ducks. You&#821;7ll appreicate thi s : http/:/t.co/SpOhTpl8uV,__label__2,31,5,False
"""@Stephenwildboy: Chilling &#128069;&#8482; http://t.co/mik3iPNle6"" sexy scally lad",""" @Stephenwildboy : Chilling & # 128069;&#8482 ; http://t.co/mik3iPNle6 "" sexy scally sonny boy",__label__2,21,1,True
Shut up bitch i wasn't gonna roast.,Shut u p bith i was n't go n na roast.,__label__2,24,3,True
&#8220;@avelindner: if he has a girlfriend don't be a hoe and text him yanno who u r &#128519;&#8221;,& # 8220;@avelindner : if he has a girlfriend do n't be a hoe and text him yann0 who u r & # 128519;&#8221 ;,__label__1,32,1,True
"A homeless dog living in a trash pile gets rescued, and then does something amazing! Please share. http://t.co/SzpStdxmn6 via @youtube","A homelss d og living atomic number 49 a trash pi le ge ts rescud, amd then does somethign amazimg! Please share. http://t.co/SzpStdxmn6 via @youtube",__label__1,77,15,True
I am such a pussy&#128514;&#127770;,I am su ch a pussy&#18514;&#127770 ;,__label__1,18,5,True
I'm with another nigga bitch &#128514;&#128514;,I 'm with another nigga bicth & # 128514;&#128514 ;,__label__2,27,4,True
No cuz redskins are dumpster juice RT @trackinBlackKev: game of the week. still the best rivalry in sports,No cuz redskins are dumpster juice RT @trackinBlackKev: game of the week. still the bst rivalry in sport$,__label__2,24,3,True
&#8220;@garytiffany_: Make the most of what you have.&#8221; Don't tell me what to do bitch,& # 8220;@garytiffany _ : Make the most of what you have.&#8221 ; Do n't tell ne wh@t to d o bitch,__label__2,35,3,True
@Rosaalbae @iH8TvvitterHoes faggot but you sent me hella nudes. Hmmmm,@Rosaalbae @iH8TvvitterHoes fagot but you sent me hella nudes. Hmmm,__label__1,17,2,True
@ashley_smith20 colored contacts,@ashle_smith20 co1ored contact lens,__label__1,21,3,False
@kaylonnnnn then who are you to call me trash &#128522;,@kaylonnnnn then who are you to call me tra sh & # 128522 ;,__label__1,17,1,True
"So I already don't fuck with dude, but I be nice. And I'm humoring him. but this bitch crossed a line.

""First of motherfucking all...""","So I already don't fuck with dude, but I be nice. And I'm humoring him. but thi$ bitch crosed a line. ""First of motherfucking all...""",__label__1,20,2,True
diet coke trash,die t coke trsah,__label__1,12,2,True
@AlexSchnider niiice my nigga schinder pullin hoes,@AlexSchnider niiice my n igga schinder pullin hoe s,__label__1,21,3,True
RT @Drewmking: @Joely_Poly @Victoria_Finae he plays for the Yankees right?,RT @Drewmking : @Joely_Poly @Victoria_Finae helium plays for the New Englander right?,__label__2,41,6,True
I don't want a bitch that a nigga already had I want sumn new ... Or a runner it's too easy nigga I accept the challenge,I don't want a bitch that a nigga already had I want sumn new ... Or a runner i t 's too e asy nigga I accept the challenge,__label__1,22,2,True
RT @FoodPornsx: Oreo ice cream. ~ http://t.co/thrkAobdVj,RT @FoodPornsx: Oreo ice cream. ~ http://t.co/thrkAobdVj,__label__2,3,0,False
&#8220;@HeyKeifer: Golden Oreos &#128016; regular Oreos &#128686;&#8221; YES!!!,& # 8220;@HeyKefer : Golden Oreos & # 128016 ; regular Ore os & # 128686&;#8221 ; YES!!!,__label__1,38,7,True
RT @YungFree504: Mannn let bosh hoe ass hit that 3,RT @YungFree504 : Mannn l et bosh hoe ass hit that 3,__label__1,15,1,True
RT @VinceSports: Best #CollegeGameday sign ever! The Dak-ness is spreading! Charlie Murphy's True Hollywood Stories. #ChappelleShow http://&#8230;,RT @VinceSports: Best #CollegeGameday sign ever! The Dak-ness is spreading! Charlie Murphy's True Hollywood Stories. #ChappelleShow http://&#8230;,__label__2,5,0,False
"RT @___Jazsy: If a bitch tweeting about a nigga and he saying he don't mess with her , He's lying&#128533; That bitch ain't tweeting for nothing &#128527;","RT @___Jazsy : If a bith tweeting about a nigga and he saying he do n't mess with her, He 's lying&#128533 ; That bitch ai n't tweeting for nothing & # 128527 ;",__label__2,40,1,True
@nataleovrerytng hoes these days,@nataleovreryntg hoes t hese day s,__label__2,27,4,False
Flo is a bad bitch,Flo 1s a big bitch,__label__2,29,5,False
"Not sure why #teabaggers would care about Nelson Mandela, being that he's one of 'them' if you know what I mean. #teaparty #tcot","Not sure why # teabaggesr would care about Nelson Mndela, bein g that he '$ one of ' them ' if you know wh at I mean. #teaparty #tcot",__label__2,76,12,True
RT @madi_judkins: When you look like trash and someone compliments you http://t.co/FzuXlPCMpV,RT @madi_judkins : When you look like trash and someoe compliments y ou http://t.co/FzuXlPCMpV,__label__2,23,2,True
"RT @amazingatheist: America is like a drunken redneck flailing his fists around, raving incoherently. He's kind of funny, but also you'r ...","RT @amazingatheist : America i s l1ke a boozy redneck flailing his fists around, raving incoherently. He's kind of funny, but also you'r ...",__label__1,37,4,True
Hell yeah that bitch gon' go ham,Hell yeah that bitch g on ' go ha m,__label__2,18,3,True
RT @syd_renae: @2014Alyssa I have a pink fuzzy one &amp; a silky silver one. Bathrobes are a wonderful thing &#128129;&#128526;&#128525;,RT @syd_renae: @2014Alyssa I have a pink fuzzy one &amp; a silky silver one. Bathrobes are a wonderful thing &#128129;&#128526;&#128525;,__label__2,42,9,False
@Yankees probably time to put this twitter feed to bed #nyy,@Yankees probably time to put thi s twitter feed to bed # nyy,__label__2,16,1,True
"Re: Alexander Skarsgard, my roommate has declared: ""He's a sexy albino lizard. i dont know how that's sexy, but it kinda is.""","Re : Alexander Skarsgard, ny roommtae has declared : "" He 's a sexy albino lizard. i dont know how that's sexy, but it kinda is.""",__label__2,31,2,True
"@FemsHaveBallz have u spent significant time in ANY ghetto, or witnessed the years of terrorism committed by police in the Black community?","@FemsHaveBallz have u spent significant time in ANY ghetto, or witnessed the years of terrorism committed by police in the B lack community?",__label__2,28,1,True
"RT @JareerKassis: If there was an invisible celestial judge who killed those who spew hate on Palestinians, celebrities &amp; politicians would&#8230;","RT @JareerKassis : If there was an invisible celestial judge who killed t hose who spew hate o n Palestinians, celebrities & amp ; politicians would&#8230 ;",__label__2,40,3,True
If I see another bitch with a rolly bag ima diesel that bitch,If I see anothre b itch with a rolly bag i m a diesel motor that bitch,__label__2,29,3,True
"My nig been talking bout what he gonna be for Halloween since July, to excited!","My nig been talking bot what he gon na be for Halloween since July, to excited!",__label__2,23,1,True
Caleb's a dick and Hanna's a bitch I hate them both now &#128554;&#128545;&#128545;&#128545;,Caleb's a dick and Hanna's a bitch I hae them both now & # 128554;&#128545;&#128545;&#128545 ;,__label__1,15,1,True
Sources say that Charlie Crist is on the phone with Rick Scott as I type this to concede.,Sources say that Charlie Crist is on the pho ne with Rick Scott as I type this to concede.,__label__1,34,4,True
"RT @AChosenWord: Of rain showers
&amp; weepy fog
of soft light
&amp; cool touch
of wild wind
that carry music of birds
who cease to soar;
this feel&#8230;",RT @AChosenWord : Of rain showers & amp ; weepy fog of so ft light & amp ; aplomb hint o f wild wind that have a bun in the oven mu sic of birds who cease to soar ; this feel&#8230 ;,__label__2,74,8,True
Some Douche cubs redneck cubs fan freaked out asking if bites..... No you bloody BERK!!! He's like the&#8230; http://t.co/ulc6CMVtki,Some Douche cubs redneck cubs fan freaked out askig if bite s..... N o y ou boody BE RK!!! He's like the&#8230; http://t.co/ulc6CMVtki,__label__2,54,9,True
RT @alec_tiano: @Vinnyrants Happy birthday fag boy,RT @alec_tiano : @Vinnyrants Happy birthdy fag boy,__label__2,14,2,True
"RT @Garin: ""A day without laughter is a day wasted."" 

~Charlie Chaplin","RT @arin : "" A d ay withuot laughter live a d ay wasted. "" ~Charlie Chaplin",__label__2,50,11,True
"RT @Oreo: Woah, the depth of this Ollusion is unreal. #Ollusions http://t.co/fuiVThvZyN","RT @Oreo: Woah, the depth of this Ollusion is unreal. # Ollusions http://t.co/fuiVThvZyN",__label__1,8,1,True
@AyyMartt bitch where you been,@AyyMartt b itch where you been,__label__2,9,1,True
RT @FunnySayings: &#8220;you&#8217;re a bitch&#8221; that&#8217;s new information thanks,RT @FunnySayings : & # 8220;you&#8217;re a bitch&#8221 ; that&#8217;s new information thnks,__label__1,18,1,True
@brianabrazilian oh... my phone is some trash! but you knew that!,@brianabrazilian oh... my phon e is so me tarsh! but you knew that!,__label__2,34,6,True
RT @CP24: Reports say female victim was shot while waiting for an Oreo McFlurry,RT @CP24 : Reports say female vctim was shot while ready and waiting for a n Oreo McFlurry,__label__1,29,3,True
"SOO guys those tweets are bullshit. Be you.. And if the bitch ""is to stupid what she wants"" then she not stupid It's that she doesn't want u","SOO guys those tweets are bullshit. equal yo u.. And if the bitch "" is to supid what she wants "" then she not stuid It 's that she does n't want u",__label__1,55,5,True
Looks as if Federal Gun Laws to be proposed this week lack #AWB. Hope the #media and #antigun crowd choke on crow.,Looks a s i f Federal Gun Laws to be proposed tis we ek l@ck # AWB. Hope the #media and #antigun crowd choke on crow.,__label__1,45,6,True
RT @lilduval: Maaan these hoes be photoshopping RT @007M_H: @lilduval damn you suppose to be that nigga. How you get catfished,RT @lilduval: Maaan these hoes be photoshopping RT @007M_H: @lilduval damn you supp0se to b e that nigga. How you get catfished,__label__1,19,2,True
"No one has even eaten a Twinkie in, like, decades.","atomic number 102 one has even eaten a Twinkie in, like, decades.",__label__1,21,1,True
hahaha my girl just popped on a bitch like a Molly haha,hahaha my girl just popped on a bitch like a Molly haha,__label__2,3,0,False
@mingtong007 you still are a cunt,@mingtong007 you stll are a cunt,__label__2,11,1,True
Then bitches gon fuck just because money long .,Then bitches gon fuck just because money long.,__label__2,53,9,False
RT @MrPerfect_22: Most of these niggas go broke for these hoes !!,RT @MrPerfect_22 : Most of these niggas go brke for these hoe!!,__label__1,24,2,True
&#8220;@Goldmind___: Smoke good weed with a bad bitch&#8221;&#128079;,& # 8220;@Goldmind ___ : Smoke good weed with a bad bitch&#8221;&#128079;,__label__1,22,5,True
You can expect me to be a total bitch towards you now yet again.,You can expect me to be a t otal bitch towards you now yet again.,__label__1,19,1,True
@GrizzboAdams @wyattnuckels fuck you bruh you didn't show up fucking pussy,@GrizzboAdams @wyattnuckels fuck you bruh y ou did n't shw up fucking pusy,__label__2,32,4,True
"you know what they say, the early bird gets the worm. *puts gummy worms in your morning coffee*","y ou know what they say, the e arly brd ges the worn. *puts gummy worms in your morning coffee*",__label__2,45,8,True
"Rev. Charlie Rangel: What Unions Stand For Are &#8220;Spiritual Damn Things&#8221;&#8230; LIKE INFLATABLE RATS. 

 http://t.co/2nmrLDvIgB",Rev. Charlie Rangel : What Unions Stand For Are & # 8220;Spiritual Damn Things&#8221;&#8230 ; LIKE INFLATABLE RATS. http://t.co/2nmrLDvgB,__label__1,31,2,True
@NFLonFOX Random thought - If a bird crossing the path of a FG try were impacted by ball causing it to deflect off course. Re-kick or miss?,@NFLonFOX Random thought - If a bird crossing the path of a F G tr y were impacted by ball causing it to deflect off course. R e - kick Oregon mis s?,__label__1,64,8,True
@TheMayorMatt @Frizzle18 I like where ur domes at #smart,@TheMayorMatt @Frizzle18 I like wh3re u r domes @t # smatr,__label__2,29,4,True
@georgiathenewsa @Rosaalbae your tits may be better looking but her face makes you like a Asian or Latina tranny #facts,@georgiathenewsa @Rosaalbae your tits may be better looking bu t her face makes you like a Asian or Latina tranny # facts,__label__1,25,1,True
"RT @alex_gtz13: Cause I'm as free as a bird now, and this bird you can not change &#127926;","RT @alex_gtz13 : Cause I 'm as free a s a bird now, and this skirt you can not change & # 127926 ;",__label__1,34,3,True
@KxRxSxB haha alright well you gotta get here and see this bitch haha you'll scare the shit outta him I already have,@KxRxSxB haha alright well you pose ta get here and see ths bitch ha ha you 'll scare the shit outta him I already have,__label__2,38,3,True
My bf @iamthedannibal loves crows. Thought he might enjoy the last tweet!,My bf @iamthedannibal loves crows. Thought he might e njoy the last tweet!,__label__1,13,1,True
RT @wwwobert_: New avi thanks to b Oreo,RT @wwwobert _ : New avi thaks to b Oreo,__label__2,15,1,True
&#8220;@Tom_2Times: Making weed brownies tonight&#8221; goin slide me a batch relo,& # 8220;@Tom_2Times : Making wee d brownies tonight&#8221 ; goin slide me a batch relo,__label__1,20,2,True
Big Red and fat squaw ...lol my hubby is so funny!! #insidejoke,Big Red and f at squaw... lol my hubby is so funny!! #insidejoke,__label__2,54,8,True
@THEHermanCain @redskins I'm not a liberal &amp; I support changing the name. It transcends standard political grandstanding.,@THEHermanCain @redskins I 'm no t a liberal & amp ; I suppot ever-changing the name. It transcends standard political grandstanding.,__label__1,32,3,True
RT @LilReese300: @trippygalll @StoneCold__ bum ass bitch u look like a hype Thot ass u a hot ready dirty ho &#128514;,RT @LilReese300 : @trippygalll @StoneCold _ _ bum ass bitch u look lik3 a hyp e Thot ass u a hot ready dirty ho & # 128514 ;,__label__1,36,2,True
LMAOOOOOOO RT @DontCallMeKyrie *Record Scratches* RT @chinitaaah_: Damn Twitter famous bitches out hea strippin!? &#128557;&#128557; http://t.co/BLrN8dzyA3,LMAOOOOOOO RT @DontCallMeKyrie *Record Scratches* RT @chinitaaah_: Damn Twitter famus bitches out hea stripin!? &#128557;&#128557; http://t.co/BLrN8dzyA3,__label__2,31,4,True
One of the world's most prominent Jihadi forums just got shut down &#8594; http://t.co/9vafK90DOU,One of the world 's most prominent Jihadi meeting place just got shut down & # 8594 ; http://t.co/9vafK90DOU,__label__1,26,1,True
"Hold all your ghetto labeled and endorsed vodka brands, you can rum me silly any day. 

#ShiverMeTimbers","Hold all your ghteto labeled and endorsed vodka brands, you can rum me si lly any day. # ShiverMeTimbers",__label__1,43,6,True
RT @BasedPaco: The NFL is very equal this season everybody showed glimpses of being trash,RT @BasedPaco : The NFL is very equal this season everybody shwed coup d'oeil of being trash,__label__1,31,3,True
Karma is a bitch,Karma i$ a bi tch,__label__2,14,3,True
@Rene_gadeCowboy Of course. I was being bitch. Learned from my mom how to make a guy feel like he's 1 foot tall.,@Rene_gdeCowboy Of curse. I wa$ b eing bitch. Learned from my mom how to make a gu y feel like h e 's 1 foot tall.,__label__1,73,12,True
Breakfast fried chicken jerk chicken Tater tots white rice nd press yellow rice nd beans Mac nd cheese http://t.co/Usz8gJnZl0,Breakfast frie d chicken jerk chicken Tater to ts snowy ri ce nd press yellow rice nd beans Mac nd cheese http://t.co/Usz8gJnZl0,__label__1,33,4,True
Fuck these hoes im gone &#9996;&#65039;,Fuck these hes i m gone & # 9996;&#65039 ;,__label__1,16,2,True
@derek_gatewood it's not ghetto you fool.,@derek_gatewood i t 's no t ghetto you fool.,__label__1,28,5,True
RT @PatVPeters: Texas ranchers: Terrorists reportedly caught at border; feds clam up http://t.co/1vynD9zbpH,RT @PatVPeters : Texa s ranchers : Terrorists reportedly caught at border ; feds clm up http://t.co/1vynD9zbpH,__label__1,27,3,True
@Conrad_MLG im goin now so be expecting to get slept faggot,@Conrad_MLG i m go1n now so be expecting to get sl ept faggot,__label__2,21,2,True
"&#8220;@iTweet4UglyPpl: &#8220;@KirbyMouf: No one wants an ugly nigga, so you've got him all to yourself. No more stressing over hoes&#8221; &lt;-&#8221; lies !","& # 8220;@iTweet4UglyPpl : & # 8220;@KirbyMouf : No one wants an ugly nigga, so you 've got him all to yourself. N o more than stressing ove r hoes&#221 ; & lt;-&#8221 ; lies!",__label__1,80,12,True
RT @L3tsVibe: Keys open doors when them keys is albino,RT @L3tsVibe : Keys ope n doors when thm keys is albino,__label__2,21,2,True
RT @xDSmooth: I asked @1BookieG what's the definition of a preppy white girl and this niggah said Starbucks,RT @xDSmooth : I asked @1BookieG what 's the definiton o f a preppy white missy and this niggah sai d Starbucks,__label__1,40,5,True
RT @Baseball_Photos: A 17 year old girl once struck out Babe Ruth and Lou Gehrig back to back and was banned from baseball for it #Yankees &#8230;,RT @Baseball_Photos : A 17 year old girl once struck out Babe Ruth and Lou Gehrig back to back and was baned from baseball for it # Yankees & # 8230 ;,__label__1,37,1,True
"@caritoguey 02' Charcoal 7s are pre-owned, no sole wear or scuffs Size 10.5, Cherry 12's DS size 11.5","@caritoguey 02 ' Charcoal 7s are pre - owned, n o sol e wear or scuffs Size 10.5, Cherry 12 's DS size 11.5",__label__1,33,2,True
RT @DedePayton: On the low RT @mzlola_bunny: They're really looking for the next bitch to smash,RT @DedePayton : On the l ow RT @mzlola_bunny : They 're genuinely look1ng for the next bitch to smash,__label__1,33,3,True
Fuck this fuckin bitch and her stupid analysis bullshit,Fuck tis fuckin bitch and her stupid analsis bullshit,__label__1,57,9,False
RT @ThatsFoodPorn: Oreo Donut http://t.co/obytemi3Ed,RT @ThatsFoodPorn : oreo cookie Donut http://t.co/obytemi3Ed,__label__1,14,1,True
some call me the song bird of my generation,some cry m e the song bird of my generation,__label__1,23,3,True
The republican teabaggers hate this but screw em. http://t.co/6iutHYvhQm,T he republicn teabaggers hat e th is but srew em. http://t.co/6iutHYvhQm,__label__1,34,5,True
"Shy singer surprises and melts Simons heart: http://t.co/RbCWsvvdJY 

This was so damn beautiful! I almost cried!!",Shy singer surprises and melts Simons heart: http://t.co/RbCWsvvdJY Thi$ was s o damn beautiful! I amost c ried!!,__label__2,47,10,True
@McKinseey the grass is greener on the other side of the fence of course it's also a soggy septic field,@McKinseey the grass is greener on the other side o f the fence o f grade it 's al so a soggy septic field,__label__2,40,4,True
"' Nah I ain't no hoe niggah , no bitch niggah , rich Niggah with the shits Niggah Getchu chipped niggah .","' Nah I a i n't n o hoe niggah, nobelium bitch niggah, rich Nggah with the shits Niggah Getchu chipepd niggah.",__label__1,47,5,True
remember when the dude who played young ned followed my youtube channel. this was when i actually used my youtube for more than favorites,remember when the dude who played young ned followed my youtube channel. this was when i actulaly used my youtue f or more than favories,__label__2,33,5,True
RT @TinyTino842: @triple6em96 I call all women bitches get over it,RT @TinyTino842 : @triple6em96 I call all women bitches get over information technology,__label__2,20,1,True
"Can't wait till I get my full appetite back. Only ate a half ghetto sandwich. No lettuce, no nothing.","Can't wait till I get my full appetite back. Only a te a half ghetto sandwich. no more kale, no more goose egg.",__label__1,42,7,True
"When people label their name on there ghetto nano&lt;&lt;&lt;&lt;&lt; 

@StephyRae7",When people label their nae o n there ghetto nano&lt;&lt;&lt;&lt;&lt ; @StephyRae7,__label__1,20,2,True
RT @ImNeverChillin: You bitches are so inconsiderate smh http://t.co/EInVs4YqpF,RT @ImNeverChillin : You bitches a re thusly inconsiderate smh http://t.co/EInVs4YqpF,__label__1,19,2,True
"RT @VandTRailroad: #DidYouKnow: The Comstock Lode was a boon 4 @VirginiaCity as it grew 2 20,000 ppl &amp; became 1 of the largest &amp; wealthiest&#8230;","RT @VandTRailroad : # DidYouKnow : The Comstock Lode was a boon 4 @VirginiaCity as it gr ew 2 20,000 p pl & amp ; became 1 of the largest & amp ; wealthiest&#8230 ;",__label__2,42,2,True
Fucking pussy bruh lol,Fucking pussy bruh lo l,__label__2,8,1,True
&#8220;@WavyGodd: I don't like a ghetto female&#8221;&#128567;&#128078;,& # 8220;@WavyGodd : I do n't lik e a ghetto female&#8221;&#128567;&#128078 ;,__label__1,16,1,True
I'm hooked on monkey phonics.,I 'm hooed on monkey phonics.,__label__2,12,1,True
"""@MotherJones: 10 birds your grandkids may never see, thanks to climate change http://t.co/XqmXHkAsWt http://t.co/RbITeGRnhm"" #Climate",""" @MotherJones : 10 birds your grandkids m ay never see, thaks t0 climate change http://t.co/XqmXHkAsWt http://t.co/RbITeGRnhm "" # Climate",__label__2,34,3,True
RT @rcooley123: Bill Maher mocks gullible America for missing the real enemy http://t.co/ApnsVg35Uf,RT @rcooley123 : Bill Maher mocks green America for missign t he real enemy http://t.co/ApnsVg35Uf,__label__1,28,3,True
Got to 18 on flappy bird...,Got to 18 on flappy brd...,__label__1,17,2,True
"@vivaalakatyy &#128514;&#128514;&#128514;&#128514;&#128514; oh my gosh why are so so cute?!
FA LA LA LA LA LA LA LA LA bitch &#128536;",@vivaa1akatyy & # 128514;&#128514;&#128514;&#128514;&#128514 ; oh my g osh why are so so cute?! FA LA LA LA LA LA LA LA LA bitch &#128536;,__label__1,35,6,True
"RT @KyleKallgren: You know how in superhero stories the best insult for superheroes dumb mooks can come up with is ""do-gooder?"" #whiteknight","RT @KyleKallgren : You know how in superhero stories the best inslt for superheroes dumb mooks can come up with is "" do - gooder? "" # whiteknight",__label__1,42,3,True
"Note: Khorasan is the old Arabic name for parts of Iran, Afghanistan. Not an invention of modern Jihadis. #justsayin","Note: Khorasan is the old Arabic name for parts of Iran, Afghanistan. Not an invention of mdern Jihadis. #justsayin",__label__2,14,1,True
Sometimes I feel like being really nice to everyone then I'm just like wait you're all bitches anyway soooo,Sometimes I feel like being relaly ni ce t0 eveyrone then I 'm just lie wait you 're all bitches anyway soooo,__label__2,45,5,True
"&#8220;@Banqq_Jayy: ""@1Jayee: &#8220;@ItsKeeJay: I can't remember all the girls I've smashed &#128563;&#128584;&#8221; On God.&#128588;""hoe shit&#8221; Not technically, it takes &#9996;&#65039;.","& # 8220;@Banqq_Jayy : "" @1Jayee : & # 8220;@ItsKeeJay : I ca n't remember all the girls I 've smashed & # 128563;&#128584;&#8221 ; On God.&#128588;""hoe shit&#8221 ; Not technically, it takes & # 9996;&#65039 ;.",__label__1,43,1,True
@Salondotcom @FoolishReporter I can tell from this tweet that you're a twat.,@Salondotcom @FoolishReporter I can te ll fr om tis tweet that you 're a twat.,__label__1,28,3,True
Slap the bitch is fun...didnt know beer wasnt that bad,Slap the bitch is fun... didnt know beer was nt that bad,__label__1,19,1,True
@LilBTheBiggsGod @Abbey_Kirkland two birds with one stone Biggs.,@LilBTheBiggsGod @Abbey_Kikland two bi rds with one st one Biggs.,__label__1,24,4,True
@Midnight_Snacka bitch I don't want yo fat ass following me hoe,@Midnight_Snacka bitch I do n't want y o fat arse following m e hoe,__label__2,41,6,True
@RuizMaria15 you let me know then lol I'll go over and kill all them hoes,@RuizMaria15 you le t me know then lol I 'll go over and kill all them hoes,__label__1,20,1,True
"Aint this a bitch,! The power out from this shit.","Aint this a bitch,! The power out fr om t his shit.",__label__1,17,2,True
RT @jenebooks: I feel a lot of ppl trash talking indie for all sounding the same but i think any genre you're not v into tends to sound th &#8230;,RT @jenebooks: I feel a lot of ppl trash talking indie for all sounding the same but i thi nk any genre you 're not v into tends to sound th & # 8230 ;,__label__2,23,1,True
@ClicquotSuave the new nip dropped today rii?,@licquotSuave the ne w tang dropped today rii?,__label__2,32,5,True
I have no clothes that make me look like a redneck but I tried my best &#128514;,I have n o clothes that make me look lik3 a redneck but I tried my best & # 128514 ;,__label__1,29,2,True
When mfs tell you who you talk to and it ain't true..like no bitch!,When mfs tell you who you talk t o and it ai n't t rue.. comparable no bitch!,__label__1,47,6,True
@holmes0786 only if its yellow cake &amp; chocolate frosting,@holmes0786 only i f its yellow cake & amp ; chocolate frosting,__label__1,15,1,True
Why the fuck are the @Yankees throwing batting practice tonight? Holy shit...,Why the fuck are the @Yankees throwing batting practie tonight? Holy shit...,__label__1,42,6,True
RT @JohnBishop100: Top tip of the day - if you want to be inconspicuous at an Elbow gig - don't wear a yellow jacket!! http://t.co/KQYiZmZb,R T @JohnBishop100 : Top tip of the day - if you want to be inconspicous at an Elobw gig - do n't wear a yellow jacket!! http://t.co/KQYiZmZb,__label__2,67,11,True
RT @Dino_FooL: Ima catfish a bitch with fake arms,RT @Dino_FooL : I m a catfish a bitch with fa ke arms,__label__1,16,1,True
@b_shiznitt wanted me to let everyone know he downloaded the whole Acoustic Justin Bieber album #fag,@b_shiznitt wanted me t o let everyone experience he downloaded the whole Acoustic Justin Bieber album # fa g,__label__2,36,4,True
"I would went in on that ref hell, with a post game interview saying he called me sad and trash.","I would went in on that ref hell, with a post game interview saying he called me s ad and methamphetamine.",__label__2,119,22,False
"""@gurl_Im_Angie: @ItsKiaraaaa @WestYourMajesty I'm not even shy stfu"" kikis mom: Hi angelique 
Angelique: Smiles *Dips cracker in soup*",""" @gurl_Im_Angie : @ItsKiaraaaa @WestYourMajesty I 'm n ot even shy stfu "" kikis mom : Hi angelique Angelique : Smiles * Dips cracker in soup *",__label__1,30,1,True
Conan Obrien needs to get a life with that $80 million..monkey food maybe.,Conan Obrien needs to get a life with that $80 million..monkey food maybe.,__label__1,93,17,False
Embrace it. Love it. Flip this group of mine runoff water colored turds off and make a pick.,espouse i t. Lov e i t. Flip this group of mine runoff water colored turds off and mak e a pick.,__label__1,51,7,True
RT @TEL1967: Darn trash man he beat me to the good stuff again. http://t.co/vdDJQ4l0mg,RT @TEL1967 : Darn trash man he beat me to the good stuff again. htpt://t.co/vdDJQ4l0 atomic number 12,__label__1,22,3,True
Fuk dat bitch lol @dropolo voice,Fuk dat bitch lol @dropolo voiec,__label__1,17,2,True
Where the hoes at...,W here the hos at...,__label__1,19,3,True
RT @ItsFoodPorn: Oreo Ice Cream Cake http://t.co/Qpde1L6zAi,RT @ItsFoodPorn : Oreo Ice Cream Cak e http://t.co/Qpde1L6zAi,__label__1,23,4,True
Monkey see monkey doo,Mnkey see monkey doo,__label__1,14,2,True
Step Up All In was so horrible that bitch went straight to dvd &#128514;&#128514;&#128514;,Step Up All In was so hrrible that bitch went straight to dvd & # 128514;&#128514;&#128514 ;,__label__1,22,1,True
I actually get on with Erin and think she's really nice bit you're so two faced and bitch about her all the time... #nasty,I actually get on with Erin and think she 's actually ni ce bit you 're so two faced and bitch about her all the time... #nasty,__label__2,36,2,True
@kimcampano &#128553;&#128557;&#128557; bitches needa take notes,@kimcampano & # 128553;&#12857;&#128557 ; bitches needa tae notse,__label__2,24,3,True
&#8220;@JukeJuke_9: Lance Stevenson gone leave Indiana&#8221; he trash anyway,& # 8220;@JukeJuke_9 : Lance Stevenson gone leave Indiana&#8221 ; he tra sh anyway,__label__1,17,1,True
RT @BlackNerdJade: RT @fivefifths: Hell wrong with yall? RT @TwanTargaryen: Pecan pie AND sweet potato pie trash. http://t.co/hH50P5pytX,RT @BlackNerdJade : RT @fivefifths : Hell wrng with y all? RT @TwanTargaryen: Pecan pie AND sweet potato pie trash. http://t.co/hH50Pp5ytX,__label__1,26,2,True
Nah @PrimeTimeLewis really the man at BG breh nigga got random bitches at the bar coming up to me like I attend the university this is crazy,Nah @PrimeTimeLewis really the man at BG breh nigga got rndom bitches at the bar coming up to me like I attend the university this is crazy,__label__1,32,1,True
RT @TasteMyGayness: That moment the pussy too good &amp; u gotta slow that stroke down! https://t.co/R4fLDz5SiN,RT @TasteMyGayness : That moment the pussy too good & amp ; u got ta slow that stroke down! https://t.co/R4fLDzS5iN,__label__1,32,2,True
@JacobbBacker @fucktyler Tyler isn't shit faggot go listen to some real music,@JacobbBacker @fucktyler Tyler is n't shit faggot go listen to some r eal musc,__label__1,23,2,True
"#metal only, honkies!","# met al on ly, homkies!",__label__1,21,4,True
"That last tweet was just song lyrics. I don't really like bad bitches, I like pretty chicks. Bad bitches cheat too easily and too often","That last tweet was just song lyrics. I don't really like bad bitches, I like pretty chicks. Bad bitches cheat t oo easy an d to o often",__label__1,29,4,True
RT @CHlLDHOODRUINER: taking out the trash at night http://t.co/UhXTOgP4jZ,RT @CHlLDHOODRUINER : taking out t he tash at night http://t.co/UhXTOgP4jZ,__label__1,19,2,True
REPUBLICANS TAKE MASSACHUSETTS GOVERNORSHIP: Coakley Conceds Gov. Race To Charlie Baker&#8230;. http://t.co/unfdQCQHyK,REPUBLICANS TAKE MASSACHUSETTS GOVERNORSHIP: Coakley Conceds Gov. Rac e To Charlie Baker&#8230 ;. http://t.co/unfdQCQHyK,__label__1,22,2,True
RT @zippy1981: @voretaq7 from a TDD POV linux is just a mock for the kernel of the GNU/HURD system.,RT @zippy1981 : @voretaq7 from a TDD POV linux i s jut a m ock for the kernel of the GNU / HURD system.,__label__1,38,4,True
Cheer up Charlie.,Chee r upwards Charlie.,__label__1,23,4,False
@TheTrackMamba gator bait &#128010;&#128548;,@TheTrackMamba gator b ait & # 128010;&#128548 ;,__label__1,11,1,True
This white bitch dressed as the devil at my job. Oh the irony lol,This white bitch dressed as the devil at my job. Oh the ir ony lol,__label__1,9,1,True
Stop rt'ing Celtics trash please,Stp rt'ing Celtic language tra sh pleas3,__label__1,33,5,False
I laugh at this bitch,I laug h at this bitch,__label__1,9,1,True
These hoes get thick n fat confused way more than often!!!!!!!!,These hoe s get thick n fatty confused way to a greater extent tha n often!!!!!!!!,__label__1,47,13,True
&#8220;@PrettyxEyes: FYI http://t.co/R9JUoT4bGQ&#8221; my favorite type of bitches.,& # 8220;@PrettyxEyes : FYI http://t.co/R9JUoT4bGQ&#8221 ; my favorte type of bitches.,__label__2,18,1,True
@GarciaC28 those nudes were trash &#128514;&#128514;&#128514;&#128557;&#128557;&#128557;&#128557;,@GarciaC28 those nudes were tr ash & # 128514;&#128514;&#128514;&#128557;&#128557;&#128557;&#128557 ;,__label__1,13,1,True
"@MarieJoseGMH @DWB666 @seahopke @zenterrorist86 tegenwoordig weet je ook al niet wat voor vlees je eet,voor je t weet is t zebra of een aap","@MarieJoseGMH @DWB666 @seahopke @zenterrorist86 tegenwoordig weet je ook al niet wat voor vlees je eet, voo r je t weet is t zebra 0f een aap",__label__2,50,6,True
RT @harrryaf: being a good citizen picking up trash (: http://t.co/PMFR5eopwO,R T @harrryaf : being a well citizen picking astir trash (: http://t.co/PMFR5eopwO,__label__1,67,12,False
f u tumblr bc my blog is black &amp; white but there's so many great colored things I could reblog fml,f u tumblr b c my blo g is black & amp ; white but there 's so m any g reat distort things I could reblog fml,__label__2,48,5,True
RT @BlasianBytch: @graceishuman @rhiannonrevolts yellow face and it's a no.,RT @BlasianBytch : @grceishuman @rhiannonrevolts yellow face and it '$ a mo.,__label__2,29,4,True
"@Morning_Joe If NBC has elected you to be a spokesman for NBC they are in a lot of trouble. I and friends will no longer watch NBC trash

1",@Morning_Joe If NBC has elected you to be a spokesman for NBC they are in a lot of trouble. I and friends will mo longer watch NBC trash 1,__label__1,18,1,True
"""@thebravebird: #YoureNotMyType if my fade is perpetually fresher than yours."" That's a real ass bitch rite there","""@thebravebird: #YoureNotMyType if my fade is perpetually fresher than yours."" That 's a real @ss bith rite there",__label__2,19,2,True
"""Is that an albino Mexican?""
""No dad, he's Asian.""","""Is that an albino Mexican?"" "" No d ad, h e 's Asian. """,__label__1,22,5,True
I'm sick as fuck... this shit is for the birds,I 'm s1ck as fuck... this shit is fo r the birds,__label__1,21,2,True
&#128027;=&#128176;&#128184; &#8220;@GOALSminded: its true that the early bird.. gets the worm first!&#8221;,& # 128027;=&#128176;&#128184 ; & # 8220;@GOALSminded : its tre that the early bird.. cause the worm first!&#8221 ;,__label__2,35,3,True
RT @Opatz1: Fuck michelle obama. That monkey doesnt belong in the white house,RT @Opatz1: Fuck michelle obama. That monkey does n t go in the white house,__label__1,24,3,True
@MyButtSweats ay nigguh so when ya coming back,@MyButtSweats ay nigguh so when ya coming bck,__label__2,13,1,True
This. Good. #pricklypear #shiner http://t.co/clfJKT4IZ4,Thi$. Go od. # pricklypear # shner http://t.co/clfJKT4IZ4,__label__1,30,5,True
These hoes ain't loyal RT @ArzySauced: @ItsNotHarold man thats the realest shirt i seen tonight. A chick with a flip phone robbed me,These hoes ain't loyal RT @ArzySauced: @ItsNotHarold man thats the realest shirt i seen tonight. A dame wit h a flip phone plume me,__label__1,23,3,True
Stop giving these hoes half azz Dick plow it deep make her scream nd cream http://t.co/hwBWj9ui,Stop giivng these hoes hlf azz Dick cover it deep make her wow nd cream http://t.co/hwBWj9ui,__label__1,39,4,True
@ImpactParasite just fuckin roasted this faggot,@ImpactParasite jut fuckin roasted this faggot,__label__1,16,2,True
RT @NaturalBadAssss: Phat pussy is the best pussy &#128526;,RT @NaturalBadAssss: Phat p ussy is th3 bst pu ssy & # 128526 ;,__label__2,35,5,True
Fat ass hoe holding up the machine,Fat ass hoe holdng up the machine,__label__2,12,1,True
&#128514;&#128557; I have to explore the pussy out there @Austin__321 http://t.co/GER0IPaBPA,& # 128514;&#128557 ; I have to exlore the pussy out tehre @Austin__321 http://t.co/GER0IPaBPA,__label__2,25,2,True
Man arrested after 40 opened nip bottles of vodka found in car http://t.co/VtusSbGHbR,Man arrestd af ter 40 opened nip bottles of vodka found in car http://t.co/VtusSbGHbR,__label__1,22,2,True
RT @KerstinAnn_22: &#8220;@XxDopenessxX: This bitch is too real LOOOOOOL http://t.co/JTSNtWPLwR&#8221; yaga !!!!&#8221;&#8221; &#128514;&#128514;&#128514;&#128514;&#128514;&#128514;&#128514;&#128514;,RT @KerstinAnn_22: &#8220;@XxDopenessxX: This bitch 1s to0 real LOOOOOLO http://t.co/JTSNtWPLwR&#8221 ; yaga!!!!&#8221;&#8221; &#128514;&#128514;&#128514;&#128514;&#128514;&#128514;&#128514;&#128514;,__label__1,35,4,True
I hate when people organize plans and you end up reaching the destination before them...bitch don't ask me if I'm here,I hate when pe0ple organize plans and you end up reaching the destination before them... b itch do n't ask ne if I 'm here,__label__2,44,4,True
just noticed some trash on my notification page i had to clean up,just noticed some tr ash on my notification page i had t o clean up,__label__1,22,2,True
This niggah know wassup,This nigah knw wasspu,__label__1,24,4,True
"You mad cuz I was in the van with yo bitch
With both hands on her tits",You mad cuz I was in the v@n with yo bellyache With both hands on her tits,__label__2,29,2,True
@SSickStory Lester tried to eat your bird,@SSickStory Lester t ried to eat your bird,__label__1,11,1,True
@Brenddan_ wow!!! Are you comin back up here? &#128514;&#128514;&#128514;&#128514; they some bitch niggas,@Brenddan_ wow!!! Are you comin back up here? & # 128514;&#128514;&#128514;&#128514 ; they $ome beef niggas,__label__2,22,2,True
What time jamboree start Thursday. So I ca smile for the ugly hoes. &#128514;&#128128;,What time jamboree start Thursday. S o I c a smile for t he ugly hoe s. &#128514;&#128128;,__label__2,37,7,True
@mightyfar they need to stop picking up UFCs trash though and build up there own fighters more.,@mightyar they need t o stop picking up UFCs trash though and build up there own champion more.,__label__1,37,4,True
"RT @TheDouch3: Most overused hoe excuses
1. It's just lyrics
2. My friends party so I party 
3. Men do it too
4. And vice versa
5. I was yo&#8230;",RT @TheDouch3: Most overused hoe excuses 1. It's just lyrics 2. My friends party so I party 3. Me n cause it t oo 4. And vice versa 5. I was yo&#8230;,__label__1,32,6,True
@treagle05 early bird gets the worm tomcat,@treagle05 early bird g ets the worm tomcat,__label__2,11,1,True
Pillow talkin to your hoe hatin on a nigga you might lose ya chick like that !!!!!,Pillow talkin to your hoe h atin on a nigga you might lose ya chick like that!!!!!,__label__2,25,1,True
Kentucky Fried cater to da white folk. No colored menu,Kentucky Frie d caer t o da white fo lk. No colored menu,__label__1,29,5,True
RT @LHT_519: when ya side hoe playing too much &amp; all you want is head /// https://t.co/7eALhuTA02,RT @LHT_519 : when ya side hoe playing too much & amp ; all y ou wan t is head /// https://t.co/7eALhuTA02,__label__1,29,2,True
&#8220;@prettycha305: Group chat bitches we call yall undercover Feds &#128110;&#128110;&#128110; watching everybody&#8221;,& # 8220;@prettycha305 : Group chat bitches w e call y all undercover Feds & # 128110;&#128110;&#128110 ; watching everybody&#8221 ;,__label__2,24,1,True
Chill bitch we ain't in love,Chill bich we ai n't in love,__label__2,12,1,True
RT @beethetranny: can we please stop talking about how some scumbag faggots mugshot is sexy? you dumb whores.,RT @beethetranny : can we plase stop talking about h ow some scumbag faggots mugshot is sexy? yo u d umb sporting lady.,__label__1,59,9,True
"@thetoddshow 
Y'all ain't gots no colored folk on da show. I tinks dats be racist and shit #TheToddShow",@thetoddshow Y'all ai n't gots no more colored folk on d a show. I ti nks das b e raci$t and shit # TheTodd$how,__label__1,69,11,True
RT @emilyBOOMBOOM: Its 3am. And your man is with his other bitch. A computer. And you really cannot fucking compete.,RT @emilyBOOMBOOM : Its 3 a m. And your man is with his other bitch. A compuetr. And yo u really can non fucking compete.,__label__1,70,12,True
This 8 yr old on #masterchefjunior made my chicken look like trash.,This 8 yr ol d on # masterchefjunior made my chicken lok like trsah.,__label__1,34,5,True
"@QVC strawberry shortcake. Stacked with whipped cream, yellow spunge-cake, &amp; sliced #strawberries freshly picked from the farm w/ my kids.","@QVC strawberry shortcake. Stacked w ith whipped cream, yellow spunge - cake, & amp ; slced # strawberries freshly picked from the fam w/ my kids.",__label__2,70,12,True
@sippey That's where birds came from.,@sippey Tha t 's where bir ds ca me from.,__label__1,23,4,True
RT @StayyeGolden: &#8220;@vivalakristia: Everybody that's still on Facebook ghetto or pregnant idc.&#8221;accurate,RT @StayyeGolden : & # 8220;@vivalakristia : Everybody that 's sti1l on Facebook ghetto or pregnant idc.&#8221;accurate,__label__1,24,1,True
When Jake was mad happy and hugged muscle faced Renee Russo at the end of 1 I was like yeah them bitches bout to win it all!!!,When Jake was unbalanced hapyp and hugged muscle faced Renee Russo at the end of 1 I was like yeah them bitches bout to win it all!!!,__label__2,33,2,True
"RT @pop_ruth: I'm a little teapot short and Irish 
@onedirection artist of the year #AMAs
#EMABiggestFans1D http://t.co/9O1zfvlezV",RT @pop_ruth : I 'm a short teapot short and Irish @onedirection artist of the yea r # AMAs # EMABiggestFans1D http://t.co/9O1zfvlezV,__label__2,31,3,True
@Mana_Lynn I smiled first and then you mugged . So of course ima mugg back. Can't bitch out lol,@Mana_Lynn I smiled first and then you mugged . So of course ima mugg back. C a n't bith out l ol,__label__2,26,4,True
"All these afternoon groups are trash besides the Bubba, Keegs and Furyk group #TheMemorialTournament","All these afternoon groups are tr ash besides the Bubba, Keegs and Furyk group # TheMemorialTournament",__label__1,20,1,True
RT @Comp10Tx: Rihanna really is trash,RT @Comp10Tx : Rihanna really is tash,__label__1,12,1,True
"@DarthMaverick7 @Xcntrik @religulous @chrispyosh Rather than believe that there was a man who was the very definition of good, u mock it.","@DarthMaverick7 @Xcntrik @eligulous @chrispyosh Rather than believe t hat t here was a man who was the ve ry definition of good, u mo ck 1t.",__label__1,64,9,True
RT @Yannapyt: it ain't nothing to cut that bitch off &#127908;&#127911;,RT @Yannapyt : it a i n't aught to cut that bitch off & # 127908;&#127911 ;,__label__1,25,2,True
"#porn,#android,#iphone,#ipad,#sex,#xxx, | #SmallTits | Small tits ghetto whore fucking with not her stepdad http://t.co/Ay6gRNTOUw","# porn,#android,#iphone,#ipad,#sex,#xxx, | # SmallTits | Small tits ghetto who re fucking with non he r stepdad http://.tco/Ay6gRNTOUw",__label__1,38,6,True
"RT @Slanguage: Stop flattering yourself, bitch. The only fan you have is on your ceiling.","RT @Slanguage: Stop flattering yourself, bitch. The only fan you throw is on your ceiling.",__label__2,19,1,True
Pretty muthafucka pull up in this bitch like,Pretty muthafucka pul up in this bitch l ike,__label__2,23,3,True
that bitch looked wierd !&#128514;,that bitch looked wied! & # 128514 ;,__label__1,14,1,True
@StunningStina their tortillas are trash though.,@StunningStina thei r tortilla are tras h though.,__label__1,31,5,True
That front flip was trash. That's how I front flip into the swimming pool and land on my back every time.,That front flip was trash. That 's how I f ront flip int o the swimming pool and land on my bak every time.,__label__2,38,4,True
Already more yellows than the last 2 years combined #IndyCar #Honda200,Alredy more yellows than the finish 2 years cmobined # IndyCar # Honda200,__label__2,49,8,True
This 103 weather is a bitch,This 103 weater i$ a bitc h,__label__2,21,4,True
Its funny how these hoes will be texting yo phone all day and then 3 days later have a boyfriend &#128514;,Its funny how thee hoes will be texting yo phone all day and then 3 days lat3r have a b0yfriend & # 128514 ;,__label__2,44,4,True
we don't pay hoes... we don't save hoes,we don't pay hoes... we do n't sa ve hos,__label__1,15,2,True
I sho do miss my Uncle Tom,I sh o make out miss m y Uncle Tom,__label__2,21,3,True
Shy girls &gt;&gt;,Sh y gi rls & gt;&gt ;,__label__1,14,2,True
Use to trap them birds now I'm fly like a birdddd,utilise to tap them birds now I 'm fly like a brdddd,__label__1,31,4,True
I never seen a Asian or Chinese bitch pregnant ..shit I throught they kids just spawn like call of duty &#128514;&#128557;,I never seen a Asian or Chinese bitch pregnant ..shit I throught they kids jus t s pawn like call of duty & # 128514;&#128557 ;,__label__1,24,2,True
Bet Charlie Strong has contacted Ridley,Bet Charle Strong has contactd Ridley,__label__1,16,2,True
Brackin in da bity boolin wit sum bitches straight bleedin,Brackin in d a bity boolin wit sum bitches straight bleedin,__label__1,14,1,True
@Inkedup_Tiny ^___^ still should've walked over and said something pussy,@Inkedup_Tiny ^___^ still should 've walked over and sai d $omething psusy,__label__1,25,3,True
"Baby I'll whisper Vietnamese to you all soft like, ""ching... chong ting o long....""","Baby I ' ll whisper Vietnamese to you all soft like, "" ching... chong tng o long.... """,__label__1,35,3,True
RT @AC_Hussle: Bron pregame speeches be so trash though lmao,RT @AC_Hussle : Bron pregame speeches b e so tras h though lmao,__label__1,20,2,True
Jihadi John has struck again. Prayers with the victims' families. What is the #bounty on His head? Time 4 him 2 meet allah,Jihadi John has struck again. Prayes w ith the victims ' famlies. What is the #bounty on His head? Time 4 him 2 meet allah,__label__2,24,3,True
@BlackManUSA @chrislhayes well that's some cracker jack secret service work there. jfk anyone?,@BlackManUSA @chrislhayes wll that 's som3 cracker jack sceret service work there. jfk anyone?,__label__2,30,3,True
"RT @robertbevan77: It's like The Walking Dead, but with less Carl and more talking birds. ZOMBIE ATTACK!!! http://t.co/UOCsPyksSC http://t.&#8230;","RT @robertbevan77 : It 's like The Walking Dead, but with less Carl and more talking birds. ZMOBIE snipe!!! http://t.co/UOCsPyksSC http://t&.#8230 ;",__label__1,59,9,True
RT @domhowx: You know you're ugly when an ape was chosen as a man crush and you've never been http://t.co/DWPs7b4xJU,RT @domhowx : You know you 're ugy when an ape was chosen as a man crush and you 've never been http://t.co/DWPs7b4xJU,__label__1,28,1,True
Video: Charlie Baker campaign team denies contacting Gov. Patrick for meeting http://t.co/qHrA6OalRR,Video : Charlie Bak3r campaign team refuse contacting Gov. Patrick for meeting http://t.co/qHrA6OalR,__label__1,30,3,True
Will you sell that pussy for me ?,leave you se ll that pussy for Maine?,__label__1,32,5,True
"""It's the dykes"" -hunter dyke with a dyke http://t.co/LGtw3AWMeh",""" I t 's the dyes "" -hunter butch wih a dke http://t.co/LGtw3AWMeh",__label__1,45,9,True
Lol ike Turner http://t.co/8yNqYYaOjo,Lo1 ike Turnr http://t.co/8yNqYYaOjo,__label__1,27,4,False
"@TheRealTahiry lmao, your just a dumb hoe that budden made popular, please stop, your irrelevant and no one cares about you slut.","@TheRealTahiry lmao, your just a du mb hoe that budden made popular, please stop, your irrelveant and no one cares about you slut.",__label__1,35,2,True
Webbie to retarded,Webbei t o retared,__label__1,21,3,False
"Dad: Why are your eyes so red? Son: I smoked weed, Dad. Dad: Don't lie to me, you were crying because you are a faggot.","Dad: Why are your eyes so red? Son : I smoked we ed, Dad. Dad: Don't lie to me, you were crying because you are a faggot.",__label__1,14,1,True
I could b out here like some of these chicks...in the streets slingin pussy for a couple dollars but im not,I could b out here like some of thee chicks... in the streets slingin pussy for a duad dollars but i m not,__label__1,46,6,True
"RT @babyjaypops: ""@BreadTruckkBri: Why everybody sayin I don't listen &#128557;&#128514;&#128557;""u don't bitch u gone learn one day","RT @babyjaypops : "" @BreadTruckkBri : Why eevrybody sayin I do n't listen & # 128557;&#128514;&#128557;""u do n't bicth u gone learn one day",__label__2,35,2,True
I've told those bitches at the dentist about my gums receding for the past fuckin year and now they wanna warn me about it,I 've told those bitches at the dentist about my gums receding for the past fuckin ye ar and now they wanna warn me about 1t,__label__1,34,2,True
"@DRSlaten I view hackers on the same level as shoplifters - bitch slapped into the lake and held until drowning. Harsh, but yeah. Hate.","@DRSlaten I view hackers on the same level as shoplfiters - bitch slapped into th3 lake and held untli drowning. Harsh, but yeah. Hate.",__label__2,42,5,True
"@KellenDaniel along with the French blue and Buggs bunny VIIs, and the Oreo IVs. @LaJethroJenkins","@KellenDaniel along wth the French b lue an d Buggs bunny VIIs, and the Oreo IVs. @LaJethroJenkins",__label__2,31,3,True
@NotReallyGRyan think its cause she saw me doing biceps &#128527;&#128557;&#128514; lmao jk im still a bitch !&#128077;,@NotReallyGRyan think its cause s he saw me doing biceps & # 128527;&#128557;&#128514 ; lmao jk i m st ill a bitch! & # 128077 ;,__label__2,35,3,True
&#128563; RT @UBoyRock17: &#128557;&#128557;&#128557; these hoes selfish,& # 128563 ; RT @UBoyRock17 : & # 128557;&#128557;&#128557 ; these hoe s seflish,__label__1,23,2,True
@Lvl_7_Eevee @UnicornCowboy @hisorraya I just wanted brownies man,@Lvl_7_Eevee @UnicornCowboy @hisorraya I just wantde browines man,__label__2,19,2,True
#Ebola is a great metaphor for how #GOP #teaparty policies eat off of vital organs until the host dies. #Tcot #teabaggers,# Ebola follow a great metaphor for h ow # G OP # teaparty policies eat off of vital organs until the ho$t dies. #Tcot #teabaggers,__label__2,49,6,True
He's a pretty damn good actor. But as a gay man it's awesome to see an openly queer actor given the lead role for a major superhero film.,He '$ a fairly d amn god acor. But as a gay man it 's awesome to see an openly queer actor given the lead role for a major superhero film.,__label__2,70,9,True
"Col. Sanders, Part 2: ""...and those sons of bitches&#8212; they dragged it out and extended it and watered it down that I&#8217;m so goddamn mad!""","Col. Sanders, Part 2 : ""... and those sons of bitches&#8212 ; they dragged it out and extended it and waered it down that I&#8217;m so goddamn mad!""",__label__1,34,1,True
RT @Kyle_Lippert: If you buy tickets for Transformers 3D they just lock you in an aluminum trash can and toss you from an overpass into rus&#8230;,RT @Kyle_Lippert : If yo u buy tickets for Transformers 3D they just lock you in an aluminum tr@sh can and toss you from an overpass into rus&#8230 ;,__label__1,45,3,True
&#9733;@&#9733;@&#9733;@&#9733;@&#9733; GRAND OPENING ! &#9733;@&#9733;@&#9733;@&#9733;@&#9733; TOP CLASS &#9733; Oriental Massage &#9733; PERFECT !&#9733;/ http://t.co/ydZYr4dVS4,&#9733;@&#9733;@&#9733;@&#9733;@&#9733; GRAND OPENING ! &#9733;@&#9733;@&#9733;@&#9733;@&#9733; TOP CLASS &#9733; Oriental Massage &#9733; PERFECT !&#9733;/ http://t.co/ydZYr4dVS4,__label__2,113,29,False
If you not lickin toes you a basic bitch.. And I can't fuck with a basic bitch,If y ou not lickin toes you a basic bitch.. And I can't fuck with a basic bitch,__label__2,15,1,True
RT @ooxlexx: I can't stand to be around ghetto girls.&#128134;,RT @ooxlexx : I ca n't stand to beryllium around ghetto girls.&#128134 ;,__label__2,28,4,True
"People love to touch my hair ""ooo is this real?"" Yes bitch is yours?","People love to touch my hair ""ooo is this real?"" Ye$ bitch is yurs?",__label__2,30,5,False
#HappyColumbusDay !!!! If is wasn't for #America.................#KarlMarx would never have thought of sharing #colonialism with #injuns !!!,#HappyColumbusDay !!!! If is was n't for # America................. #KarlMarx would never have thought of sharing # colonialism with # injuns!!!,__label__2,28,1,True
Yo can you guys stop being little bitches just know everything happens for a reason of your meant to be you will be &#128079;,Yo can you guys stop being l1ttle bitches just know everything happens for a reaosn of your meant to be you will be & # 128079 ;,__label__1,39,3,True
RT @rose_shayna1: Never cared about how another bitch saw me. I know who I am,RT @rose_shayna1 : Never c ared a bout how another bitch saw me. I know who I am,__label__1,22,2,True
"RT @KapreceSun: where my 2 favorite jiggers at? @S_hawn24, @Satisfied_x ? &#128514;&#128514;&#128514; https://t.co/unNm233mFQ","RT @KapreceSun : where my 2 favorie jiggers at? @S_hawn24, @Satisfied_x ? &#128514;&#128514;&#128514; https://t.co/unNm233mFQ",__label__2,17,1,True
Brownies brownies brownies,Brownies brownis brownies,__label__2,21,3,False
RT @_MindAtEase: Fuck twerking bitch can you cook,RT @_MindAtEase : Fuck twerking bitch c@n you cook,__label__2,53,9,False
You know a bitch mad when she throw her drink &#128514; now she got to find another nigga to buy her another one,You know a bitch mad when she throw her drink & # 128514 ; n ow she got to find another nigga to buy her another one,__label__2,30,1,True
@ImSooooMad guess who's eating cracker b without you,@ImSooooMad gess who ' s eating cracker b wihout y ou,__label__1,29,5,True
Saw my dog humpin this female dog the other day. Now the female is waiting outside my door for a quick hook up. My dog gets bitches!,insure ny dog humpin th is female dog the other day. Now the female is waiting outside my door for a quick hook up. My dog gets bitches!,__label__1,32,4,True
She know my ex bitch she think she got next she fucced a gang of niggas threw that pussy off dec !,She know my ex bitch she think she got next she fucced a gang of niggas t hrew that pussy off dec!,__label__1,26,1,True
"RT @UrbanEngIish: ""I'm grown"" = Let me be a hoe in peace.","RT @UrbanEngIish : "" I 'm grown "" = L et me be a h0e in peace.",__label__1,29,5,True
"""@HBMostDope: @1Jayee @PipinHoes used to send that bitch up""",""" @HBMostDope : @1Jayee @PipinHoes us ed to send that bitch up """,__label__1,16,1,True
And my mom was really getting me a car smh hoe f u for dat,And my mom was really getting me a car s mh hoe f u for dat,__label__1,19,1,True
@nhatty_ice49ers thank you jackass zebras,@nhatty_ice49ers tha nk yo u jackass zebrsa,__label__2,21,3,True
Nipple banana monkey!,Nippe banana tree monk3y!,__label__1,21,3,True
"Welcome to the family, Mia Meli! #new #puppy #adorable #cute #fluffy #mutt #mybaby #girl http://t.co/a27C1XueZP","Welcone t o the fam1ly, M ia Meli! #new #puppy #adorable #cute #fluffy #mutt #mybaby #girl http://t.co/a27C1XueZP",__label__1,35,7,True
@Linnlondon1 I want some clams on the half shell :-) http://t.co/uFCAjNNQTZ,@Linnlondon1 I wan t some clams on the ha lf shell :-) http://t.co/FCAjNNQTZ,__label__1,27,3,True
&#8220;@muhlackk: I'm Trynna find a bitch with a fat ass&#8221;,& # 8220;@muhlackk : I 'm Trynna fid a bitch with a fat ass&#8221 ;,__label__1,21,2,True
"Sad that girls look up to Kim so much. Like damn she got famous from being a hoe, and making sex tapes. We need to find better role models.","Sad that girls look up to Kim so much. Like damn she got famous from being a hoe, and making sex tapes. W3 need to detect better persona models.",__label__1,44,7,True
RT @nebuladallas: i still live with hope that one day a hot rich boy will fall in love with me even though im trash,RT @nebuladallas : i still live with hope that one day a hot rich boy will fall in lo ve wth me even though i m trash,__label__2,36,2,True
I can't sleep so ima watch Spongebob and eat crackers and peanut butter,I ca n't sleep so i m a watch Spongebob and eat crackers and peanut butter,__label__1,20,1,True
@Meeeesh1395 my fuckin mom is a bitch. Like she aint even payin for it. Dylan is and he said its fine.,@Meeeesh1395 my fuckin mom is a bitch. Like she ai nt even payni for it. Dylan is and he said its fine.,__label__1,55,9,False
"@Ken_GTH nahh , whatever you are spook or spic, I still don't like you . Good day","@Ken_GTH nahh, whatever you are spook or spic, I still do n't like you. Good day",__label__2,22,1,True
The solution is simple : buy a bitch,T he solution is simple : buy a bitch,__label__2,43,8,False
"@KingLuger carne asada, Gallo pinto, tajadas verde, queso frito and a salad With milca","@KingLuger car ne aasda, Gallo pinto, tajdas ver de, queso frito and a salad With milca",__label__1,44,8,True
"RT @BowDownn_Bitch: Nine times outta ten the bitch using them same unclean brushes on all ten of her clients. I can't with you ""beat faced""&#8230;","RT @BowDownn_Bitch: Nine times outta ten the bitch using them same unclean brushes on all ten of her clients. I ca n't with y ou "" b eat faced""&#8230 ;",__label__2,24,3,True
timbs straight trash though,timbs straight tra sh though,__label__1,8,1,True
She sounded like a bird crowing,She sonded lik e a bi rd crowing,__label__1,21,4,True
&#8220;@gmail_candy: It don't matter where we at this nigga always tryna holla at a bitch &#128514;&#128514; @tranSactionRAP&#8221; where. y'all. at?,& # 8220;@gmail_candy : It do n't affair where w e at this nigga always tryna ho lla at a bitc h & # 128514;&#128514 ; @tranSactionRAP&#8221 ; where. y'all. at?,__label__2,57,6,True
Jose Soto: Reflections of a former gay teabagger http://t.co/XtMMuzyK,Jose Soto : Reflections of a fromer ga y teabagger http://t.co/XtMMuzyK,__label__1,19,2,True
@hazelinaaax3 @olivia_hrbek @kristiexox3 fuck Olive that bitch,@hazelinaaax3 @olivia_hrbek @kristiexox3 fu ck Olive that bitch,__label__2,11,1,True
Fairy Tale Hat - free crochet pattern for child and adult at http://t.co/0lRaBLMHB2 http://t.co/99zVbmYVe9,Faiy Tale Hat - f ree crochet pattern for child and adult at http://t.co/0lRaBLMHB2 http://t.co/99zVbmYVe9,__label__2,50,8,True
@GroteSmurf0 @illMartino @SvensTweet @KangUcup3 goh d AnoniemeAso meeting heeft weer pauze.Nog steeds niet bij hoofdstuk:hoe haal ik m'n ID?,@GroteSmrf0 @illMartino @SvensTweet @KangUcup3 goh d AnoniemeAso meeting heeft weer pauz e.Nog steeds niet bij hoofdstuk:hoe haal ik m'n ID?,__label__2,50,8,True
how you insecure but a hoe? TF,how yo u insecure but a hoe? T F,__label__1,45,8,False
Bad bitches is the only thing that i like,Bad bitches is the only if thnig that i like,__label__2,23,3,True
That ass so retarted it belongs on a short yellow bus.&#127825;&#128652;,That ass so retaretd i t belonsg on a short yellow bus.&#127825;&#128652 ;,__label__1,26,3,True
Are poor little guinea pig died :(,Are po or litte dago p ig d ied :(,__label__1,45,7,False
@JustDoItSlow &#128530;FOREVER 21 hoes,@JustDoItSlow & # 128530;FOREVER 21 hos,__label__1,11,1,True
Don't follow the astros they said. They're trash they said. Well now look at them #astros,Don't follow the astros they said. Th ey 're tr ash they said. Well now look at them #astros,__label__1,17,2,True
I'm known around Tampa as the ugly kid with no hoes,I 'm known around Tampa as the ugy kid with no hoes,__label__1,17,1,True
RT @TyDunne: Have to go with the slant pass to your outside linebacker in that situation.,RT @TyDunne : Have to g o with the s1ant crack to your outside linebcker in that situation.,__label__1,45,5,True
"@realDonaldTrump he looks like reg. Memphis,tn. trash! we got them everywhere.","@realDonaldTrump he looks lik e reg. Memphis,tn. t rash! we got them everywhere.",__label__1,22,3,True
"@EyeOnPolitics @chrisloesch As long as its not one of those ""special brownies"" right?","@EyeOnPolitics @chrisloesch As long as its n ot one of those "" special brownies "" right?",__label__1,19,1,True
Almost cussed dis bitch out at mcdonalds talmbout da register down so dey can't serve us..umm bitch give us da food fa free den &#128530;,Almost cussed dis bitch out at mcdonalds talmbout da register down so de y ca n't serve us.. umn bitch giv e u s da food fa free den & # 128530 ;,__label__1,53,4,True
"@chvrlesGoldie like Hov said ""we all ghetto b"" lol","@chvrlesGoldie lke Hov s aid "" we all ghetto b "" lol",__label__1,27,4,True
"Okay, so maybe not every in #LosAngeles is evil. But I would 80% of the people I've encountered have been trash, another 10% barely human.","Okay, so maybe not every in #LosAngeles is evil. But I would 80 % of the people I 've encountered have been tr ash, another 10 % barly human.",__label__1,32,2,True
Yup RT @Durags4Eva: Egg nog trash rap,Y up R T @Durags4Eva : E gg nog t rash rap,__label__1,27,4,True
I wonder how many Yankee fans are hurt that Derek Jeter is out until after the all star break lmao &#128514;,I wonder how many Yankee fans be hurt that Derek Jeter is out until after the all star break lma o & # 128514 ;,__label__1,33,2,True
"@wbpictures no, i do not wish to spend $40+ to go to a filthy theatre and watch a fuzzy screen with bad sound. #ANNABELLE","@wbpictures atomic number 102, i do no t wish to spend $ 40 + to go to a filhy theatre and watch a fuz zy screen with speculative sound. # ANNABLELE",__label__1,73,11,True
RT @Joan_Rivers: Charlie Sheen will star in a new sitcom as an anger management therapist. So what's next? Casey Anthony as the owner of ...,RT @Joan_Rivers: Charlie Sheen will star in a new sitcom as an anger management therapist. So what's next? Casey Anthony as the owner of ...,__label__2,47,7,False
@AceAlford_23 double up on this game bitch,@AceAlford_23 double up along th is gae bitch,__label__1,22,3,True
"RT @bakedbrotatoes: *spits out animal cracker*
This doesn't even taste like hippo.",RT @bakedbrotatoes: *spits out animal cracker* This does n't e ven t aste like hippo.,__label__1,18,2,True
"@JunDishes elissa would call me trash, vile, etc.!","@JunDishes elissa would call me tra sh, vile, etc.!",__label__1,16,1,True
"@matty_2_fatty fuck you bitch, where's my sleeve","@matty_2_fatty fuck you bitch, where's my sleeve",__label__1,53,9,False
"RT @PluggedInPiff: @ThoughtsOfRandy stop following ""bad bitches"" and ya won't get spammed","RT @PluggedInPiff : @ThoughtsOfRandy stop following "" b ad bitches "" and ya wo n't get spammed",__label__2,20,1,True
Double Stuff Oreos mane say,two-base hit Stuff Oreos mane say,__label__1,33,5,False
You will never get a &#128141;&#128142; if you don't know how to cook &#127831;&#127830;&#127837;&#127844;&#127835;&#127829; for ya man fr atleast not from a nigga like me. Slackin ass bitches,You will nevr get a & # 128141;&#128142 ; if you do n't know how to cook & # 127831;&#127830;&#127837;&#127844;&#127835;&#127829 ; for ya man fr atlest not from a nigga like me. Slackin ass bitches,__label__1,45,3,True
RT @Rajput_Ramesh: Friends a Proud Hindu n ShivSainik brother shri Ramesh Jadhav was murdered by Jihadis plz help trend #RameshJadhav http:&#8230;,RT @Rajput_Ramesh : Friends a Proud Hindu n ShivSainik brother shri Ramesh Jadhav w@s murdered b y Jihadis p1z help tr end # RameshJadhav http:&#8230 ;,__label__1,46,4,True
Am I wrong fa laughin at dem niccas on 1st 48 who be cryin n the interrogation room,Am I wrnog fa laughin at dem niccas on 1st 48 who be cryin n the interrogation room,__label__1,24,1,True
&#8220;@ResiDimples: I heard thigh gaps is a way of telling if a bitch pussy is loose.&#8221; What?? http://t.co/OSjVJZJXCg,& # 820;@ResiDimples : I heard thigh gaps is a way of telling if a bitch pussy is loose.&#8221 ; What?? http://t.co/OSjVJJZXCg,__label__1,59,9,True
@usweekly that old cunt needs to sit down,@usweekly that old cunt needs t o sit down,__label__1,12,1,True
"RT @PlMPCESS: In the fashion world ""urban"" definitely means ""stolen from black people"" it's ghetto on us, and urban on them haha http://t.c&#8230;","RT @PlMPCESS : In the fashion w orld "" urban "" definitely means "" stolen from black people "" it 's ghetto on us, a nd urban on them haha http://t.&#8230 ;",__label__2,61,7,True
I keep these hoes in check until they bounce,I keep these hes in check until they bounce,__label__1,14,1,True
"Jon Jones just lost all my respect, turned down a fight like a bitch, hope he loses his next fight now, @JonnyBones","Jon Jones jus t l ost all my respect, turned down a fight like a bitch, hope he lose s his next fight now, @JonnyBones",__label__1,39,3,True
@zt0mm lucky monkey,@zt0 millimetre lucky monkey,__label__1,27,4,False
RT @F1abraham: Crew of women hillbillies &amp; gangsters w/the director #ItsAWRAP @AxemanTheMovie @JostonTheney @RachelEReilly &#9992;&#65039;&#127916;&#127909; http://t.co&#8230;,R T @F1abraham : Crew of women hillbillies & amp ; gangsters w / the diretor # ItsAWRAP @AxemanTheMovie @JostonTheney @RachelEReilly & # 9992;&#65039;&#127916;&#127909 ; http://t.co&#8230 ;,__label__1,44,4,True
With the birds i share this lonely view..,With the birds i share this lnely view..,__label__2,19,2,True
Zack still questions my love for Oreos lol,Zack still questions my sexual love f or Oreos lo l,__label__2,22,3,True
RT @RayyyZoR: I call this the 100gram sugar delight or a Heart Attack. It's a #PopTart #Twinkie &amp; a #HoneyBun http://t.co/s6ZnLVlvLI,RT @RayyyZ0R : I call this the 100rgam suagr delight o r a Hert Attck. It's a #PopTart #Twinkie &amp; a #HoneyBun http://t.co/s6ZnLVlvLI,__label__2,69,14,True
Sixten just shoved like 8 Oreos down his throat,Sixten just soved like 8 Oros down his throat,__label__1,30,5,True
RT @MarcACaputo: BREAKING: Charlie Crist files emergency motion for a mulligan.,RT @MarcACapuot : BREAKING : Charlie Crist fi les emergency motion f0r a mulligan.,__label__1,29,4,True
He may be the President but that doesn't necessarily mean he's in the sole position of power in regard to making such decisions.,He may be the President but th@t does n't necessarily mean he 's in the sole position of po wer in regard to making such decisions.,__label__2,40,3,True
"Drake T.I&#8220;@MsBTxo &#8220;@_sirhampton_ 3 Stacks, Kendrick RT @xHollywoodCourt: Name a rapper that alot of people like...but you think is trash&#8221;&#8221;","Drake T.I&#8220;@MsBTxo & # 8220;@_sirhampton _ 3 Stacks, Kendrick RT @xHollywoodCourt : Name a rappr that alot of people lik3... but you think is trash&#8221;&#8221 ;",__label__1,38,2,True
"""I found a new way to chug you have to open your mouth alot"" #shitallysays",""" I found a new way to chug you have to open yur moth alot "" # shitallysays",__label__2,33,3,True
@mr_republicann chik fil a. hipotle is trash and taco bell will give you the runs,@mr_republicann chik fil a. hipotle i s tr ash and taco bell will give you the runs,__label__1,24,2,True
&#8220;@KarynHalpin: Where do all the foreskins go when they circumcise a guy?&#8221; the Foreskin Fairy takes them after you put them under your pillow,& # 8220;@KarynHalpin : Where do all the foreskins go when they circumcise a guy?&#8221 ; the Foreskin Fairy takes them ater you put them under your pillow,__label__2,33,1,True
coon RT @HumbleTeej: &lt;fills coffee up halfway&gt; &lt;uses 11 Irish cremes to fill other half&gt;,coon RT @HumbleTeej : & lt;fills coffee up halfway&gt ; & lt;uses 11 Irish cremes t o fill other half&gt ;,__label__1,24,1,True
@Corey_D_23 damn bro.. ps4 trash lol,@Corey_D_23 damn bro.. ps4 t rash lol,__label__1,11,1,True
Ion know why this bitch insists on telling me where she be going now. Idgaf about chu bitch like damn.,Ion know why this bitch inssits on telling me where she b e going now. Idgaf about chu bitch like damn.,__label__1,25,2,True
If u not talking bout money or weed bitch I don't even wanna talk to you.,If u non talking bout m0ney or weed bitch I do n't even wanna tal k t o you.,__label__1,37,4,True
@Dre_Day200 bitch,@Dre_Dy200 bitch,__label__2,7,1,True
@PCMag Overpriced complete trash. Not even debatable.,@PCMag Overpriced complete trash. No t ev en debatabe.,__label__1,20,4,True
Life aint shit but bitches and money,Lif e a i nt shit but bitches and m oney,__label__1,27,4,True
"@Chrisworldpeace So I guess that makes us blacks double niggers, huh?","@Chrisworldpeace S o I g uess that makes us Black dobule niggers, huh?",__label__2,45,9,True
I like my bitches bad wit a Lil attitude,I li ke my bithes ba d wit a Lil attitude,__label__1,23,3,True
Doug Martin trash,Doug Martin tra sh,__label__1,21,3,False
When see u an oldhead rocking a Bruce Lee top with a durag on in the park randomly giving a group of street niggas a ghetto karate class,When see u an oldhead rocking a Bruce Lee t op with a durag o n in the par k randomly giving a group of street niggas a ghetto karate class,__label__2,42,3,True
RT @ShamarGotHoes: J Cole ain't trash... Period.,RT @ShamarGotHoes : J Cole @i n't trash... Period.,__label__1,23,2,True
"Seriously, reading 'thriller' like books spook me more than most horror movies. 
#bookgeek","Seriously, reading ' thriller ' like books spook me more than m ost horror movise. #bookgeek",__label__2,33,3,True
they're not playing Charlie Strong's soft don't run up the score mentality. They're playing this guy. http://t.co/sqEdBgU34k,they 're n ot playing Charlie Strong 's soft do n't run up the score learning ability. They're playing this guy. http://t.co/sqEBdgU34k,__label__1,34,3,True
RT @NoBeeetch: @Ugh_Sickoe @thuggchelseaa aye bitch http://t.co/7NIebl9xQr,RT @NoBeeetch : @Ugh_Sickoe @thuggchelseaa ay e bitch http://t.co/7NIebl9xQr,__label__2,12,1,True
"Nah fuck em bitter heat bitches ""@YeIIowbang: Funny seeing heat and bulls fans get along lol""","Nah fuck e m bitter heat bitches "" @YeIIowbang : Funny seeing heat an d bulls fans get along lol """,__label__2,28,2,True
i need one of these around the world twitter bitches cause these local facebook hoes aint cuttin it lol,i need one of these around the world twitetr bitches cause these loc al facebook hoes ai nt cuttin it lol,__label__2,29,2,True
RT @WhitePeopleTalk: &#8220;KOBE&#8221; as they shoot a piece of paper into the trash,RT @WhitePeopleTalk : & # 8220;KOBE&#8221 ; as they sho ot a piece of paper into the tras h,__label__1,32,4,True
@Iemonaids done that spell check we know you meant fat liberal Dyke feminist Nazi bitches,@Iemonaids done that spell check we kn ow you meant fat lberal Dyke femimist Nazi bitches,__label__1,29,3,True
Bitches make me happy. RT @AsaAkira: Material objects make bitches happy #iPhone6 http://t.co/d1TbYtc7QB,Bitches make me happy. RT @AsaAkira : Material objects mak e bitches hapyp # iPhnoe6 http://t.co/d1TbYtcQB,__label__2,31,4,True
Wicked Oreo,Wiced Ore0,__label__1,15,2,False
Idk how bitches trust other bitches sooo easily. I still have the same friends.,Idk how bitches trust other bitches sooo easily. I sitll hve th e sme friends.,__label__1,28,5,True
@FreddyAmazin ratchet looking nigger,@FreddyAnazin ratcet attend nigger,__label__1,27,4,False
@1stBlock_Rody yu ah hoe,@1stBlock_Rody yu a h hoe,__label__2,8,1,True
@hxhsharingan666 did you make an animal cracker taco,@hxhsharingan666 did yo u create an animal cracker taco,__label__2,17,2,True
&#9733; BEST ASIAN MASSAGE ON THE Brooklyn Park slope --TOP RATED SPA &#9733;718-622-0221 - 24 http://t.co/6ZUxaQeaVL,& # 933 ; BEST ASIAN MASSAGE ON THE Broklyn Park slope --TOP RATED SPA & # 9733;718 - 6 22 - 0221 - 24 http://t.co/6ZUxaQeaVL,__label__2,62,9,True
"RT @UnicornCowboy: @UglyNi99ah pepsi and cheerios
smashin on these hoes
got me blue in the taco
bae thinks of me flaco
errybody frontin
jus&#8230;",RT @UnicornCowboy : @UglyNi99ah pepsi and cheerios smashin on th ese hoes got me blue in the greaser bae thinks of me flaco errybody frontin jus&#8230 ;,__label__1,35,2,True
"RT @misskaee__: ""@MrDavidRoss: How do you cheat on this ? &#128530;&#128564; http://t.co/wOgXy8wjIW""

She's just like any other female with a pussy so who &#8230;","RT @misskaee__: ""@MrDavidRoss: How do you cheat on this ? &#128530;&#128564; http://t.co/wOgXy8wjIW"" She's just like any other female with a pussy so who &#8230;",__label__1,70,15,False
"RT @AtlasSmugged: women only play casual game like Kim K game &amp; anger bird. They don't play real games, like Male Power Fantasy 2 or Jingoi&#8230;","RT @AtlasSmugged : women lone play casual gam e like Kim K game & amp ; anger bird. They don't play real games, like Male Power Fantasy 2 or Jingoi&#8230;",__label__1,28,2,True
RT @BoutCrazed: The best way to make a hillbilly do something is to tell him he can't do it.,RT @BoutCrazed : The best w ay to mak e a hillbilly do something i s to tell h im he ca n't do it.,__label__1,42,5,True
416 we know ya bitch @kendricklamar,416 we know ya bitch @kenricklamar,__label__1,11,1,True
"RT @intelwire: Significant number of US tweets were Americans flipping the bird to IS. UK, not so much.","RT @intelwire : Significant nunber of US tweets we re Americans flipping the bird to IS. U.K., no t so mch.",__label__1,65,10,True
U still fuck with your old bitch? &#8212; Disrespectful like shit http://t.co/CEYCDVZ4w5,U still fuck wth your old bitch? &#8212; Disrespectful like shit http://t.co/CEYCDVZ4w5,__label__1,14,1,True
@YungIll314 everybody in Dot Mob/O-Red/Mickey Factz when you battled Clips he wore some ancient hong kong shit + 2 different colored hi-tops,@YungIll314 everybody in Dot Mob / O - Red / Mickey Factz when you battled Cl ips he wore some antediluvian hong kong shit + 2 different colored hi - tops,__label__1,49,4,True
&lt;&lt;&lt;when it's yellow outside,& lt;&lt;&lt;when i t 's yellow outside,__label__1,10,1,True
@i2ose is it full of niggers,@2ose is it full of niggers,__label__2,11,1,True
Tonight starts the road the Super Bowl for the @Browns! Here we go brownies here we go! WOOF WOOF #Browns2014Draft,Tonight starts the road the Super Bowl for the @Browns! Here we go brownies here we g0! WOOF WOOF #Browns2014Draft,__label__2,49,8,False
@prime3_time whoooo?? Lemme find out a bitch run u haha,@prime3_time whoooo?? Lemme find KO'd a bith run u hah a,__label__2,24,3,True
RT @Chayeezy: When a bitch got you fucked up but you devoted your life to the Lord so you gotta stand there like you aint mad http://t.co/7&#8230;,RT @Chayeezy : When a btch got you fucked up but you devoted your li fe to the Lord so y0u got ta stand there the likes of you ai nt mad http://t.co/7&#8230 ;,__label__2,50,4,True
Has anyone ever purchased baseball field dirt? I really want dirt from @Yankees Stadium for my grandfather's grave. #weirdtweets,Has anyone ever purchased baseball field dirt? I really w ant dirt from @Yankees Stadium for my grandfather 's grave. # weirdtwets,__label__1,28,3,True
RT @kj_feliciano: @vivalamarley yea dem hoes crazy,RT @kj_feliciano: @vivalamarly yea den hoes craz y,__label__2,30,5,True
RT @FreeTopher: That black pussy have nigga sayin anything #AHSFREAKSHOW,RT @FreeTopher : Tat balck pussy have nigga sayin anything # AHSFREAKSHOW,__label__2,23,2,True
RT @jfkirtley: Reds haven't lost a series at Yankee Stadium since 1961 World Series #76 #08 #12,RT @jfkirtley : Reds have n't lost a series at Yankee Stadium since 196 1 World Series # 7 6 # 08 # 12,__label__2,32,3,True
Honestly if the most hoodiest ratchet bitch asked me to her prom I'm in dere,Hoestly if the most hoodiest ratchet bitch asked me to her prom I 'm in dere,__label__1,26,2,True
"""@UberFacts: 15 sad TV character deaths we're still bitter over... http://t.co/uLclFUF8nC http://t.co/1RXYQOOsM0""ned stark was the man",""" @UberFacts : 15 sad TV character deaths we 're still bittr over... http://t.co/uLclFUF8nC http://t.co/1RXYQOOsM0""ned stark was the man",__label__1,21,1,True
"I tell u this tho, if/when u nigger women start getting cornrows again...mannn just don't do it","I tell u this th o, if / when u nigger women start getting cornrows again... mannn just do n't do it",__label__1,27,1,True
Free wop,F ree wop,__label__1,15,2,False
"Bitches know they bitches, bitch.","Bitches know they backbite, bithc.",__label__2,31,5,True
"WIB plays next Fri (5-16-14)at the Silverdome Ballroom(21+) in Neillsville,WI with Charlie Parr &amp; Hobo Nephews of Uncle Frank! Tickets 15$","WIB plays next Fri ( 5 - 16 - 14)at th e Silverdome Ballroom(21 + ) i n Neillsville, WI with Charlie Parr & amp ; Hobo Nephews of Uncle Frank! Tickets 15$",__label__2,103,20,True
RT @WFANTrades: Don't know how you Yankees fans listen to Kay every night. Absolutely brutal. Just nonsensical blah blah blah blah. Radio n&#8230;,RT @WFANTrades: Don't know how you Yankees fans listen to Kay every night. Absolutely brutal. J ust nonsnsical fustian bl ah b lah blah. Radio n&#8230;,__label__1,35,6,True
@rhythmixx_ why you gotta hoe me like that,@rhythmixx _ why y ou got ta hoe me like tat,__label__2,25,4,True
Gansitos are ATG beaner candy,Gansitos are A TG bener candy,__label__1,15,2,True
RT @DeAdJAkE: Shermans all bark and no bite fuck that bitch,RT @DeAdJAkE : Shermans all bark and n o bit3 fuck that bitch,__label__1,21,2,True
@smokeabluntdgaf @Haiimbreanna You guys don't get evolution do you? You only share a common ancestor with apes.,@smokeabluntdgaf @Haiimbreanna You guys don't get evolution do you? Yo u alone share a common ancestor with apes.,__label__1,26,5,True
"RT @AIanHangover: If I've ever offended you, im sorry..

.

.

.

.

.

.

.

.

.

.

that you're a sensitive lil bitch.","RT @AIanHangover: If I've ever offended you, im sorry.. . . . . . . . . . . that yo u 're a medium l1l kick.",__label__1,129,32,False
"I hate ""chunky"" pasta sauce. KEEP PESKY VEGETABLES WAY FROM ME","I hate ""chunky"" pasta sauce. hold PEKY veg WAY FRO M ME",__label__1,73,14,False
@Bullskickass I've decided that #BullsNation are retarded. #love,@Bullskickass I 've decied that # BullsNation are reatrded. #love,__label__1,21,2,True
Nah Electric Fairy Tale seems cool but I'd rather buy some drugs with that money,Nah Electric Fairy Tale seems cool but I 'd rther bargain some drugs with that money,__label__1,21,2,True
This Uncle Tom mother fucking wants to invoke 3/5 a man in his speech? Dude you ain't white no matter how much... http://t.co/3yrcyC9ezc,This Uncle Tom mother fucking wants to invoke 3/5 a man in his speech? Dude you @i n't wh ite atomic number 102 subject how much... http://t.co3/yrcyC9ezc,__label__1,43,6,True
"RT, If You Agree!
#NorthKorea says #barackobama looks like;
""A monkey, who belongs in an African zoo"" 
ROFL! http://t.co/tooV1uty6h","RT, If You Agree! # NorthKorea says # barackobama loo ks lik3 ; "" A monkey, who belongs in an African zoo "" ROFL! http://t.co/tooV1uty6h",__label__1,39,3,True
Oh man. This could be a serious first ever Chanel bag contender RT @evachen212 grape-colored Chanel bags http://t.co/q8ShjIFv,Oh man. This could be a serious first ever Chanel bag contender RT @evachen212 grape - colored Chanel ba gs http://t.co/q8ShjIFv,__label__2,80,14,True
"RT @Sydhinton922: If your boy breaks up with you and has a new girlfriend a couple days later, then there was something you didn't know abo&#8230;","RT @Sydhinton922 : If your boy breaks up with yo u and has a new girlfriend a couple days later, then tehre was something yo u fare n't know abo&#8230 ;",__label__2,51,4,True
@CBSThisMorning @charlierose racist @NorahODonnell tx trash enjoy your high along with gop win a substitute for racist @MittRomney loss!,@CBSThisMorning @charlierose rcist @NorahODonnell tx trash enjoy your high along with gop win a substitute for racit @MittRomney loss!,__label__1,30,2,True
I picked Welbeck for my team. I have to be some kind of cunt yes,I picked Welbeck for my team. I have to be so me kid of cunt yes,__label__1,19,2,True
This world needs a build a bitch workshop,This world needs a buil d a bitch workshop,__label__1,43,8,False
I need a cowboy killer and a cold one about now. @mr_dtb probably too tired tho to get down.&#128541;,I need a cowboy killer and a cold one about now. @mr_dtb probably t oo t ired tho to get down.&#128541 ;,__label__1,20,3,True
@_James_Kirby_ @mflury30 back off ya queer bag,@_James_Kirby_ @mflury30 back off y@ queer bag,__label__2,14,1,True
"""Bae"" sounds like such a ghetto word. Use something else",""" Bae "" auditory sensation like suc h a ghetto word. U se somethimg e lse",__label__1,47,9,True
All I want is cheesy bread and brownies &#128523;,All I want i s ceesy bread and brownies & # 128523 ;,__label__1,21,2,True
That was not good times! Starting the mickey mouse club soon!,T hat wa$ n0t good tim es! Starting the mickey mouse club s oon!,__label__1,45,7,True
RT @lyvvvm: I'm such a bitch lmao I really just say what's on my mind though can't help it,RT @lyvvvm: I'm such a bitch lmao I really just say what 's on my mind though ca n't hep 1t,__label__2,25,2,True
@Kummar_King I volunteer to be guinea pig and help test it out &#128527;&#128587;,@Kummar_King I volunteer to be guinea pig and help test it o ut & # 128527;&#128587 ;,__label__1,40,5,True
@joeylattime @Mawson38 @ameriC00N thats just me rooting against a team I hate not banwagoning u retard u have a different favorite,@joeylattime @Mawson83 @ameriC00N that s just me rooting against a team I hate not banwagoning u decelerate u have a different favorite,__label__2,38,3,True
"RT @JuanNDaCut: Porn ads be convincing af...""click here and 30 bitches will appear in your bed"" you DAMN RIGHT ima click that shit nigga","RT @JuanNDaCut: Porn ads be convert af... ""click here and 30 bitches will seem in your bed "" you DAMN RIGHT ima click that shit nigga",__label__2,35,2,True
Light skin niggah &#128514;,Light skin niggah &#128514;,__label__1,33,7,False
@joshmtz1199 bitch I'm starving!,@joshmtz1199 bit ch I 'n starving!,__label__1,16,3,True
RT @BryanHoch: Just 113 days until Yankees pitchers and catchers report.,RT @BryanHoch : Just 113 days until Yankees pithers and catchers report.,__label__1,18,1,True
Nannie bitch don't talk to that hoe with ha extra bs ass @lilmenifee__ &#128514;&#128514;&#128514;&#128553;&#9996;&#65039;&#128175;&#128079;&#128581;&#128078;,Nannie bitch do n't talk to that hoe with h a extra b s ass @lilmenifee _ _ & # 128514;&#128514;&#128514;&#128553;&#9996;&#65039;&#128175;&#128079;&#128581;&#128078 ;,__label__1,29,2,True
Ayyyyy I'm sipping on a free slurpee and seeing The Front Bottoms tonight. I'm a happy clam.,Ayyyyy I 'm $ipping on a free slurpee and seeing The Front Bottoms tonight. I'm a happy clam.,__label__1,82,15,False
"""@Tmacc_GFG: &#8220;@tizzimarie: No slushes &#128549;&#8221;hoes nasty anyway fam""&#128564;",""" @Tmacc_GFG : & # 8220;@tizzimarie : No slushes & # 128549;&#8221;oes nasty anyway fam""&#128564 ;",__label__1,22,2,True
"RT @DonnieWahlberg: Happy #BLUBLOODS Friday! 

Off to @CBSNews to sit down with the gang on CBS This Morning!

Join us in the 8 o'clock ho&#8230;",RT @DonnieWahlberg: Happy #BLUBLOODS Friday! Off to @CBSNews to sit down with the gang on CBS This Morning! Join United States i n the 8 o'clcok ho&#8230 ;,__label__2,27,4,True
This no beef thing is for the birds!!!,This n o beef thing is fo r the birds!!!,__label__1,20,2,True
I'm not really a phone kinda guy.. I actually hate talking on the phone &amp; texting kinda trash to me also.,I 'm n ot really a phone kinda guy.. I actually hate taling on the pohne & amp ; texting kinda tarsh to me also.,__label__1,47,4,True
@urbasicyabish nigor??,@urbasicyaibsh nig0r??,__label__1,19,4,False
They come out Charlie Sheen... They come out coupe machine @wontgetme_22,They come out Charlie Sheen... They come out cou pe mahine @wontgetme_22,__label__1,17,2,True
Nobody cares you fucking fag damn you bring bitches water even though youre thirsty as fuck &#128514;&#128514;&#128514; #fucknigga,Nobdoy give care you fuckig fag damn you bring bitches water even though youre thirsty as fuck &#128514;&#128514;&#128514; #fucknigga,__label__2,127,23,False
' Bitch caught a body about a week ago ! Fuck with us and we get to tweekin hoe ! Run up on that niggah get to... http://t.co/av9YPjtwxn,' Bitch caught a body about a week ago ! Fuck wih us and we get to tweekin hoe! Run up on that niggah get to... http://t.co/av9YPjtwxn,__label__2,18,2,True
RT @AlexPappas: Rick Scott Refuses To Appear On Debate Stage Because Charlie Crist Has An Illegal Electronic Fan http://t.co/qTPeHb2seX via&#8230;,RT @AlexPappas : Rick Scott Refuses To Appear On Dbeate Stage Because Charlie Crist Has An Illegal Electronic Fan http://t.co/qTPeHb2seX via&#8230 ;,__label__1,28,1,True
She tried to get you to rob the Wop but now the bitch in critical,She tri ed to get you to rob the Wop but right away the bitch in critical,__label__1,24,2,True
WATCH: Excited ISIS Jihadis Getting Their Yezidi Sex Slaves On 'Distribution Day' http://t.co/n9ExnuVhKs #tcot #lnyhbt #pjnet #tgdn #gop,follow : Excited ISIS Jihadis Getting Their Yezidi Sex Slaves On 'Distribution Day' http://t.co/n9ExnuVhKs #tcot #lnyhbt #pjnet #tgdn #gop,__label__1,12,2,True
Friendly advice to western reporters in Kobane: don't advertise your location. Jihadis are tracking u &amp; consider u a high-prize target #ISIS,Friendly @dvice to western repotrers in Kobane : do n't advertse your location. Jihadis are tracking u &amp; consider u a high-prize target #ISIS,__label__1,31,3,True
@Pepper_Redbone @Yankees @Mets I miss NYC!! Nashville needs a pro AL team. The closest is KC or Tampa. That's pretty bad. The south is NL.,@Pepper_Redbone @Yankees @Mets I miss NYC!! Nashville needs a pro AL team. The snug constitute KC Beaver State Tmpa. That's pretty bad. The south is NL.,__label__2,41,6,True
No wonder these ppl that call themselves niggas &amp; thugs able to convince their hoes false ideas about men like me in our intellectual dress,No wonder these ppl that call themselves niggas & amp ; thugs able to win over their hoes false ideas about men like me in our intellectual dress,__label__1,35,1,True
RT @Adrian1_knowsu: @0124jessi haha lml wrd no nah de pussy shit lol &#128514;&#128514;,RT @Adrian1_knowsu: @0124jessi haha lml wrd no nah de pussy shit lol &#128514;&#128514;,__label__2,42,7,False
@BNightengale @FeinsandNYDN Time for Ranger scouts to head out and watch some Yankee prospects. #rangers,@BNightengale @FeinsandNYDN Time for Ranger scouts to hea d out an d wat ch some Yankee propsects. #rangers,__label__2,35,4,True
@iStricer You are hairy like a monkey. : P,@iSricer You ar e hiry lke a mokey. : P,__label__1,46,10,True
@SFGiants trash smh game rigged bumgarner took roids,@SFGiants wish-wash s mh game rigged bumgarner took roids,__label__1,17,2,True
RT @TomBradysEgo: Might have a better chance if we put some trash cans out there.,RT @TomBradysEgo : Might have a btter chnace if we p ut some tra sh cans out there.,__label__1,36,4,True
RT @markiiejay: You got niggas &amp; i got bitches,RT @markiiejay : You got niggas & amp ; i got bitches,__label__2,17,1,True
!!!!&#8220;@selfiequeenbri: cause I'm tired of you big bitches coming for us skinny girls!!&#8221;,!!!!& # 8220;@selfiequeenbri : cause I 'm tir ed of you big bitches coming for us skinny girls!!&#8221 ;,__label__2,27,2,True
"RT @SweetiePaii: RT if you listen to these bands &#128522;

A7X
PTV
SWS
ATL
BVB
ADTR
BMTH
YMAS
FOB
AA
Blink 182
TDG
SS
FIR
MCR

Follow me &amp; everyon&#8230;",RT @SweetiePaii : RT if you listen to these bands & # 128522 ; A7X PTV SWS ATL BV B ADTR BMTH YMAS FOB AA Blink 182 TDG SS FIR MCR Follow me & amp ; everyon&#8230 ;,__label__2,46,2,True
@Things4FLppl Yankees like Florida State; not Floridians.,@Things4FLppl Yankees like Florida Sta te ; n ot Floridians.,__label__1,18,2,True
@bijoudulcet geminis rule hoe. &#128524;,@bijoudulcet geminis rule hoe. & # 128524 ;,__label__1,9,1,True
"""@MaxMayo77: http://t.co/XpSC3makgJ"" sexy lad with hot soles and arches.",""" @MaxMayo77 : http://t.co/XpSC3makgJ "" sexy lad with hot soes and arches.",__label__2,32,7,True
"RT @SportsCenter: For the last time, The Captain takes the field at Yankee Stadium. http://t.co/c9TI4FkSkn","RT @SportsCenter : For the la st tme, The Captain use up t he field at Yankee Sadium. http://t.co/c9TI4FkSkn",__label__2,57,8,True
RT @GOLDBONEQUEEN: Stevie J turned a hoe &#128111;into a Housewife&#128129;&#128141;&#128142; and Nikko turned a Housewife&#128582; into a hoe&#128111;&#128111;&#128131;&#9757; !!I swear this shit can happen,RT @GOLDBONEQUEEN: Stevie J turned a hoe &#128111;into a Housewife&#128129;&#128141;&#128142; and Nikko turned a Housewife&#128582; into a hoe&#128111;&#128111;&#128131;&#9757; !!I swear this shit can hppen,__label__2,12,1,True
"Apparently I got chunky for my bday. Worse bday present ever. Lol. 
#diettime",Apparently I got chuny for my bd ay. Worse bday present ever. Lol. #diettime,__label__2,41,7,True
"&#8220;@noLove_moreLOUD: Shorty name is "" Masika"" and y'all surprised she a hoe.&#8221;&#128514;","& # 8220;n@oLove_moreLOUD : Shorty name 1s "" Masiak "" @nd y' al l surprised she a hoe.&#8221;&#128514 ;",__label__2,48,8,True
@lilthickgawdess salty pussy,@lilthickgawdess salt y pussy,__label__1,7,1,True
"@yawlknow @HoskinsTy96 ""all of these rednecks and none of them can keep the fire lit"" &#128514;&#128514;","@yawlknow @HoskinsTy96 "" all of these rednecks and n one of them can keep the fire lit "" & # 128514;&#128514 ;",__label__1,25,1,True
I'm not the type to fight no bitch over a nigga im the type to say fucc that &amp; take his Bitch &#9995;&#128514;&#128527;,I 'm non the type to fight no bitch over a nigga im the type to say fucc that &amp; take his Bitch &#9995;&#128514;&#128527;,__label__1,21,1,True
Ugh like I hate when my momma get to talking all proper like bitch stfu.,Ugh like I hate wh en ny momma get to talking all proper like bitch stfu.,__label__2,28,2,True
@BookoutBj That's ghetto for super duper! It's the current generations best complement.,@BookoutBj That's ghetto for super duper! It 's the current generations bet complement.,__label__2,19,2,True
Anyone want some absolutely amazing and deliciously fresh perfect monkey bread? &#128586;&#128584;,Anyone want some absoluely amaizng and deliciouly fresh complete monkey bread? &#128586;&#128584;,__label__2,33,4,True
"#porn,#android,#iphone,#ipad,#sex,#xxx, | #Desi | paki http://t.co/XxcdQvzI9t","# porn,#android,#iphone,ipad,#sex,#xxx, | # Des i | pa ki http://t.co/XxcQvzI9 t",__label__1,39,10,False
RT @X_LexiiSoUnique: All I see down my TL is naked white bitches &#128064;&#128064;&#128064;&#128584;,RT @X_LexiiSoUnique : All I see down my TL is nked white bitches & # 128064;&#128064;&#128064;&#128584 ;,__label__1,22,1,True
All these Hoes fuckin ! But they don't wanna seem like a hoe you gotta hit them ona D LO !,All these Hoes fuckin ! But they do n't wanna seen like a hoe you got ta hit them ona D LO!,__label__2,100,18,False
#NowPlaying : Great White - Once Bitten Twice Shy on #1069TheArrow - http://t.co/R5wuXA9jB6,# NowPlaying : Great White - Once Bitten Twice Shy o n # 1069TheArrow - http://t.co/R5wuXA9jB6,__label__1,20,2,True
"@gerfingerpoken2 His job as US Prez, to protect us is throw in trash..Ebola ER at our cost Daniel, both money &amp; lives! DoG","@gerfing3rpoken2 His job as US Prez, to protect us is thr ow in tra sh..Ebola ER at our cost Daniel, both money &amp; lives! DoG",__label__2,41,5,True
"RT @lowcountry_luv: Attack animals, last house on the left by the lake, and she got colored eyes...we should have known.! Lol","RT @lowcountry_luv : Attack animals, live on hosue on the left by t he l ake, and she got colored e yes... we should have known.! L0l",__label__1,83,14,True
&#193;lbum de fotos: csitaly: [TS3]Fairy Tail - Satan Soul Mirajane Strauss made with The Sims 3. Happy... http://t.co/b4i8EiMux2,&#193;lbum de fotos: csitaly: [TS3]Fairy Tail - Satan Soul Mirajane Strauss made with The Sims 3. Happy... http://t.co/b4i8EiMux2,__label__2,4,0,False
Ok so not all the shows on Cartoon Network are complete trash. Stevm Universe is awwwwwesomeeeeee,Ok so n ot all the shows on Cartoon Network are complete t rash. Stevm Universe is awwwwwesomeeeeee,__label__1,24,3,True
"RT @funnyorfact: Real friends don't get offended when you call them bitch, hoe or slut. They smile and call you something more offensive..","RT @funnyorfact: Real friends don't get offended when you call them bitch, hoe or slut. They smile and c all you something more offensve..",__label__1,19,2,True
But rich is a light skin coon. So it's expected.,But rich i$ a ligt skin coon. So it's expected.,__label__2,26,3,True
&#8220;@Fly_Air_Walker: Everybody entitled to they own opinion tho.&#8221; Not that bitch she need to shut up &amp; sit the fuck down,& # 8220;@Fly_Air_Walker : Everybody ennoble to they own opiinon tho.&#8221 ; Not that bitch she need to shut up & amp ; sit the fuck down,__label__1,40,2,True
Gab and Bri both fell asleep on me. #hoes,Gab and Bri both flow aseep on me. #hoes,__label__1,20,2,True
Long yellow.,Lo ng yellwo.,__label__1,17,3,False
