original_text,adversarial_text,original_label,attack_sucessful
"occasionally funny , always very colorful and enjoyably overblown in the traditional almodóvar style .","occasionally fnny , always vey colorful a nd enjoyab ly overblown in t he traditional almodó var style .",1,True
becomes the last thing you would expect from a film with this title or indeed from any plympton film : boring .,beomes the last thing you would expect from @ f ilm with this titl e 0r indeed from an y plympton film : boring .,0,True
"sodden and glum , even in those moments where it's supposed to feel funny and light .","soden and glum , even in those moments w here it's supposed to f eel funny and light .",0,True
"some movies were made for the big screen , some for the small screen , and some , like ballistic : ecks vs . sever , were made for the palm screen .","some moves we re made for the b ig screen , some for th e smll screen , and sme , lik e ba llistic : ecks vs . sever , were made for the palm screen .",0,True
"it's not only dull because we've seen [eddie] murphy do the genial-rogue shtick to death , but because the plot is equally hackneyed .","its not only d ull because we've seen [eddie] murphy do the genial-rogue sh tick to death , but because the p lot is equally h@ckneyed .",0,True
"if you're looking for a smart , nuanced look at de sade and what might have happened at picpus , sade is your film .","if yo u're looking for a smar t , nuanced lo ok @t de sade and what might have h@ppened at pic pus , sde 1s your film .",1,True
"it's hard to believe that a relationship like holly and marina's could survive the hothouse emotions of teendom , and its longevity gets more inexplicable as the characterizations turn more crassly reductive .","i's har d to believe that a r elationship lke holl y an d marina's could survie the hothouse emotios of teendom , an d its longe vity gets mor e inexplicable as the characterizatios tur n mre c rassly reductive .",0,True
friday after next is the kind of film that could only be made by african-americans because of its broad racial insensitivity towards african-americans .,friday after next is the kind of fi lm that could only be made by african-americans because of its broad racial insensitivity towards african-americans .,1,True
the worst film of the year .,the wors t flm of the year .,0,True
"it made me feel unclean , and i'm the guy who liked there's something about mary and both american pie movies . oh , and booty call .","it made me feel unclean , and i'm the guy who liked there's something about mary and both american p ie movies . oh , and booty call .",1,True
"hardly a nuanced portrait of a young woman's breakdown , the film nevertheless works up a few scares .","hardly a nuanced portr ait of a yung woman's breakdown , the film nevertheless works up a few scares .",1,True
"this starts off with a 1950's doris day feel and it gets very ugly , very fast . the first five minutes will have you talking 'til the end of the year !","this st arts off with a 1950's doris day feel and it gets very u gly , very fast . the first five minutes will have you talking 'til the end of the year !",0,True
"more vaudeville show than well-constructed narrative , but on those terms it's inoffensive and actually rather sweet .","more v@udeville show than well-constructed narrative , but on those terms its ioffensive and actually rather sweet .",0,True
'cq may one day be fondly remembered as roman coppola's brief pretentious period before going on to other films that actually tell a story worth caring about,'cq may one day be fondly remembered as rom an coppola's brief pretetious period before going on to other fils that actually tell a st ory worth c@ring about,0,True
"the inspirational screenplay by mike rich covers a lot of ground , perhaps too much , but ties things together , neatly , by the end .","the inspirational screenlay by mike r ich covers a lot of ground , perhaps too much , but ties things together , neatly , by the end .",1,True
it's probably worth catching solely on its visual merits . if only it had the story to match .,it 's probably worh cathing solely 0n its v isual merits . if only it had th3 story to match .,0,True
"fairy-tale formula , serves as a paper skeleton for some very good acting , dialogue , comedy , direction and especially charm .","fairy-tale formula , serves as a paer skeleton for some very good acting , dialgue , comedy , direction and especially charm .",0,True
"the color sense of stuart little 2 is its most immediate and most obvious pleasure , but it would count for very little if the movie weren't as beautifully shaped and as delicately calibrated in tone as it is .","the clor sense of stuart little 2 is its most immediate and most obvious pleasure , but it would count for very little if the movie weren't as beautifuly shaped and as del icately calibrated 1n tone as it is .",1,True
the most surprising thing about this film is that they are actually releasing it into theaters .,the most surprising thing about this film is that the y @re actually r eleasing it into theaters .,0,True
a fan film that for the uninitiated plays better on video with the sound turned down .,a fan film that for the uninitiated play s better on video with the soun d turned down .,0,True
"strong filmmaking requires a clear sense of purpose , and in that oh-so-important category , the four feathers comes up short .","strong filmmaking requires a clear sense of purpose , and in that oh-so-important category , the four f eathers comes up short .",0,True
". . . an otherwise intense , twist-and-turn thriller that certainly shouldn't hurt talented young gaghan's resume .",". . . @n otherwise intense , twist-and-turn t hriller that certa inly sh ouldn't hrt talented yo ung gaghan's resume .",0,True
cho's timing is priceless .,cho's timig is p riceless .,1,True
. . . a lesson in prehistoric hilarity .,. . . a lsson in prehistoric hilarity .,1,False
"this is a good script , good dialogue , funny even for adults . the characters are interesting and often very creatively constructed from figure to backstory . the film will play equally well on both the standard and giant screens .","this is a good script , good dialogue , funny even for ad ults . the characters are interesting and often very creatively constructed from figure to backstory . the film will play equally well on both the standard and giant screens .",1,True
an almost unbearably morbid love story .,an almost unbear ably morbid love story .,0,True
if you grew up on scooby -- you'll love this movie . matthew lillard is born to play shaggy !,if you grew up on scooby -- you'll love th is movie . matthew lillard is born to play shaggy !,0,True
"as conceived by mr . schaeffer , christopher and grace are little more than collections of quirky traits lifted from a screenwriter's outline and thrown at actors charged with the impossible task of making them jell .","as conceive d by mr . schaefer , c hristopher an d grace are little more than co llections 0f qirky traits lifte d from @ screenwriter's outl ine and trown at actors charged with the impossible task of makig them jell .",0,True
"do not , under any circumstances , consider taking a child younger than middle school age to this wallow in crude humor .","do not , under any circumstances , consider t aking @ child younger th@n midd le school age to this wallo w in crude humor .",0,True
"depicts the sorriest and most sordid of human behavior on the screen , then laughs at how clever it's being .","depics the sorriest and most sor did of hum@n behavir on the scren , then laugs at ho w cle ver it's being .",1,True
"alex nohe's documentary plays like a travelogue for what mostly resembles a real-life , big-budget nc-17 version of tank girl .","alex nohe's document ary plays like a travelogue for what mostly resembles a real-life , big-budget nc17 version of tank girl .",1,True
"a beautiful , timeless and universal tale of heated passions -- jealousy , betrayal , forgiveness and murder .","@ beautiul , tim eless a nd uiversal tale 0f heaed pass ions -- jealous y , betraya l , forgiveness and murder .",1,True
ya-yas everywhere will forgive the flaws and love the film .,ya-yas everwhere w ill forgive t he flaws @nd love t he film .,1,True
"watching the powerpuff girls movie , my mind kept returning to one anecdote for comparison : the cartoon in japan that gave people seizures .","watching the poweruff gils moie , my mind kept returning to one anecdote for comparison : the cartoon in japan that gave people seizures .",1,True
"austin powers in goldmember is a cinematic car wreck , a catastrophic collision of tastelessness and gall that nevertheless will leave fans clamoring for another ride .","austin powers in goldmembr is a cinemat ic c ar wreck , a catastrophic collision of tastelessness and gall that nevertheless will lea ve fans clamoring for another ride .",1,True
"[gai] comes closer to any actress i can remember to personifying independence in its purest and , yes , most intimidating form .","[ga i] comes closer to any actress i can remember to personifying independe nce in its p urest and , yes , most intimidating form .",1,True
the pool drowned me in boredom .,the pol dro wned me in b oredom .,0,True
"the tone is balanced , reflective and reasonable .","the t one is bal anced , reflec tive @nd reasonable .",1,True
brings an irresistible blend of warmth and humor and a consistent embracing humanity in the face of life's harshness .,brings an irresistib le b lend of w@rmth and hum or and a consistent embacing hum@nity in the f@ce of life's harshness .,1,True
"a ragbag of promising ideas and failed narrative , of good acting and plain old bad filmmaking .","a r@gbag of promising ieas and failed n@rrative , of goo d acting and plai n old b@d filmmaking .",0,True
writer/director alexander payne ( election ) and his co-writer jim taylor brilliantly employ their quirky and fearless ability to look american angst in the eye and end up laughing .,writ er/director alexandr pay ne ( elecion ) and h1s c0-writer jim taylor brilliantly employ their quirky and fearless ability to look a merican an gst in the eye and end up laughi ng .,1,True
"a well-done film of a self-reflexive , philosophical nature .","a well-done film 0f a self-reflexive , philosophical nat ure .",1,True
"entertains not so much because of its music or comic antics , but through the perverse pleasure of watching disney scrape the bottom of its own cracker barrel .","entertins n0t so muh becau se of its mus ic 0r c omic antcs , b ut throu gh th e pervrse pleasue of waching disney sc rape the b ottom 0f 1ts ow n cra cker barrel .",0,False
"an amusing and unexpectedly insightful examination of sexual jealousy , resentment and the fine line between passion and pretence .","an am using @nd unexpctedly insi ghtful exa mination 0f sexua l jealous y , res entment and th3 fie line betw een passion and pretence .",1,True
"there ought to be a directing license , so that ed burns can have his revoked .","there ouht to be @ directin g lcense , so th at 3d brns can hve his revoked .",0,True
"while most films these days are about nothing , this film seems to be about everything that's plaguing the human spirit in a relentlessly globalizing world .","while most films these days are about nothing , this film seems to be about everyth ing that's plaguing the human spirit in a relentlessly globalizing world .",1,True
i'm going to give it a marginal thumbs up . i liked it just enough .,i'm goi ng to give it @ margina l thums up . i liked it just enough .,0,True
"clint eastwood's blood work is a lot like a well-made pb& j sandwich : familiar , fairly uneventful and boasting no real surprises  but still quite tasty and inviting all the same .","cli nt eastwood's blood work is a lot like a well-made pb& j sadwich : familiar , faily uneventful and boasting n0 real surprises  but still quie tasty and inviting all the same .",0,True
"its story about a young chinese woman , ah na , who has come to new york city to replace past tragedy with the american dream is one that any art-house moviegoer is likely to find compelling .","its story about a young chinese woman , @h na , who has come to new york city to replace past tragedy with the american dream is one that any art-house moviegoer is likely to find compelling .",1,True
"one of the most plain , unimaginative romantic comedies i've ever seen .","one of the most pla in , unimainative romantic comedies i've ever seen .",0,True
"phillip noyce and all of his actors -- as well as his cinematographer , christopher doyle -- understand the delicate forcefulness of greene's prose , and it's there on the screen in their version of the quiet american .","phil lip nyce and all of h1s ac tors -- as wel l @s h is ci nematographer , christop her doye -- understand the delicate forcef ulness 0f gree ne's pro se , and i's there on t he sreen in thir versi on of the quiet american .",1,False
the transporter bombards the viewer with so many explosions and side snap kicks that it ends up being surprisingly dull .,the tran sporter bombards the v iewer with so many explosins and sid e snp ki cks that it end s up being surprisingly dul l .,0,True
it's lazy for a movie to avoid solving one problem by trying to distract us with the solution to another .,it' s laz y for a move to avoid solvng one poblem by trying to distact us with the solution to another .,0,True
"me no lika da accents so good , but i thoroughly enjoyed the love story . scott baio is turning in some delightful work on indie projects .","me no lika da acc ents so good , but i thoroughly enjoyed the love story . scott baio is turning in some delightful wok on indie projects .",1,True
"short and sweet , but also more than anything else slight tadpole pulls back from the consequences of its own actions and revelations .","short and sweet , but also more than anything else s light tadpole pulls back from the consequences of its own actions and revelations .",0,True
alarms for duvall's throbbing sincerity and his elderly propensity for patting people while he talks .,alarms for duvall's throbbing since rity and his elderly propensity for patting people while he talks .,1,True
martyr gets royally screwed and comes back for more .,martyr gets royally screwed and comes back for moe .,1,True
i didn't laugh . i didn't smile . i survived .,i di dn't laugh . i didn't smile . i survived .,0,True
"overly stylized with lots of flash black-&-white freeze frames reminiscent of a pseudo-hip luxury car commercial , ( it's ) at its worst when it's actually inside the ring .","ovrly st ylized with los of flah b1ack-&-white freez e frames reminiscen t 0f a pse udo-hip luxry c@r commercial , ( it' s ) at its worst when it's actu ally inside the ring .",0,True
"reeboir varies between a sweet smile and an angry bark , while said attempts to wear down possible pupils through repetition . it has no affect on the kurds , but it wore me down .","reeboir varies betwee n a swe et smile and @n anry b@rk , w hile sai d attempts to wear down possible pupil s through repetition . it has no affect on the kurds , but it wore me down .",0,True
a sometimes tedious film .,a sometimes tedio us fi lm .,0,True
i admired this work a lot .,1 admired this wrk a l ot .,0,True
staggeringly dreadful romance .,staggeringly drea dful romanc e .,0,True
a flawed but engrossing thriller .,a flawed but engrossi ng thriller .,1,True
"efteriades gives the neighborhood -- scenery , vibe and all -- the cinematic equivalent of a big , tender hug .","efteriades gi ves th3 neighborhod -- sceery , vi be an d al l -- the cinem atic equiv alent 0f a big , tender hug .",1,False
. . . there's enough cool fun here to warm the hearts of animation enthusiasts of all ages .,. . . thre's en ough col f un h ere to w@rm the hearts of an imation ent husiasts of all ages .,1,False
"adults will certainly want to spend their time in the theater thinking up grocery lists and ways to tell their kids how not to act like pinocchio . as for children , they won't enjoy the movie at all .","adults will certainly want to spend their time in the theater thinking up grocery lists and ways to tell their kids how not to act like pinocchio . as for children , they won't en joy the movie at all .",0,True
the quirky drama touches the heart and the funnybone thanks to the energetic and always surprising performance by rachel griffiths .,the quirk y dr@ma touche s the hert and the funnybone tanks to the energeti c and alays surprising per formance by racel griffiths .,1,True
director jay russell weighs down his capricious fairy-tale with heavy sentiment and lightweight meaning .,drector jay russell we ighs down his capricious fairy-tale with heavy sentiment an d lightweight meanin g .,0,True
the kind of primal storytelling that george lucas can only dream of .,the kind of primal strytelling that george lucas can only dream of .,1,True
"a powerful , inflammatory film about religion that dares to question an ancient faith , and about hatred that offers no easy , comfortable resolution .","a po werful , inflammatory film abo ut religion that dares to question an anient faith , a nd about hatred that offers no eay , comfortable resolution .",1,True
it's so good that you can practically see the hollywood 'suits' trying to put together the cast and filmmaking team for the all-too -inevitable american remake .,it's so good that you can practically see the hollywo od 'suits' trying to put together the cast and filmmaking team for the all-too -inevitable american remake .,0,True
"the setting is so cool that it chills the characters , reducing our emotional stake in the outcome of "" intacto's "" dangerous and seductively stylish game .","t he set ting is so co ol tha t 1t chils t he char acters , reduci ng 0ur e motional sake in th3 o utcome of "" intac to's "" dangeous @nd seductively stylish game .",1,False
"nicks refuses to let slackers be seen as just another teen movie , which means he can be forgiven for frequently pandering to fans of the gross-out comedy .","nicks re fuses to let slackrs be seen as just another t3en moie , which means he can be forgiven for frequent ly pandering t0 fans of th e gross-out comey .",0,True
"as if to prove a female director can make a movie with no soft edges , kathryn bigelow offers no sugar-coating or interludes of lightness . her film is unrelentingly claustrophobic and unpleasant .","as if to prove a female director can make a movie with no soft edges , kathryn bigelow offers n0 sugar-coating or interludes of lightness . he r film is unrelentingly claustrophobic and unpleasant .",0,True
"a loud , ugly , irritating movie without any of its satirical salvos hitting a discernible target .","a loud , ugly , i rritating moie withut a ny 0f its satiricl s alvos hi tting a discernible target .",0,False
"take care is nicely performed by a quintet of actresses , but nonetheless it drags during its 112-minute length .","take cre is nicely per formed by a quintet of actresses , but nonetheless it drag s during its 112-m inute len gth .",0,True
both a grand tour through 300 hundred years of russian cultural identity and a stunning technical achievement .,both a grand tur through 300 hundred years of rus sian culturl ientity and a s tunning technical achievemen t .,1,True
fessenden's narrative is just as much about the ownership and redefinition of myth as it is about a domestic unit finding their way to joy .,fessenden's narative is just as much about the ownership and redefinition of myth as it is about a doestic unit finding their way to j oy .,1,True
this is the kind of movie where people who have never picked a lock do so easily after a few tries and become expert fighters after a few weeks .,this is the kind of moie where peopl e who have never picked a lock d0 so easil y aftr a few ties and b ecome exp ert fighters a fter a few wee ks .,0,True
it's the unsettling images of a war-ravaged land that prove more potent and riveting than the unlikely story of sarah and harrison .,i t's the unsett ling imag es of a w@r-ravaged land tht prove more potent a nd riveting tan the unlikely story of sarah an d harrison .,1,True
"best of all is garcia , who perfectly portrays the desperation of a very insecure man .","best of all is garc ia , who per fectly portrays th3 desperation of a vry in secure man .",1,True
weiss and speck never make a convincing case for the relevance of these two 20th-century footnotes .,weiss and speck never make a convincing case for the relevance of these two 20t h-century footnotes .,1,True
everyone's to blame here .,everyone's to blme here .,0,True
changing lanes is an anomaly for a hollywood movie ; it's a well-written and occasionally challenging social drama that actually has something interesting to say .,changing la nes is an anomaly for a hollyood moie ; it's a wel-written and occasionally chalenging scial draa that actually has something interesting to say .,1,True
just not campy enough,jut n0t campy enough,0,True
"if oscar had a category called best bad film you thought was going to be really awful but wasn't , guys would probably be duking it out with the queen of the damned for the honor .","if osar h@d a cat egory called best ba d flm you thought was going to be really aful but wasn't , guys would probably be duking it out with th e queen of the damned for th e honor .",0,True
"accuracy and realism are terrific , but if your film becomes boring , and your dialogue isn't smart , then you need to use more poetic license .","accuracy and realism are terrific , but 1f your film becoms boring , and your dialo gue isn't smart , then you need t0 u$e more poetic license .",0,True
"this engrossing , characteristically complex tom clancy thriller is shifty in the manner in which it addresses current terrorism anxieties and sidesteps them at the same time .","this eng rossing , ch@racteristically co mplex t0m clncy thriller is shifty in the manner in which it addresses cu rrent terrorism anxieties and sidesteps the m at the same time .",1,True
i hope the movie is widely seen and debated with appropriate ferocity and thoughtfulness .,1 ho pe the movie is widely seen and debatd with appro priate ferocity and thougtfulness .,1,True
"based on dave barry's popular book of the same name , the movie benefits from having a real writer plot out all of the characters' moves and overlapping story .","based on dave barry's popular book of the same name , th e movie benefits from having a real write r plot out all of the characters' moves and overlapping story .",0,True
"thirty years ago , it would have been groundbreaking . now it's just tired .","thiry year s @go , 1t woud h ave b3en groundbreaking . now it's just tired .",0,True
the big finish is a bit like getting all excited about a chocolate eclair and then biting into it and finding the filling missing .,the big finish is a bit like getting all excited about a choclate eclair and then biting into it and finding the fillig missing .,0,True
"a movie just for friday fans , critics be damned . if you already like this sort of thing , this is that sort of thing all over again .","a movie just for fiday fan s , critics be damned . if you alre ady lik e this sort of thing , ths is that sort of thing all over again .",0,True
[crystal and de niro] manage to squeeze out some good laughs but not enough to make this silly con job sing .,[crysal and de niro ] m anage to squeee out some good l aughs but not enough to make this s illy c on job sng .,0,True
"it may not be a huge cut of above the rest , but i enjoyed barbershop . it's a funny little movie with clever dialogue and likeable characters .","it may not be a huge cut of above the rest , but i ejoyed barberhop . it's a funy little movie with clever dialogue @nd likeable characters .",1,True
"it's predictable , but it jumps through the expected hoops with style and even some depth .","it' s predictabl e , but it jumps through the expected hoops with style and even som e depth .",0,True
"an exceptionally dreary and overwrought bit of work , every bit as imperious as katzenberg's the prince of egypt from 1998 .","an exceptionally dreay and over wrought bit of work , every bit as imperious as katzenberg's th e prince of egypt from 1998 .",0,True
"secretary manages a neat trick , bundling the flowers of perversity , comedy and romance into a strangely tempting bouquet of a movie .","secrtary manages a neat trick , bundling t he flowers of perver sity , comey and romance into a stra ngely tempting bouquet 0f a movie .",1,True
"for all the dolorous trim , secretary is a genial romance that maintains a surprisingly buoyant tone throughout , notwithstanding some of the writers' sporadic dips into pop freudianism .","for all the dolorous trim , secretary is a gen ial romance that maintains a surprisingly buoyan t tone throughout , notwithstanding some of the writers' sporadic dips into pop freudianism .",1,True
narc is all menace and atmosphere .,na rc is all men ace and atmos phere .,1,True
"the story loses its bite in a last-minute happy ending that's even less plausible than the rest of the picture . much of the way , though , this is a refreshingly novel ride .","the story loses its bite in a last-minute happy ending that's evn less plausible than the rest of the picture . much of the way , though , this is @ refre shingly novel ride .",1,True
the modern-day characters are nowhere near as vivid as the 19th-century ones .,the modernday characters ar e nowhere near as vivid as the 19th-century ones .,1,True
filmmaker tian zhuangzhuang triumphantly returns to narrative filmmaking with a visually masterful work of quiet power .,filmmak er tian zhuangzhuang trumphantly rturns to nrrative filmmak ing with a visally maste rful work of quet poer .,1,True
a really funny fifteen-minute short stretched beyond its limits to fill an almost feature-length film .,a really funny fifteen-minute shor t stretched be yond its lim its t0 fill @n almo st feature-length film .,0,True
"reggio falls victim to relying on the very digital technology that he fervently scorns , creating a meandering , inarticulate and ultimately disappointing film .","r eggio flls vicim to relyig on th e ve ry digi tal technology that h3 ferventl y scorns , cr eating @ mandering , inarticuate an d ultimately disappointing film .",0,False
"watching this gentle , mesmerizing portrait of a man coming to terms with time , you barely realize your mind is being blown .","w@tching this gente , mesmerizng p ortrait 0f @ man coming to terms wit h ti me , y0u ba rely r ealize your mid is being blown .",1,True
manages to be both repulsively sadistic and mundane .,manages to be both repulsively sadisti c and mundane .,1,True
""" freaky friday , "" it's not .",""" fr eaky frid ay , "" it's not .",0,False
"a lousy movie that's not merely unwatchable , but also unlistenable .","a lusy mo vie that's not merely unwatchab le , but also unlistenable .",0,True
i'm just too bored to care .,i'm just t0o b ored to c@re .,0,True
laggard drama wending its way to an uninspired philosophical epiphany .,laggard d rama wending its way to an uninsp ired philosophical epiphany .,0,True
"you've already seen city by the sea under a variety of titles , but it's worth yet another visit .","you've already seen ci ty by the $ea under a variety of titles , b ut it's worth yet another visit .",1,True
"its story may be a thousand years old , but why did it have to seem like it took another thousand to tell it to us ?","it s s tory m@y be @ t housand ye ars old , b ut wh y did it have t0 seem like it took anther thousand to tell it to us ?",0,True
". . . instead go rent "" shakes the clown "" , a much funnier film with a similar theme and an equally great robin williams performance .",". . . instead go rent "" shakes the clo wn "" , a much funnier film with a similar theme and an equally great robin williams performance .",0,True
an awkwardly garish showcase that diverges from anything remotely probing or penetrating .,an akwardly garish showcase that diverges from anything remotey probing or pe netrating .,0,True
a well paced and satisfying little drama that deserved better than a direct-to-video' release .,a well p aced and satisfy ing little dr@ma that dese rved better than a direct-to-video' release .,1,True
"a spunky , original take on a theme that will resonate with singles of many ages .","a spunky , oriinal t ake 0n a theme tat wil l r esonate wi th sigles 0f m@ny ages .",1,True
"this version moves beyond the original's nostalgia for the communal film experiences of yesteryear to a deeper realization of cinema's inability to stand in for true , lived experience .","this version moves beyond the original's nostalgia for the communal fim experiences of yesteryear to a deeper realization of cinema's inability to stand in for true , lived experience .",1,True
too clunky and too busy ribbing itself to be truly entertaining .,too clun ky and too busy ribbing itself to be truly entertaining .,0,True
the wild thornberrys movie is a jolly surprise .,the w ild thornbe rrys moie is a jlly surprise .,1,True
"in its own floundering way , it gets to you . just like igby .","in its own floundering way , it gets to you . jut like igby .",0,True
not sweet enough to liven up its predictable story and will leave even fans of hip-hop sorely disappointed .,not swe et enough to lien up its predict able story and will leave even f@ns of hi-hop s orely disappointed .,0,True
"a movie that , rather than skip along the seine , more or less slogs its way through soggy paris , tongue uncomfortably in cheek .","a movi e that , rather than skip along the seine , more or less slogs its way through so ggy paris , tongue uncomfortably in cheek .",0,True
"for its 100 minutes running time , you'll wait in vain for a movie to happen .","for its 100 minues running time , you'll wait in vain for @ movie to happen .",0,True
"a punch line without a premise , a joke built entirely from musty memories of half-dimensional characters .","a punch line without a premise , a jok e built entirely from must y memories of h@lf-dimensional character s .",0,True
"thirteen conversations about one thing lays out a narrative puzzle that interweaves individual stories , and , like a mobius strip , elliptically loops back to where it began .","th irteen conversa tions @bout one t hing lays out @ n@rrative puz zle that interweaves indvidual stor ies , and , like @ mobius strip , elliptically loops b@ck to where it began .",0,True
many of benjamins' elements feel like they've been patched in from an episode of miami vice .,many of benjamins' elements feel like they've been patche d in from an episod e of miam i vice .,0,True
"samira makhmalbaf's new film blackboards is much like the ethos of a stream of consciousness , although , it's unfortunate for the viewer that the thoughts and reflections coming through are torpid and banal","samra makhmalbaf's new film blackboads is much like the eths of @ stre am of consciousness , although , it's unfortunate f0r the viewer that the thoughts and reflections coming through are torid and banal",0,True
"it's not so much enjoyable to watch as it is enlightening to listen to new sides of a previous reality , and to visit with some of the people who were able to make an impact in the theater world .","1t's not so much enjoyble to w atch as it is enli ghtening to lis ten to new sides of a previous reality , and to visit with some of the people who were able to make an impact in the theater world .",1,True
a tv style murder mystery with a few big screen moments ( including one that seems to be made for a different film altogether ) .,@ tv st yle mur der my stery with @ few b ig scree n mments ( including one that seems to be made f0r a different film altogether ) .,0,True
a rambling ensemble piece with loosely connected characters and plots that never quite gel .,a ramling ensembe piece with loosely connected chara cters and pots that never quite g3l .,0,True
features what is surely the funniest and most accurate depiction of writer's block ever .,fea tures w hat is surely the funnie st and mot acc urate deiction of writer's bloc k ever .,1,True
"while you have to admit it's semi-amusing to watch robert deniro belt out "" when you're a jet , you're a jet all the way , "" it's equally distasteful to watch him sing the lyrics to "" tonight . ""","while you have to admit it's semi-amusing to watch robert deniro bet ou t "" when you'r e a j et , you're a jet all the wa y , "" it's equally distasteful t0 watch him sing the lyrics to "" tonight . """,0,True
gives an intriguing twist to the french coming-of-age genre .,gves an intrig uing twi st t0 t he frenc h coming-o-age gen re .,1,False
"using a stock plot , about a boy injects just enough freshness into the proceedings to provide an enjoyable 100 minutes in a movie theater .","using a stock plot , about a boy injects just enogh freshness into the proceedings to provide an enjoyable 100 minutes in @ movie theater .",0,True
"i've always dreamed of attending cannes , but after seeing this film , it's not that big a deal .","i've always dreamed of attending cannes , but after seeing th is film , it's not that big a deal .",0,True
"a sad , superior human comedy played out on the back roads of life .","a sad , superior hum an comedy played out on the back roads of life .",1,True
"it arrives with an impeccable pedigree , mongrel pep , and almost indecipherable plot complications .","it arrives with an impeccable pedigree , mongrel pep , and almot indecipherable plot complications .",0,True
"a film which presses familiar herzog tropes into the service of a limpid and conventional historical fiction , when really what we demand of the director is to be mesmerised .","a f ilm which presses familiar herz og tro pes into the service of a limpid and conventional historical ficton , when really what we demand of the director is to be mesmerised .",1,True
"mild , meandering teen flick .","mild , meandeing teen flick .",0,True
"for every cheesy scene , though , there is a really cool bit -- the movie's conception of a future-world holographic librarian ( orlando jones ) who knows everything and answers all questions , is visually smart , cleverly written , and nicely realized .","for every cheesy sce ne , though , t here is @ realy cool bit -- the mvie's concepiton of a future-wrold holographic lbrarian ( orland o jon es ) wh o knows everyth ing and a nswers al l quetions , is visualy smart , cleverly written , and nicely realized .",1,True
"although largely a heavy-handed indictment of parental failings and the indifference of spanish social workers and legal system towards child abuse , the film retains ambiguities that make it well worth watching .","although largely a heavy-handed indictment of parental failings and the indifference of spanish social workers and legal system towards child abuse , the fim retains ambiguities that make it well worth watching .",1,True
serving sara should be served an eviction notice at every theater stuck with it .,sering sar a should be servd @n eviction notic e at every theater stuck with it .,0,True
"just because it really happened to you , honey , doesn't mean that it's interesting to anyone else .","just because it really happened to you , honey , doesn't mea n that it's interesting to anyone else .",0,True
one of those terrific documentaries that collect a bunch of people who are enthusiastic about something and then figures out how to make us share their enthusiasm .,one of those terrific documentares that collect a bunch of people who are enthusiastic about something and then figur es out how to make us share their enthusiasm .,1,True
a classy item by a legend who may have nothing left to prove but still has the chops and drive to show how its done .,a classy item by a legend who may have nothing left to prove but still has the ch ops and drive to show how its done .,1,True
the production values are of the highest and the performances attractive without being memorable .,the product ion val ues are of the highes t and the perforances attractive without being memorabl e .,1,True
"not only does the movie fail to make us part of its reality , it fails the most basic relevancy test as well .","not only d oes the movi e f ail to make us pa rt of its r eality , 1t fails the most basic reevancy test as well .",0,True
"this story still seems timely and important . and there's an element of heartbreak to watching it now , with older and wiser eyes , because we know what will happen after greene's story ends .","this sory still seems tim ely and important . and there's an element 0f heartbreak t0 watching it now , with old er a nd wiser eyes , because we know what will hap pen after greene's story ends .",1,True
it's one pussy-ass world when even killer-thrillers revolve around group therapy sessions .,i t's one pussy-ass world whn even killer-thrilles rvolve arund group the rapy sesions .,1,False
"a witty , whimsical feature debut .","a wtty , whimsical feat ure debut .",1,True
an engrossing iranian film about two itinerant teachers and some lost and desolate people they encounter in a place where war has savaged the lives and liberties of the poor and the dispossessed .,an engrossing ir anian fil m about two itinerant teacher s and some lost and desoate people they encounter in a place where w@r has savaged the lives and liberties of the poor and the dispossessed .,1,True
"although fairly involving as far as it goes , the film doesn't end up having much that is fresh to say about growing up catholic or , really , anything .","although faily involvi ng as far as it goes , the flm doesn't end up having much that is fresh to sa y abo ut growing up caholic or , really , anything .",0,True
it's fascinating to see how bettany and mcdowell play off each other .,it's fas cinating to see how bet tany and mcdowll p1ay off each other .,1,True
"collateral damage is , despite its alleged provocation post-9/11 , an antique , in the end . as are its star , its attitude and its obliviousness .","collater al d amage is , despite i ts alleged provocation post-9/11 , an antique , in the end . as ar e its sar , its attitude and its obliviousness .",0,True
"despite its title , punch-drunk love is never heavy-handed . the jabs it employs are short , carefully placed and dead-center .","despite it s ti tle , punc-drunk love is never haevy-handed . the jbs it em ploys are sh ort , carefully placed @nd d3ad-center .",0,True
"just a string of stale gags , with no good inside dope , and no particular bite .","just a stri ng of stal e g@gs , with no good insid e dope , and n0 particular bite .",0,True
how this one escaped the lifetime network i'll never know .,how this one escaped the lifetime n etwork i'll never know .,0,True
"the biggest problem with satin rouge is lilia herself . she's a cipher , played by an actress who smiles and frowns but doesn't reveal an inner life .","the biggest problem with sa tin rouge is lila hers elf . she's @ cpher , played by an act ress who smiles and frowns but doesn't revea l an inner life .",0,True
"a movie i loved on first sight and , even more important , love in remembrance .","a mov ie 1 lved on first si ght and , even more import ant , lve in remembrance .",1,True
"branagh , in his most forceful non-shakespeare screen performance , grounds even the softest moments in the angry revolt of his wit .","branag h , in his most forceful non-shakespeare screen performance , grounds even the softest moments in the angry revolt of his wit .",0,True
"the film , while not exactly assured in its execution , is notable for its sheer audacity and openness .","the fi lm , while no t exact ly asured in 1ts execution , is not able f or 1ts sheer aud acity and openness .",1,True
the ending feels at odds with the rest of the film .,the ending feels at o dds with the rest of the fil m .,1,True
beautifully directed and convincingly acted .,beaut ifully direc ted and convin cingly acted .,1,True
"another big , dumb action movie in the vein of xxx , the transporter is riddled with plot holes big enough for its titular hero to drive his sleek black bmw through .","another big , dmb ation movie in the vein of xxx , the t ransporter is ridled with plot holes big enough for its titular hero to dr ive h is sleek black bmw through .",0,True
"mandel holland's direction is uninspired , and his scripting unsurprising , but the performances by phifer and black are ultimately winning . you'll find yourself wishing that you and they were in another movie .","mandel holland's direction is u ninspired , and his scripting unsurprising , b ut the performances by phifer and black are ultimate ly winning . you'll find yourself wishing that you and they wre in another movie .",0,True
absolutely ( and unintentionally ) terrifying .,a bsolutely ( @nd unintentionally ) terrifying .,1,True
crush is so warm and fuzzy you might be able to forgive its mean-spirited second half .,crush is so wa rm and fuzzy you might be able to forgive its mean-spirited second half .,1,True
"to paraphrase a line from another dickens' novel , nicholas nickleby is too much like a fragment of an underdone potato .","to paraphrase a 1ine from another dickens' nvel , nicholas nickleb y is t0o much l ike a fragmet of an underdone potato .",0,True
uneven but a lot of fun .,unev en but a lot of fu n .,1,True
do not see this film .,d0 n0t see th is f ilm .,0,True
the cast delivers without sham the raw-nerved story .,the cast delivers without sam the raw-nerved story .,0,True
the stunt work is top-notch ; the dialogue and drama often food-spittingly funny .,the stunt work is to p-notch ; the dia logue and drma often food-spittingly funny .,1,True
"the only camouflage carvey should now be considering is a paper bag to wear over his head when he goes out into public , to avoid being recognized as the man who bilked unsuspecting moviegoers .","the only camouflge carvey should now be considering is a papr b@g to war over his head when he goes out into public , to avoid being recognized as the man who bilked uns uspecting moviegoers .",0,True
a bit too eager to please .,@ bit t oo eage r to please .,0,True
"as well-acted and well-intentioned as all or nothing is , however , the film comes perilously close to being too bleak , too pessimistic and too unflinching for its own good .","as well-acted an d well-intentioned as all or nothing is , however , the film comes perilousl y close to being too blak , too pessimistic and t oo unflinching fo r its own good .",0,True
"men in black ii has sequel-itis something fierce . an ungainly , comedy-deficient , b-movie rush job . . .","me n in blac k ii has sequel-itis something fierce . an ungainly , comedy-deficient , b-mov ie rush job . . .",0,True
"the jokes are flat , and the action looks fake .","th e joks @re f lat , @nd th e acti on lo oks fake .",0,True
"this cuddly sequel to the 1999 hit is a little more visually polished , a little funnier , and a little more madcap .","this cu ddly sequel to the 1999 hit is a little more visually pol ished , a little funnier , and a little more madcap .",1,True
""" 13 conversations about one thing "" is an intelligent flick that examines many different ideas from happiness to guilt in an intriguing bit of storytelling .",""" 13 conversations about one thing "" 1s an intelligent flik that exa mines m any different idea s from ha ppiness to gult in an intriguing bit of storytelling .",1,True
"the movie is gorgeously made , but it is also somewhat shallow and art-conscious .","the m ovie is gorgeously made , but it is also somewhat shallow and art-conscious .",0,True
the piece plays as well as it does thanks in large measure to anspaugh's three lead actresses .,the piece plays as well as it does thanks in large measure to anspaugh's three lead a ctresses .,1,True
. . . the picture's cleverness is ironically muted by the very people who are intended to make it shine .,. . . the picture's cleverness is ironically muted by the v ery people who are intended t0 make it shine .,0,True
"it's a rollicking adventure for you and all your mateys , regardless of their ages .","1t's a rollickng adven ture f or y0u @nd al l yur mateys , regrdless of thei r ages .",1,False
"the film is old-fashioned , occasionally charming and as subtle as boldface .","the fil m is old-fashio ned , occasionally charmi ng and as subte as boldface .",1,True
another in-your-face wallow in the lower depths made by people who have never sung those blues .,another in-your-face wallow in the lower depths m@de by people who have never sung those blues .,0,True
"no such thing is sort of a minimalist beauty and the beast , but in this case the beast should definitely get top billing . robert john burke as the monster horns in and steals the show .","n0 such thing is sort of @ minialist beauty and the bea st , but in tis case the beast shoul d definitely ge t top billig . rober t john burke @s th3 mon ster horns in and steas the show .",0,True
"in a movie full of surprises , the biggest is that secret ballot is a comedy , both gentle and biting .","in a mo vie full of sur prises , t he biggest is tht secre t ballot 1s a comedy , both gen tle and biting .",1,True
the film proves unrelentingly grim -- and equally engrossing .,t he film p roves unrelenting ly grm -- a nd equa lly engrossing .,1,False
"if it were any more of a turkey , it would gobble in dolby digital stereo . if nothing else , "" rollerball "" 2002 may go down in cinema history as the only movie ever in which the rest of the cast was outshined by ll cool j .","if it wee an y more of a tukey , it would gobble in dlby digital stereo . if n othing e lse , "" rollerb all "" 202 may go down in ciema history as the only movie ever in wich the rest of the cast w@s outshined by ll cool j .",0,True
the irwins' scenes are fascinating ; the movie as a whole is cheap junk and an insult to their death-defying efforts .,the irwins' s cenes ar e f@scinating ; th3 movie @s a wole is chap j unk an d @n i nsult t0 the ir death-defying ef forts .,0,True
a sensitive and astute first feature by anne-sophie birot .,a sensit ive and a stute first feature by ane-sophie biro t .,1,True
"unintelligible , poorly acted , brain-slappingly bad , harvard man is ludicrous enough that it could become a cult classic .","unintelligible , porly a cted , brain-slappingly b@d , harvard man is ludicrous enough that it could becme @ cult classic .",0,True
"director kevin bray excels in breaking glass and marking off the "" miami vice "" checklist of power boats , latin music and dog tracks . he doesn't , however , deliver nearly enough of the show's trademark style and flash .","director kevin bray excels in breaking glass and marking off the "" miami vice "" checklist of power boats , latin music and do g tracks . he doesn't , however , deliver nearly enough of the show's trademark style and flash .",0,True
"an exciting and involving rock music doc , a smart and satisfying look inside that tumultuous world .","an excitng and ivolving rok mu$ic doc , @ smart a nd sati sfying lo ok inside th@t tumult uous world .",1,True
execrable .,execrable .,1,False
"both stars manage to be funny , but , like the recent i spy , the star chemistry begs the question of whether random gags add up to a movie .","both star s mnage to be fnny , but , l ike th3 r ecent i sp y , th e sta r chemist ry b egs the quest ion of wether rand om g ags @dd up to a movie .",0,True
spielberg has managed to marry science fiction with film noir and action flicks with philosophical inquiry .,s pielberg ha s m@naged to m@rry sc ience fict ion with f ilm nir and ac tion flic ks with philoso phical inqu iry .,1,True
"this toothless dog , already on cable , loses all bite on the big screen .","this tothless d og , already 0n cab le , loes all bite on th e big screen .",0,True
"while it would be easy to give crush the new title of two weddings and a funeral , it's a far more thoughtful film than any slice of hugh grant whimsy .","while it would be eay to give crush the new tite of two weddngs and a fueral , it's a far moe thoughtul film than any slice 0f hgh gra nt whimsy .",1,True
this flat run at a hip-hop tootsie is so poorly paced you could fit all of pootie tang in between its punchlines .,th is f1at run at @ hip-hp t ootsie is so po orly pacd yo u culd f it @ll of poote tang 1n betwe en it s punclines .,0,True
"the production design , score and choreography are simply intoxicating .","the producton dsign , sore a nd choreograp hy @re $imply intoxicating .",1,True
"a penetrating , potent exploration of sanctimony , self-awareness , self-hatred and self-determination .","a pe netrating , po tent exploration 0f sanctimony , self-awareness , self-hatred and self-determination .",1,True
"smith's approach is never to tease , except gently and in that way that makes us consider our own eccentricities and how they are expressed through our homes .","smith's appr oach is never to te ase , except gently and in that way that mak es us cosider our 0wn eccentricities and how they are expressed th rough 0ur homes .",1,True
"a fiercely clever and subtle film , capturing the precarious balance between the extravagant confidence of the exiled aristocracy and the cruel earnestness of the victorious revolutionaries .","a fircely clev er and sub tle fi lm , capturing t he precarios balace between th3 extrav agant cofidence of the exiled aristocracy and th3 cr uel earnestne ss of the victorious revolutionaries .",1,True
a movie that hovers somewhere between an acute character study and a trite power struggle .,a mvie that hovers somewhere between an ac ute character study and a tri te power struggle .,0,True
"dodgy mixture of cutesy romance , dark satire and murder mystery .","dodgy mixtur e of cutesy romance , dark satire an d murder mystery .",0,True
the film's maudlin focus on the young woman's infirmity and her naive dreams play like the worst kind of hollywood heart-string plucking .,the film's maudli n focus on the young woman's infirmity and her naive dreams play like the worst kind of hollywood heart-string plucking .,0,True
never once predictable .,n ever once predictble .,0,True
". . . a good , if not entirely fresh , look at war .",". . . a god , 1f not entirely fresh , look at war .",1,False
a captivating coming-of-age story that may also be the first narrative film to be truly informed by the wireless age .,a ca ptivating comin-gof-age stry th at m@y al so b3 th3 frst narrative fil m t0 be t ruly infomed by th3 wirele ss age .,1,True
rather less than the sum of its underventilated père-fils confrontations .,rather less than the s um of it s underventilated père-fils confrontations .,0,True
"lends itself to the narcotizing bland ( sinister , though not nearly so sinister as the biennial disney girl movie ) machinations of the biennial disney boy movie .","lend s itsef to the narcotizing blan d ( sinister , thouh not neary so sinister as the biennil diney girl movi e ) machinations of the bi ennial disney boy movie .",0,True
"the movie attempts to mine laughs from a genre -- the gangster/crime comedy -- that wore out its welcome with audiences several years ago , and its cutesy reliance on movie-specific cliches isn't exactly endearing .","the moive attempts to mne laugs from a genre -- th e g@ngster/crime comedy -- that wore out its welcome with audiences several y ears ago , and i ts cutesy reli ance on movi e-specific cliches isn't exac tly endearing .",0,True
a poignant lyricism runs through balzac and the little chinese seamstress that transforms this story about love and culture into a cinematic poem .,a poignan t lyrici sm runs through balzac and the little chinee seamstress that transforms this story about love and culure into a cinematic poe m .,1,True
"as hugh grant says repeatedly throughout the movie , 'lovely ! brilliant ! '","as hugh grant says repeatedly throughout the mo vie , 'lovely ! brilliant ! '",0,True
"swimming is above all about a young woman's face , and by casting an actress whose face projects that woman's doubts and yearnings , it succeeds .","swimmin g is above all about a yong woman's face , a nd by casting an actress whose fa ce projects that woman's doubts and yearnings , it succeeds .",1,True
this sort of cute and cloying material is far from zhang's forte and it shows .,this sort of cute and coying material is far from zhang's forte and it shows .,0,True
this is a movie so insecure about its capacity to excite that it churns up not one but two flagrantly fake thunderstorms to underscore the action .,tis is a movie $o insecu re abot i ts c@pacity to excite that it churns up n ot one but tw0 flagrantly f ake thunderstorms to undersco re the act ion .,0,True
the plot grinds on with yawn-provoking dullness .,the pl ot grinds on with yaw n-provoking dul lness .,0,True
"an intelligent , multi-layered and profoundly humanist ( not to mention gently political ) meditation on the values of knowledge , education , and the affects of cultural and geographical displacement .","an intellient , mult i-layered and profoun dly humanist ( not to m ention gen tly politic al ) meditation on the values 0f knowledge , education , a nd the affects of cultural and geographical displacement .",1,True
"for all its plot twists , and some of them verge on the bizarre as the film winds down , blood work is a strong , character-oriented piece .","for all its plot twists , and some of them verge on the bizarre as t he film winds down , blood work is a strong , character-oriented piece .",1,True
the film's performances are thrilling .,the film's perormances are thriling .,1,True
"william shatner , as a pompous professor , is the sole bright spot . . .","william shatner , as a pmpous professor , is the sole bright spot . . .",0,True
a modestly surprising movie .,a modest ly surp rising moie .,1,True
"on the whole , the movie lacks wit , feeling and believability to compensate for its incessant coarseness and banality .","on the whoe , th e mo vie la cks wit , feelig and belieability to c ompensate for it s incessant coaseness and banality .",0,True
the film was immensely enjoyable thanks to great performances by both steve buscemi and rosario dawson . . .,the fil m was immensely enjoya ble thnks to grea t perfor mances by both ste ve buscemi and rosario da wson . . .,1,True
generates an enormous feeling of empathy for its characters .,generats an enormous feeli ng of empaty for its characters .,1,True
"ultimately , clarity matters , both in breaking codes and making movies . enigma lacks it .","ultimately , clarity matters , both 1n breaking codes and making movies . enigma lacks it .",0,True
"a picture that extols the virtues of comradeship and community in a spunky , spirited fashion .","a picture that extols the virtues of comradeship and community in a spunky , spiri ted fashion .",1,True
"'god help us , but capra and cooper are rolling over in their graves . '","'god help us , b ut capra and cooper are rolling over in thir gr@ves . '",1,True
jonathan parker's bartleby should have been the be-all-end-all of the modern-office anomie films .,jonthan parker's bartleby should have ben the be-all-end-all of the modern-office anomie films .,1,True
the movie is essentially a series of fleetingly interesting actors' moments .,the movie is essentially a series of fleetingly interesting actors' mo ments .,1,True
"there's a reason the studio didn't offer an advance screening . "" the adventures of pluto nash "" is a big time stinker .","there's a reason the studio did n't offer an advance screening . "" the adventures of pluto nash "" is a big time stinker .",0,True
the whole thing plays out with the drowsy heaviness of synchronized swimmer wearing a wool wetsuit .,the whole thing pays out with the dro wsy heaviness of synchronized swimmer wea ring @ wool wetsuit .,0,True
"rambles on in a disjointed , substandard fashion from one poorly executed action sequence to the next .","rambes on in @ di sjointed , s ubstandard fas hion from one porly execued acti on sequence to the next .",0,True
"a confident , richly acted , emotionally devastating piece of work and 2002's first great film","a con fident , ri chly acted , emotionlly devasating p iece of work and 2002' s firs t great film",1,True
"the story , once it gets rolling , is nothing short of a great one .","the s tory , once 1t get s rolling , is nothing s hort 0f a great one .",0,True
one of the most important and exhilarating forms of animated filmmaking since old walt doodled steamboat willie .,one of the most important and exh ilarating forms of ani mated filmaking since old w alt doodled steamboat wllie .,1,True
its characters are thinner than cardboard -- or even comic-book paper .,it s ch aracters are thinner th@n c@rdboard -- or even comic -book pape r .,0,True
throws in enough clever and unexpected twists to make the formula feel fresh .,thr ows in enough cl ever and une xpected tw ists to make the formula f eel fre sh .,1,True
a fascinating documentary that provides a rounded and revealing overview of this ancient holistic healing system,a f@scinating do cumentary that proides a runded and reve aling overview of this a ncient holistic hea ling syste m,1,True
"rabbit-proof fence will probably make you angry . but it will just as likely make you weep , and it will do so in a way that doesn't make you feel like a sucker .","r@bbit-proof f ence will probably make you angry . but it will just as likely make you weep , and it will do so in a way th at doesn't make you feel like a sucker .",0,True
collapses under its own meager weight .,cllapses undr its ow n meager weig ht .,0,True
equlibrium could pass for a thirteen-year-old's book report on the totalitarian themes of 1984 and farenheit 451 .,equlibrium could pas s for a thirteen-year-old's book report on the totalitarian themes of 184 and farenheit 451 .,0,True
the fast runner' transports the viewer into an unusual space,the fas t runner' transpo rts the vie wer into an unusual sp ace,1,True
not one moment in the enterprise didn't make me want to lie down in a dark room with something cool to my brow .,not one moment in the enterprse ddn't make m3 want to lie down in a d@rk roo m with something cool to my brow .,0,True
[grant] goes beyond his usual fluttering and stammering and captures the soul of a man in pain who gradually comes to recognize it and deal with it .,[gr@nt] goes beyond h is usual fluttering and stammering and cap tures the so ul of a ma n in pan who gr adually comes to recognize it and deal with it .,1,True
completely creatively stillborn and executed in a manner that i'm not sure could be a single iota worse . . . a soulless hunk of exploitative garbage .,co mpletely creative ly stillbo rn and exected in @ m@nner tat i'm n ot s ure coul d b3 @ singl e iota w orse . . . a soulles s hun k of exploitative garbage .,0,False
"in his debut as a director , washington has a sure hand . his work with actors is particularly impressive .","in h1s debt as a dire ctor , washington has a sure hand . his work with actors 1s particularly impressive .",1,True
"it just goes to show , an intelligent person isn't necessarily an admirable storyteller .","it just goes to show , an intelligent person isn't necessarily an adm irable storyteller .",1,True
it appears that something has been lost in the translation to the screen .,it appears that somet hing has bee n los t in the traslation to the scre en .,0,True
"the movie is too cute to take itself too seriously , but it still feels like it was made by some very stoned college students .","the movie is t0o cute to take i tself too seriouly , but it sill feels like it was m@de by sme very $toned colleg e students .",0,True
"sharp , lively , funny and ultimately sobering film .","shar p , live ly , funny @nd ult imately sobering film .",1,False
"it's difficult to imagine that a more confused , less interesting and more sloppily made film could possibly come down the road in 2002 .","its difficul t to imagine that a more confu sed , 1ess interesting and more sloppily m@de film could possibly come down the road in 2002 .",0,True
"martin scorsese cria um espetáculo visual que não possui alma - um filme esteticamente belo , mas emocionalmente frio .","m artin scorese cria um espetáculo vi sual qu3 não possui alma - um filme esteticamente blo , mas emocionalmente frio .",1,False
"beautifully crafted and brutally honest , promises offers an unexpected window into the complexities of the middle east struggle and into the humanity of its people .","beautif ully craf ted and bruta lly hone st , prom ises offe rs an unxpected window into the complexities of th3 mddle east struggle and into t he humanity of its people .",1,True
fred schepisi's tale of four englishmen facing the prospect of their own mortality views youthful affluence not as a lost ideal but a starting point .,fred schepisi's t ale of four englishmen faing the prspect of their own mortaliy viwes yuthful affluence not as a lost ideal but a starting point .,1,True
"the film's strength isn't in its details , but in the larger picture it paints - of a culture in conflict with itself , with the thin veneer of nationalism that covers our deepest , media-soaked fears .","the film's strength isn't in its details , but in the larger picture it paints - of a culture in conflict with itself , wth the thin veneer of nationalism th at covers our deepest , media-soaked fears .",1,True
"one of the most haunting , viciously honest coming-of-age films in recent memory .","one 0f the mo st ha unting , vicio usly hones t comi ng-of-age fils 1n recnt memo ry .",1,True
a fleet-footed and pleasingly upbeat family diversion .,a flet-footed a nd pleasingly upeat fami ly di version .,1,True
gere gives a good performance in a film that doesn't merit it .,ge re gives a good performance in a film that doesn't merit it .,1,True
"if anything , the film is doing something of a public service -- shedding light on a group of extremely talented musicians who might otherwise go unnoticed and underappreciated by music fans .","if anything , th3 film is doing something of a public service -- shedding light on a group of extr emely talented musicians who might otherwise go unnoticed and underappreciated by music fans .",0,True
late marriage's stiffness is unlikely to demonstrate the emotional clout to sweep u . s . viewers off their feet .,lte marriage's stiffness is u nlikely to demo nstrate the eotional clou t to s weep u . $ . viewes of f their feet .,0,True
"sweet home alabama is one dumb movie , but its stupidity is so relentlessly harmless that it almost wins you over in the end .","sw eet h ome alab ama is one dum b movi e , bu t its stupidity is $o relen tlessly harmless that it alost wins you o ver in the end .",0,True
"long after you leave justine , you'll be wondering what will happen to her and wishing her the best -- whatever that might mean .","long aft er y0u leae justi ne , you'll be wondering what wll happen t0 her a nd wishng her th e best -- whatever that might mean .",1,True
exposing the ways we fool ourselves is one hour photo's real strength .,exosing the ways we fool ourse lves is one hour photo's real strengt h .,1,True
. . . works on some levels and is certainly worth seeing at least once .,. . . w orks on some levls @nd is certain ly wort h seeing at least once .,1,True
no doubt the star and everyone else involved had their hearts in the right place . where their heads were is anyone's guess .,n0 doubt the sar and everyon e els e inv olved h@d the ir hea rts in the rigt place . whee teir heds were is anyone' s guess .,0,True
a wordy wisp of a comedy .,a wordy wisp of a come dy .,0,True
cho continues her exploration of the outer limits of raunch with considerable brio .,c ho continues her exloration of the outr limits of r aunch with considerable br io .,1,True
woody allen used to ridicule movies like hollywood ending . now he makes them .,wood y allen used to ridic ule movies like hollywood ending . now he makes them .,0,True
"essentially , the film is weak on detail and strong on personality","essentially , the film is w eak 0n detail a nd strong 0n personality",0,True
"it is nature against progress . in fessenden's horror trilogy , this theme has proved important to him and is especially so in the finale .","it is naure agai nst p rogress . in fe ssenden's horrr trilogy , this theme ha s proved iportant to him and is especially so 1n the finale .",1,True
"nonsensical , dull "" cyber-horror "" flick is a grim , hollow exercise in flat scares and bad acting .","nonsensial , dul l "" cyber-horror "" f lick is a grim , holow execise in flt $cares and bad acting .",0,True
a thinly veiled excuse for wilson to play his self-deprecating act against murphy's well-honed prima donna shtick .,a thiny veied exc use for wil son to pla y h1s sel f-deprecating act aainst mrphy's well-honed prima d onna sh tick .,0,True
"made to be jaglomized is the cannes film festival , the annual riviera spree of flesh , buzz , blab and money . the charming result is festival in cannes .","made to be jaglomized is the cnnes f ilm fetival , the annual riviera spree of fle sh , buzz , blab @nd money . th3 charming r esult is festival in cannes .",1,True
allen shows he can outgag any of those young whippersnappers making moving pictures today .,a llen shows he can outgag any of those yong whippersnappers making mov ing p ictures today .,1,True
probes in a light-hearted way the romantic problems of individuals for whom the yearning for passion spells discontent .,pro bes in a lgiht-hearted way the romantic p roblems 0f individuals for whom the yearning fo r passion spels discontent .,1,True
"a witty , trenchant , wildly unsentimental but flawed look at the ins and outs of modern moviemaking .","a wtty , tre nchant , w ildly un$entimental but f lawed lok at t he in s and ots 0f modern moviemaking .",1,False
"in between all the emotional seesawing , it's hard to figure the depth of these two literary figures , and even the times in which they lived . but they fascinate in their recklessness .","in between all the emotional seesawing , it's hard to figure th3 depth of these two literary figures , and even the times in which they lived . but they fascinate in their recklessness .",0,True
"personal velocity has a no-frills docu-dogma plainness , yet miller lingers on invisible , nearly psychic nuances , leaping into digressions of memory and desire . she boxes these women's souls right open for us .","personal velocit y has a no-frills docu-dogma plainness , yet miller lingers on invisible , nearly psychic nuances , leaping into digressions of memory and desire . she boxes these women's souls right open for us .",0,True
i cry for i spy -- or i would if this latest and laziest imaginable of all vintage-tv spinoffs were capable of engendering an emotional response of any kind .,1 cr y for i sp y -- 0r i would if this latest and l aziest imaginable of all vintag-etv spinoffs wre c@pable of engenderin g an emotionl respose of any kind .,0,True
good-looking but relentlessly lowbrow outing plays like clueless does south fork .,g0od-looking but relen tlessly lowbow outing plys 1ike cluele ss doe s souh for k .,0,True
a rarity among recent iranian films : it's a comedy full of gentle humor that chides the absurdity of its protagonist's plight .,a rariy amng recent iraian fils : i t's a comedy full 0f ge ntle humor that chides th3 absurdity 0f its pr otagonist's plight .,1,True
"you could say that it's slow at times , you could say that a few of the characters act in ways that real people wouldn't , but one thing you couldn't say is that alias betty is predictable .","you cou ld s ay that i t's s low at time s , y ou culd say tht @ f3w of th e charac ters @ct in ways tht real people wouldn't , bu t on e thing yo u couldn't say is that aias bet ty is predictable .",0,True
francophiles will snicker knowingly and you'll want to slap them .,francophiles will snicker knowingly and yo'll want to slap them .,1,True
formula 51 is so trite that even yu's high-energy action stylings can't break through the stupor .,f ormula 51 is so tr ite that even yu's high-energy action stylings can't break through the stupor .,0,True
"texan director george ratliff had unlimited access to families and church meetings , and he delivers fascinating psychological fare .","texan diector gerge ratliff had unlimit ed ac cess to f amilies and churc h meetings , and he deli vers fasci nating psycho logical fare .",1,True
"wedding feels a bit anachronistic . still , not every low-budget movie must be quirky or bleak , and a happy ending is no cinematic sin .","wedding feels a bit anachronistic . still , not every low-budget movie must be quirky or bleak , and a happy ending is n0 cinematic sin .",0,True
writer and director otar iosseliani's pleasant tale about a factory worker who escapes for a holiday in venice reveals how we all need a playful respite from the grind to refresh our souls .,wri ter and directo r otar iosseliani's ple asant tale about a fac tory worker who escapes for a holidy in vnice reveals how we all need a playfl respite from the g rind to refresh our suls .,1,True
an intimate contemplation of two marvelously messy lives .,an i ntimate contemplatin of two marvelous ly messy liv es .,1,True
a captivating and intimate study about dying and loving . . .,a c aptivating and int imate st udy about dying and lo ving . . .,1,True
"with nary a glimmer of self-knowledge , [crane] becomes more specimen than character -- and auto focus remains a chilly , clinical lab report .","with nary a glimmer of s elf-knowledge , [crae] becoms more specimen than chracter -- an d aut o fcus remains a chilly , cliical lab report .",0,True
"a powerful and telling story that examines forbidden love , racial tension , and other issues that are as valid today as they were in the 1950s .","a pow erful and telling story that examines forbid den l ove , r@cial tension , @nd other issues that are as valid today @s they were in the 1950s .",1,True
it seems like i have been waiting my whole life for this movie and now i can't wait for the sequel .,it seems like i have been waiting my whole life for this mo vie and now i cn't wait for the sequel .,0,True
"with we were soldiers , hollywood makes a valiant attempt to tell a story about the vietnam war before the pathology set in .","with we we re s oldiers , hollywood makes a valiant attempt to tell a story about the vietnam war before the pathology set in .",0,True
"i prefer soderbergh's concentration on his two lovers over tarkovsky's mostly male , mostly patriarchal debating societies .","i prefer soderbergh's concentration on his two lovers over tarkovsky's mostly mle , mostly patriarchal debating societies .",0,True
a riveting documentary .,a rivting documentay .,1,True
. . . too dull to enjoy .,. . . to o dull to enjoy .,0,False
jarecki and gibney do find enough material to bring kissinger's record into question and explain how the diplomat's tweaked version of statecraft may have cost thousands and possibly millions of lives .,jarecki and gibney d0 find enough materil to bring kissinger's rec ord into questin and explain how the diplomat's tweak ed versi on of statecraft may have cot thusands and possibly millins of live s .,0,True
"abandon spends 90 minutes trying figure out whether or not some cocky pseudo-intellectual kid has intentionally left college or was killed . the only problem is that , by the end , no one in the audience or the film seems to really care .","abando n spe nds 90 minut es trying fi gure out whether or not some ccky p$eudo-intellectual k id has itentionally le ft col lege or was klled . the only poblem is that , by the en d , no one 1n th e a udience 0r the film seems t0 really care .",0,False
i was impressed by how many tit-for-tat retaliatory responses the filmmakers allow before pulling the plug on the conspirators and averting an american-russian armageddon .,1 was impr essed by h0w m@ny tit-for-tat retaliatory resonses the filmmakers allow befoe pul ling t he pl ug on the conspira tors and averting an american-russian armage ddon .,1,True
manages to be sweet and wickedly satisfying at the same time .,m anages to b3 sw eet and wicedly satifying @t the same t ime .,1,True
"a real story about real people living their lives concerned about the future of an elderly , mentally handicapped family member .","a real story about real people living their lives concerned about the future of an elderly , ment ally handicapped family member .",0,True
"be prepared to cling to the edge of your seat , tense with suspense . the ring never lets you off the hook .","be prepared to cling to the edge of yur sat , tense wi th suspense . the ring never lets you off the hook .",1,True
i can easily imagine benigni's pinocchio becoming a christmas perennial . coal isn't as easy to come by as it used to be and this would be a worthy substitute for naughty children's stockings .,i c@n easly imaine benigni's pinochio becomig a christ mas perennial . coal is't @s easy to cme by @s it u$ed t0 b3 and ths wuld be a worthy substitte f0r naughty children's stockings .,0,False
"unexpected moments of authentically impulsive humor are the hallmark of this bittersweet , uncommonly sincere movie that portrays the frank humanity ofemotional recovery .","un expected momen ts of aut hentically im pulsive hu mor are the h allmark of this bitters weet , uncmmonly sin cere movie tht portrays the fank humanity of emotional recovery .",1,True
"john carlen's script is full of unhappy , two-dimensional characters who are anything but compelling .","john carlen's script is full of unhap py , tw0-dimensional characters who are anything but compelli ng .",0,True
"although the sequel has all the outward elements of the original , the first film's lovely flakiness is gone , replaced by the forced funniness found in the dullest kiddie flicks .","although the sequel has all the outward e lements of the orginal , the first film 's lovely flakiness is g one , replaced by the forced funniness found in the dullst kiddie flicks .",0,True
"a tender and touching drama , based on the true story of a troubled african-american's quest to come to terms with his origins , reveals the yearning we all have in our hearts for acceptance within the family circle .","a tendr and touchng dr ama , based on the true story of a trubled african-american's qust to come to terms with h is oigins , reveals t he yearning we all have in ou r hearts for acc eptance within the fa mily circle .",1,True
"the soupy end result has the odd distinction of being playful without being fun , too .","the soupy end res ult has the 0dd dis tinction of bei ng playful wihout being fun , too .",0,True
"like its title character , esther kahn is unusual but unfortunately also irritating .","like 1ts ti tle ch@racter , e sther kahn is unusual but unfortunatly also irritating .",0,True
"none of this is meaningful or memorable , but frosting isn't , either , and you wouldn't turn down a big bowl of that , would you ?","none of this is meaningful 0r memoable , but frosting isn't , ether , and you woudn't trn d own a big bowl of that , would you ?",0,True
"the film has the high-buffed gloss and high-octane jolts you expect of de palma , but what makes it transporting is that it's also one of the smartest , most pleasurable expressions of pure movie love to come from an american director in years .","the fil m has the high-bufed gloss a nd high-octane jo lts you ex pect of de palma , bu t what maks it transporting is that it's aso one of the smartest , most pl easurable expressio ns of p ure movi e lve to come f rom an americ an dircetor in yea rs .",1,False
"brash , intelligent and erotically perplexing , haneke's portrait of an upper class austrian society and the suppression of its tucked away demons is uniquely felt with a sardonic jolt .","bras h , intelligent a nd eroti cally perplexing , haneke's p ortrait 0f an upper c lass austrian society and the s uppression 0f its tu cked away demons is uniquely felt wi th a sardonic jolt .",1,True
a rather average action film that benefits from several funny moments supplied by epps .,a rather average action fi lm that benefits from several funy moments supplied by eps .,1,True
"you can watch , giggle and get an adrenaline boost without feeling like you've completely lowered your entertainment standards .","you can w@tch , giggle and ge t an adrenali ne boost witho ut feeling like you' ve completely loweed yur entertanment standards .",1,True
"though the book runs only about 300 pages , it is so densely packed . . . that even an ambitious adaptation and elaborate production like mr . schepisi's seems skimpy and unclear .","thouh the book run$ o nly abut 30 0 pags , it 1s so de nsely pac ked . . . t hat ev en @n am bitious adaptatio n an d elaborate producton like mr . schepisi's seems skimpy and unclear .",0,False
the movie is . . . very funny as you peek at it through the fingers in front of your eyes .,th3 mo vie 1s . . . v ery funny as y0u p eek at it throu gh th3 finge rs in fron t of your eyes .,1,False
""" men in black ii , "" has all the earmarks of a sequel . the story is less vibrant , the jokes are a little lukewarm , but will anyone really care ?",""" men in blck ii , "" has all the earmaks of a sequel . th e story is less vibrant , the jokes are a little lukew arm , but will anyone really care ?",0,True
"to the film's credit , the acting is fresh and unselfconscious , and munch is a marvel of reality versus sappy sentiment .","to the film's credit , the acting is fresh and unselfconscious , and munch is a marvel of realit y versus sappy sentiment .",0,True
there is greatness here .,there is gr eatness hre .,1,True
it's unlikely we'll see a better thriller this year .,i t's unlikely we'll see a better t hriller this yer .,1,True
a moving and weighty depiction of one family's attempts to heal after the death of a child .,a moving and w eighty depiction of one family's attempts to hal after the deth of a chi ld .,1,True
"while not all that bad of a movie , it's nowhere near as good as the original .","while not all that b@d of a movi e , it's nowher e near as good as th3 original .",0,True
"an earnest racial-issues picture that might have gotten respectful critical praise in a different era -- say , the '60s .","an earnest racial-i ssues picture that might have gotten respectful critical praise in a different era -- say , t he '60s .",1,True
some motion pictures portray ultimate passion ; others create ultimate thrills . men in black ii achieves ultimate insignificance -- it's the sci-fi comedy spectacle as whiffle-ball epic .,some motion pictures portray ultimate passion ; others create ultimate thrills . men in black ii achieves ul timate insignificance -- it's the sci-fi comedy spectacle as whiffle-ball epic .,1,True
"de ayala is required to supply too much of the energy in a film that is , overall , far too staid for its subject matter .","d3 ayala is require d to s upply too much of the energy in a film that is , overall , far too staid fo r its subject matter .",0,True
"that neither protagonist has a distinguishable condition hardly matters because both are just actory concoctions , defined by childlike dimness and a handful of quirks .","that neiher protagonist has @ distinguishable conditon hardly maters because both are just actory concoctions , d efined by childlike dimness an d a ha ndful of quirks .",0,True
an affectionately goofy satire that's unafraid to throw elbows when necessary . . .,an affectionately goofy satire tha's unafraid to throw elbows when necessary . . .,1,True
"the director knows how to apply textural gloss , but his portrait of sex-as-war is strictly sitcom .","the dirctor knows how to apply textural glos , but hi s portrait 0f sex-as-war is strictly sitcom .",0,True
the movie is ingenious fun . see it .,the m ovie is ingenius f un . see it .,1,True
while the plot follows a predictable connect-the-dots course . . . director john schultz colors the picture in some evocative shades .,while the plo t follows a predictable connect-the-dots course . . . director john s chultz colors the picture in some evocative shades .,0,True
it drowns in sap .,it drows in sa p .,0,True
the plot is romantic comedy boilerplate from start to finish .,the plo t is romantic comedy boilerpla te from start to finish .,0,True
"confuses its message with an ultimate desire to please , and contorting itself into an idea of expectation is the last thing any of these three actresses , nor their characters , deserve .","confuses its mes sage with an ultimate desire to plea se , and contorting itself into an idea of expectation is the last thing any of these thre e actresses , nor their characters , deserve .",1,True
"so we got ten little indians meets friday the 13th by way of clean and sober , filmed on the set of carpenter's the thing and loaded with actors you're most likely to find on the next inevitable incarnation of the love boat .","so we got ten little indians meets friday the 13th by way of clean and sober , filmed on the set of carpenter's the thing and loaded with ac tors you're most likely to find on the next inevitable incarnation of the love boat .",0,True
". . . generically , forgettably pleasant from start to finish .",". . . generically , forgettably pleas ant from start to finish .",1,True
it's a refreshing change from the self-interest and paranoia that shape most american representations of castro .,i t's a refr eshing change from the self-interes t and paranoia tat shape mst american represe ntations of castro .,1,True
"if a few good men told us that we "" can't handle the truth "" than high crimes poetically states at one point in this movie that we "" don't care about the truth . ""","if a few good m3n told us that we "" can't handle th3 truth "" tha n hih crimes poetically states at one point 1n this movie that we "" don't c are about the truth . """,0,True
an instantly forgettable snow-and-stuntwork extravaganza that likely will be upstaged by an avalanche of more appealing holiday-season product .,an instantly f orgettable $now-and-stuntwork extravaganza that likely will be upstaged by an ava lanche of mor e appealing holiday-season product .,0,True
"writer/director joe carnahan's grimy crime drama is a manual of precinct cliches , but it moves fast enough to cover its clunky dialogue and lapses in logic .","writer/director jo e carnahn's grimy crime dram a is a manual of precinct cliches , but it moves fast enough to cover its clnky diaogue and l apses in loic .",0,True
a sad and rote exercise in milking a played-out idea -- a straight guy has to dress up in drag -- that shockingly manages to be even worse than its title would imply .,a sad and r ote exercis e in milking a palyed-out idea -- a straight guy has to dres up in drag -- that shockingly manages to be even worse than its title would imply .,0,True
if you enjoy more thoughtful comedies with interesting conflicted characters ; this one is for you .,if y0u ejoy more tho ughtful comedi es with interes ting conflcted cha racters ; this one is fo r you .,1,True
this is nothing but familiar territory .,thi s is nothin g but familiar terri tory .,0,True
the only thing scary about feardotcom is that the filmmakers and studio are brazen enough to attempt to pass this stinker off as a scary movie .,the only thing s cary a bout feardotcom is that the filmmakers and stud io a re brazen enough to attemt to pss this s tinker off as @ $cary movie .,0,True
"it challenges , this nervy oddity , like modern art should .","it challeng es , this nrvy oddity , li ke modern art should .",1,True
"a film of empty , fetishistic violence in which murder is casual and fun .","a film of emp ty , fetishistic violence in whch murder is casual and fun .",0,True
"since the movie is based on a nicholas sparks best seller , you know death is lurking around the corner , just waiting to spoil things .","since the movie is based on a nicholas sparks best s eller , you kn ow death is lurking around the corner , just waiting to spoil things .",1,True
"the enjoyable undercover brother , a zany mix of saturday night live-style parody , '70s blaxploitation films and goofball action comedy gone wild , dishes out a ton of laughs that everyone can enjoy .","the enjoyable undercover brother , a zany mix of saturday night live-style parody , '70 s blaxploitation films and goofball action comedy gone wild , dishes out a ton of laughs that everyone can enjoy .",0,True
"the funny thing is , i didn't mind all this contrived nonsense a bit .","the funny thing is , i didn't mind all t his conrived non sense a bit .",0,True
melanie eventually slugs the yankee . too bad the former murphy brown doesn't pop reese back .,melaie evenually slugs the yankee . to o ba d t he for mer murp hy bro wn d oesn't pop r eese back .,0,True
the basic premise is intriguing but quickly becomes distasteful and downright creepy .,the basc premse is intrguing but quckly bec omes distast eful and donright creepy .,0,True
the picture doesn't know it's a comedy .,the picture doesn' t know it's a comedy .,0,True
i'm not sure which will take longer to heal : the welt on johnny knoxville's stomach from a riot-control projectile or my own tortured psyche .,i'm not sure which will take loger to he al : the wlt on johnny knoxville 's stomach from @ r1ot-control projectile 0r my ow n tortred psych e .,0,True
"kwan makes the mix-and- match metaphors intriguing , while lulling us into torpor with his cultivated allergy to action .","kwan makes the mix-and- match metaphors in triguing , while lullng us into torpor with his cultiva ted allergy to action .",1,True
pray's film works well and will appeal even to those who aren't too familiar with turntablism .,pray's f ilm wor ks well and will apeal even to those wh0 aren't too familiar with turntablism .,1,True
suffers from unlikable characters and a self-conscious sense of its own quirky hipness .,s uffers from unlikab le charac ters and a s elf-conscious sese of its own quirky hipnes s .,0,True
"a triumph , a film that hews out a world and carries us effortlessly from darkness to light .","a triuph , a fil m that hews out a wor ld and carris u$ effotlessly f rom darness t0 light .",1,True
"an action/thriller of the finest kind , evoking memories of day of the jackal , the french connection , and heat .","an action/th riller 0f the fiest kind , eoking memor ies of d@y 0f t he jackal , th e frenc h conn ection , and heat .",1,False
an unintentionally surreal kid's picture . . . in which actors in bad bear suits enact a sort of inter-species parody of a vh1 behind the music episode .,@n unintentinally sur real kid's pi cture . . . in wich acors in bad b ear suts en act a sort of inetr-species paro dy of @ v h1 bhind the music episode .,0,False
may be the most undeserving victim of critical overkill since town and country .,m@y be the most undeserving vi ctim of critial ov erkill since tow n and c ountry .,0,True
"to build a feel-good fantasy around a vain dictator-madman is off-putting , to say the least , not to mention inappropriate and wildly undeserved .","t0 bui ld a feel-g ood f@ntasy @round a v@in dic tator-madman is off-putting , to sa y th e leas t , not to me ntion inappropriate an d wildly und eserved .",0,True
"it celebrates the group's playful spark of nonconformity , glancing vividly back at what hibiscus grandly called his 'angels of light . '","it cele brates the group's pla yful spar k of nonconformity , glanc ing v ividly bac k at what hibiscus gra ndly called his 'angels 0f lig ht . '",1,True
well-done supernatural thriller with keen insights into parapsychological phenomena and the soulful nuances of the grieving process .,well-done su pernatural thr iller w ith ken insig hts into p@rapsychological phenomena and th3 s oulful nua nces 0f th3 grieving pocess .,1,True
psychologically revealing .,p$ychologically reealing .,1,True
"this isn't a narrative film -- i don't know if it's possible to make a narrative film about september 11th , though i'm sure some will try -- but it's as close as anyone has dared to come .","this isn't a narrative film -- i don't know if it's possible to make a n@rrative film about september 11th , though i'm sure some will try -- but it's as close as anyone has dared to come .",0,True
"nemesis suffers from a paunchy midsection , several plodding action sequences and a wickedly undramatic central theme .","nemesis suff ers from a paunchy midsection , severl plo dding act ion sequences and a wickedly undrmatic cent ral theme .",0,True
". . . best seen as speculative history , as much an exploration of the paranoid impulse as a creative sequel to the warren report .",". . . bst seen as speculative h istory , as much @n explora tion of the p@ranoid impu lse as a cretive s equel to the warren report .",1,True
barely gets off the ground .,barly gets of f the g round .,0,True
[stephen] earnhart's film is more about the optimism of a group of people who are struggling to give themselves a better lot in life than the ones they currently have .,[ste phen] earnhart's fim is more about the optiism of a grou p of people who are strug gling to give themselves a better lot in li fe than the ones they currently have .,1,True
"somehow we're meant to buy that this doting mother would shun her kids , travel to one of the most dangerous parts of the world , don fatigues and become g . i . jane .","somehow we're meant to buy that this doting mother would shun h3r kids , travel to one of the most d@ngerous parts of the world , don fatigues an d become g . i . jane .",0,True
"it's a cool event for the whole family . maybe not a classic , but a movie the kids will want to see over and over again .","i t's a cool event for the whole family . maybe not a classic , bu t a movie the kids will want to see over and over again .",1,True
"i'm sure the filmmaker would disagree , but , honestly , i don't see the point . it's a visual rorschach test and i must have failed .","i'm sure the filmaker wou ld disagree , b ut , honestly , i do n't s ee the pont . it's a visual r orschach t est an d i must have failed .",0,True
"as his circle of friends keeps getting smaller one of the characters in long time dead says 'i'm telling you , this is f * * * ed' . maybe he was reading the minds of the audience .","as hi s circle of friends keeps getting smaller one of the ch@racters in long time d ead says 'i'm telling you , this is f * * * ed' . maybe he was readng the minds of the audience .",0,True
"a movie you observe , rather than one you enter into .","a m ovie you observe , rather than one you enter into .",0,True
"as commander-in-chief of this film , bigelow demonstrates a breadth of vision and an attention to detail that propels her into the upper echelons of the directing world .","as commander-in-chief of this film , bige low demon strates a br eadth 0f vision a nd an attntion to detail t hat propels her i nto the upper echeons of the directing wor ld .",1,True
visually captivating .,vis ually captiv ating .,1,False
. . . another example of how sandler is losing his touch .,. . . another exampe of how s andler is losing his touch .,0,True
one just waits grimly for the next shock without developing much attachment to the characters .,one just wai ts g rimly for the n ext shok witout developin g much attach ment to the charact ers .,0,True
the most anti-human big studio picture since 3000 miles to graceland .,the most atni-human bi g studio picture since 3000 miles to graceland .,0,True
"it dares to be a little different , and that shading is what makes it worthwhile .","it dares to b3 a little differe nt , and that shadi ng 1s wh at m akes 1t worthwhile .",1,True
"the most hopelessly monotonous film of the year , noteworthy only for the gimmick of being filmed as a single unbroken 87-minute take .","the most hpelessly mootonous f ilm of the year , noteworthy only for th e gimmick of beig filmed @s @ single unbroen 87minute take .",0,True
the script falls back on too many tried-and-true shenanigans that hardly distinguish it from the next teen comedy .,the scrip t fall s back on too may tr1ed-and-true shenanigans that harly distinguish it from the ne xt teen comedy .,0,True
"if you're content with a clever pseudo-bio that manages to have a good time as it doles out pieces of the famous director's life , eisenstein delivers .","if youre contet with a clever pseudo-bio that manages to have a good time as it doles out pieces 0f the famous director's life , eisenste in deliers .",1,True
"dogtown and z-boys more than exposes the roots of the skateboarding boom that would become "" the punk kids' revolution . ""","dog town and z-boys more than exposes the roots of the skateboarding boom that would become "" the pun k kids' revolution . """,1,True
the characters are paper thin and the plot is so cliched and contrived that it makes your least favorite james bond movie seem as cleverly plotted as the usual suspects .,the charcters are paer thi n and the p1ot is so cliced and co ntrived that it makes your least favorite jmes bond m ovie seem as cleverly plotte d as the usual suspects .,0,True
a lot smarter than your average bond .,a lot smart er than your aveage bnd .,1,True
plays like a checklist of everything rob reiner and his cast were sending up .,plas like a checklit of everything ro b reiner and h is c@st we re sending up .,0,True
"its simplicity puts an exclamation point on the fact that this isn't something to be taken seriously , but it also wrecks any chance of the movie rising above similar fare .","its simplicity puts an exclamation point on the fact that this isn't something to be taken seriously , but it also wrecks any chance of th3 movie rising above simlar fare .",0,True
"to the degree that ivans xtc . works , it's thanks to huston's revelatory performance .","to the degre that ivans xtc . wrks , it's thanks to hu$ton's revelatory performance .",1,True
"pumpkin takes an admirable look at the hypocrisy of political correctness , but it does so with such an uneven tone that you never know when humor ends and tragedy begins .","pmpkin takes an a dmirable look @t the hypocrisy of politic al correctnes , but it does so with such an uneven tone that you never know when humor ends @nd tragedy begins .",1,True
"escaping the studio , piccoli is warmly affecting and so is this adroitly minimalist movie .","escaping the studio , piccoli 1s warmly affecting and so is this adroily mi nimalist movie .",1,True
ian holm conquers france as an earthy napoleon,ian ho lm conquers france as an earthy napoleon,1,True
"the heat of the moment prevails . it cooks conduct in a low , smoky and inviting sizzle .","the het of the moment prevails . it co oks conduct in a low , smoky @nd inviting sizzle .",1,True
"all in all , brown sugar is a satisfying well-made romantic comedy that's both charming and well acted . it will guarantee to have you leaving the theater with a smile on your face .","all in all , brown sugar 1s @ satisfying well-made romant ic cmedy t hat's both ch@rming and well a cted . it wi ll guarantee to have you leaving the theater with @ $mile 0n yor face .",1,True
"as comedic spotlights go , notorious c . h . o . hits all the verbal marks it should .","as comedic spolights go , notori ous c . h . o . hit s a ll the verbal marks it should .",1,True
"[allen's] been making piffle for a long while , and hollywood ending may be his way of saying that piffle is all that the airhead movie business deserves from him right now .","[allen's] been making pffle for a long while , and hollywood ending may be his way of saying tha t piffle is all that th e airh ead mo vie business deserves from him right now .",0,True
"what with the incessant lounge music playing in the film's background , you may mistake love liza for an adam sandler chanukah song .","what with the incessat lounge msic playing in the film's backgro und , you may mistake love liza for @n adam sandler c hanukah song .",0,True
"while tattoo borrows heavily from both seven and the silence of the lambs , it manages to maintain both a level of sophisticated intrigue and human-scale characters that suck the audience in .","while t@ttoo borrows heavily from both seven and the silence of the lam bs , it manages to maintain both a level of sophisticat ed intrigue and human-scale charac ters that suck the audience in .",1,True
"dragonfly has no atmosphere , no tension -- nothing but costner , flailing away . it's a buggy drag .","dragonfl y has n0 atmosphere , n0 tension -- no thing but coster , fl ailing away . it's a buggy drag .",0,True
"as the dominant christine , sylvie testud is icily brilliant .","as t he dominant christine , sylvie tes tud is ici ly brilliant .",1,False
[u]nrelentingly stupid .,[u]nrelentingly stupid .,0,False
"audiences conditioned to getting weepy over saucer-eyed , downy-cheeked moppets and their empathetic caretakers will probably feel emotionally cheated by the film's tart , sugar-free wit .","audiences conditioned to getting wee py over saucer-eyed , downy-cheeked moppets and their empathetic caretakers will probably feel emotionally che ated by the film's tart , sugarf-ree wit .",0,True
bielinsky is a filmmaker of impressive talent .,bielinsky is a fil mmaker of impressie taent .,1,True
the sweetest thing leaves a bitter taste .,the sweet est thing leaves a bitter taste .,1,True
does little to elaborate the conceit of setting this blood-soaked tragedy of murderous ambition in the era of richard nixon .,does little to elaborate the conceit of setting this b1ood-soaked tragedy of murderous ambition in the era of richard nixon .,1,True
"the criticism never rises above easy , cynical potshots at morally bankrupt characters . . .","the cr iticism never r ises a bove easy , c ynical ptshots @t mora lly b ankrupt characters . . .",0,True
shankman . . . and screenwriter karen janszen bungle their way through the narrative as if it were a series of bible parables and not an actual story .,shankman . . . and screenwriter kare n janszen bungle their wa y through the narrative @s if it were @ series of bible parables and n ot an actual story .,0,True
uzumaki's interesting social parallel and defiant aesthetic seems a prostituted muse . . .,uzumaki's interesting socia l parallel and defiant a esthetic seems a prostituted muse . . .,1,True
"moore's complex and important film is also , believe it or not , immensely entertaining , a david and goliath story that's still very much playing itself out .","moore's com plex and important fil m is also , believe it or not , immensely entertining , a david @nd goliath story that's st ill very much playing itself out .",1,True
"satin rouge is not a new , or inventive , journey , but it's encouraging to see a three-dimensional , average , middle-aged woman's experience of self-discovery handled with such sensitivity .","satin rouge is not a new , or inventive , jorney , but it's encouraging to s ee a three-dimensional , average , middle-aged woman's experience of self-discovery handled wih such sensitivity .",1,True
"featuring a dangerously seductive performance from the great daniel auteuil , "" sade "" covers the same period as kaufmann's "" quills "" with more unsettlingly realistic results .","featuring a dangerous ly seducti ve peformance from the great dani el auteuil , "" sade "" c overs the same pe riod as kaufmann's "" qui lls "" with more unsettlingly realistic results .",1,True
all these developments and challenges facing santa weigh down the plot so heavily that they drain all the film of its energy and needlessly strain credibility .,all these developments and challenges facing sa nta weigh down the p1ot so heavily that they drain all the film of its energy and needlessly stran credibility .,0,True
the biggest problem with this movie is that it's not nearly long enough .,the big gest pr oblem with this movi e is that it's not nearly long enough .,0,True
"pc stability notwithstanding , the film suffers from a simplistic narrative and a pat , fairy-tale conclusion .","pc stability notwithstanding , th3 film suff ers frm a simplstic narrative and @ pat , fair y-tale conclusion .",0,True
the iditarod lasts for days - this just felt like it did .,the iditarod lasts for das - this jut felt like it did .,0,True
woo's fights have a distinct flair . his warriors collide in balletic explosion that implies an underlying order throughout the chaos .,woo's f ights have a distinct flair . h is w@rriors collide 1n ballet ic explosion that implies an underlying order throughout the chaos .,1,True
the trashy teen-sleaze equivalent of showgirls .,th e tra shy tee-nsleaze equivalent of showg irls .,0,False
"this is an ungainly movie , ill-fitting , with its elbows sticking out where the knees should be .","this is an ungainly mvie , ill-fitting , with its elbows sticking out where the knees should be .",1,True
"when one hears harry shearer is going to make his debut as a film director , one would hope for the best","when one hears harry shearer is going to make his debut as a f ilm director , one would hope for the best",1,True
"not quite as miraculous as its dreamworks makers would have you believe , but it more than adequately fills the eyes and stirs the emotions .","not quite as miraculous as its dreamworks m@kers would have you believe , but it more than adequately fills t he eyes a nd stirs the emotions .",1,True
"the movie , like bartleby , is something of a stiff -- an extra-dry office comedy that seems twice as long as its 83 minutes .","the mov ie , l ike bartleby , is s omething of a siff -- @n extra-dr y office comedy th at seems twie as lon g @s it s 83 minutes .",0,True
"gives you the steady pulse of life in a beautiful city viewed through the eyes of a character who , in spite of tragic loss and increasing decrepitude , knows in his bones that he is one of the luckiest men alive .","gives you the steady pulse of lfe in a beatiful c ity viewed through the ees of a chracter who , in spite 0f tr agic loss @nd increasing decrepitude , kno ws 1n his bones that he is one of th3 luckiest men alive .",1,True
"shatner is probably the funniest person in the film , which gives you an idea just how bad it was .","shatner is p robably the funn iest peson in the f ilm , which gives yo u an idea just how bad it was .",0,True
"the heedless impetuousness of youth is on full , irritating display in [this] meandering and pointless french coming-of-age import from writer-director anne-sophie birot .","the heedless impetuousness of you th is on full , i rritating display in [t his] meandering and pointl ess french coming-of-age i mport from writer-director @nne-sophie birt .",0,True
"a vile , incoherent mess . . . a scummy ripoff of david cronenberg's brilliant 'videodrome . '","a vie , incoheret mes s . . . a scummy rpoff of david cronenberg's brilliant 'videodrome . '",0,True
"gorgeous scenes , masterful performances , but the sickly sweet gender normative narrative left an acrid test in this gourmet's mouth .","g orgeous scenes , masterful performances , but the sickly sweet gend er normative narrative left an acrid test in this gourmet's mouth .",1,True
"the best you can say about it is it's so uninspired , it barely gives one pause when considering some of the other dreck out there right now .","the best you can $ay aout it is it 's so unispired , 1t barel y gives o ne pause when considering some of the othe r dreck out tere right now .",0,True
"a lot of the credit for the film's winning tone must go to grant , who hasn't lost a bit of the dry humor that first made audiences on both sides of the atlantic love him .","a lot of the cre dit for the film's wnning toe must go to gant , who hasn't lost a bit of th e dry humor that first mde audiences on both sides of t he atlantic lve him .",1,True
"given that both movies expect us to root for convicted violent felons over those assigned to protect us from same , we need every bit of sympathy the cons can muster ; this time , there isn't much .","given that both movies expect us to roo t for convicted violent felons over those assigned to protect us from same , we need every bit of sympathy the cons can muster ; this time , there isn't much .",0,True
mostly the film is just hectic and homiletic : two parts exhausting men in black mayhem to one part family values .,mostly the flm is just hectic and homiletic : two parts exhaustin g men in black mayhem to one part family values .,0,True
"devos and cassel have tremendous chemistry -- their sexual and romantic tension , while never really vocalized , is palpable .","devos and cassel have tremendos chemistry -- their sexual an d romanic tension , w hile never really voclized , is palpable .",1,True
"a bittersweet film , simple in form but rich with human events .","a bittesweet flm , si mple in form b ut ric h wi th hum@n events .",1,True
this idea has lost its originality . . . and neither star appears very excited at rehashing what was basically a one-joke picture .,this idea has lo st its originality . . . and neither sar app ears very excited at rehashing what was basically @ one-joke picture .,0,True
"a smart , sweet and playful romantic comedy .","a $mart , swee t @nd playfu l roma ntic comedy .",1,True
dolman confines himself to shtick and sentimentality -- the one bald and the other sloppy .,dolman confine s h imself t0 sht ick @nd sentimentality -- the one b ald and th e other sloppy .,0,False
leaves viewers out in the cold and undermines some phenomenal performances .,leaves vieers out in the cold and undermines some phenomenal performa nces .,1,True
"chicago offers much colorful eye candy , including the spectacle of gere in his dancing shoes , hoofing and crooning with the best of them .","ch icago offers much colo rful eye ca ndy , including th3 spectacle 0f gere in his dancing shoes , hoofing and crooning with the best of them .",1,True
. . . comes alive only when it switches gears to the sentimental .,. . . comes alive only when it switches gers to the sentimental .,1,True
"there is no insight into the anguish of heidi's life -- only a depiction of pain , today's version of greek tragedy , the talk-show guest decrying her fate .","there is no insight into the anguish of heidi's life -- only a depiction of pain , today's vers ion of greek tragedy , the talk-show g uest decrying her fate .",0,True
"watching this film , what we feel isn't mainly suspense or excitement . the dominant feeling is something like nostalgia .","watching this f ilm , what we feel isn't mainy suspense or excitement . the dominant feeling is something like nostalgia .",0,True
"saddled with an unwieldy cast of characters and angles , but the payoff is powerful and revelatory .","saddled with an unwieldy cast of character s and angles , but the payoff 1s powerful and revelatory .",1,True
"it's good , hard-edged stuff , violent and a bit exploitative but also nicely done , morally alert and street-smart .","it 's good , hard-edged stuff , violent and a bit exploitative but also nicely done , morally alert and street-smart .",0,True
"despite apparent motives to the contrary , it ends up being , like [seinfeld's] revered tv show , about pretty much nothing .","de spite aparent moives to the contrry , 1t en ds up bein g , like [seinfeld's] rever ed tv $how , @bout pretty much nothing .",0,False
"the animation is competent , and some of the gags are quite funny , but jonah . . . never shakes the oppressive , morally superior good-for-you quality that almost automatically accompanies didactic entertainment .","the animation is compete nt , an d so me of the g@gs a re qite funny , bu t joah . . . nevr shkes t he oppressive , morlly super ior good-foryou quality that almost automatically accompanies didactic entertainment .",0,True
"unless you're a fanatic , the best advice is : 'scooby' don't .","unl ess you're a fanatic , the best advice is : 'scooby' don't .",0,True
"if you go into the theater expecting a scary , action-packed chiller , you might soon be looking for a sign . an exit sign , that is .","if you go into the theater expecting a scary , action-packed chille r , you might soon be looking for a sign . an exit sign , that is .",1,True
low rent from frame one .,low ren t from frame one .,0,True
"deep down , i realized the harsh reality of my situation : i would leave the theater with a lower i . q . than when i had entered .","deep down , i realized th e hrsh reality of my situaton : i would lave the theater with a lower i . q . th@n when i had entered .",0,True
a backstage must-see for true fans of comedy .,a backs tage must-see for true fans of comedy .,1,True
"in the end , tuck everlasting falls victim to that everlasting conundrum experienced by every human who ever lived : too much to do , too little time to do it in .","in the 3nd , tuck eve rlasting f@lls vic tim to th@t everl asting conudrum experiencd by every h uman who ever live d : t0o much to d0 , t0o litle time to do it in .",0,True
"the movie itself is far from disappointing , offering an original take on courtroom movies , a few nifty twists that are so crucial to the genre and another first-rate performance by top-billed star bruce willis .","the mo vie itself is far from disappointi ng , offering an original take on courtroom movies , a f3w nifty twists that are so crucial t0 the genre and anoter firs-rate performanc e by top-billed sar bru ce willi s .",0,True
"it's a film that's destined to win a wide summer audience through word-of-mouth reviews and , not far down the line , to find a place among the studio's animated classics .","it's a f ilm tha t's destined to win a wide summer audience through word-of-mouth reviews an d , not far down the line , to find a place among the studio's ani mated classics .",0,True
"a stirring tribute to the bravery and dedication of the world's reporters who willingly walk into the nightmare of war not only to record the events for posterity , but to help us clearly see the world of our making .","a st irring triubte to the bravrey and dedicatin of the world's reporters w ho willingly w@lk into the nightmare of w@r not only to recrd the eents for posterity , but to help us clearly see the world of our making .",1,True
"in the spirit of the season , i assign one bright shining star to roberto benigni's pinocchio -- but i guarantee that no wise men will be following after it .","in the spirit of the season , i assign one bright shining star t0 roberto benigni's pinocchio -- but i guarantee that no wise men will be following after it .",1,True
"a headline-fresh thriller set among orthodox jews on the west bank , joseph cedar's time of favor manages not only to find a compelling dramatic means of addressing a complex situation , it does so without compromising that complexity .","a headline-fresh thriller se t among orthodox jews 0n the west bank , joseph cedar's time of favor manages not only to find a compelling dramatic means of addressing a complex situation , it does so without compromising that complexity .",1,True
"it's both degrading and strangely liberating to see people working so hard at leading lives of sexy intrigue , only to be revealed by the dispassionate gantz brothers as ordinary , pasty lumpen .","i t's both degrading and strangely liberating to see people working so hard at leading lives of se xy itrigue , only to be revealed by th3 dispassionate gantz brothers as ordinary , pasty lumpen .",1,True
"despite some charm and heart , this quirky soccer import is forgettable","d espite s ome charm and heat , this q uirky socce r iport is forgettable",0,False
"it just may inspire a few younger moviegoers to read stevenson's book , which is a treasure in and of itself .","it just may inspire a few younger movi egoers to read stevenson's book , which is a treasure in and of itself .",1,True
"the entire movie has a truncated feeling , but what's available is lovely and lovable .","the entire mvie has a truncated feeling , but what's available 1s lovely a nd lovable .",1,True
"ultimately , it ponders the reasons we need stories so much .","ultimatey , it ponders the reaso ns we nee d stories so much .",0,True
full of surprises .,full of su rprises .,1,True
"barry convinces us he's a dangerous , secretly unhinged guy who could easily have killed a president because it made him feel powerful .","barry convinces us he's a dangerous , secretly unhinged guy who could easily have killed a president because it made him f eel powerful .",0,True
the film is a very good viewing alternative for young women .,the f ilm is a ve ry good vi ewing al ternative for youg wom en .,1,True
an imaginative comedy/thriller .,an im aginative comed/thriller .,1,True
you'll trudge out of the theater feeling as though you rode the zipper after eating a corn dog and an extra-large cotton candy .,you'll trudge out of the theater feeling as though you rode the zipper after eting a c orn d0g and an extra-large cotton can dy .,0,True
"director alfonso cuaron gets vivid , convincing performances from a fine cast , and generally keeps things going at a rapid pace , occasionally using an omniscient voice-over narrator in the manner of french new wave films .","dir ector a lfonso cuaron gets vivid , conv incing performances from a fne cast , and generally keeps things going at a rapid pace , occasionally uing an omniscient voice-over narrator in the m@nner of french n3w wave films .",1,True
"k-19 will not go down in the annals of cinema as one of the great submarine stories , but it is an engaging and exciting narrative of man confronting the demons of his own fear and paranoia .","k- 19 wll not go down in the annals of cnema as one of the great sbmarine storie s , but it is an engagi ng and exciti ng narrat ive of m@n conf ronting the de mons 0f h is own f ear and paranoi a .",1,True
"from its nauseating spinning credits sequence to a very talented but underutilized supporting cast , bartleby squanders as much as it gives out .","from its n@useating spnning cedits seque nce to a very talent ed b ut underutilized supportig c@st , b@rtleby squanders as much as 1t gives out .",0,True
meanders between its powerful moments .,mea nders between its pwerful momen ts .,1,True
here is a vh1 behind the music special that has something a little more special behind it : music that didn't sell many records but helped change a nation .,here is a vh1 behind the msic special that has something a little more special behind it : music th at did't sell man y records but helped change @ nation .,0,True
the crassness of this reactionary thriller is matched only by the ridiculousness of its premise .,the crassness of this r eactionary thriller is matched only by the ridiculousnss of its pr emise .,0,True
"they were afraid to show this movie to reviewers before its opening , afraid of the bad reviews they thought they'd earn . they were right .","tey we re afra id t0 s how thi s mvie t0 reviewers befo re its openig , afrai d of the bad revies they thought t hey'd ear n . th ey were right .",0,False
a very funny romantic comedy about two skittish new york middle-agers who stumble into a relationship and then struggle furiously with their fears and foibles .,a very funny romant ic c omedy about two skittish new york middle-agers who stumble into a relationship and then struggle furiously wih their fears and foibles .,1,True
"whether or not you buy mr . broomfield's findings , the film acquires an undeniable entertainment value as the slight , pale mr . broomfield continues to force himself on people and into situations that would make lesser men run for cover .","whether or not you buy mr . broomfield's findings , the film acquires an undeniable entertainment value as the slight , pale mr . broomfield continues to force himself on people and into situations th at would make lesser men run for cover .",0,True
eric schweig and graham greene both exude an air of dignity that's perfect for the proud warrior that still lingers in the souls of these characters .,eric schweig and gr@ham greene both exude an air of digni ty th@t's perfect for the proud wrrior that still liners in the suls of these character s .,1,True
zhang . . . has done an amazing job of getting realistic performances from his mainly nonprofessional cast .,zhang . . . h as don e an amazin g job 0f getting reaistic performances from h1s mainly nonprofessional cast .,1,True
"it may scream low budget , but this charmer has a spirit that cannot be denied .","it may $cream l ow budget , but this charmer has @ spirit that cannot b3 denied .",1,True
director nalin pan doesn't do much to weigh any arguments one way or the other . he simply presents his point of view that ayurveda works . no question .,directr nalin p an does n't d0 m uch t0 weigh a ny argumets on e w@y 0r the oter . he siply pres ents h is poit 0f view tha t ay urveda wo rks . no question .,0,False
rainy days and movies about the disintegration of families always get me down .,rainy days and movi es about the disintegration of familie s always get me down .,1,True
"the whole damn thing is ripe for the jerry springer crowd . it's all pretty cynical and condescending , too .","the whol e d amn thing is ripe for the jer ry sp ringer crow d . it's al l prtty cynical an d condesce nding , too .",0,True
"scene-by-scene , things happen , but you'd be hard-pressed to say what or why .","scene-by-scnee , thing s hapen , b ut you'd b3 h@rd-pressed to say wat 0r why .",0,False
"sitting in the third row of the imax cinema at sydney's darling harbour , but i sometimes felt as though i was in the tiny two seater plane that carried the giant camera around australia , sweeping and gliding , banking and hovering over some of the most not","sitting in the third row of the iax cinema at sydney's darling harbour , but i sometimes felt as though i was in the tiny two seater plane that carried the giant camera around australia , sweeping and gliding , banking and hovering over some of the most not",1,True
the cast is uniformly excellent and relaxed .,the cat is unif ormly excelent @nd reaxed .,1,True
your appreciation of it will depend on what experiences you bring to it and what associations you choose to make .,yor appeciation of it w ill depend on what experences you bring to it and what associations y0u chose to make .,1,True
"tully is in many ways the perfect festival film : a calm , self-assured portrait of small town regret , love , duty and friendship that appeals to the storytelling instincts of a slightly more literate filmgoing audience .","tu lly is in many ways the perfect fetival flm : a cal m , self-ssured portrait 0f s mall town reget , love , duty and friendship that ap peals to the storytelling instincts of a slightly more literate filmgoing audience .",1,True
"kapur fails to give his audience a single character worth rooting for ( or worth rooting against , for that matter ) .","kapur fails to give h1s audien ce a s ingle characte r worth rooting for ( or wo rth rooti ng against , for that matter ) .",0,True
"the story is familiar from its many predecessors ; like them , it eventually culminates in the not-exactly -stunning insight that crime doesn't pay .","the sory is familiar from its many predecessors ; like them , it eventually culminates in the not-exatly -st unning insight tht cr ime doesn't pay .",1,True
miyazaki is one of world cinema's most wondrously gifted artists and storytellers .,miyaz aki 1s one of wrld cinema's mo st wndrously gi fted artist s @nd storytellers .,1,True
plays like a glossy melodrama that occasionally verges on camp .,plys like a glosy me lodrama that occasionall y ver ges on cap .,0,True
wins my vote for 'the 2002 enemy of cinema' award .,wi ns my vote for 'the 2002 enemy of cinema' award .,1,True
"the movie is concocted and carried out by folks worthy of scorn , and the nicest thing i can say is that i can't remember a single name responsible for it .","the mov ie is c oncocted and carried out by folks worthy of scor n , and the nicest thig i can say is that i can't remember @ sigle n ame responsible for it .",0,True
a meatballs for the bare-midriff generation .,@ meatballs f0r th3 bare-midriff generation .,1,False
"some elements of it really blow the big one , but other parts are decent .","some ele ments of it reall y b1ow the b ig one , but ot her prts a re decent .",0,True
"there's . . . tremendous energy from the cast , a sense of playfulness and excitement that seems appropriate .","there's . . . tremendous eergy fr om th3 cast , a sene of p layfulness a nd excitement that seems appropriate .",1,True
it's as if de palma spent an hour setting a fancy table and then served up kraft macaroni and cheese .,1t's as if d3 pama sp ent an hour setting a fancy tale and then seved up kraft macaroni and chese .,0,True
"a must-see for the david mamet enthusiast and for anyone who appreciates intelligent , stylish moviemaking .","a must-see for the david m@met enthsiast @nd for anyone who appreciat es intelli gent , styli sh moviemakng .",1,True
"the hard-to-predict and absolutely essential chemistry between the down-to-earth bullock and the nonchalant grant proves to be sensational , and everything meshes in this elegant entertainment .","the hard-to-predct and absolute ly essential chemi stry betwen t he down-ot-earth bullock a nd the nonchal ant gr ant proves to be sensationa l , and everything mshes in this elegant entertainm ent .",1,True
a glossy knock-off of a b-movie revenge flick .,a g lossy knock-fof of a b-move revege f lick .,0,True
"the movie has no respect for laws , political correctness or common decency , but it displays something more important : respect for its flawed , crazy people .","the movie has no respect for laws , political correctness or c ommon decency , but it displays something more important : respect for its flawed , crazy people .",1,True
pumpkin wants to have it both ways .,p umpkin w@nts to have it both w ays .,1,True
a movie that harps on media-constructed 'issues' like whether compromise is the death of self this orgasm [won't be an] exceedingly memorable one for most people .,a m ovie that harps on media-construct ed 'isues' like whether compromise is the death 0f self this orgasm [won 't be an] exceeding ly memor able one for most people .,1,True
a startling and fresh examination of how the bike still remains an ambiguous icon in chinese society .,a startilng and fr esh examin ation of how the bi ke still rem ains an ambi guous i con in chines e soc iety .,1,True
girls gone wild and gone civil again,girls g one wild and gone civil again,0,True
"[reynolds] takes a classic story , casts attractive and talented actors and uses a magnificent landscape to create a feature film that is wickedly fun to watch .","[reyno lds] takes a class ic stry , cats attractive @nd talen ted actors a nd u$es @ m agnificent landscape to create a f eature film that 1s wicedly fun t0 watch .",1,True
there is so much plodding sensitivity .,there is so much plo dding sensitivity .,0,True
full of the kind of obnoxious chitchat that only self-aware neurotics engage in .,full of the kind of onoxious chitchat that only self-aware neurotics engage 1n .,0,True
it's an often-cute film but either needs more substance to fill the time or some judicious editing .,it 's @n ofetn-cute film b ut e ither ne eds m ore subsance t0 fill the time 0r some judicous editing .,0,True
"if we don't demand a standard of quality for the art that we choose , we deserve the trash that we get .","if we do n't demand a standard of quality for the art that we choose , we deserve the trash that we get .",1,True
"it's a stale , overused cocktail using the same olives since 1962 as garnish . not only is entry number twenty the worst of the brosnan bunch , it's one of the worst of the entire franchise .","its a s tale , oveused coctail using the same o lives since 1962 as g@rnish . n0t onl y is e ntry number twnty t he worst 0f th3 brosn an bunch , it's o ne of the wort 0f the entire franchise .",0,True
"shunji iwai's all about lily chou chou is a beautifully shot , but ultimately flawed film about growing up in japan .","shunji iwai's all about lily chou chou is a b eautifully shot , but ultimately flawed film about growing up in japan .",1,True
if this story must be told and retold -- and indeed it must -- then the grey zone is to be lauded for finding a new and ingenious angle .,if this stoy must be to ld and retld -- and indeed it must -- then th3 grey zone is to be lauded for finding a ne w @nd ingenious angle .,1,True
judith and zaza's extended bedroom sequence . . . is so intimate and sensual and funny and psychologically self-revealing that it makes most of what passes for sex in the movies look like cheap hysterics .,judith and zaza's ext ended bed room squence . . . is so intimate a nd sensual @nd f unny a nd psychologically self-revealing that it makes most 0f what p@sses for sex in the movies lok like cheap hysterics .,1,True
my own minority report is that it stinks .,my own minority repor t is that it stnks .,0,True
throwing it all away for the fleeting joys of love's brief moment .,throwing it all away for the fleeting jys of love's brief moment .,1,True
"miyazaki has created such a vibrant , colorful world , it's almost impossible not to be swept away by the sheer beauty of his images .","miya zaki has created such a vibrat , co lorful w orld , it's almost impossible not t0 be swpt away by the sheer beaty 0f his images .",1,True
"it makes compelling , provocative and prescient viewing .","it ma kes compell ing , p rovocative and presci ent viewing .",1,True
"some fine acting , but ultimately a movie with no reason for being .","sme fin e acti ng , b ut ultimtely @ movie with no rea son fo r being .",0,True
children and adults enamored of all things pokemon won't be disappointed .,children and adul ts enamored of all things pokemon won't be disappointed .,1,True
"starts promisingly but disintegrates into a dreary , humorless soap opera .","stars promsingly b ut disintegrates in to @ drear y , hu morless so ap opera .",0,True
there's a whole heap of nothing at the core of this slight coming-of-age/coming-out tale .,there's a wole heap of nothing at the cre of thi s $light coming-of-age/coming-out tale .,0,True
"gangster no . 1 is solid , satisfying fare for adults .","ga ngster no . 1 1s so lid , satisfying fae for adults .",1,True
"what's most memorable about circuit is that it's shot on digital video , whose tiny camera enables shafer to navigate spaces both large . . . and small . . . with considerable aplomb .","what's most m emorable abo ut circu it is that i t's shot on digit al vide o , whoe tiny camera ena bles shafer to naviate spaces boh large . . . and small . . . with considerable aplomb .",1,True
"finally , a genre movie that delivers -- in a couple of genres , no less .","finally , a ge nre movie tat delivers -- in a couple of genre s , no less .",1,True
"from the opening scenes , it's clear that all about the benjamins is a totally formulaic movie .","from the opening scenes , it's clear that all about the benjamins is a totally formul aic movie .",0,True
a ponderous meditation on love that feels significantly longer than its relatively scant 97 minutes .,a ponderou s meditation on love that feels significantly longer than its relatively sc ant 97 m inutes .,0,True
"a big , baggy , sprawling carnival of a movie , stretching out before us with little rhyme or reason .","a big , b aggy , sprawling carnival of a movie , stretching out before us with little rhyme or reason .",0,True
what's infuriating about full frontal is that it's too close to real life to make sense . what's invigorating about it is that it doesn't give a damn .,what's infuriating about full frontal is that it' s too close to real life to make sense . what's invigorating about it is that 1t doesn't give a damn .,1,True
"a fascinating , bombshell documentary that should shame americans , regardless of whether or not ultimate blame finally lies with kissinger . should be required viewing for civics classes and would-be public servants alike .","a fascinating , bombsh ell documentary that should sham e americans , regardless of whether or not ultimate blame finally lies with kissinger . should be required viewing for civics classes and would-be public servants alike .",1,True
"if ever a concept came handed down from the movie gods on a silver platter , this is it . if ever such a dependable concept was botched in execution , this is it .","if ever @ conept cam e h@nded don from the mov ie gods on @ s ilver pltter , this is it . 1f e ver such @ dependabl e concept wa s btched in execution , this is it .",0,True
you can practically hear george orwell turning over .,y ou can pracically hear geo rge o rwell turning ove r .,0,True
"if you can read the subtitles ( the opera is sung in italian ) and you like 'masterpiece theatre' type costumes , you'll enjoy this movie .","if you can read the subtitles ( the opera is sung in italian ) and you like 'masterpiece theatre' typ e costumes , you'll enjoy this movie .",0,True
"the bodily function jokes are about what you'd expect , but there are rich veins of funny stuff in this movie .","the bodiy function jokes are about what you'd expect , but there are rich veins of funny stuff in th is movie .",0,True
"a bright , inventive , thoroughly winning flight of revisionist fancy .","a bri ght , i nventive , thoroug hly winning flight 0f revisionist fancy .",1,True
the film itself is about something very interesting and odd that would probably work better as a real documentary without the insinuation of mediocre acting or a fairly trite narrative .,the fim itslf is about something very interesting and odd that would probably work better as a ral documentar y without the insinuation of mdiocre ating or a fairly trie n@rrative .,0,True
"there seems to be no clear path as to where the story's going , or how long it's going to take to get there .","there seems to be n0 clear path as to where the story's going , or how long it's going to take to get there .",0,True
evokes a little of the fear that parents have for the possible futures of their children--and the sometimes bad choices mothers and fathers make in the interests of doing them good .,evokes a little of the fear that p@rents have for the possible futures of their childre n--and the sometimes bad choices mothers an d fathers m ake in the interests 0f doing them good .,1,True
the film's needlessly opaque intro takes its doe-eyed crudup out of pre-9/11 new york and onto a cross-country road trip of the homeric kind .,the film's needles sly opaq ue intro takes its doe-eyed crudup o ut of pre-9/11 new york and onto a cross-country road trip of the homeric kin d .,0,True
those who aren't put off by the film's austerity will find it more than capable of rewarding them .,those who aren't put off by the film's austerity will find it more than capa ble of rewarding them .,0,True
nearly all the fundamentals you take for granted in most films are mishandled here .,nearly all the fundamentals you take for granted in most fil ms are mishandled here .,1,True
"yes , one enjoys seeing joan grow from awkward young woman to strong , determined monarch , but her love for the philandering philip only diminishes her stature .","yes , one enjoys seeing jan grow from awkward youn g woman to strong , determined monarc h , but her love for the philandering p hilip only diminishes her stature .",1,True
a virtual roller-coaster ride of glamour and sleaze .,a virtual roller-ocaster r ide of glamour a nd sleaze .,1,True
"as literary desecrations go , this makes for perfectly acceptable , occasionally very enjoyable children's entertainment . you'll forget about it by monday , though , and if they're old enough to have developed some taste , so will your kids .","as lite rary desecrations go , this makes for perfectly acceptable , occasio nally very enjoyble chi ldren's entertainment . you'll forget about it by monday , though , and if they're old enugh to have developed some taste , so will your kids .",1,True
maid in manhattan proves that it's easier to change the sheets than to change hackneyed concepts when it comes to dreaming up romantic comedies .,mai d in manhatta n proves that it's easier to change the shees than to change hackn eyed concepts when it comes to dreaming up romantic comedies .,0,True
its juxtaposition of overwrought existentialism and stomach-churning gore will have you forever on the verge of either cracking up or throwing up .,its juxtaposition of overwroug ht existentialism and stomach-churnnig gore will have you forever on the verge of either cracking up or throwing up .,0,True
"taken as a whole , the tuxedo doesn't add up to a whole lot .","take n as @ whol e , t he tuxdo doe sn't a dd up t0 a who le lot .",0,True
"care deftly captures the wonder and menace of growing up , but he never really embraces the joy of fuhrman's destructive escapism or the grace-in-rebellion found by his characters .","care defty capturs the wonder and mnace of growng up , bu t he neer really embraces t he joy of fuhrmans detructive escap ism or th3 g race-in-rebellion fo und by h1s character s .",1,True
"i liked about schmidt a lot , but i have a feeling that i would have liked it much more if harry & tonto never existed .","i liked about schmidt a lot , but i have a feeling that i would have liked it much more 1f harry & tonto never existed .",0,True
neither funny nor suspenseful nor particularly well-drawn .,neither funny nor suspens eful nor particularly well-drawn .,1,True
"this misty-eyed southern nostalgia piece , in treading the line between sappy and sanguine , winds up mired in tear-drenched quicksand .","this misty-eye d s outhern nosalgia pece , in treadi ng the lne bet ween sa ppy and sanguine , winds up mir ed in t3ar-drenched quicksand .",0,True
an amused indictment of jaglom's own profession .,an amus ed indictmen t of jaglom's own profe ssion .,1,True
a less-than-thrilling thriller .,a less-than-thilling thriller .,1,True
"while broomfield's film doesn't capture the effect of these tragic deaths on hip-hop culture , it succeeds as a powerful look at a failure of our justice system .","while broomfield's fil m doesn't capture the effect of these tagic deahs on hip -hop cuture , it succeeds as a powe rful look at a failure of our justice system .",1,True
those unfamiliar with mormon traditions may find the singles ward occasionally bewildering .,those unfamiliar with m ormon traditions may find the singles ward occasionally bewildering .,0,True
has all the scenic appeal of a cesspool .,has all the scenc appeal of a cesspool .,1,True
"his comedy premises are often hackneyed or just plain crude , calculated to provoke shocked laughter , without following up on a deeper level .","hi s come dy premies are often h@ckneyed or just plai n crue , calculated to provoke shoc ked laughter , without following up 0n a deeper level .",0,True
a moving and solidly entertaining comedy/drama that should bolster director and co-writer juan josé campanella's reputation in the united states .,a moving and solidly enter taining comedydrama tht should bolster director @nd co-writer jan jo sé c@mpanella's reputation in the united states .,1,True
"the film delivers not just the full assault of reno's immense wit and insight , but a time travel back to what it felt like during those unforgettably uncertain days .","the fi lm delvers not just the full assalt of reno's immense wi t and insight , but a tie travel back to what it felt like during tho se unforgettably uncer tain days .",1,True
i don't think most of the people who loved the 1989 paradiso will prefer this new version . but i do .,i don't think most of the people who loved the 1989 p@radiso will prefer this new version . but i do .,1,True
"all the filmmakers are asking of us , is to believe in something that is improbable .","all the filmmakers are askin g of us , is to believe in something that 1s improbable .",0,True
"like the film's almost anthropologically detailed realization of early-'80s suburbia , it's significant without being overstated .","like the film's almost anthropologically detailed realization of early-'80s suburbia , its significant without being overstated .",1,True
"there's not a spark of new inspiration in it , just more of the same , done with noticeably less energy and imagination .","there's not a sp ark of new inspiration in it , just more of the same , done with notic eably less ene rgy and imagination .",1,True
"less dizzying than just dizzy , the jaunt is practically over before it begins .","less dizzyig th@n just dizy , th e jaunt is practically ove r before it begins .",0,True
the darker elements of misogyny and unprovoked violence suffocate the illumination created by the two daughters and the sparse instances of humor meant to shine through the gloomy film noir veil .,the darker elements of misogyny and unprovoked violence suffocate the illumination created by the two daughters and the sparse instances of humor meant to shine through the gloomy fi lm nor veil .,1,True
"if "" lilo & stitch "" isn't the most edgy piece of disney animation to hit the silver screen , then this first film to use a watercolor background since "" dumbo "" certainly ranks as the most original in years .","if "" lilo & stitch "" in't the most egy pi ece of di sney animation t0 h it the silver screen , then this first film t0 use a watercolor background since "" dumbo "" certainly ranks as the most original in years .",1,True
the pacing is often way off and there are too many bona fide groaners among too few laughs .,the paci ng is o ften way off and there a re too many bon a fid e groaners a mong too f3w laugh s .,0,True
"[hawn's character]is so bluntly written , without a trace of sentimentality , and so blisteringly defined , that every other character seems overlooked and underwritten .","[hawn's ch@racter]is so bluntly written , wihout a trac e of sentim entality , and $o blisteringly defined , tat every oher ch@racter seems oerlooked and underwritten .",0,True
"chilling but uncommercial look into the mind of jeffrey dahmer , serial killer .","chilli ng but uncommercial look into the mind of jeffrey dahmer , serial killer .",1,True
"a masterful film from a master filmmaker , unique in its deceptive grimness , compelling in its fatalist worldview .","a mast erful f ilm frm a m aster filmm aker , unique 1n its deceptive grimne ss , cmpelling in its fatalist worldview .",1,True
". . . the gentle melding of drama and comedy makes "" what time is it there ? "" something the true film buff will enjoy .",". . . the gent le meldin g 0f dr@ma @nd c omedy m akes "" w hat tie is it th ere ? "" som ething the true film buff will enjoy .",1,False
. . . breathes surprising new life into the familiar by amalgamating genres and adding true human complexity to its not-so-stock characters .,. . . brathes surprising new life into the f@miliar by amalgamating genres @nd ad ding true human complexity to 1ts not- so-stock characters .,1,True
"whether [binoche and magimel] are being charming or angst-ridden , they easily fill their scenes and , fine judges both , never overcook the hysteria .","whether [binoche and magimel] are being charming or angst-ridden , they easily fill their s cenes and , fine judges both , never overcook the hysteria .",0,True
"if shayamalan wanted to tell a story about a man who loses his faith , why didn't he just do it , instead of using bad sci-fi as window dressing ?","if shayamalan wanted to tell a sory about a m an who loes h is faith , why didnt he just do it , insted of u sing ba d sci-fi @s window dressing ?",0,True
"the secrets of time travel will have been discovered , indulged in and rejected as boring before i see this piece of crap again .","the s ecrets of time travel will hae b3en discovered , indu lged in and rejected as b oring be fore i see ths piee of c rap again .",0,True
it has all the excitement of eating oatmeal .,it has all the excitement of eati ng oatmeal .,0,True
"although the film boils down to a lightweight story about matchmaking , the characters make italian for beginners worth the journey","although the fil m boils down to a l ightweight story about matchmaking , the characters make italian for beginners worth the journey",1,True
"this is a movie full of grace and , ultimately , hope .","this 1s @ moie fll of grae a nd , ult imately , hope .",1,True
allen's underestimated charm delivers more goodies than lumps of coal .,allen's underestimated char m d elivers more goodies than lumps of coal .,1,True
supposedly authentic account of a historical event that's far too tragic to merit such superficial treatment .,supposedly authentic account of a historical event that's far too tragic to merit such super ficial treatment .,0,True
"like a fish that's lived too long , austin powers in goldmember has some unnecessary parts and is kinda wrong in places .","like @ fish tht's lied too lng , austn powers 1n goldmember has s ome unnece ssary parts and 1s knda wron g 1n places .",0,True
this romantic/comedy asks the question how much souvlaki can you take before indigestion sets in .,this roma ntic/comedy as ks the question how much souvlaki can you take before indigestion sets in .,1,True
devoid of any of the qualities that made the first film so special .,devoid of any of the qualities that made the first film so s pecial .,0,True
a subject like this should inspire reaction in its audience ; the pianist does not .,a subject like this should inspire react ion in its audienc e ; the pianist does not .,0,True
nicole kidman makes it a party worth attending .,nicole kiman makes it a par ty worth attending .,0,True
narc is a no-bull throwback to 1970s action films . it zips along with b-movie verve while adding the rich details and go-for-broke acting that heralds something special .,narc is a no-bull throwback to 1970s action films . it zips along with b-movie v erve while adding the rich detai ls and go-for-broke acting that heralds something special .,1,True
". . . less a story than an inexplicable nightmare , right down to the population's shrugging acceptance to each new horror .",". . . less @ st ory th@n an inexplicable nightmare , right dwn to the populaion's shruggi ng accep tance to each new horror .",0,True
"a highly personal look at the effects of living a dysfunctionally privileged lifestyle , and by the end , we only wish we could have spent more time in its world .","a highly personal look @t the effects of livi ng a dysfunctionally privileged liestyle , and by the end , we only wish we could have spent more time in its world .",1,True
"unfortunately , the picture failed to capture me . i found it slow , drab , and bordering on melodramatic .","unfortunatel y , the pictu re f@iled t0 ca pture m3 . 1 fo und 1t slow , dra b , and bordering on melodramatic .",0,False
to imagine the life of harry potter as a martial arts adventure told by a lobotomized woody allen is to have some idea of the fate that lies in store for moviegoers lured to the mediocrity that is kung pow : enter the fist .,to imagine the life of h@rry poter as a mar tial a rts adventure told by a lobotomized wooy all en is to have some idea of the fate that lies in store for movi egoers lured to the medi ocrity that is kun g pow : enter the fist .,0,True
fear dot com is more frustrating than a modem that disconnects every 10 seconds .,fear d0t c om is more frustratin g than a mode m that disconnects every 10 s econds .,0,True
"sc2 is an autopilot hollywood concoction lacking in imagination and authentic christmas spirit , yet it's geared toward an audience full of masters of both .","sc2 is an autopilot hollywood concoction lacking in imagination and authent ic christma s spirit , y3t it's geared toward an audience full of masters of both .",1,True
"schepisi , aided by a cast that seems to include every top-notch british actor who did not appear in gosford park ( as well as one , ms . mirren , who did ) , has succeeded beyond all expectation .","schepisi , aide d by a cast that seems to include every top-notch british actor wh o did not appear in gosford prk ( as well as one , ms . mirren , who did ) , has succeeded beyond all expectation .",0,True
a film that will probably please people already fascinated by behan but leave everyone else yawning with admiration .,a fim that will probably please people already fascinated by behan but leave everyone else yaw ning with admiration .,0,True
an ingenious and often harrowing look at damaged people and how families can offer either despair or consolation .,an ingenious and often harro wing look at damaged people and how f@milies can offer either desair or consolation .,1,True
". . . post-september 11 , "" the sum of all fears "" seems more tacky and reprehensible , manipulating our collective fear without bestowing the subject with the intelligence or sincerity it unequivocally deserves .",". . . post-september 11 , "" th e sum of al l fears "" seems more tac ky and reprehensible , manipulating our collective fear wthout bestowing the subject with the intelligence or sincerity it unequivocally deserves .",0,True
a fun ride .,a f un rie .,1,True
"this is an egotistical endeavor from the daughter of horror director dario argento ( a producer here ) , but her raw performance and utter fearlessness make it strangely magnetic .","this is an egotistical endeavor from the daughter of horror director dario argento ( a producer here ) , but her raw performance and utter fearlessness mke it strangely magnetic .",1,True
"when the precise nature of matthew's predicament finally comes into sharp focus , the revelation fails to justify the build-up .","when the precise nature of matthew's predicament finally comes into shar p focus , the revelation fails to justify the build-up .",1,True
"apart from anything else , this is one of the best-sustained ideas i have ever seen on the screen .","apart from anything else , this is one of the best-sustained ieas 1 have ever seen on the scr een .",1,True
"on a cutting room floor somewhere lies . . . footage that might have made no such thing a trenchant , ironic cultural satire instead of a frustrating misfire .","on @ cutti ng r oom f loor somewere l ies . . . foota ge that mght have m@de n0 suh thng a trenchant , i ronic c ultural satir e intead of a frustrating misfire .",0,False
"could have been crisper and punchier , but it's likely to please audiences who like movies that demand four hankies .","could have been crisper and punchier , b ut it's likely to pease auiences who like movies tha t dmand four hankies .",1,True
"is there a group of more self-absorbed women than the mother and daughters featured in this film ? i don't think so . nothing wrong with performances here , but the whiney characters bugged me .","is there a group of more self-absorbed women th an the mother and daughters featured in this film ? i don 't think so . nothing wrong with performances here , but the whiney characters bugged me .",0,True
"de oliveira creates an emotionally rich , poetically plump and visually fulsome , but never showy , film whose bittersweet themes are reinforced and brilliantly personified by michel piccoli .","de oliv eira cr eates an eotionally rch , poetically pl ump @nd visually fulsoe , b ut nev er shoy , f ilm w hose bittersweet thmes are reinforced and brilli antly person ified by michel piccoli .",1,False
a series of immaculately composed shots of patch adams quietly freaking out does not make for much of a movie .,a series of immaculately composed shots of p@tch adams quietly freaking out does not make for much of a movie .,1,True
"[taymor] utilizes the idea of making kahlo's art a living , breathing part of the movie , often catapulting the artist into her own work . this isn't a new idea . it's been done before but never so vividly or with so much passion .","[t aymor] utilizes the idea of making kahlo's @rt a livin g , breathing part of the movie , often catapultin g the arti st into her own work . this isn't a new idea . it's been done befor e but never so vividly or with so much passion .",1,True
"the chateau belongs to rudd , whose portrait of a therapy-dependent flakeball spouting french malapropisms . . . is a nonstop hoot .","the cateau belogs to rudd , whose port rait 0f a tehrapy-dependent flakeball spouting frenc h malapropisms . . . 1s a nonstop hoot .",1,True
"the fun of the movie is the chance it affords to watch jackson , who also served as executive producer , take his smooth , shrewd , powerful act abroad .","the f un of the mo vie is the chan ce it affods to w@tch j@ckson , who als o served as executiv e producer , tke his sm ooth , shred , powerful act abroad .",1,True
the comedy death to smoochy is a rancorous curiosity : a movie without an apparent audience .,the coedy death to sm oochy is a rancorous curiosity : @ movie without an apparent audience .,0,True
"this is human comedy at its most amusing , interesting and confirming .","this is hu man comdy at it s mos t am using , intresting and confirming .",1,True
this directorial debut from music video show-off higuchinsky is all flash .,this directorial de but from music vido showoff higuchinsky is all flash .,0,True
"while undisputed isn't exactly a high , it is a gripping , tidy little movie that takes mr . hill higher than he's been in a while .","while undisputed isn't exactly a high , it is a gripping , tidy little movie th at t@kes mr . hill higher than he's been in a while .",1,True
an impeccable study in perversity .,an i mpeccable sudy in perversity .,1,True
never [sinks] into exploitation .,neve r [sins] ino exploitati on .,0,True
looks awfully like one long tourist spot for a mississippi that may never have existed outside of a scriptwriter's imagination .,looks awflly like one long tourist spot for @ mississi ppi that may never have exsted ou tside of @ scriptwriter's imagination .,0,True
"though the story . . . is hackneyed , the characters have a freshness and modesty that transcends their predicament .","though the story . . . is hackneyed , th e characters have a freshness and modesty that transcends their predicament .",1,True
so-so entertainment .,so-so entertainmnt .,1,True
"la de salma es una versión de frida superficial , preciosista y sin ningún contenido .","la d3 salma 3s un@ versión de f rida superficial , pre ciosista y sin ningún contenido .",0,True
"because the genre is well established , what makes the movie fresh is smart writing , skewed characters , and the title performance by kieran culkin .","because the gnere is well established , what makes th e moive fresh is $mart writing , skewed characters , @nd t he t itle perf ormance by kieran culkin .",1,True
"no one involved , save dash , shows the slightest aptitude for acting , and the script , credited to director abdul malik abbott and ernest 'tron' anderson , seems entirely improvised .","n0 one invlved , s ave dash , sows the $lightest apttude f or ating , and th e sc ript , credited to direcor adul malik abbtt an d ernst 'tro' anderson , seems entirely improvised .",0,True
there's a reason why halftime is only fifteen minutes long .,there's a reason why h@lftime is only fi fteen minuts lon g .,0,True
"with or without the sex , a wonderful tale of love and destiny , told well by a master storyteller","with 0r without the $ex , @ w onderful tale 0f love a nd dstiny , told w ell by a master storyteller",1,True
"afraid to pitch into farce , yet only half-hearted in its spy mechanics , all the queen's men is finally just one long drag .","afraid to ptch into fare , yet only h@lf-hearted in i ts sp y mechani cs , all the queens men is finally just on e l ong drag .",0,True
"williams plays sy , another of his open-faced , smiling madmen , like the killer in insomnia . he does this so well you don't have the slightest difficulty accepting him in the role .","will iams pays sy , another of his open-faced , smiling madmen , like the ki ller in insomnia . he does this so well you don't have the slightest difficulty accepting hi m in the role .",1,True
"highlighted by a gritty style and an excellent cast , it's better than one might expect when you look at the list of movies starring ice-t in a major role .","highlighted by a gr itty st yle and an excellen t cast , it's better than one might expect when you lok at th3 list of moveis sarring icet in a m@jor rle .",1,True
"these three films form a remarkably cohesive whole , both visually and thematically , through their consistently sensitive and often exciting treatment of an ignored people .","these three fil ms fom a remarkably cohe sive whole , bot h visually a nd thematically , throuh th eir consistently sensitie @nd of ten exciting t reatment 0f an ignored people .",1,True
it's a drag how nettelbeck sees working women -- or at least this working woman -- for whom she shows little understanding .,its a drag how nettelbeck sees working woen -- or at least this working woman -- for whom she shows little understanding .,0,True
"nohe's documentary about the event is sympathetic without being gullible : he isn't blind to the silliness , but also captures moments of spontaneous creativity and authentic co-operative interaction .","nohe's documenta ry about the even t is sympat hetic without being gullible : he isn't blind to the silliness , but also captures momnts 0f spontaneous cre ativity @nd athentic co-opera tive interaction .",1,True
borrows from other movies like it in the most ordinary and obvious fashion .,borows from other movies like it in the most ordiary and obvious f@shion .,0,True
"barely manages for but a few seconds over its seemingly eternal running time to pique your interest , your imagination , your empathy or anything , really , save your disgust and your indifference .","barely manages for but a few s econds over its seemingly eternal running time to pique your interest , your imagination , your empathy or anything , really , save your disgust and your indifference .",0,True
the irony is that this film's cast is uniformly superb ; their performances could have -- should have -- been allowed to stand on their own .,the iony is that this film's ca st is u niformly s uperb ; thir performances could have -- should have -- been allowed to stand on their own .,1,True
this is so bad .,this is so b@d .,0,True
"aptly named , this shimmering , beautifully costumed and filmed production doesn't work for me .","aptly named , this shimmerin g , beautifully costumed @nd filmed production doesn't work for me .",1,True
"the fascination comes in the power of the huston performance , which seems so larger than life and yet so fragile , and in the way the ivan character accepts the news of his illness so quickly but still finds himself unable to react .","the fascination comes in the power of the h uston performance , which seems so larger than life and yet so fragile , and in the way the ivan character accepts the news of his illness so quickly but still finds himself unable to react .",1,True
"often demented in a good way , but it is an uneven film for the most part .","often demented in a good way , but it is an une ven film for the most part .",0,True
savvy director robert j . siegel and his co-writers keep the story subtle and us in suspense .,s avvy direcor rob ert j . siegel @nd h1s co-write rs keep the story su btle and us in suspense .,1,True
"bloody sunday has the grace to call for prevention rather than to place blame , making it one of the best war movies ever made . it's a movie that accomplishes so much that one viewing can't possibly be enough .","bloody sunday has the grace to call for prevention rather than to place blame , making it one of the best w@r movies ever made . it's a movie that accomplishes so much that 0ne viewing can't possibly be enough .",1,True
you could nap for an hour and not miss a thing .,you could n ap for @n hor and not miss a thing .,0,True
"though it never rises to its full potential as a film , still offers a great deal of insight into the female condition and the timeless danger of emotions repressed .","though it never ries to its full po tential as a f ilm , st ill offers a great deal of insight into th3 f emale condition and the tim eless danger of eotions repressed .",1,True
"beresford nicely mixes in as much humor as pathos to take us on his sentimental journey of the heart . it really is a shame that more won't get an opportunity to embrace small , sweet 'evelyn . '","beresford nicely mxes in as much h umor as p@thos to take us on his sent imental jorney of the h eart . it really is a shame that more won't get an opportunity to emb race smal , sw eet 'evelyn . '",1,True
doesn't come close to justifying the hype that surrounded its debut at the sundance film festival two years ago .,d oesn't come close to justifying the hype that surrounded its debut at the sundance film festival two years ago .,0,True
"it's rare to find a film that dazzles the eye , challenges the brain , and satisfies our lust for fast-paced action , but minority report delivers all that and a whole lot more .","i t's rar e to find a fi lm t hat dazzles the 3ye , challenges the brain , a nd satisfes 0ur l ust f or f@st-paced acti on , but minoity repot delivers all that and @ wole lot more .",1,True
"comes off more like a misdemeanor , a flat , unconvincing drama that never catches fire .","com es o ff mor e l ike @ misdemenor , @ fl at , uncnvincing dama that neer catches fire .",0,True
"although the level of the comedy declines as the movie proceeds , there's no denying the fun of watching de niro and crystal having fun .","although the level of the comedy declines as the movie pr oceeds , there's no denying the fun of w@tching d3 niro @nd crystal ha ving fun .",1,True
"as chilling and fascinating as philippe mora's modern hitler-study , snide and prejudice .","as ch illing and fasciating as p hilippe mora's mod ern hitler-stduy , sni de a nd prejud ice .",1,True
p . t . anderson understands the grandness of romance and how love is the great equalizer that can calm us of our daily ills and bring out joys in our lives that we never knew were possible .,p . t . anderson understands the grandn ess of romanc e @nd how love is t he great equalzer that can calm us of our daily ills and bri ng out jos 1n our lves t hat w3 ne ver kne w were possible .,1,True
is it really an advantage to invest such subtlety and warmth in an animatronic bear when the humans are acting like puppets ?,is it really an advantage to invest such subtlety and wrmth in an animatronic bear when the humans are acting like puppets ?,1,True
"every joke is repeated at least four times . every joke is repeated at least four times . every joke is repeated at least--annoying , isn't it ?","ev ery jke is repated at least four ties . eery jo ke 1s repeate d at le ast fur times . evrey jo ke is repeatd @t least--annoying , isn't it ?",0,False
"blessed with a searing lead performance by ryan gosling ( murder by numbers ) , the movie is powerful and provocative . it's also built on a faulty premise , one it follows into melodrama and silliness .","blessed with a saring lead performance by ryan gosling ( murder by numbers ) , the movie is powerf ul and provocative . it's also built on a faulty premise , one it follows into melodrama and silliness .",1,True
"triple x is a double agent , and he's one bad dude . when you've got the wildly popular vin diesel in the equation , it adds up to big box office bucks all but guaranteed .","triple x is a double a gent , and he's one ba d dude . when you've got the wildly popular vin diesel in the equation , it adds up to big box office bucks all but guaranteed .",0,True
"left me with the visceral sensation of longing , lasting traces of charlotte's web of desire and desperation .","left me with the viceral sensaton of loning , lasti ng traces of charlo tte's web of desire @nd desperation .",1,True
"by no means a slam-dunk and sure to ultimately disappoint the action fans who will be moved to the edge of their seats by the dynamic first act , it still comes off as a touching , transcendent love story .","by no means a slam-dunk and sure to ultimately disappoint the action fans w ho will be moved to the edge of their seats by the dynamic first act , it still comes off as a touching , transcendent love story .",1,True
the best way to hope for any chance of enjoying this film is by lowering your expectations . then lower them a bit more .,the best way to hope for any chance of enjoying this flm is by lowering yur expctations . then lower them a bit more .,1,True
what's missing in murder by numbers is any real psychological grounding for the teens' deviant behaviour . being latently gay and liking to read are hardly enough .,what's mi ssing in murdr by n umbers is any ral psychological grounding for the teens' deviant behaviour . being laten tly gay and liking to read are hardly enough .,0,True
"it's like a "" big chill "" reunion of the baader-meinhof gang , only these guys are more harmless pranksters than political activists .","i's like a "" big ch ill "" reunion of the baader-meinh of gang , only these guys are more harmless panksters than political activists .",1,True
"truth to tell , if you've seen more than half-a-dozen horror films , there's nothing here you haven't seen before .","truh to tell , if you've seen more tha n half-a-doze n horror films , there's nothing here you haven't seen before .",0,True
"when it's all wet , blue crush is highly enjoyable . when it's on dry land , though , this surfer-girl melodrama starts gasping like a beached grouper .","when it' s all wet , blue crush is highly enjoyable . when it's on dry land , though , this surfer-girl melodrama starts gasping like a beached grouper .",0,True
"despite its faults , gangs excels in spectacle and pacing .","despte 1ts f@ults , gans exce ls 1n spectacle a nd pacing .",1,True
"a solid cast , assured direction and complete lack of modern day irony .","a solid c@st , asured direction and complete lack of modern day irony .",1,True
"for all of its insights into the dream world of teen life , and its electronic expression through cyber culture , the film gives no quarter to anyone seeking to pull a cohesive story out of its 2 1/2-hour running time .","for all of its ins ights into the dream world of ten life , and its electro nic expression th rough cyb er culture , the film gies no quarter to anyone seeking to pull a cohesive story out of its 2 1/ 2-hour running time .",1,True
the country bears wastes an exceptionally good idea . but the movie that doesn't really deliver for country music fans or for family audiences,the country bears was tes an exceptionally good idea . but th3 movie that doesn't really deliver for countr y mus ic fans or for famly audiences,0,True
"schmaltzy and unfunny , adam sandler's cartoon about hanukkah is numbingly bad , little nicky bad , 10 worst list bad .","schmalt zy and unfu nny , adam sandl er's c@rtoon ab out h@nukkah is numbngly ba d , litt le nic ky ba d , 10 worst list bad .",0,False
predictable storyline and by-the-book scripting is all but washed away by sumptuous ocean visuals and the cinematic stylings of director john stockwell .,predictable storyline and by-the-book scripting is @ll but washed away by sumptuous ocean visuals a nd the cinematic stylings of director john stockwell .,1,True
"happily , some things are immune to the folly of changing taste and attitude . for proof of that on the cinematic front , look no further than this 20th anniversary edition of the film that spielberg calls , retrospectively , his most personal work yet .","happily , some things are immune to th3 folly 0f chnging taste an d attitude . for proof of that on the cinematic front , look no f urther than this 20th anniversary editon of the film that sielberg calls , retrospectively , his most personal work yet .",1,True
you'd have to be a most hard-hearted person not to be moved by this drama .,you'd have to be a most hard-hearted perso n n ot to be moved by tis drama .,0,True
uses high comedy to evoke surprising poignance .,uses hi gh comdy to ev oke surprising poignance .,1,True
"a delightful surprise because despite all the backstage drama , this is a movie that tells stories that work -- is charming , is moving , is funny and looks professional .","a delig htful surprise because despite all the ba ckstage dr@ma , this is a movie that tel ls stories that work -- is charming , 1s moving , 1s funny and looks professional .",1,True
[a]n utterly charming and hilarious film that reminded me of the best of the disney comedies from the 60s .,[]n uttery charing a nd hilar ious fil m th@t remnded me 0f th3 best 0f the disney comed ies f rom t he 60s .,1,True
"the pacing is deadly , the narration helps little and naipaul , a juicy writer , is negated .","the paing is deadly , th e narration helps little and naipaul , @ juicy writer , is negated .",0,True
"essentially an exceptionally well-written , well-edited , well-directed , well-acted , bald rip-off of aliens .","essentially an exceptionally well-written , well-edited , well-directed , well-acted , bald rp-off of aliens .",0,True
"it would be great to see this turd squashed under a truck , preferably a semi .","it would be gre at to see th is turd squashed unde r @ trck , preferaby @ semi .",0,True
"the first hour is tedious though ford and neeson capably hold our interest , but its just not a thrilling movie .","the first hour is tedio us though fod and neeson capably hold our interest , but its just not a thrilling movie .",0,True
"a worthwhile documentary , whether you're into rap or not , even if it may still leave you wanting more answers as the credits roll .","a worthwhile docmentary , wether you're into ra p or not , even 1f it may still leave you w@nting more answers as th e credits roll .",1,True
there are now two signs that m . night shyamalan's debut feature sucked up all he has to give to the mystic genres of cinema : unbreakable and signs .,there are now two sign s that m . night shyamala's debut featur e sucked up all he has to give to the my$tic genres of cinema : unbreakble and signs .,1,True
a smug and convoluted action-comedy that doesn't allow an earnest moment to pass without reminding audiences that it's only a movie .,a s mug and convolute d action-comedy that doesn't allw an earnest moment to pass wi thout reminding audiences th at it's onl y a movie .,0,True
"few films have captured the chaos of an urban conflagration with such fury , and audience members will leave feeling as shaken as nesbitt's cooper looks when the bullets stop flying .","few film s have captured the chaos of an urban conflagration with such fury , and audience members will leave feeling as shaken as nesbitt's cooper looks when the bullets stop flying .",1,True
skip this turd and pick your nose instead because you're sure to get more out of the latter experience .,skip this turd and pick yur nse instead because yo're sure to get more out of the latter experien ce .,1,True
"this fascinating experiment plays as more of a poetic than a strict reality , creating an intriguing species of artifice that gives the lady and the duke something of a theatrical air .","this f@scinating experiment palys as more of a poe tic than a stri ct reality , creating an intriguing species 0f artifice that gives the lady and th3 duke something of a th eatrical air .",1,True
". . . one big laugh , three or four mild giggles , and a whole lot of not much else .",". . . 0ne b ig laug h , th ree 0r fo ur m1ld gigges , and a wole lot of not much else .",0,False
"as i settled into my world war ii memories , i found myself strangely moved by even the corniest and most hackneyed contrivances .","as i setled into my wold w@r ii me mories , i fond my$elf st rangely moed by e ven the cornist and most hacneyed contrivances .",0,True
"( wendigo is ) why we go to the cinema : to be fed through the eye , the heart , the mind .","( wendigo 1s ) w hy we go to the cinem a : t0 be fed through the eye , the heart , the mind .",1,True
"most new movies have a bright sheen . some , like ballistic , arrive stillborn . . . looking like the beaten , well-worn video box cover of seven years into the future .","m ost n ew movies hve a briht sheen . s ome , lik e b@llistic , arrive stillborn . . . looking like the beatn , well-worn vido box covr of seven years into the future .",0,True
this is amusing for about three minutes .,this is amusing for about three min utes .,0,True
"i can't remember the last time i saw an audience laugh so much during a movie , but there's only one problemit's supposed to be a drama .","i cant remembe r the las t time 1 sa w @n au dience lau gh $o mch d uring @ mov ie , but there's only one problem it's supposed t0 be a drama .",0,True
it's difficult to say whether the tuxedo is more boring or embarrassing--i'm prepared to call it a draw .,it 's difficult to say whether the tuxed o is more borin g or emarrassing--i'm prepared to call 1t a draw .,0,True
"the problem with concept films is that if the concept is a poor one , there's no saving the movie . sorry , charlie","the proble m with c oncept films is that if the concep t is a p0or one , there's n0 saving th e movie . sorry , charlie",0,True
"not only are the film's sopranos gags incredibly dated and unfunny , they also demonstrate how desperate the makers of this 'we're -doing-it-for -the-cash' sequel were .","not only are the film's sopra nos g ags incredi bly da ted and unfnny , they also demonstrate h0w desperate the makers of this 'we'r e -doing-it-for -the-cash' sequel were .",0,True
"impossible as it may sound , this film's heart is even more embracing than monty , if only because it accepts nasty behavior and severe flaws as part of the human condition .","impossible as it may s ound , this fi lm's heart is even more embracing than monty , if only because it acce pts nasty behavor and severe flaws as part of the human condition .",0,True
a quirky comedy set in newfoundland that cleverly captures the dry wit that's so prevalent on the rock .,a quir ky comed y set in newfoundland that cleverly captur es the dry w it th@t's so prevalent on the r ock .,1,True
"the film is enriched by an imaginatively mixed cast of antic spirits , headed by christopher plummer as the subtlest and most complexly evil uncle ralph i've ever seen in the many film and stage adaptations of the work .","the film is enrichd by an imaginatively mixed cast of antic s pirits , headed by christophr plummer as t he subtlest and most co mplexly evil uncle ralph i've ever seen in the m any film and sage adaptations of the work .",1,True
it all drags on so interminably it's like watching a miserable relationship unfold in real time .,it all drags on so interminaby it's like watching a mi serable relationship unfold in real time .,0,True
"although i didn't hate this one , it's not very good either . it can be safely recommended as a video/dvd babysitter .","although 1 d idn't hat e t his one , it's n0t ver y good either . it c an be safely recommend ed @s @ video/vd babysitter .",0,True
"the more kevin costner rests on his pretty-boy laurels , the public is , regrettably , going to have tepid films like dragonfly tossed at them .","the more ke vin cos tner rsts on his prtty-boy la urels , the publ ic is , regrettbly , gonig to have tepi d film s like dragnfly tssed at them .",0,True
"it's a wonderful , sobering , heart-felt drama .","i t's a wonder ful , s obering , haert-felt drama .",1,True
"a preposterous , prurient whodunit .","@ preosterous , prurient whodunit .",0,False
despite the premise of a good story . . . it wastes all its star power on cliched or meaningless roles .,de spite th3 premis e of @ goo d stor y . . . 1t wast es all it s $tar powe r on clic hed or meaningless roles .,0,False
what might have been acceptable on the printed page of iles' book does not translate well to the screen .,what might have b3en acceptabe on the printed p age of iles' bok does not traslate well to the screen .,0,True
this off-putting french romantic comedy is sure to test severely the indulgence of fans of amélie .,this off-putting french romantic coedy 1s sure to test severely the indulgence of fans 0f amélie .,1,True
the magic ( and original running time ) of ace japanimator hayao miyazaki's spirited away survives intact in bv's re-voiced version .,the m@gic ( and original running time ) of ace japanimator hayao miyazaki's spirited away survives intact in bv's re-voi ced version .,1,True
hollywood ending is the most disappointing woody allen movie ever . he has a great cast and a great idea . but the execution is a flop with the exception of about six gags that really work .,hollywood endin g is the most disapointing woody allen movie ever . he has a grat cast and a great idea . b ut the execution is a flop with the exception of abou t six gags that really work .,0,True
a grand fart coming from a director beginning to resemble someone's crazy french grandfather .,a grand f art coming from a direct or beginning to resemble someone's crazy french grandfather .,0,True
"una película oscura , precisa , por momentos grandiosa y casi siempre conmovedora .","una película oscura , precisa , por m omentos grandiosa y casi siempre conmovedora .",1,True
a live-wire film that never loses its ability to shock and amaze .,a live-wire fi lm tha t never loses its ability to shock and amaze .,1,True
"a vibrant , colorful , semimusical rendition .","a vi brant , colorful , semimusical rendition .",1,False
"a better title , for all concerned , might be swept under the rug .","a bette r titl e , for all c oncerned , migh t be swept unde r the rug .",0,True
the difference between cho and most comics is that her confidence in her material is merited .,the difference between c ho and most comic s is that her confidence in h er material is merited .,1,True
we have an actor who is great fun to watch performing in a film that is only mildly diverting .,we have an acor who is great f un to w@tch performng in a fil m that is only mildly diverting .,1,True
"even these tales of just seven children seem at times too many , although in reality they are not enough . every child's story is what matters . this film can only point the way -- but thank goodness for this signpost .","even these tales of just seven children seem @t times too many , although in reality they are not enough . every child's story is what maters . this film can only point the way -- but thank goodness for this signpost .",0,True
"hardly an objective documentary , but it's great cinematic polemic . . . love moore or loathe him , you've got to admire . . . the intensity with which he's willing to express his convictions .","hardly an obj ective dcumentary , bu t it' s grat cinematic pole mic . . . lo ve moore or loathe hi m , yu've got to admire . . . the intensit y with which he's willing to express his convictions .",1,True
"the town has kind of an authentic feel , but each one of these people stand out and everybody else is in the background and it just seems manufactured to me and artificial .","the town has ki nd of @n authentic f eel , bu t each one of thse peole stand out @nd every body else is in th e background and it ju st s eems manufactured to me an d artificial .",0,True
"decasia is what has happened already to so many silent movies , newsreels and the like . the unexpected thing is that its dying , in this shower of black-and-white psychedelia , is quite beautiful .","decasia is what has happened already to so many s ilent mvies , newsreels and the like . the unexpected thing 1s tht its dying , in this shower 0f black-and-white psychedelia , 1s quite beautiful .",1,True
"an unbelievably stupid film , though occasionally fun enough to make you forget its absurdity .","an unbelievably st upid film , though occasionally fun enough to make you forget its absurdity .",0,True
"the actors don't inhabit their roles -- they're trapped by them , forced to change behavior in bizarre unjustified fashion and spout dialog that consists mostly of platitudes .","th e actos dn't inhabi t ther ro les -- they' re trappe d by th em , forc ed t0 ch ange b ehavior in bizar re unjustifie d fasion and sout dial og th at consiss m ostly of platitudes .",0,False
"this ecologically minded , wildlife friendly film teaches good ethics while entertaining with its unconventionally wacky but loving family","this ecologically mnded , wi ldlife fr iendly f ilm teches god ethis whie e ntertaining w ith its unconventonally wacky b ut lov ing family",1,True
tries to add some spice to its quirky sentiments but the taste is all too familiar .,treis to @dd some spic e to i ts quirk y seniments but the t@ste is all to o familiar .,0,True
"a cross between blow and boyz n the hood , this movie strives to be more , but doesn't quite get there . good performances keep it from being a total rehash .","@ c ross be tween bl ow and boyz n the hood , tis mvie strives to be more , but doesn't quite ge t thre . good performances keep 1t from bein g a total rehash .",0,True
the entire movie establishes a wonderfully creepy mood .,the entire m ovie establishes a wondrfully creey mod .,1,True
"its gross-out gags and colorful set pieces . . . are of course stultifyingly contrived and too stylized by half . still , it gets the job done -- a sleepy afternoon rental .","it s gros-out gag s a nd colo rful $et peces . . . are 0f cou rse stultifyingl y cont rived and t oo styized by h@lf . still , 1t get s the j0b dne -- a sleepy afternoon rental .",0,True
disappointing in comparison to other recent war moviesor any other john woo flick for that matter .,d isappointing in comparison to other recent war movies or any othr joh n w oo flick for that matter .,0,True
"though the film is well-intentioned , one could rent the original and get the same love story and parable .","though the f ilm is well-intentioned , one could ret the o riginal and get the same love st ory and parabl e .",0,True
"a drama of great power , yet some members of the audience will leave the theater believing they have seen a comedy .","a drama of great power , yet some members of the audience will leave th e theater believing they have seen @ comedy .",0,True
"while the ideas about techno-saturation are far from novel , they're presented with a wry dark humor .","while the ideas about techno-satu ration are far from novel , they're presented with a wr y dark hum or .",1,True
"[serry] wants to blend politics and drama , an admirable ambition . it's too bad that the helping hand he uses to stir his ingredients is also a heavy one .","[serry] wants to blend politics and drama , an admirable a mbition . it's too bad that the helping hand he uses to stir his ingredients is also a heavy one .",1,True
"the movie is dawn of the dead crossed with john carpenter's ghosts of mars , with zombies not as ghoulish as the first and trains not as big as the second .","the movi e is dawn of the dead crossed with john carpenter's ghosts of mars , with zombies not as ghoulish as the first an d trains not as big as the second .",0,True
"a very long movie , dull in stretches , with entirely too much focus on meal preparation and igloo construction .","a ver y l ong move , d ull 1n stretches , with entirely t0o mch fo cus on meal prearation an d igloo construction .",0,True
". . . unlikable , uninteresting , unfunny , and completely , utterly inept .",". . . unlik able , uninteresing , unfunny , and completely , utterly inept .",0,False
"the script's snazzy dialogue establishes a realistic atmosphere that involves us in the unfolding crisis , but the lazy plotting ensures that little of our emotional investment pays off .","the script's snazzy dialogu e establishes a realistic atm osphere that involves us in the unfolding crsis , but the lazy plotting ensures that little of 0ur emotio nal investment pays off .",1,True
it's deep-sixed by a compulsion to catalog every bodily fluids gag in there's something about mary and devise a parallel clone-gag .,1t's deep-ixed by a cmpulsion to c@talog every bod ily fluis gag 1n there' s something abut mary an d devis e a paralle l clone-gag .,0,False
"if you love reading and/or poetry , then by all means check it out . you'll probably love it .","if you lve re ading and/or poet ry , then by all means c heck it out . you'll probab ly love it .",1,True
"so young , so smart , such talent , such a wise * * * .","so youn g , so smar t , suc h talent , such a wise * * * .",1,True
"there's a neat twist , subtly rendered , that could have wrapped things up at 80 minutes , but kang tacks on three or four more endings .","there's a neat twist , subtly rendered , that could have wrapped things up @t 80 minutes , but kang tacks on three or four more endings .",1,True
"the action here is unusually tame , the characters are too simplistic to maintain interest , and the plot offers few surprises .","the acion here is unusually t@me , th e charactrs are to o simplistic t0 maitain interest , and th3 plot offers few surprises .",0,True
a savvy exploration of paranoia and insecurity in america's culture of fear .,a savy explorati on of p@ranoia and insecuriy in america's cul ture of fear .,1,True
"audiences are advised to sit near the back and squint to avoid noticing some truly egregious lip-non-synching , but otherwise the production is suitably elegant .","adiences are advised to s it nar the back and squint to avoid noticing some truly egregious lipn-on-synching , but otherwise the production is suitably elegant .",0,True
"you needn't be steeped in '50s sociology , pop culture or movie lore to appreciate the emotional depth of haynes' work . though haynes' style apes films from the period . . . its message is not rooted in that decade .","y0u needn't be steepd 1n '50s sociol ogy , p op cultu re or mo vie lore to appreciate t he emtional depth of haynes ' wok . thou gh hynes' style apes films fr om th3 priod . . . its message is not rooted in that decade .",1,True
"even though it's common knowledge that park and his founding partner , yong kang , lost kozmo in the end , you can't help but get caught up in the thrill of the company's astonishing growth .","even though 1t's common knowldge that par k and h1s founding pa rtner , yong kang , lost kozmo in the 3nd , you can't hel p but get caught up in the thrill of t he company's astonishing growth .",1,True
it treats women like idiots .,it treats wome n like i diots .,0,True
"if you adored the full monty so resoundingly that you're dying to see the same old thing in a tired old setting , then this should keep you reasonably entertained .","if you ador ed the full m onty so resoundingly that yu're dying to see the same o ld thing in a tied 0ld setting , then this should keep you reasona bly entertained .",1,True
a dreary rip-off of goodfellas that serves as a muddled and offensive cautionary tale for hispanic americans .,a deary r ip-off of goodfellas t hat serves @s a m uddled and offensive c@utionary tal e for hispanic ameri cans .,0,True
so relentlessly wholesome it made me want to swipe something .,so relentlessly wh olesome it made me want to swipe something .,1,True
"yes they can swim , the title is merely anne-sophie birot's off-handed way of saying girls find adolescence difficult to wade through .","yes they can swim , th e title is merly anne-soph ie birot's off-handed way of saying girls fi nd adolescence diff icult to wade throu gh .",0,True
the first half bursts with a goofy energy previous disney films only used for a few minutes here and there .,the first half bursts with a goofy energy previous disney fil ms only used for a few minutes here and there .,1,True
"as david letterman and the onion have proven , the worst of tragedies can be fertile sources of humor , but lawrence has only a fleeting grasp of how to develop them .","as david letterman and the onion have proven , the worst of tragedies can b3 fertile sources of humor , but lawrence has only a fleeting grasp of how to develop them .",1,True
"typical animé , with cheapo animation ( like saturday morning tv in the '60s ) , a complex sword-and-sorcery plot and characters who all have big round eyes and japanese names .","typical animé , with chea po animation ( like saturd ay morning tv in the '60s ) , a comple x sword-and-sorcery p1ot and characters who all have big round e yes and japanese names .",0,True
a lot more dimensional and complex than its sunny disposition would lead you to believe .,a lot more dimensi onal and cmplex than 1ts sunny disposition would lead you to believ e .,1,True
"solaris "" is a shapeless inconsequential move relying on the viewer to do most of the work .","solari s "" is a shaeless inconseq uential move relying on th e viewer to do most of the work .",0,True
it's a sharp movie about otherwise dull subjects .,it' s a sharp movie about otherwise dul l subjects .,0,True
"deadly dull , pointless meditation on losers in a gone-to-seed hotel .","d eadly d ull , pontless mditation on lsers 1n a g0ne-to-seed hotel .",0,False
"one long , numbing action sequence made up mostly of routine stuff yuen has given us before .","one lon g , n umbing action sequence made up mos tly of routne stuff yue n has give n u$ before .",0,True
a listless and desultory affair .,a listles s and desultory afair .,0,True
"its strengths and weaknesses play off each other virtually to a stand-off , with the unfortunate trump card being the dreary mid-section of the film .","it s s trengths and weaknesss play off ea ch other virtuall y to a stand-off , with the unfort unate trump cad being the drear y mids-ection of the film .",0,True
i thought my own watch had stopped keeping time as i slogged my way through clockstoppers .,i thought my own wtch h@d stopped keeping time as i slogged my way through clockstoppers .,0,True
"pull[s] off the rare trick of recreating not only the look of a certain era , but also the feel .","pull[s] off the rare trick 0f recreating no t only the look of a certain er a , but also the f eel .",1,True
"the direction occasionally rises to the level of marginal competence , but for most of the film it is hard to tell who is chasing who or why .","the direction occasionally rises to the level of ma rginal competence , but for most of th3 film it is hard to tell who is chasing who or why .",0,True
"the result is somewhat satisfying -- it still comes from spielberg , who has never made anything that wasn't at least watchable . but it's also disappointing to a certain degree .","the result is somewht satisfying -- it still comes fro m spielberg , who has never made anything that wasn't at least watchable . but it's also disappointing t0 a certain degree .",0,True
"evelyn may be based on a true and historically significant story , but the filmmakers have made every effort to disguise it as an unimaginative screenwriter's invention .","evelyn ma y b3 b@sed 0n a true an d historic ally si gnificant stry , bu t the filmakers hae made ev ery ef fort to diguise 1t as @n unimaginative screenwriter 's invention .",0,False
the hot topics of the plot are relegated to the background -- a welcome step forward from the sally jesse raphael atmosphere of films like philadelphia and american beauty .,the h ot topics of the plot are relegated to the background -- a welcome step forward from the sally jesse r@phael atmosphere of films lke philadelphia @nd amercan beauty .,1,True
"while the story does seem pretty unbelievable at times , it's awfully entertaining to watch .","wh ile the sto ry d0es seem petty unbelievale @t t imes , i's awfully ent ertaining t0 watch .",1,True
the movie is too impressed with its own solemn insights to work up much entertainment value .,the m ovie is too impressed with its own soemn insights to work up much entertainme nt valu e .,0,True
"the animation and backdrops are lush and inventive , yet return to neverland never manages to take us to that elusive , lovely place where we suspend our disbelief .","the ani mation a nd backdros are l ush a nd inventiv e , ye t r eturn t0 nevrland nevr m@nages t0 t ake us t0 tht elu sive , l ovely pla ce whre we su spend our disbelief .",1,True
there's none of the happily-ever -after spangle of monsoon wedding in late marriage -- and that's part of what makes dover kosashvili's outstanding feature debut so potent .,there's none of the happily-ever -after spangle of monsoon weddi ng 1n late m@rriage -- and thats part of what makes dove r kosashvili's outstanding feature debt so po tent .,1,True
"smart and fun , but far more witty than it is wise .","$mart and fu n , but far mo re witty than it 1s wise .",1,True
"places a slightly believable love triangle in a difficult-to-swallow setting , and then disappointingly moves the story into the realm of an improbable thriller .","places a slightl y believable love triangl e in a difficult-to-swallow setting , and then disappointingly moves the story into the realm of an improbable thriller .",0,True
"for the most part , i spy was an amusing lark that will probably rank as one of murphy's better performances in one of his lesser-praised movies .","for the m ost part , 1 $py w as an amusng lark that wi ll probbly rank as one of murphy's bettr perf ormances in one of h1s lesser-praised mov ies .",1,True
. . . a roller-coaster ride of a movie,. . . a roller-coaster ri de 0f a movie,1,True
a close-to-solid espionage thriller with the misfortune of being released a few decades too late .,a close-to-solid espionage thriller with th3 misfortune of being released a few decades too late .,1,True
"'yes , that's right : it's forrest gump , angel of death . '","'yes , that's rigt : it's forest gump , angel of death . '",1,True
"there are things to like about murder by numbers -- but , in the end , the disparate elements don't gel .","t here a re thngs to like abo ut muder by numbrs -- b ut , 1n th e en d , th3 disparate elements don't gel .",0,True
the affectionate loopiness that once seemed congenital to demme's perspective has a tough time emerging from between the badly dated cutesy-pie mystery scenario and the newfangled hollywood post-production effects .,the affectionate loopiness that once seemed congenital to demme's perspective has a tough time emerging from between the badly d@ted cutsey-pie my$tery sce nario and the newfangled hollywood post-prodction effects .,0,True
"perhaps a better celebration of these unfairly dismissed heroes would be a film that isn't this painfully forced , false and fabricated .","perhaps a better celebration of these unfairly dismssed he roes would be a f ilm that isn't this pain fully force d , false and fabricated .",0,True
"you come away thinking not only that kate isn't very bright , but that she hasn't been worth caring about and that maybe she , janine and molly -- an all-woman dysfunctional family -- deserve one another .","you come away thinking not only that kate isn't very brght , but tht she hasn't been wrth caring about and that may be she , janne and molly -- @n @ll-woman dysfunctional family -- deserve one another .",0,True
viveka seldahl and sven wollter will touch you to the core in a film you will never forget -- that you should never forget .,vivek a seldahl and svn wollter will tou ch you to the coe in a fil m y0u will n ever forget -- tat you sould never forget .,1,True
"an ambitious movie that , like shiner's organizing of the big fight , pulls off enough of its effects to make up for the ones that don't come off .","an ambitious mvie that , like shiner's organizing of the big fight , pulls off enough 0f its effects to make up for the oes that don't come off .",1,True
sheridan's take on the author's schoolboy memoir . . . is a rather toothless take on a hard young life .,sheridan's take on the author's schoolboy me moir . . . is a rather toothless take on a hard young life .,1,True
"graças às interações entre seus personagens , o filme torna-se não apenas uma história divertida sobre uma curiosa perseguição , mas também um belo estudo de personagens .","graças às interações entre seus personagens , 0 filme tornase nã0 apenas uma história dvertida so bre u ma curios a perseguição , m as tamb ém um belo estudo de personagens .",1,True
"these characters are so well established that the gang feels comfortable with taking insane liberties and doing the goofiest stuff out of left field , and i'm all for that .","these character s are so well established that the gang feels comfortable with taking insane liberties and doing the goofiest stuff out of left field , and i'm all for that .",0,True
"if legendary shlockmeister ed wood had ever made a movie about a vampire , it probably would look a lot like this alarming production , adapted from anne rice's novel the vampire chronicles .","if legendary shlockmeister 3d wod had ever made a move about a vapire , it probably would look a lot like this alaring prodction , adapted from anne rice's novel the vampire chronicles .",0,True
gussied up with so many distracting special effects and visual party tricks that it's not clear whether we're supposed to shriek or laugh .,gussied up with so many distractig special e ffects and visual pary tricks that it's not clear whether we're supposed to shriek or laugh .,0,True
. . . surprisingly inert for a movie in which the main character travels back and forth between epochs .,. . . surprisingly inet for a movie in which the main character travels back an d forth between epochs .,0,True
"hypnotically dull , relentlessly downbeat , laughably predictable wail pitched to the cadence of a depressed fifteen-year-old's suicidal poetry .","hypnot ically d ull , relent lessly downbat , laughably predictab le wail pitced to th e cadenc e 0f a depr essed fifteen-year-old's suicidal poet ry .",0,False
"bravo for history rewritten , and for the uncompromising knowledge that the highest power of all is the power of love .","bra vo for histoy r ewritten , and for t he uncompromisng knowledge that th3 highe st p ower of all is t he pow er 0f love .",1,True
"an elegant work , food of love is as consistently engaging as it is revealing .","an e legant work , food of loe 1s as con sistently engagi ng as it 1s revealing .",1,True
odd and weird .,odd a nd wei rd .,1,True
i kept wishing i was watching a documentary about the wartime navajos and what they accomplished instead of all this specious hollywood hoo-ha .,i kep t wish ing i w@s watchng @ documentary aout the warime navajos and what thy acomplished instead of all t his specious hollywod hoo-ha .,0,True
crummy,cru mmy,0,True
"a sham construct based on theory , sleight-of-hand , and ill-wrought hypothesis .","a shm construt based on teory , sleight-of-hand , and 1ll-wrought hypothesis .",0,True
a romantic comedy enriched by a sharp eye for manners and mores .,a roma ntic coedy en riched by a s harp eye for m@nners and mor es .,1,True
an old-fashioned drama of substance about a teacher's slide down the slippery slope of dishonesty after an encounter with the rich and the powerful who have nothing but disdain for virtue .,an old-fashioned drama 0f substance about a teacher's slide down the slippery slope of dishonesty after an encounter with the rich and the powerful who have nothing but disdain for virtue .,1,True
"here's my advice , kev . start reading your scripts before signing that dotted line .","here's my advic e , kev . sart readin g your scripts before signing that dotted line .",0,True
"even if it pushes its agenda too forcefully , this remains a film about something , one that attempts and often achieves a level of connection and concern .","even if it pushes its agenda too forcefully , this remains @ film about something , one that attempts and often achieves a level of connection and concern .",0,True
you don't have to be an especially tough grader to give a charitable b-minus to the emperor's club .,you d on't have to be @n especially touh grade r to give @ charitabe b-mi nus to the emperor's club .,0,True
"oft-described as the antidote to american pie-type sex comedies , it actually has a bundle in common with them , as the film diffuses every opportunity for a breakthrough","oft-described as the antidote to american pi e-type sex comedies , it actually has a bundle in common with them , as the fim diffuses every opportunity for a breakthrough",0,True
a mixed bag of a comedy that can't really be described as out of this world .,a mixed bag of a come dy that can 't really be described as out of this world .,0,True
"starts off with a bang , but then fizzles like a wet stick of dynamite at the very end . it's still worth a look .","stats 0ff with a b ang , but th3n fizz les like a we t $tick of dyn@mite at th3 v ery e nd . it's stil wrth a look .",0,True
it's a masterpiece .,i t's a maste rpiece .,1,True
"the premise for this kegger comedy probably sounded brilliant four six-packs and a pitcher of margaritas in , but the film must have been written . . . in the thrall of a vicious hangover .","the premise for this kegger comed y probably sounded brilliant four six-packs and a pitcher of margaritas 1n , but the f ilm must have been written . . . in the thrall 0f a vicious hangover .",0,True
the film's stagecrafts are intimate and therefore bolder than the otherwise calculated artifice that defines and overwhelms the film's production design .,the film's stagecrafts are intimate and therefore bolder than the otherwise calculated artifice that defines and overwhelms the film's pro duction design .,0,True
it's refreshing to see a romance this smart .,i t's refreshi ng to see a ro mance this smart .,1,True
"in the end , the film feels homogenized and a bit contrived , as if we're looking back at a tattered and ugly past with rose-tinted glasses .","in the end , th3 film feels homogenized an d a bit contrived , as if we're l ooking back at a t@ttered and ugly pst with rose- tinted glasses .",0,True
it's like an all-star salute to disney's cheesy commercialism .,it's lik e @n @ll-star salute to disey's cheesy commerci alism .,0,False
"dazzles with its fully-written characters , its determined stylishness ( which always relates to characters and story ) and johnny dankworth's best soundtrack in years .","dazzles with 1ts fu1ly-written ch@racters , i ts deermined stylishness ( whi ch always relates to characters an d story ) and joh nny dankworth's bet soundtra ck in years .",1,True
a gripping documentary that reveals how deep the antagonism lies in war-torn jerusalem .,a grip ping documentary that reveals how deep the antagonism lies in w@r-torn jerusalem .,1,True
"all in all , a great party .","all in all , a g reat party .",1,True
"a reminder that beyond all the hype and recent digital glitz , spielberg knows how to tell us about people .","a reminder that beyond all the hype and recent digit al glitz , spielberg knows how to tell us about people .",1,True
"this version's no classic like its predecessor , but its pleasures are still plentiful .","this version's no cl assic like its predecessor , but it s pleasures are still plentiful .",1,True
"time literally stops on a dime in the tries-so-hard-to-be-cool "" clockstoppers , "" but that doesn't mean it still won't feel like the longest 90 minutes of your movie-going life .","tim e literall y $tops 0n a die in the triess-o-hard-to-be-cool "" clocstoppers , "" b ut that do esn't mean 1t $till wo't f eel like the longest 90 minut es of yur mvie-going lif e .",0,True
"infidelity drama is nicely shot , well-edited and features a standout performance by diane lane .","infdelity drama is nicely shot , wel l-edited and featues a standout perfo rmance by diane la ne .",1,True
"what's most offensive isn't the waste of a good cast , but the film's denial of sincere grief and mourning in favor of bogus spiritualism .","what's most offensve isn't the wste 0f a good cast , but the fiml's d enial 0f sincer e grif and mour ning in f@vor of bogus spiritualism .",0,False
"how on earth , or anywhere else , did director ron underwood manage to blow $100 million on this ?","how on ear th , or anywhere else , di d director ro n underwood man age to b1ow $100 million on this ?",0,True
lacks the inspiration of the original and has a bloated plot that stretches the running time about 10 minutes past a child's interest and an adult's patience . but it also has many of the things that made the first one charming .,lacks the inspiratin of the ori ginal and has a bloted p1ot that str etches the runnig time about 10 minute s past a child's interest and an adult's paience . but it also has many of the things that made the first o ne charming .,0,True
"like schindler's list , the grey zone attempts to be grandiloquent , but ends up merely pretentious -- in a grisly sort of way .","like schindler's lis t , th3 gr ey zone attemp ts t0 be grndiloquent , but en ds up mrely pr etentious -- 1n @ grisly sort of way .",0,True
"every now and again , a movie comes along to remind us of how very bad a motion picture can truly be . frank mcklusky c . i . is that movie !","every now and again , a movie comes along to remind us of how very bad @ m otion picture can truly be . f rank mck lusky c . 1 . is that movie !",1,True
"fails to satisfactorily exploit its gender politics , genre thrills or inherent humor .","fails to satisfactorily exploit its gende r politics , genre thrills or in herent humor .",1,True
"the angst-ridden , affluent slacker characters are more grating than engaging .","the angst-ridd en , af fluent slacker charaters are more graing than engaging .",0,True
"its use of the thriller form to examine the labyrinthine ways in which people's lives cross and change , buffeted by events seemingly out of their control , is intriguing , provocative stuff .","its use of the thriller frm to examine the labyrithine ways in which people's lves cros and change , buffeed by events seemingly out of teir control , 1s intriguing , provocative stuff .",1,True
the solid filmmaking and convincing characters makes this a high water mark for this genre .,the solid filmmaking and convincing characters makes this a high wat er mark for this genre .,1,True
"ryosuke has created a wry , winning , if languidly paced , meditation on the meaning and value of family .","ryosuke has cr eated a wr y , wining , if languidly p@ced , meditaton on th e mean ing @nd value of family .",1,False
plays like a bad blend of an overripe episode of tv's dawson's creek and a recycled and dumbed-down version of love story .,plays like a bad blend of an overripe episo de of tv's dawson's crek and a reccled and dumbd-down version of love story .,0,True
"enough is not a bad movie , just mediocre . the performances are so overstated , the effect comes off as self-parody .","enou gh is n ot a ba d m ovie , ju$t medioce . the perfrmances are so o verstated , th3 effect c omes of f as self-parody .",0,True
". . . very funny , very enjoyable . . .",". . . very funny , very enjoyable . . .",1,False
"an energizing , intoxicating documentary charting the rise of hip-hop culture in general and the art of scratching ( or turntablism ) in particular .","an energizing , intoxicat ing documentary charting the rise of hip-hop cultue in general and the art of scratching ( or turntablism ) in particular .",1,True
"jirí hubac's script is a gem . his characters are engaging , intimate and the dialogue is realistic and greatly moving . the scope of the silberstein family is large and we grow attached to their lives , full of strength , warmth and vitality . .","jirí hubac's scipt is a g3m . h1s charactrs @re eng aging , intimate @nd th3 dia logue is rea listic and greatly movng . the scope 0f the silbe rstein family is lar ge @nd w3 grow attached to their l ives , fu ll of strength , warmth and vitality . .",1,False
"sometimes this modest little number clicks , and sometimes it doesn't .","smetimes th is moest lit tle nuber clics , an d soetimes it doesn't .",0,False
"about as enjoyable , i would imagine , as searching for a quarter in a giant pile of elephant feces . . . positively dreadful .","abot @s enjoyable , 1 woud imagne , @s seaching f0r @ qarter in @ g iant pile of e lephant fece s . . . positively dreadful .",0,True
a little weak -- and it isn't that funny .,a little wea k -- and it isn't th@t funny .,0,True
"from beginning to end , this overheated melodrama plays like a student film .","from beginning to end , tis o verheated melorama plays like @ studet film .",0,True
"just another disjointed , fairly predictable psychological thriller .","just another disjointe d , f airly pred ictable psychological thriller .",0,True
'like a child with an important message to tell . . . [skins'] faults are easy to forgive because the intentions are lofty . ','like a chld with an importan t mess age to tell . . . [sins'] faults @re easy to fogive because the inten tions are lofty . ',1,True
"a graceless , witless attempt at mating some like it hot with the wwii espionage thriller .","a graceles , witless att empt at mating some like 1t hot with th e wwii e spionage thriller .",0,True
the best film of the year 2002 .,the be st flm of the yea r 200 2 .,1,True
"does a good job of establishing a time and place , and of telling a fascinating character's story .","does @ god job of establishing @ ti me and pl ace , @nd 0f tell ing @ fascinating ch@racter's story .",1,True
"if you thought tom hanks was just an ordinary big-screen star , wait until you've seen him eight stories tall .","if you thought tom haks was just an ordinary big-screen s tar , wait u ntil you've seen h im eight stries t all .",0,True
"at its best , it's black hawk down with more heart . at its worst , it's rambo- meets-john ford .","at its best , it's black hawk down with moe heart . at 1ts worst , it 's rambo- meets-john ford .",0,True
it treats ana's journey with honesty that is tragically rare in the depiction of young women in film .,it teats ana's journ ey with ho nesty that is tragica lly rre in the depiction of yong wom en in fi lm .,1,True
"very well made , but doesn't generate a lot of tension .","ver y well made , b ut desn't gene rate @ lo t of tension .",0,True
a deep and meaningful film .,a dee p and meaningful flm .,1,True
it's one thing to read about or rail against the ongoing - and unprecedented - construction project going on over our heads . it's quite another to feel physically caught up in the process .,it's one thing to read about or rail aganst the ongoing - and unprecedented - construction project going on ovr o ur heads . it's quit e anot her t0 feel physically caught up in the process .,0,True
kapur's contradictory feelings about his material result in a movie that works against itself .,kapur's co ntradictory feelings about his m@terial result in a mov ie that works against itself .,0,True
"terminally bland , painfully slow and needlessly confusing . . . the movie , shot on digital videotape rather than film , is frequently indecipherable .","terminaly bl and , painfuly slow @nd n eedlessly c onfusing . . . th e movie , sot on digtal vieotape rather than film , is frequently indecipherable .",0,True
no telegraphing is too obvious or simplistic for this movie .,n0 telegraphing is to o obv ious or simpli stic for th is movi e .,0,True
the gags that fly at such a furiously funny pace that the only rip off that we were aware of was the one we felt when the movie ended so damned soon .,the g@gs that fl y at such a furiousl y funny pace that the only rip off that we were aware of was the one we felt when the moie ended so damned soon .,0,True
"feels at times like a giant commercial for universal studios , where much of the action takes place .","fe els at tiems like @ gi ant comme rcial for univesal s tudios , where much of th e action takes place .",0,True
"mr . deeds is not really a film as much as it is a loose collection of not-so-funny gags , scattered moments of lazy humor .","mr . deeds is not really @ film as much as it is a loose collection of not-so-funny g ags , scattered moments of laz y humo r .",0,True
"godard has never made a more sheerly beautiful film than this unexpectedly moving meditation on love , history , memory , resistance and artistic transcendence .","goda rd has never made a more sheer ly beau tiful fim than this unexpectdly mov ing m editation on lve , hi story , memory , resistance and artistic transcendence .",1,True
with its parade of almost perpetually wasted characters . . . margarita feels like a hazy high that takes too long to shake .,with its para de of almost perpetually wated characters . . . margarita f eels l ike a hazy high that takes t0o long to shake .,0,True
"over-the-top and a bit ostentatious , this is a movie that's got oodles of style and substance .","over-the-top and a bit ostentatious , this is a movie that' s g0t oodles of style an d substance .",0,True
"bursting through the constraints of its source , this is one adapted- from-television movie that actually looks as if it belongs on the big screen .","bursting through the constraints of its source , this is one adapted- from-televi sion movie that actually looks as if it belongs on the big screen .",0,True
it asks nothing of the audience other than to sit back and enjoy a couple of great actors hamming it up .,it asks nothing of the audience other than to sit back and enjoy a couple of great actor s hamming it up .,1,True
"if you are an actor who can relate to the search for inner peace by dramatically depicting the lives of others onstage , then esther's story is a compelling quest for truth .","if you are an actor who can relate to the search for inn er pecae by dramatically depicting the lives of others onstage , then esther's story is a compelling quest for truth .",1,True
about as big a crowdpleaser as they possibly come .,abut as b ig a crowdpleaser as they possibly come .,0,True
a solid film . . . but more conscientious than it is truly stirring .,a slid fil m . . . but more conscentious thn it is truly stirring .,1,False
"at a time when we've learned the hard way just how complex international terrorism is , collateral damage paints an absurdly simplistic picture .","at a time when we've learned the hard way just how complex international terrorim is , collater al damage paints an absurdly simplistic picture .",0,True
"a surprisingly flat retread , hobbled by half-baked setups and sluggish pacing .","a surprisingly fl at retr ead , hobbld by h@lf-baked s etups and slug gish p acing .",0,True
"what is 100% missing here is a script of even the most elemental literacy , an inkling of genuine wit , and anything resembling acting .","what is 100% missing here is a scrpt of even the most elemental literacy , an inkling of genuine wit , and anything resembling acting .",0,True
it's neither as romantic nor as thrilling as it should be . but it offers plenty to ponder and chew on as its unusual relationship slowly unfolds .,it's neither as r omantic nor as thilling as it should be . but 1t offe rs plenty t0 ponder and che w on as its unusua l re lationship slwly unfolds .,1,True
morvern rocks .,morvern r ocks .,0,True
"and if you appreciate the one-sided theme to lawrence's over-indulgent tirade , then knock yourself out and enjoy the big screen postcard that is a self-glorified martin lawrence lovefest . if you are willing to do this , then you so crazy !","and if yo u apprecate the one-sided tehme to lawrence's over-indulgent t irade , then knock y ourself 0ut and enjoy th3 big scre en po stcard tht is a self-gorified m@rtin lawrnce loefest . if you are willig to do th is , then you so craz y !",0,True
"the country bears has no scenes that will upset or frighten young viewers . unfortunately , there is almost nothing in this flat effort that will amuse or entertain them , either .","the cuntry beas has no senes that will up$et 0r f righten y oung v iewers . unfortunately , there is almost nothing in thi s flat effort that will ause 0r entertain them , either .",0,True
"ensemble movies , like soap operas , depend on empathy . if there ain't none , you have a problem .","en semble movie s , l ike $oap operas , d epend on empathy . if t here ain't noe , you have a problem .",0,True
"long before it's over , you'll be thinking of 51 ways to leave this loser .","long bfore it 's ove r , you'll be thinking 0f 51 ways to leave t his loser .",0,True
a compelling motion picture that illustrates an american tragedy .,a co mpelling moion pic ture that illu strates an a merican t ragedy .,1,True
"the x potion gives the quickly named blossom , bubbles and buttercup supernatural powers that include extraordinary strength and laser-beam eyes , which unfortunately don't enable them to discern flimsy screenplays .","the x potion gives the quickly named blossom , bubbles and b uttercup supernatural powers that include extraordinary strength and laser-beam eyes , which unfortuately don't enable them to discern flim sy screenplays .",0,True
"a shame that stealing harvard is too busy getting in its own way to be anything but frustrating , boring , and forgettable .","a s hame that sealing h@rvard is t0o bu$y g etting in its 0wn w@y to b3 anythig bu t fustrating , bring , and forgettable .",0,False
"in a 102-minute film , aaliyah gets at most 20 minutes of screen time . . . . most viewers will wish there had been more of the "" queen "" and less of the "" damned . ""","in @ 102-inute fi lm , aaliya h gets at most 20 min utes of scren time . . . . most vieers will wish there had be en more of the "" queen "" and less of the "" damned . """,0,True
ferrara directs the entire film with the kind of detachment that makes any given frame look like a family's custom-made christmas card .,ferrara directs the entire film with the kind of detachment that makes any given frame look like a family's custom-made christmas car d .,0,True
"as a movie , it never seems fresh and vital . it never plays as dramatic even when dramatic things happen to people . it labours as storytelling .","as a mo vie , it never see ms fresh @nd vital . it never plys as dramatic een wen dramatic things h@ppen to people . it labours as storytelling .",1,True
first-time director joão pedro rodrigues' unwillingness to define his hero's background or motivations becomes more and more frustrating as the film goes on .,f1rst-time diector joã o pedro rodrigues' unwillingness t0 define h is hero' s background 0r motivtions becmes mor e and more frust rating @s the film goes on .,0,True
winds up feeling like lots of other quirky movies that try to score hipness points with young adults .,w inds up feeling like lots of other quirky mov ies that try to $core hipness points with young adul ts .,1,True
you don't have to know about music to appreciate the film's easygoing blend of comedy and romance .,you don' t have to know about music to appreciate the film's easygoing bled of co medy and roman ce .,1,True
vampire epic succeeds as spooky action-packed trash of the highest order .,vampi re epc succeeds as spoo ky action-packed trash 0f the highest order .,1,True
"while it has definite weaknesses -- like a rather unbelievable love interest and a meandering ending -- this '60s caper film is a riveting , brisk delight .","while it has definite weaknsses -- like a raher unbe lievable lo ve interest and @ meanderng ending -- this ' 60s caper film 1s a rivet ing , brisk delight .",1,True
eckstraordinarily lame and severely boring .,eckstraordinarily lam e and severely borin g .,0,True
"often overwrought and at times positively irritating , the film turns into an engrossing thriller almost in spite of itself .","often overwrought and at times positively irrita ting , the film turns into an engrossing thriller almost in spite of itself .",0,True
"boy oh boy , it's a howler .","b oy oh boy , it's a howler .",0,True
"made-up lampoons the moviemaking process itself , while shining a not particularly flattering spotlight on america's skin-deep notions of pulchritude .","made-up lampoons the moviemaking prcess itslf , while sining @ not particularly f lattering spotlight on america's skind-eep notins 0f pulchritude .",1,True
"on its icy face , the new film is a subzero version of monsters , inc . , without the latter's imagination , visual charm or texture .","on its 1cy face , the n3w film is a subzero version of mon sters , inc . , without the latter's imagina tion , visual charm or texture .",1,True
"a real winner -- smart , funny , subtle , and resonant .","a re al win ner -- smar t , funny , subtle , and resonant .",1,False
insufferably naive .,inufferably nai ve .,0,True
"obvious , obnoxious and didactic burlesque .","o bvious , onoxious an d didactic burlesque .",0,False
a mimetic approximation of better films like contempt and 8 1/2 .,a mimetic approximation of better film s like contempt and 8 1/2 .,1,True
"<em>ash wednesday</em> is not edward burns' best film , but it is a good and ambitious film . and it marks him as one of the most interesting writer/directors working today .","<em >ash wednesday</m> is n0t edward burns' b3st film , bu t it is a good and ambitious fi lm . and it marks him as one of the most interesting writer/di rectors wor king today .",1,True
michel piccoli's moving performance is this films reason for being .,micel piccoli's moving peformance is this fils reason for being .,1,True
"[dong] makes a valiant effort to understand everyone's point of view , and he does such a good job of it that family fundamentals gets you riled up .","[dog] makes a valiant effort to understand everyone's point of view , and he does such a good job of it th@t fam ily fundamentals gets you riled up .",1,True
calculated swill .,calculated $will .,0,True
"from the choppy editing to the annoying score to 'special effects' by way of replacing objects in a character's hands below the camera line , "" besotted "" is misbegotten","f rom th e chopy edting t0 the annoing sco re to 'special effects' by way of replcing obj ects in @ character's hnds beow th e c@mera l ine , "" besotted "" is misbegotten",0,True
[a] real pleasure in its laid-back way .,[a] real pl easure in its laid-back way .,1,True
"apparently , romantic comedy with a fresh point of view just doesn't figure in the present hollywood program .","apparently , romantic comedy with a fresh point of view ju st doesn't figure in the present hollywood program .",0,True
"a recent favourite at sundance , this white-trash satire will inspire the affection of even those unlucky people who never owned a cassette of def leppard's pyromania .","a recent favourite at sun dance , th is white-trash sa tire will inspire the affection of even those unlucky people who never owned a cassette of def leppard's pyromania .",1,True
director boris von sychowski instead opts for a routine slasher film that was probably more fun to make than it is to sit through .,d irector boris v on sychowski instead opt s for a routin e slaser film that was probably more fun to make than it is to $it through .,0,True
"the screenplay , co-written by director imogen kimmel , lacks the wit necessary to fully exploit the comic elements of the premise , making the proceedings more bizarre than actually amusing .","the screeplay , co-ritten by direct or imogen kimmel , lacks th3 wit necessary to fully exploit th e c omic elements of the premise , makin g the prceedings more bizarre th@n actually amusing .",0,True
"it's all stitched together with energy , intelligence and verve , enhanced by a surplus of vintage archive footage .","it's @ll stitced togeher w ith enegy , intelligece a nd verve , en hanced by @ srplus of vi ntage archive footage .",1,False
dignified ceo's meet at a rustic retreat and pee against a tree . can you bear the laughter ?,dignified ceo's meet at a ru stic retreat and pee against a tree . can you bear the laughter ?,1,True
"if h . g . wells had a time machine and could take a look at his kin's reworked version , what would he say ? 'it looks good , sonny , but you missed the point . '","if h . g . well s had @ time machine and could ta ke a look at his kin 's reworked version , what would he say ? 'it looks g ood , sonny , but you missed the point . '",0,True
has something to say . . . but it is a statement and issue worthy of a much more thoughtfulness and insight than a melodramatic and wholly predictable thriller .,has something to say . . . but it is a statement and issue worthy of a much more thoughtfulness and insight than @ mel odramatic an d wholly predictable thriller .,0,True
on the right track to something that's creepy and effective . . . it's just going to take more than a man in a bullwinkle costume to get there .,on the right track to something tht's creey and eff ective . . . it's just going to take more than a m@n 1n a bullwinkle costume to get there .,1,True
"a movie more to be prescribed than recommended -- as visually bland as a dentist's waiting room , complete with soothing muzak and a cushion of predictable narrative rhythms .","a move more to be prescribed than recommended -- as visually bland as a dentist's waiting room , complee with soothing muzak and a cushion of predictble narrative rhythms .",0,True
a woman's pic directed with resonance by ilya chaiken .,a woman's p1c directed with resonane by ilya chaiken .,1,True
not since ghostbusters has a film used manhattan's architecture in such a gloriously goofy way .,not since ghostbusters has a f ilm used manhattan's architectre in such a gloriousl y goofy way .,1,True
"for a film that celebrates radical , nonconformist values , what to do in case of fire ? lazily and glumly settles into a most traditional , reserved kind of filmmaking .","for a film that celebrates rdical , no nconformist values , what to do in case of fire ? lazily and glumly settles into a most traditional , reserved kind of filmmaking .",1,True
the mothman prophecies is best when illustrating the demons bedevilling the modern masculine journey .,the mothma n pro phecies is best when illustrat ing the deons bedevilling the modrn mascu line jou rney .,1,True
"critics need a good laugh , too , and this too-extreme-for-tv rendition of the notorious mtv show delivers the outrageous , sickening , sidesplitting goods in steaming , visceral heaps .","critics need a good laugh , too , and this too-extreme-for-tv rendition of the notorious mtv show delivers the outrageous , sickening , sidesplitting goods in st eaming , visceral heaps .",0,True
an uneven look into a grim future that doesn't come close to the level of intelligence and visual splendour that can be seen in other films based on philip k . dick stories .,an uneven look into a grim future that doesn't come close to the level of intelligence and visual splendour that can be seen in other fil ms based on philip k . dick stories .,1,True
one thing you have to give them credit for : the message of the movie is consistent with the messages espoused in the company's previous video work .,one thing you have to give them credit for : the message of th3 movie is consistent with th e messages espoused in the company's previous video work .,0,True
"there's not much more to this adaptation of the nick hornby novel than charm -- effortless , pleasurable , featherweight charm .","there's not much more to this adaptation of the nick hornby novel than carm -- eff ortless , ple asurable , featherweight charm .",1,True
"a sensitive , modest comic tragedy that works as both character study and symbolic examination of the huge economic changes sweeping modern china .","a sensit ive , modes t coic tragedy th at works as bot h char acter study @nd sy mbolic exa mination of th3 hu ge econoic chang es $weeping mode rn china .",1,True
"a thoughtful , provocative , insistently humanizing film .","a thoug htful , provo cative , ins istently humanizing film .",1,False
""" juwanna mann ? "" no thanks . wewannour money back , actually .",""" juw anna mann ? "" n0 thanks . wewannour money back , actually .",0,True
"it's hard to fairly judge a film like ringu when you've seen the remake first . many of the effective horror elements are dampened through familiarity , [yet] are worthwhile .","it's hard to fairly judge a f ilm like rinu when you've seen the remake first . many of the effective horror elements are dampened through familiarity , [yet] are worthwhile .",0,True
"it's just disappointingly superficial -- a movie that has all the elements necessary to be a fascinating , involving character study , but never does more than scratch the surface .","it's jut disappo intingly suprficial -- a m ovie that has all th3 elments n ecessary t0 be a fascin ating , involing char acter st udy , b ut nver des mre th@n scratch the surface .",0,False
"though the violence is far less sadistic than usual , the film is typical miike : fast , furious and full of off-the-cuff imaginative flourishes .","though the viol ence is far les s sadstic than usual , th e film is typ ical mikie : fast , furious and full of offthe-cuff im aginative flourishes .",0,True
. . . a bland murder-on-campus yawner .,. . . @ blad murder-on-campus yawner .,0,False
both damning and damned compelling .,both damning and damned co mpelling .,1,True
"dialogue-heavy and too cerebral for its own good -- or , at any rate , too cerebral for its racy subject matter .","dialogue-havy and too cerebral f0r its o wn good -- 0r , at @ny rate , too ce rebral fo r i ts racy subject matter .",0,True
"who is the audience for cletis tout ? anybody who enjoys quirky , fun , popcorn movies with a touch of silliness and a little bloodshed .","who is the a udience for cletis to ut ? anybody w ho enjoys quirky , fu n , popcorn movies with a touch of silliness @nd a little bloodshed .",1,True
sade is an engaging look at the controversial eponymous and fiercely atheistic hero .,sde is an engagi ng look @t the controversia l eponymous and fierc ely atheistic hro .,1,True
deserves high marks for political courage but barely gets by on its artistic merits .,deserves high marks for political cour age but barely get s by on its artistic merits .,0,True
it's a fanboy 'what if ? ' brought to life on the big screen .,it's a f@nboy 'what if ? ' brought to life on the big screen .,0,True
the gantzes' interviews tend to let the guys off the hook .,the gantzes' interview s tnd to l et the guys off the hok .,0,True
"as green-guts monster movies go , it's a beaut .","as green- guts monster m ovies g0 , i's a beaut .",1,True
"hip-hop has a history , and it's a metaphor for this love story .","hi p-hop ha s a history , and it' s a metapho r for this lov e story .",1,True
"unlike most teen flicks , swimming takes its time to tell its story , casts mostly little-known performers in key roles , and introduces some intriguing ambiguity .","unlike most te en flcks , swimming takes its time to tell its story , casts mostly little-knon performers 1n k3y roles , and intro duces some intriguing ambiguity .",1,True
makes an aborbing if arguable case for the man's greatness .,maks an aborbing 1f arguable cse for the man's greatne ss .,1,True
"a truly moving experience , and a perfect example of how art -- when done right -- can help heal , clarify , and comfort .","a tuly m oving experien ce , and a pe rfect ex ample 0f h ow a rt -- wen do ne rigt -- c an help hal , clarify , and comfort .",1,True
it's hard to imagine that even very small children will be impressed by this tired retread .,it' s har d to imagine that even very smal ch ildren will be impressed by this tire d retead .,0,True
"not so much a movie as a picture book for the big screen . this isn't my favorite in the series , still i enjoyed it enough to recommend .","not so much @ movie as @ piture book for the b ig scren . this is't my favorite in th e series , stil i enjoyed it enou gh to recommend .",0,True
"it's a setup so easy it borders on facile , but keeping the film from cheap-shot mediocrity is its crack cast .","it' s a setup so easy it borders on f acile , but keeping th e film f rom chea p-shot medi ocrity is its crck cast .",0,True
this overproduced piece of dreck is shockingly bad and absolutely unnecessary . hmmmmight i suggest that the wayward wooden one end it all by stuffing himself into an electric pencil sharpener ?,this overpro duced piec e of dr eck is shockingly b@d and absoluely unnece ssary . hmm might i suggest th at th e wayward wooden one end 1t all by stuffing hims elf ito @n electric pencil sharpener ?,0,True
"though howard demonstrates a great eye as a director , this southern gothic drama is sadly a tough sit , with an undeveloped narrative and enough flashbacks and heavy-handed metaphors to choke a horse -- or at least slow him down to a canter .","though howard demonstrates a great eye as a d irector , tis southern gothic drama is sadly a tough sit , wit h an undeveloped narrative and enough flashbacks and h eavy-handed metaphors to choke @ horse -- or at least slow him down to a canter .",0,True
""" i blame all men for war , "" [the warden's daughter] tells her father . the movie is about as deep as that sentiment .",""" i blame all me n f0r war , "" [ the war den's d aughter] tells her father . the mov ie is about @s deep as that sentiment .",0,True
a sobering and powerful documentary about the most severe kind of personal loss : rejection by one's mother .,a sob ering and p owerful documen tary about the most se vere kind of personal los : rejection by oe's mother .,1,True
"nine queens is not only than a frighteningly capable debut and genre piece , but also a snapshot of a dangerous political situation on the verge of coming to a head .","nine queens is not only than a frighteningly capable debut and gnre piece , but also a snapshot of a dangerous political situation on the verge of coming to a head .",1,True
"there's a persistent theatrical sentiment and a woozy quality to the manner of the storytelling , which undercuts the devastatingly telling impact of utter loss personified in the film's simple title .","there's a persistent theatrical sentiment and a woozy quality to the manner of the stortyelling , which undercuts the devastatingly telling impact of utter loss personified in the film's simple title .",1,True
rarely have i seen a film so willing to champion the fallibility of the human heart .,rarely have i seen a fil m so willing to champion the fallibility of the human heart .,1,True
"the people in abc africa are treated as docile , mostly wordless ethnographic extras .","the peopl e in @bc africa @re treat ed as docile , mostly wordless e thnographic extras .",0,True
quitting offers piercing domestic drama with spikes of sly humor .,qui tting ofers piercin g dometic dr@ma wi th spikes 0f $ly humo r .,1,True
a documentary to make the stones weep -- as shameful as it is scary .,a doc umentary to make the stnes wee p -- as shameful as it is scary .,1,True
there is only so much baked cardboard i need to chew .,there is only so much b@ked c ardboard i need to chew .,0,True
norton is magnetic as graham .,noton is ma gnetic as g raham .,0,True
that it'll probably be the best and most mature comedy of the 2002 summer season speaks more of the season than the picture,that it'll probably be the best and most m@ture com edy of the 2002 sumer seasn spe aks more of the seson than the p icture,1,True
nothing is sacred in this gut-buster .,nothing is sacred in this gu t-buster .,1,True
"although it bangs a very cliched drum at times , this crowd-pleaser's fresh dialogue , energetic music , and good-natured spunk are often infectious .","although it bangs a very cliched dru m at times , this crowd-pleaser's fresh dialogue , energetic music , and good-natured spunk are ofen infectious .",0,True
"the film is just a big , gorgeous , mind-blowing , breath-taking mess .","the film is just a big , gorgeous , mi nd-blowing , breath-taking mess .",1,True
"the story itself it mostly told through on-camera interviews with several survivors , whose riveting memories are rendered with such clarity that it's as if it all happened only yesterday .","the story itself it mostly told through on-camera interviews with several survivors , whose r iveting memor ies are rendered with such cl arity that 1t's as if it all happened only yesterday .",1,True
like leafing through an album of photos accompanied by the sketchiest of captions .,like leafing through an alb um of photos accompanied by the ske tchiest of captions .,0,True
"despite its lavish formalism and intellectual austerity , the film manages to keep you at the edge of your seat with its shape-shifting perils , political intrigue and brushes with calamity .","despite it s l avish formalism and intellectu al austerity , t he fil m manages t0 ke ep y0u at t he edge 0f yo ur seat wih it s shap-shifting peils , poli tical intrigue and brushes with calamity .",1,True
"a thoroughly enjoyable , heartfelt coming-of-age comedy .","a thor oughly enjoya ble , hear tfelt comin-gof-age comedy .",1,False
"its maker , steven spielberg , hasn't had so much fun in two decades , since he was schlepping indiana jones around the globe in search of a giant misplaced ashtray .","it s maer , ste ven spielberg , hasn't had so muh fun in two deades , since h3 wa s schepping indiana jone s aroud th e globe in seach 0f a giant misplaced ashtray .",0,True
a movie that reminds us of just how exciting and satisfying the fantasy cinema can be when it's approached with imagination and flair .,a mo vie that reminds us of just how exciting and sat isfying the fan tasy ciema can be when i t's approached with imaginatio n and fl air .,1,True
suffocated at conception by its munchausen-by-proxy mum . punish the vehicle to adore the star .,suffocaed at conceptio n by its munchausen-by-proxy mum . punish the vehicl e to adoe the star .,0,True
"impostor can't think of a thing to do with these characters except have them run through dark tunnels , fight off various anonymous attackers , and evade elaborate surveillance technologies .","ipostor c@n't think of a thing to d0 with these ch aracters except have th em ru n through d@rk tunnels , fight of f v@rious anonymous attackers , an d evade elaborate surveillance technologies .",0,True
"it's not original , and , robbed of the element of surprise , it doesn't have any huge laughs in its story of irresponsible cops who love to play pranks .","its not original , and , robbed of the element of surprie , it doesn't hav e any huge laughs in its st ory of irresp onsible cops who love to play pranks .",0,True
mib ii is a movie that makes it possible for the viewer to doze off for a few minutes or make several runs to the concession stand and/or restroom and not feel as if he or she has missed anything . that's because relatively nothing happens .,mib ii is a movie that makes it possible for the viewr to doe off for a few miutes 0r make several runs to the concession stand and/or restroom and not feel as if he or she has missed anythin g . that's because relatiely nothing happens .,0,True
it's easy to love robin tunney -- she's pretty and she can act -- but it gets harder and harder to understand her choices .,it's easy to love robin tun ney -- she's pretty and she can act -- but it gets harder and harder to understand her choices .,1,True
"the actors are simply too good , and the story too intriguing , for technical flaws to get in the way .","the acors are simply too good , and t he story t oo intriguing , for technical flaws to get in the way .",0,True
"by the time you reach the finale , you're likely wondering why you've been watching all this strutting and posturing .","by the time you reach the fiale , you're likely wondering why you've bee n watching all this strutting and posturing .",0,True
"for his first attempt at film noir , spielberg presents a fascinating but flawed look at the near future .","for hi s first attempt at film nir , spielberg presents @ fascinating but flawed loo k at th e near future .",1,True
get out your pooper-scoopers .,get out yur pooper-scoopers .,1,True
a cautionary tale about the folly of superficiality that is itself endlessly superficial .,a cautionary tale about the folly of superficiality that is itself endlessly sup erficial .,0,True
"sinks into the usual cafeteria goulash of fart jokes , masturbation jokes , and racist japanese jokes .","siks into the usual cafeteria goulash of f art joes , masturbatin jokes , an d raist japanese jokes .",0,True
"while some of the camera work is interesting , the film's mid-to-low budget is betrayed by the surprisingly shoddy makeup work .","while some of the caera work is interesting , the film' s mid-to-low buget is betrayed by the surprisingly sh oddy makeup work .",0,True
"despite besson's high-profile name being wasabi's big selling point , there is no doubt that krawczyk deserves a huge amount of the credit for the film's thoroughly winning tone .","despite besson's high-profile name being wasabi's big selling point , there is no doubt that krawczyk deserves a huge amount of the credit for the film's thoroughly winning to ne .",0,True
"as social exposé , skins has its heart in the right place , but that's not much to hang a soap opera on .","as social exposé , skins has its heart in the right place , but that's not much to hang @ soap opera on .",0,True
"a different kind of love story - one that is dark , disturbing , painful to watch , yet compelling .","@ different kind of lo ve stoy - one that is dar k , disturbing , painful t0 watch , yet compelling .",1,True
the charms of the lead performances allow us to forget most of the film's problems .,the chrms of the lead perform ances allow us to forget most of the film's problems .,1,True
"combining quick-cut editing and a blaring heavy metal much of the time , beck seems to be under the illusion that he's shooting the latest system of a down video .","combining quick-cut editing and a blaring heav y metal much of the time , beck seems to be under the illusion that he's shootin g the latest system of a down vido .",0,True
"a wry , affectionate delight .","a w ry , affection ate delight .",1,False
"with lines that feel like long soliloquies -- even as they are being framed in conversation -- max is static , stilted .","with line s th at f eel lik e lng soliloquies -- eve n @s the y ar e b eing fr@med in c onversation -- m@x is static , stilted .",0,False
you have no affinity for most of the characters . nothing about them is attractive . what they see in each other also is difficult to fathom .,you have n0 affinity for mst of the characers . nohing aout them is at tractive . what thy see in each other also is difficult to fathom .,0,True
"though nijinsky's words grow increasingly disturbed , the film maintains a beguiling serenity and poise that make it accessible for a non-narrative feature .","though nijinsky's wors gro w inc reasingly distubed , the fil m maint ains a beguil ing serenity and poise that make it accessible for a non-narrative fe ature .",1,True
the kind of nervous film that will either give you a mild headache or exhilarate you .,the kind of nervous film that will either give you a mil d h eadache or exhilarate you .,0,True
"mr . goyer's loose , unaccountable direction is technically sophisticated in the worst way .","mr . goer's loose , unaccountable di rection is tehnically sophisticated 1n the worst way .",0,True
the film lapses too often into sugary sentiment and withholds delivery on the pell-mell pyrotechnics its punchy style promises .,th e fim lpses t0o of ten ino suary sntiment @nd withholds d elivery 0n t he pell-mell pyrotechnics it s punchy style proises .,0,False
insanely hilarious ! i haven't laughed that hard in years !,insanely hilari ous ! i h@ven't laughed that hard in years !,1,True
the emotions are raw and will strike a nerve with anyone who's ever had family trauma .,the emo tions are ra w and will srike a neve with anyo ne who's ever had f@mily trauma .,1,True
"madonna has made herself over so often now , there's apparently nothing left to work with , sort of like michael jackson's nose .","madnna has m@de h erself ovr $o of ten n ow , there's app arently nothin g left t0 work with , sort of like michel jackson's nose .",0,True
it's like going to a house party and watching the host defend himself against a frothing ex-girlfriend . you don't want to call the cops . you want to call domino's .,i's like going to a houe par ty and waching the h ost defend hiself ag ainst a frothing exgirlfriend . you don't want to call the cos . you want to call domino's .,0,True
"not only is undercover brother as funny , if not more so , than both austin powers films , but it's also one of the smarter , savvier spoofs to come along in some time .","not only is u ndercover brothr as fnny , if no t more so , than bth austin powers fil ms , but i t's also one of the smarter , svvier spofs to coe along in some time .",1,True
"the movie certainly has its share of clever moments and biting dialogue , but there's just not much lurking below its abstract surface .","the movi e certainly has its shar e of clver moments and biting diaogue , but there's just not muh lurking belo w its abstrct surface .",0,True
like other great documentaries . . . this goes after one truth ( the ford administration's complicity in tearing 'orphans' from their mothers ) and stumbles upon others even more compelling .,like other great documentaries . . . this goes after o ne truth ( the f ord administration's complicity in tearing 'orphans' from their mothers ) and stumbles upon others even more compelling .,0,True
"the problem is the needlessly poor quality of its archival prints and film footage . the images lack contrast , are murky and are frequently too dark to be decipherable .","the problem is the n eedlessly p0or qu@lity of its arch ival pri nts and f ilm foot age . th3 images l ack contrast , are murky and are frquently too dark to be decipherable .",0,True
simply doesn't have sufficient heft to justify its two-hour running time .,simply does n't have sufficie nt heft to jusify its two-hur run ning time .,0,True
fans of the modern day hong kong action film finally have the worthy successor to a better tomorrow and the killer which they have been patiently waiting for .,fans of the modern day hong ko ng action fil m finally have the worthy successor to a better tomorrow and the killer which they have been patiently waiting for .,1,True
"it does give a taste of the burning man ethos , an appealing blend of counter-cultural idealism and hedonistic creativity .","it do es gie @ tste of the burnig m an ehos , an a ppealing blend 0f counter-cultu ral idea lism and hednistic creatvity .",1,True
"if the plot seems a bit on the skinny side , that's because panic room is interested in nothing more than sucking you inand making you sweat .","if the p1ot seems a bit on the s kinny side , that's because pa nic room is interested in nothing more th@n sucking you in and making you sweat .",0,True
the observations of this social/economic/urban environment are canny and spiced with irony .,the observtions 0f this social/economic/urbn environm ent are cany a nd spi ced w ith iron y .,1,True
"for its seriousness , high literary aspirations and stunning acting , the film can only be applauded .","fo r 1ts seriousne ss , hig h litera ry aspirations @nd stun ning acting , the film ca n only be applauded .",1,True
consider the film a celluloid litmus test for the intellectual and emotional pedigree of your date and a giant step backward for a director i admire .,consider the film a celluloid litmus test for the intellectual and emotio nal pedigree of your date and a giant step backward for a director i admire .,1,True
an involving true story of a chinese actor who takes up drugs and winds up in an institution--acted mostly by the actual people involved .,an involving true story of a chin ese actor who takes up drugs and wids up in an institution--cated mostly by th e actual people involved .,0,True
"mostly , [goldbacher] just lets her complicated characters be unruly , confusing and , through it all , human .","mostly , [goldbacher] just lets her c omplicated characters be unruly , confusing and , through it all , human .",1,True
"a miraculous movie , i'm going home is so slight , yet overflows with wisdom and emotion .","a miraculous moive , i'm going home is so slight , yet overflos with wi sdom and emotion .",1,True
"comes across as a relic from a bygone era , and its convolutions . . . feel silly rather than plausible .","comes across as a relic from a bygone era , and it s convolutions . . . feel silly rather than plausible .",0,True
"this odd , poetic road movie , spiked by jolts of pop music , pretty much takes place in morton's ever-watchful gaze -- and it's a tribute to the actress , and to her inventive director , that the journey is such a mesmerizing one .","this odd , poet ic ro ad moie , sipked by j olts 0f po p m usic , pretty much takes place in moton's ever-watcful g@ze -- a nd it's a tr ibute to the actres , a nd t0 her i nventive director , tha t the journey is such a mesmerizing one .",1,True
"hey everybody , wanna watch a movie in which a guy dressed as a children's party clown gets violently gang-raped ? i didn't think so .","he y ever ybody , w@nna wach @ movi e 1n w hich a gu y dres sed @s a chi ldren's par ty clow n gets viole ntly gang-raped ? i didn' t thik so .",0,True
it's not too fast and not too slow . it's not too racy and it's not too offensive . it's not too much of anything .,it's not t0o fast and n ot to o sow . it's n0t to o racy and it's n ot t0o offenive . it's n ot to o muc h of anything .,0,True
"it extends the writings of jean genet and john rechy , the films of fassbinder , perhaps even the nocturnal works of goya .","it exten ds the wr itings of je an genet and john rechy , t he films of fassbinder , perhaps even the nocturnal works of goya .",1,True
a bore that tends to hammer home every one of its points .,a boe that tends to hamer hom e every one of its points .,0,True
occasionally amateurishly made but a winsome cast and nice dialogue keeps it going .,occasionally amateurishly made but a winsome cast and nice dia logue keeps it going .,0,True
"meyjes's movie , like max rothman's future , does not work .","meyjes's movie , l ike max rothman's future , des not work .",0,True
"hardly a masterpiece , but it introduces viewers to a good charitable enterprise and some interesting real people .","hardly a masterpiece , but it intro duces viewers to a go od charitable enterprise and some interesting real people .",1,True
"it's weird , wonderful , and not necessarily for kids .","1t's weird , won derful , @nd not necessarily for kids .",1,True
"jae-eun jeong's take care of my cat brings a beguiling freshness to a coming-of-age story with such a buoyant , expressive flow of images that it emerges as another key contribution to the flowering of the south korean cinema .","jae-eun jeong's take care 0f my cat brin gs a beguiling freshn ess t0 a comig-of-age sory with su ch @ boyant , expr essive flw 0f im ages that it emerges as another key contribution t0 the flowering of the so uth korean c inema .",1,False
"the smash 'em-up , crash 'em-up , shoot 'em-up ending comes out of nowhere substituting mayhem for suspense .","the smas h 'em- up , crsh '3m-up , $hoot 'em -up ending c omes out of n owhere substituting mayhem f or suspense .",0,True
"much has been written about those years when the psychedelic '60s grooved over into the gay '70s , but words don't really do the era justice . you have to see it .","much has been written about those years when the psychedelic '60s grooved over into the g@y '70s , but words don't really do the era justice . you have to see it .",0,True
this version incarnates the prophetic book in a way even its exacting author might admire .,this version incarnates the prophetic bo ok in a way even its exacting au thor might admire .,1,True
"dazzling and sugar-sweet , a blast of shallow magnificence that only sex , scandal , and a chorus line of dangerous damsels can deliver .","dazzling and suga r-sweet , a blast of shallo w magnificence that only sex , scandal , and a chorus line of dangerous damsels can deliver .",0,True
"a gorgeously strange movie , heaven is deeply concerned with morality , but it refuses to spell things out for viewers .","a gorgeously strange movie , heaven is deeply concerned wit h morality , but it refuses to spell things out for viewers .",0,True
"this is a great subject for a movie , but hollywood has squandered the opportunity , using it as a prop for warmed-over melodrama and the kind of choreographed mayhem that director john woo has built his career on .","this is a great subject for a m ovie , b ut hollywood has squandered the opportunity , using it @s a prop for warme-dover melodrama and the kind of choreo graphed mayhem that dirctor john woo has buit h1s career on .",0,True
"armed with a game supporting cast , from the pitch-perfect forster to the always hilarious meara and levy , like mike shoots and scores , doing its namesake proud .","armed with a ga me supporting cast , from the pitch-perfect forster to the always hilarious mea ra and levy , like mike shoots and scores , doing its namesake proud .",1,True
the actors must indeed be good to recite some of this laughable dialogue with a straight face .,the ac tors must indeed be good to r ecite some of this laug hable dialog ue with a straight face .,0,True
a sugar-coated rocky whose valuable messages are forgotten 10 minutes after the last trombone honks .,@ sugarc-oated rocky wh ose v@luable messaes ar e forgoten 10 mi nutes aftr th e las t trombon e honks .,0,True
"viewed on its own terms , treasure planet is better-than-average family entertainment , but true fans of the stevenson's novel will likely prefer disney's more faithful 1950 live-action swashbuckling classic .","viewed on its own terms , tr easure planet is better-than-average f amily en tertainment , but true f@ns of the stevenson's nove l will likely prefer disney's more fait hful 1950 lie-action swashbuckling cl assic .",1,True
"although sensitive to a fault , it's often overwritten , with a surfeit of weighty revelations , flowery dialogue , and nostalgia for the past and roads not taken .","although sensitive to a f@ult , it's often overwritten , with a sur feit of weighty reveations , fowery dialogue , and nostalgia fo r the past and roads not taken .",0,True
"this movie feel more like a non-stop cry for attention , than an attempt at any kind of satisfying entertainment .","this movi e feel more like a n0n-stop cry f0r attention , than an attempt @t any kind of satisfying entertainment .",0,True
"what saves it . . . and makes it one of the better video-game-based flicks , is that the film acknowledges upfront that the plot makes no sense , such that the lack of linearity is the point of emotional and moral departure for protagonist alice .","what sves it . . . and makes it one of the better v1deo-game-based flicks , is that th3 film acknowledges upfront that the plo t makes n0 sense , such that the lack of linearity is th e point 0f emtional and moal depature for protagonist alice .",0,True
the reason this picture works better than its predecessors is that myers is no longer simply spoofing the mini-mod-madness of '60s spy movies .,the reason this picture works better than its predecessors is that myers is no longer simply spoofing the mini-mod-madness of '60s spy m ovies .,1,True
"further proof that the epicenter of cool , beautiful , thought-provoking foreign cinema is smack-dab in the middle of dubya's axis of evil .","further proof that the epice nter of col , beautiful , thought-provokig f oreign cinema is smack-dab in the middle of dubya's axis of eil .",1,True
i liked this film a lot . . .,i liked th is flm a l ot . . .,0,True
imagine a scenario where bergman approaches swedish fatalism using gary larson's far side humor,imagine a sce nario where bergman ap proaches swedi sh fatalism using gary larson's far si de humo r,0,True
an intelligently made ( and beautifully edited ) picture that at the very least has a spark of life to it -- more than you can say for plenty of movies that flow through the hollywood pipeline without a hitch .,an intelligetly made ( and beautfully edited ) picture that at the very least has a spark of life to it -- more than you can say f or plenty of movies that flo w through the hollywood pipeline without a hitch .,1,True
the film tunes into a grief that could lead a man across centuries .,the f ilm tunes into a grie f that could lead a man across cent uries .,1,True
"filled with low-brow humor , gratuitous violence and a disturbing disregard for life .","filled with low-brow h umor , gratuitous viol ence and a disturbing disregard for life .",1,True
"say this for the soundtrack , it drowns out the lousy dialogue .","s ay thi s for the soundtrak , it d rowns ou t th e lo usy dialogue .",0,True
tsai may be ploughing the same furrow once too often .,tsai m@y be ploughing the same furrow once to o o ften .,0,True
"in my opinion , analyze that is not as funny or entertaining as analyze this , but it is a respectable sequel .","in my opinon , analyze that is not as f unny or entertaining as analy ze this , but 1t 1s @ respectable sequel .",1,True
what better message than 'love thyself' could young women of any size receive ?,what better message than 'love thyself' could young women of any s ize receive ?,0,True
i was sent a copyof this film to review on dvd . for free . i still want my money back .,i w@s s ent a copyof th is flm to reiew on d vd . f0r fre e . i sti ll wat my money back .,0,True
the cumulative effect of the relentless horror on parade numbs the movie's power as a work of drama .,the cumulative effect of the relentless horor on parade numbs the movie's pow er as a work of dama .,1,True
"although trying to balance self-referential humor and a normal ol' slasher plot seemed like a decent endeavor , the result doesn't fully satisfy either the die-hard jason fans or those who can take a good joke .","although tryng to balan ce self-rferential hmuor and a normal 0l' slsher p lot semed like a decent edeavor , the result doesn't fu lly saisfy either the di-ehard j@son fns 0r thos e who c@n take a good joke .",0,False
toward the end sum of all fears morphs into a mundane '70s disaster flick .,tow ard the en d su m of all fea rs morphs ino @ munane '7 0s dsaster flick .,0,True
"you can feel the heat that ignites this gripping tale , and the humor and humanity that root it in feeling .","y0u can fe el the hat that ignies this gripp ing tal e , and th e humor and humani ty tat rot it in feeling .",1,True
"fails in making this character understandable , in getting under her skin , in exploring motivation . . . well before the end , the film grows as dull as its characters , about whose fate it is hard to care .","fails in making this charcter understandable , in getting u nder h3r skin , in exploring motivation . . . we ll b efore the end , the fim grows as d ull as its characters , ab out whose fate it is hard to care .",0,True
"seeing seinfeld at home as he watches his own appearance on letterman with a clinical eye reminds you that the key to stand-up is to always make it look easy , even though the reality is anything but .","seeing seinf eld @t home as he watches hi s own ap pearance on letterman with a cli nical 3ye reminds you that the ke y to stand-up is to always make it look easy , even though the reality is anything but .",1,True
"an energetic , violent movie with a momentum that never lets up .","an energ etic , violent movie w ith @ momentum that neve r lets up .",1,True
"the movie is a desperate miscalculation . it gives poor dana carvey nothing to do that is really funny , and then expects us to laugh because he acts so goofy all the time .","the mo vie is a deserate miscalculaton . it gives por d@na carvey nothing to do that is realy funny , and then expects us to laugh because he acts so goofy all the time .",0,True
"seldahl's barbara is a precise and moving portrait of someone whose world is turned upside down , first by passion and then by illness .","seldahl's barbara is a preci se and moving portr ait of someone whose world is turned upside down , firs t by passion and t hen by illness .",1,True
"trivial where it should be profound , and hyper-cliched where it should be sincere .","trivial where it should be profound , and hyper-c liched where it should be sincere .",0,True
set in a 1986 harlem that doesn't look much like anywhere in new york .,s et in @ 1986 harlem that does't look much like anywhe re in new yok .,0,True
a seriocomic debut of extravagant promise by georgian-israeli director dover kosashvili .,a seriocomic deut of extravagant promise by georgian-isreli director dove r kos ashvili .,1,True
what makes it worth watching is quaid's performance .,what makes it wor th w@tching is quaid's perfrmance .,1,True
"an inconsequential , barely there bit of piffle .","@n inconseqential , b@rely ther e b it 0f piffle .",0,False
"if you're burnt out on it's a wonderful life marathons and bored with a christmas carol , it might just be the movie you're looking for . it depends on how well flatulence gags fit into your holiday concept .","if y ou're burnt out on it's a wonderful life marathons and bored with a christmas carol , it might just be the m ovie you're looking for . it depends on ho w well flatulence gags fit into your holiday concept .",1,True
it is great summer fun to watch arnold and his buddy gerald bounce off a quirky cast of characters .,it is great summer fun to w@tch arnold and his buddy gerald bounce off a quirky cat of characters .,1,True
"haneke keeps us at arm's length . guided more by intellect than heart , his story flattens instead of sharpens .","hanek e keeps us at arm's lengt h . guided more by intellect than he art , h is story flattens instead of sharpens .",1,True
"there's no question that epps scores once or twice , but it's telling that his funniest moment comes when he falls about ten feet onto his head .","there's no questin that epps sc ores once or twice , bu t it's telling th@t hi s funniest moment comes wh en he falls aout t3n fe et ono h is head .",0,True
the story the movie tells is of brian de palma's addiction to the junk-calorie suspense tropes that have all but ruined his career .,the story the movie tells is of b rian de palma's addiction to the jun-kcalorie suspense tropes that have all but ruined his creer .,0,True
"passion , lip-synching , tragedy , and lots of really really high notes . for me , this opera isn't a favorite , so it's a long time before the fat lady sings .","pssion , lip-synching , tragedy , and lots of really realy high notes . f or me , this opera is't a favorite , so it's @ lo ng time before the fat lady sings .",1,True
"bigelow offers some flashy twists and turns that occasionally fortify this turgid fable . but for the most part , the weight of water comes off as a two-way time-switching myopic mystery that stalls in its lackluster gear of emotional blandness .","bigelow offers some f lashy twis ts and turns that occasionally fortify this t urgid f@ble . but for th3 most p art , the we ight of water comes off as a two-wa y time-witching myo pic mytery that stalls in its lackluster ge ar of emotional blan dness .",0,False
"for those of us who respond more strongly to storytelling than computer-generated effects , the new star wars installment hasn't escaped the rut dug by the last one .","for those of us who repond more stro ngly to storytell ing than computer-ge nerated e ffects , the n ew sar wars instalment hasn't esaped the r ut dug by the last one .",0,True
schindler's list it ain't .,schindler's lst 1t ain't .,0,True
"even though we know the outcome , the seesawing of the general's fate in the arguments of competing lawyers has the stomach-knotting suspense of a legal thriller , while the testimony of witnesses lends the film a resonant undertone of tragedy .","even though we know the outcome , the seesawing of the general's fate in the arguments of competing lawyers has th3 stomach-knotting suspen se of a legal thrill er , while the testimony of witnesses lends t he film a resona nt undertone of tragedy .",1,True
"that rare movie that works on any number of levels -- as a film of magic and whimsy for children , a heartfelt romance for teenagers and a compelling argument about death , both pro and con , for adults .","that rare mo vie that works on any number of levels -- as @ film of magic and whimsy f0r children , @ heartfelt romance for teenagers and a compelling argument about deah , bo th pro a nd con , for adults .",1,True
"city by the sea is the cinematic equivalent of defensive driving : it's careful , conscientious and makes no major mistakes . but what saves lives on the freeway does not necessarily make for persuasive viewing .","c ity by the sea is the cinemat ic equivalent of defensive driving : it's careful , conscientious and makes no major mistakes . but what saves livs on the freeway does not necessarily make for persuasive viewing .",1,True
an elegant and sly deadpan comedy .,an ele gant and $ly deadpn com edy .,1,True
i don't even care that there's no plot in this antonio banderas-lucy liu faceoff . it's still terrible !,1 do't even care that there's no plo t in this anto nio b@nderas-lucy 1iu f@ceoff . it's still terible !,0,True
"belongs to daniel day-lewis as much as it belongs to martin scorsese ; it's a memorable performance in a big , brassy , disturbing , unusual and highly successful film .","b elongs t0 dani el day-ewis as much @s it blongs to mrtin s corsese ; i's a memrable performa nce in a big , brasy , disturbing , uusual an d highly successful film .",1,True
"as much as i laughed throughout the movie , i cannot mount a cogent defense of the film as entertainment , or even performance art , although the movie does leave you marveling at these guys' superhuman capacity to withstand pain .","as much as i laughed throughout the mvie , i cannot mount a cogent defense of th3 film as entertainment , or even performance art , although the movie does leave you marveling at these guys' superhuman capacity to withstand pain .",0,True
"a summary of the plot doesn't quite do justice to the awfulness of the movie , for that comes through all too painfully in the execution .","a summary of the plt desn't quit e d0 ju$tice to the aw fulness of the movi e , for that coes through all to o painfully in th e execution .",0,True
"if festival in cannes nails hard- boiled hollywood argot with a bracingly nasty accuracy , much about the film , including some of its casting , is frustratingly unconvincing .","if f estival in cannes nils hard- boiled hollyw ood argot with a bracingly n@sty accuracy , much about th3 film , including some of its casting , is frustratingly unconvincing .",0,True
the result is an 'action film' mired in stasis .,the result is an 'action film' mir ed in stasis .,0,True
"it's a tour de force , written and directed so quietly that it's implosion rather than explosion you fear .","it's a tor d3 force , written @nd directed so quietly tht it's implosion rather than explosion you fear .",1,True
arnold's jump from little screen to big will leave frowns on more than a few faces .,arnold's jmp from little screen to big will leave frowns on more than a few faces .,0,True
a good thriller .,@ good thrill er .,1,True
"i have no problem with "" difficult "" movies , or movies that ask the audience to meet them halfway and connect the dots instead of having things all spelled out . but first , you have to give the audience a reason to <b>want</b> to put for that effort , and "" i","i have no problem with "" di fficult "" movies , or movies that ask the audience to meet them halfway and connect the dots instead of having things all spelled out . but first , you have to give the audience a reason to <b>want</b> to put for that effort , and "" i",1,True
"'si bien no logra desarrollarse como un gran drama , tampoco es tan superficial como muchas cintas que pecan de pretenciosas y que resultan totalmente banales . '","'si bi en no logra desarrollarse como un gran drama , tampoco es tan superf icial como mucha s cinta s que pecan de pretencioss y que resultan totalmente banales . '",0,True
"it's got all the familiar bruckheimer elements , and schumacher does probably as good a job as anyone at bringing off the hopkins/rock collision of acting styles and onscreen personas .","it's got all the familiar bruckheimer elements , @nd schumacher does probably as good a job as anyone at bringing off the hopkins/rock collision of acting styles and onscreen personas .",0,True
