original_text,adversarial_text,original_label,num_perturbed,attack_sucessful
"occasionally funny , always very colorful and enjoyably overblown in the traditional almodóvar style .","occasionally funy , always ve ry colorful a nd enjoably overblown in the traditional almodóvar style .",1,5,True
becomes the last thing you would expect from a film with this title or indeed from any plympton film : boring .,bcomes the lst thig you woud look from amp f ilm wih this ttle 0r so from @ny pympton film : boring .,0,20,False
"sodden and glum , even in those moments where it's supposed to feel funny and light .","soden and glm , even in those moments where it's supposed to feel funny and light .",0,2,True
"some movies were made for the big screen , some for the small screen , and some , like ballistic : ecks vs . sever , were made for the palm screen .","some moving picture w ere made for the big screen , some for the small screen , and sme , like ballistic : ecks vs . sever , were made for the palm screen .",0,4,True
"it's not only dull because we've seen [eddie] murphy do the genial-rogue shtick to death , but because the plot is equally hackneyed .","i t's n0t ony dul l because we've seen [ddie] murpy d0 the genial-rogue shtik t0 death , but bceause the p1ot 1s equally hackney ed .",0,16,True
"if you're looking for a smart , nuanced look at de sade and what might have happened at picpus , sade is your film .","if you 're count fo r a smart , nuanced look atomic number 85 d3 sade and what might have happend at picpus , sade is your film .",1,10,True
"it's hard to believe that a relationship like holly and marina's could survive the hothouse emotions of teendom , and its longevity gets more inexplicable as the characterizations turn more crassly reductive .","i t's hrd to believe that a relations hip like holy and marina's could survive the hothouse emotios of teendom , and its length of service gets more inexplicable as the characterizations turn more crassly reductive .",0,7,True
friday after next is the kind of film that could only be made by african-americans because of its broad racial insensitivity towards african-americans .,frday afer side by side is the kind of film that could only be made by african-americans becaue of its broad racial insensitiity towards african-americans .,0,6,True
the worst film of the year .,the worst photographic film of the year .,0,1,True
"it made me feel unclean , and i'm the guy who liked there's something about mary and both american pie movies . oh , and booty call .","it made me feel unclean , and i'm the guy who liked there's something about mary and both american Proto-Indo European picture . oh , and booty call .",0,2,True
"hardly a nuanced portrait of a young woman's breakdown , the film nevertheless works up a few scares .","hardly a nuanc ed porrait of a young woman's breakdown , th3 film nevertheless works up a few scares .",1,3,True
"this starts off with a 1950's doris day feel and it gets very ugly , very fast . the first five minutes will have you talking 'til the end of the year !","this starts off with a 1950's doris day feel and it gets very ugl y , very fast . the first five minutes will have you talking 'til the end of the year !",0,1,True
"more vaudeville show than well-constructed narrative , but on those terms it's inoffensive and actually rather sweet .","more vaudeville $how than well-constructed narrative , but on those terms it's inoffensive and actually ra ther sweet .",0,6,True
'cq may one day be fondly remembered as roman coppola's brief pretentious period before going on to other films that actually tell a story worth caring about,'cq m@y one day be fondly remembered as rman coppola's brief pretentius pe riod before going on to other flick that actually tell a story worth caring about,0,5,True
"the inspirational screenplay by mike rich covers a lot of ground , perhaps too much , but ties things together , neatly , by the end .","the ins pirational screenplay by mike rich covers a lot of ground , perhaps too much , but ties things together , neatly , by the end .",1,1,True
it's probably worth catching solely on its visual merits . if only it had the story to match .,i's probably Charles Frederick Worth catching solely on its visual merits . if only it had the story to match .,0,3,True
"fairy-tale formula , serves as a paper skeleton for some very good acting , dialogue , comedy , direction and especially charm .","fairy-tale f ormula , serves as a paper skeleton for some very good acting , dialogue , comedy , direction and especially charm .",1,2,True
"the color sense of stuart little 2 is its most immediate and most obvious pleasure , but it would count for very little if the movie weren't as beautifully shaped and as delicately calibrated in tone as it is .","the colo r sense of stuart little 2 is its most immediate and most obvious pleasure , but it would count for very little if the movie weren't as beautifully shaped and as delicately calibrated in tone as it is .",0,1,True
the most surprising thing about this film is that they are actually releasing it into theaters .,the most surprising thing about this fim is that they are actually releasing it into theates .,1,2,True
a fan film that for the uninitiated plays better on video with the sound turned down .,a f@n film that for the uninitiated plays better on video with the sound turned down .,0,1,True
"strong filmmaking requires a clear sense of purpose , and in that oh-so-important category , the four feathers comes up short .","strong filmmaking requ ires a clear sense of purpose , and in that oh-so-important category , the four feathers comes up short .",1,1,True
". . . an otherwise intense , twist-and-turn thriller that certainly shouldn't hurt talented young gaghan's resume .",". . . @n otherwise intense , twist-and-turn thriller that certainy sho uldn't hurt talented young gaghan's resume .",1,7,True
cho's timing is priceless .,cho's timing comprise priceless .,1,2,True
. . . a lesson in prehistoric hilarity .,. . . a less on in prehistoric hilarity .,1,4,True
"this is a good script , good dialogue , funny even for adults . the characters are interesting and often very creatively constructed from figure to backstory . the film will play equally well on both the standard and giant screens .","this is @ good script , good dialogue , funny even for adults . the characters are interesting and often very creatively constructed from figure to backstory . the film will play equally well on both the standard and giant screens .",1,1,True
an almost unbearably morbid love story .,an almost unbearably morb id love story .,1,2,True
if you grew up on scooby -- you'll love this movie . matthew lillard is born to play shaggy !,if you grew up on scooby -- you'll love th is movie . matthew lillard is born to play shaggy !,0,2,True
"as conceived by mr . schaeffer , christopher and grace are little more than collections of quirky traits lifted from a screenwriter's outline and thrown at actors charged with the impossible task of making them jell .","as co nceived aside Mister . schaffer , christopher and grace are little more than collections 0f quirky traits lifted from a screenwriter's outline and thrown at actors charged with the impossible task of making them jell .",0,6,True
"do not , under any circumstances , consider taking a child younger than middle school age to this wallow in crude humor .","do not , under an y circumstances , consider t@king a child younger than middle school age to this wallow in crude humor .",0,4,True
"depicts the sorriest and most sordid of human behavior on the screen , then laughs at how clever it's being .","depic ts the sorriest and most sordid of human behavior on the screen , then laughs astatine how clev er it's being .",1,4,True
"alex nohe's documentary plays like a travelogue for what mostly resembles a real-life , big-budget nc-17 version of tank girl .","alex nohe's docum entary plays like a travelogue for what mostly resembles a real-life , big-budget nc-17 version of tank girl .",1,1,True
"a beautiful , timeless and universal tale of heated passions -- jealousy , betrayal , forgiveness and murder .","ampere bea utiful , timless @nd unversal tale 0f heatd p@ssions -- jealusy , betryal , forgiveness and murder .",1,12,True
ya-yas everywhere will forgive the flaws and love the film .,ya-y as everywhere will forgive the flaws and love the film .,0,4,True
"watching the powerpuff girls movie , my mind kept returning to one anecdote for comparison : the cartoon in japan that gave people seizures .","watching the powerpuff girl s movie , my mind kept returning to one anecdote for comparison : the cartoon in japan that gave people seizures .",0,3,True
"austin powers in goldmember is a cinematic car wreck , a catastrophic collision of tastelessness and gall that nevertheless will leave fans clamoring for another ride .","austin pow ers in goldmemb er is a cinematic car wreck , a catastrophic collision of tastelessness and gall that nevertheless will leave fans clamoring for another ride .",1,2,True
"[gai] comes closer to any actress i can remember to personifying independence in its purest and , yes , most intimidating form .","[gai] comes closer to any actress single can remember to personifying indepedence in its purest and , yes , most intimidating form .",1,4,True
the pool drowned me in boredom .,th3 pool dr owned me 1n boedom .,0,5,True
"the tone is balanced , reflective and reasonable .","the toe is balnced , reflective and reasonable .",1,2,True
brings an irresistible blend of warmth and humor and a consistent embracing humanity in the face of life's harshness .,brings an irresistib le blen d of wrmth and humor and a consistent embracing humanity in the f@ce of life's harshness .,1,5,True
"a ragbag of promising ideas and failed narrative , of good acting and plain old bad filmmaking .","a r@gbag of promising theme and failed narrative , of good acting and plain old unfit filmmaking .",0,3,True
writer/director alexander payne ( election ) and his co-writer jim taylor brilliantly employ their quirky and fearless ability to look american angst in the eye and end up laughing .,writerd/irector alexader p ayne ( election ) and his c-writer jim taylr brilliantly employ their quirky and fearless ability to look American English angst in the eye and end up laughing .,1,8,True
"a well-done film of a self-reflexive , philosophical nature .","@ well-done film 0f a self-reflexive , philosophical nature .",1,3,True
"entertains not so much because of its music or comic antics , but through the perverse pleasure of watching disney scrape the bottom of its own cracker barrel .","entert ains n ot $o much because of its music or coic antics , but through the pererse pleasure of check disney scrape th3 bottom of its own cracker barrel .",0,8,True
"an amusing and unexpectedly insightful examination of sexual jealousy , resentment and the fine line between passion and pretence .","Associate in Nursing amsing and unexpectedly insghtful testing of sxual green-eyed monster , resentment and the fie line between passion and pretence .",1,8,True
"there ought to be a directing license , so that ed burns can have his revoked .","there ought to be a directing licens e , so that 3d burns can ha ve his revoked .",0,5,True
"while most films these days are about nothing , this film seems to be about everything that's plaguing the human spirit in a relentlessly globalizing world .","while m ost picture show these days are about nothing , this film seems to be about everything that's plaguing the human spirit in a relentlessly globalizing world .",1,4,True
i'm going to give it a marginal thumbs up . i liked it just enough .,i'm going to give it a m@rginal thums up . i liked it just enough .,0,5,True
"clint eastwood's blood work is a lot like a well-made pb& j sandwich : familiar , fairly uneventful and boasting no real surprises  but still quite tasty and inviting all the same .","clint eastwood's blod wrk is a lot like a well-made pb& j sandwich : familiar , fairly uneventful and boasting no real surprises  but still quite tasty and inviting all the same .",1,6,True
"its story about a young chinese woman , ah na , who has come to new york city to replace past tragedy with the american dream is one that any art-house moviegoer is likely to find compelling .","its story about a young chinese woman , ah na , who has come to ne w york city to replace past tragedy with the american dream is one that any art-house moviegoer is likely to find compelling .",0,1,True
"one of the most plain , unimaginative romantic comedies i've ever seen .","one of the most plain , unimagi native romantic comedies i've ever seen .",0,1,True
"phillip noyce and all of his actors -- as well as his cinematographer , christopher doyle -- understand the delicate forcefulness of greene's prose , and it's there on the screen in their version of the quiet american .","phililp nyce and all of his actors -- as well as h1s cinematograher , christopher doye -- understand the delicate forcefulness of greenes prose , and it's there on the screen in their version of the quiet american .",1,8,True
the transporter bombards the viewer with so many explosions and side snap kicks that it ends up being surprisingly dull .,the tra nsporter bombards the viewer with so many exlosions and side snap kicks that it ends up being surprisingly dull .,0,2,True
it's lazy for a movie to avoid solving one problem by trying to distract us with the solution to another .,it 's lzy for a mvie to avoid solving one problem by trying to distract us with the solution to another .,0,4,True
"me no lika da accents so good , but i thoroughly enjoyed the love story . scott baio is turning in some delightful work on indie projects .","me no lika da idiom so good , merely i thoroughly enjoyed the love story . scott baio is turning in some delightful work on indie projects .",1,3,True
"short and sweet , but also more than anything else slight tadpole pulls back from the consequences of its own actions and revelations .","short and swee t , but also more than anything else slight tadpole pulls back from the consequences of its own actions and revelations .",1,1,True
alarms for duvall's throbbing sincerity and his elderly propensity for patting people while he talks .,alarms for duvall's throbbing sinceri ty and his elderly propensity for patting people while he talks .,0,1,True
martyr gets royally screwed and comes back for more .,martyr ge ts royally jazz and comes back for more .,0,2,True
i didn't laugh . i didn't smile . i survived .,i d idn't laugh . i didn't smile . i survived .,0,1,True
"overly stylized with lots of flash black-&-white freeze frames reminiscent of a pseudo-hip luxury car commercial , ( it's ) at its worst when it's actually inside the ring .","overy stylized with lots of flash b1ack-&-white freeze frames reminiscent of a pseudo-hip luxury car commercial , ( it's ) at its worst when it's actually inside the ring .",0,4,True
"reeboir varies between a sweet smile and an angry bark , while said attempts to wear down possible pupils through repetition . it has no affect on the kurds , but it wore me down .","reeboir varies beteen a sweet grinning and an wild skin , while said attempts to wea r down possible pupils through repetition . it has no affect on the kurds , but it wore me down .",0,6,True
a sometimes tedious film .,a sometimes t edious film .,0,1,True
i admired this work a lot .,i adm ired this work a lot .,1,1,True
staggeringly dreadful romance .,staggeringly dreaful romance .,0,2,True
a flawed but engrossing thriller .,a flawe d but engrossing thriller .,0,1,True
"efteriades gives the neighborhood -- scenery , vibe and all -- the cinematic equivalent of a big , tender hug .","efteriades gies th3 region -- scene , v ibe @nd a ll -- th3 cinematic equiva lent of a big , tender hug .",1,13,True
. . . there's enough cool fun here to warm the hearts of animation enthusiasts of all ages .,. . . the re's enogh col merriment hre to quick th3 hearts 0f an imation enth usiasts of all ages .,1,13,False
"adults will certainly want to spend their time in the theater thinking up grocery lists and ways to tell their kids how not to act like pinocchio . as for children , they won't enjoy the movie at all .","aduls testament c ertainly want to spend their time in the th eater thinking up grocery lists and ways to tell their jolly h0w not to act like pinocchio . as for children , they won't enjoy the movie at all .",0,6,True
the quirky drama touches the heart and the funnybone thanks to the energetic and always surprising performance by rachel griffiths .,the q uirky dr@ma tou ches the hart and the funnybone thanks to the eneretic and always srprising performace by rachel Griffith .,1,9,True
director jay russell weighs down his capricious fairy-tale with heavy sentiment and lightweight meaning .,director j@y russell weighs down his capricious fairy-tale with heavy sentiment and lightweight meaning .,0,1,True
the kind of primal storytelling that george lucas can only dream of .,the kind of primal sto rytelling that george lucas can only dream of .,1,1,True
"a powerful , inflammatory film about religion that dares to question an ancient faith , and about hatred that offers no easy , comfortable resolution .","a p owerful , inflammatory film about religion that dares to question an ancient faith , and about hatred that offers no easy , comfortable resolution .",1,1,True
it's so good that you can practically see the hollywood 'suits' trying to put together the cast and filmmaking team for the all-too -inevitable american remake .,its so goo d that you can practically see the hollywood 'suits' trying to put together the cast and filmmaking team for the all-too -inevitable american remake .,1,3,True
"the setting is so cool that it chills the characters , reducing our emotional stake in the outcome of "" intacto's "" dangerous and seductively stylish game .","the context is so cool that it chills the theatrical role , reducing our emotonal stake in the outcome of "" intacto's "" dangerous and seductively stylish game .",1,4,True
"nicks refuses to let slackers be seen as just another teen movie , which means he can be forgiven for frequently pandering to fans of the gross-out comedy .","nics reuses to let slacers be sen as just anoter teenage mvoie , which means h3 can b3 forgiven for frequntly pandering to fans of the gross-out comedy .",0,13,True
"as if to prove a female director can make a movie with no soft edges , kathryn bigelow offers no sugar-coating or interludes of lightness . her film is unrelentingly claustrophobic and unpleasant .","as if to prove a female director can make a movie with no soft edges , kahryn bigelow offers no sugar-coating or interludes of lightness . her film is unrelentingly claustrophobic and unpleasant .",0,1,True
"a loud , ugly , irritating movie without any of its satirical salvos hitting a discernible target .","amp lou d , ugy , irritating mov ie without an y of its satiric salvos hitting a discernible target .",0,10,True
"take care is nicely performed by a quintet of actresses , but nonetheless it drags during its 112-minute length .","take c@re is nicely performed by a quintet of actresses , but nonetheless it drags during its 112-minute length .",0,1,True
both a grand tour through 300 hundred years of russian cultural identity and a stunning technical achievement .,both @ gra nd tur through 300 one C years of rus sian culural identity and a arresting tec hnical ac hievement .,1,9,True
fessenden's narrative is just as much about the ownership and redefinition of myth as it is about a domestic unit finding their way to joy .,fessenden's n arrative is just as much about the ownership and redefinition of myth as it is about a domestic unit finding their way to joy .,0,1,True
this is the kind of movie where people who have never picked a lock do so easily after a few tries and become expert fighters after a few weeks .,this is the kind of mvoie where people who have never picked a lock do $o easily after a few tr ies and become expert fighters after a few weeks .,0,6,True
it's the unsettling images of a war-ravaged land that prove more potent and riveting than the unlikely story of sarah and harrison .,it's the unsttling trope of a war-ravaged land that prove more potent and riveting than the unlikely story of sarah and harrison .,1,3,True
"best of all is garcia , who perfectly portrays the desperation of a very insecure man .","best of totally is garca , who perfectly portrays the desperation of a v ery insecure man .",1,4,True
weiss and speck never make a convincing case for the relevance of these two 20th-century footnotes .,weiss @nd speck never mae a convince case for the relevane of these two 20th-century footnotes .,1,5,True
everyone's to blame here .,everyone's to blam e here .,0,1,True
changing lanes is an anomaly for a hollywood movie ; it's a well-written and occasionally challenging social drama that actually has something interesting to say .,changing lan es is an anomaly for a hollywood movie ; it's a well-written and occasionally challenging social drama that actually has something interesting to say .,1,1,True
just not campy enough,ju st n0t c@mpy enugh,0,4,True
"if oscar had a category called best bad film you thought was going to be really awful but wasn't , guys would probably be duking it out with the queen of the damned for the honor .","if Academy Award had a family called best bad flm you thought was going to be genuinely awul but wasn't , guys would probably be duking it out with the queen of the damned for the honor .",0,5,True
"accuracy and realism are terrific , but if your film becomes boring , and your dialogue isn't smart , then you need to use more poetic license .","accuracy and r ealism are terrific , but if your film becomes boring , and your dialogue isn't smart , then you need to use more poetic license .",0,1,True
"this engrossing , characteristically complex tom clancy thriller is shifty in the manner in which it addresses current terrorism anxieties and sidesteps them at the same time .","this engrosing , characteristi cally complex tom cl ancy thriller is shifty in the manner in which it addresses current terrorism anxieties and sidesteps them at the same time .",1,3,True
i hope the movie is widely seen and debated with appropriate ferocity and thoughtfulness .,i hope the mvie is widely seen and debated with appropriate ferocity and thoughtfulness .,1,1,True
"based on dave barry's popular book of the same name , the movie benefits from having a real writer plot out all of the characters' moves and overlapping story .","based on dave barry's popular book of the same name , t he movie benefits from having a r eal writer plot out all of the characters' moves and overlapping story .",1,2,True
"thirty years ago , it would have been groundbreaking . now it's just tired .","XXX yea rs ag o , it would have been groundbreaking . now it's just tired .",0,4,True
the big finish is a bit like getting all excited about a chocolate eclair and then biting into it and finding the filling missing .,the b1g f inish is a bit like getting all excited about a chocolate eclair and the n bitng into it and finding the filling missing .,0,4,True
"a movie just for friday fans , critics be damned . if you already like this sort of thing , this is that sort of thing all over again .","a movie just for friday fans , critics be damned . if you already like this srt of thing , this is that sort of thing all over again .",0,6,True
[crystal and de niro] manage to squeeze out some good laughs but not enough to make this silly con job sing .,[crystal and First State niro] manage to squeeze out some good laughs but not enough to make this silly con job sing .,1,1,True
"it may not be a huge cut of above the rest , but i enjoyed barbershop . it's a funny little movie with clever dialogue and likeable characters .","it m ay not be a huge cut of above the rest , but i enjoyed barbershop . it's a funy little movie with clever dialogue and likeable characters .",0,3,True
"it's predictable , but it jumps through the expected hoops with style and even some depth .","i t's prdictable , but 1t jumps through the expected hoops with style and even some depth .",0,4,True
"an exceptionally dreary and overwrought bit of work , every bit as imperious as katzenberg's the prince of egypt from 1998 .","an exceptionally drear y and overwrought bit of work , every bit as imperious as katzenberg's the prince of egypt from 1998 .",0,1,True
"secretary manages a neat trick , bundling the flowers of perversity , comedy and romance into a strangely tempting bouquet of a movie .","secreta ry manages a neat trick , bundling the flowers of perversity , comedy and romance into a strangely tempting bouquet of a movie .",0,1,True
"for all the dolorous trim , secretary is a genial romance that maintains a surprisingly buoyant tone throughout , notwithstanding some of the writers' sporadic dips into pop freudianism .","for all the dolorous trim , secretary is a genial romance that maintains a surprisingly chirpy tone throughout , notwithstanding some of t he writers' sporadic dips into pop freudianism .",1,2,True
narc is all menace and atmosphere .,narc is all men ace and atmosphere .,1,1,True
"the story loses its bite in a last-minute happy ending that's even less plausible than the rest of the picture . much of the way , though , this is a refreshingly novel ride .","the story loses it s bite in a last-minute happy ending that's level less plausible than the rest of the picture . much of the way , though , this is a refreshingly novel ride .",0,2,True
the modern-day characters are nowhere near as vivid as the 19th-century ones .,the m odern-day characters are nowhere near as vivid as the 19th-century ones .,1,1,True
filmmaker tian zhuangzhuang triumphantly returns to narrative filmmaking with a visually masterful work of quiet power .,filmmaer tan zhuangzhuang tiumphantly issue to story filmmakig with a visu ally masterful work of qiet ability .,1,9,True
a really funny fifteen-minute short stretched beyond its limits to fill an almost feature-length film .,a really fnny fifteen-minute short stretched beyond its limits to fill an almost feature-length film .,1,2,True
"reggio falls victim to relying on the very digital technology that he fervently scorns , creating a meandering , inarticulate and ultimately disappointing film .","regio fals victm to relyng 0n the very digital techology that h3 fervetly scorns , make a meandeing , inartculate and ultmately disappointing film .",0,17,True
"watching this gentle , mesmerizing portrait of a man coming to terms with time , you barely realize your mind is being blown .","watching this gentl e , m esmerizing portrait of a man coming to terms with time , you barely realize your mind is being blown .",1,2,True
manages to be both repulsively sadistic and mundane .,manages to b3 both repulsively s adistic and mundane .,1,2,True
""" freaky friday , "" it's not .",""" freakish f riday , "" it's not .",0,4,False
"a lousy movie that's not merely unwatchable , but also unlistenable .","a lous y moving-picture show thats not merely unwachable , but also unlistenable .",0,4,True
i'm just too bored to care .,i'm just t oo bord to care .,0,2,True
laggard drama wending its way to an uninspired philosophical epiphany .,laggard d rama wending information technology way to an uninspired philosophical epiphany .,0,2,True
"you've already seen city by the sea under a variety of titles , but it's worth yet another visit .","you've already seen cit y by the sea under a variety of titles , but it's worth yet another visit .",0,1,True
"its story may be a thousand years old , but why did it have to seem like it took another thousand to tell it to us ?","1ts account may follow a thouand yeas old , but why did it have to look the likes of 1t took aother thousand to tell it to us ?",0,11,True
". . . instead go rent "" shakes the clown "" , a much funnier film with a similar theme and an equally great robin williams performance .",". . . instead go rent "" shakes the clow n "" , a lots funnier film with a similar theme and an equally great robin williams performance .",0,3,True
an awkwardly garish showcase that diverges from anything remotely probing or penetrating .,an aw kwardly garish showcase that diverges from anything remotely probing or penetra ting .,1,2,True
a well paced and satisfying little drama that deserved better than a direct-to-video' release .,a well pac ed and stisfying little drma that deserved better than a direct-to-video' release .,1,3,True
"a spunky , original take on a theme that will resonate with singles of many ages .","ampere spunky , pilot tae on @ theme that leave resonate wi th singles 0f may ages .",1,9,True
"this version moves beyond the original's nostalgia for the communal film experiences of yesteryear to a deeper realization of cinema's inability to stand in for true , lived experience .","this versin moves beyond the original's nstalgia for the communal fim experiences of yesteryear to a deeper realization of cinema's inability to stand in for true , lived experience .",1,4,True
too clunky and too busy ribbing itself to be truly entertaining .,too clnky and too buy ribbing itself to be trul y entertaini ng .,0,4,True
the wild thornberrys movie is a jolly surprise .,the w ild thornberr ys movie is a jolly surprise .,1,2,True
"in its own floundering way , it gets to you . just like igby .","in its own floundering way , it gets to you . jut like igby .",0,1,True
not sweet enough to liven up its predictable story and will leave even fans of hip-hop sorely disappointed .,not sweet enough to liven up its predictable story and will leave even f ans of hip-hp sorely disappointed .,0,3,True
"a movie that , rather than skip along the seine , more or less slogs its way through soggy paris , tongue uncomfortably in cheek .","a movie that , raher than skip along the seine , mre or less slogs its way through sggy pris , tongue uncomfortably in cheek .",0,12,True
"for its 100 minutes running time , you'll wait in vain for a movie to happen .","for its century minutes running time , you'll wait in vain for a movie to happen .",1,2,True
"a punch line without a premise , a joke built entirely from musty memories of half-dimensional characters .","@ punch 1ine witout a pemise , a joe built entirely from musty memories of half-dimensional charaters .",0,9,True
"thirteen conversations about one thing lays out a narrative puzzle that interweaves individual stories , and , like a mobius strip , elliptically loops back to where it began .","thirteen conversations about one thing lays out a narrative puzle that interweaves individual stories , and , like a mobius strip , elliptically loops back to where it began .",0,2,True
many of benjamins' elements feel like they've been patched in from an episode of miami vice .,many 0f benjamins' elemens find like they've been pathed in from an episode of miami frailty .,0,5,True
"samira makhmalbaf's new film blackboards is much like the ethos of a stream of consciousness , although , it's unfortunate for the viewer that the thoughts and reflections coming through are torpid and banal","samir a makhmalbaf's new film blackboards is much like the ethos of a stream of consciousness , although , it's unfortunate for the viewer that the thoughts and reflections coming through are torpid and banal",0,1,True
"it's not so much enjoyable to watch as it is enlightening to listen to new sides of a previous reality , and to visit with some of the people who were able to make an impact in the theater world .","its not so much enjyable to watch as it is enlightening to listen to new English of a previous reality , and to visit with some of the people who were able to make an impact in the theater world .",1,3,True
a tv style murder mystery with a few big screen moments ( including one that seems to be made for a different film altogether ) .,a television set expressive style murder mystery with a few big screen moments ( including one that seems to be made for a different film altogether ) .,0,2,True
a rambling ensemble piece with loosely connected characters and plots that never quite gel .,a ramblig ensemble piece with loosely connected characters and plots that never quite gel .,0,1,True
features what is surely the funniest and most accurate depiction of writer's block ever .,fetures what cost surely the funniet and most a ccurate dpiction of writer's block ever .,1,5,True
"while you have to admit it's semi-amusing to watch robert deniro belt out "" when you're a jet , you're a jet all the way , "" it's equally distasteful to watch him sing the lyrics to "" tonight . ""","while you have to admit it's semi-amusing to watch robert deniro belt out "" when y ou're a jet , you're a jet all the way , "" it's equally distasteful to watch him sing the lyrics to "" tonight . """,0,1,True
gives an intriguing twist to the french coming-of-age genre .,gves Associate in Nursing int riguing t wist to the fre nch coming-of-age genre .,1,6,True
"using a stock plot , about a boy injects just enough freshness into the proceedings to provide an enjoyable 100 minutes in a movie theater .","using a st ock plot , about a boy injects just enough freshness into the proceedings to provide an enjoyable 100 minutes in a movie theater .",1,1,True
"i've always dreamed of attending cannes , but after seeing this film , it's not that big a deal .","i've always dreamed of attending c annes , but after seeing th is f ilm , it's not that big a deal .",1,3,True
"a sad , superior human comedy played out on the back roads of life .","a sad , supe rior human comedy played out on the back roads of life .",1,2,True
"it arrives with an impeccable pedigree , mongrel pep , and almost indecipherable plot complications .","it arrive s with an impeccable pedigree , mongrel pep , and almost indecipherable plot complications .",0,1,True
"a film which presses familiar herzog tropes into the service of a limpid and conventional historical fiction , when really what we demand of the director is to be mesmerised .","a fil m which presses familiar herzog image into the service of a limpid and conventional histoical ficion , when really what we demand of the director is to be mesmerised .",1,4,True
"mild , meandering teen flick .","mid , meadering teen flick .",0,4,False
"for every cheesy scene , though , there is a really cool bit -- the movie's conception of a future-world holographic librarian ( orlando jones ) who knows everything and answers all questions , is visually smart , cleverly written , and nicely realized .","for every che esy scene , though , there is a really cool bit -- the movie's conception of a future-world holographic librarian ( orlando jones ) who knows everything and answers all questions , is visually smart , cleverly written , and nicely realized .",0,1,True
"although largely a heavy-handed indictment of parental failings and the indifference of spanish social workers and legal system towards child abuse , the film retains ambiguities that make it well worth watching .","although largely a heavy-handed indictment of parental failings and the indifference of spanish social workers an d legal system towards child abuse , the film retains ambiguities that make it well worth watching .",1,1,True
serving sara should be served an eviction notice at every theater stuck with it .,serving sara s hould be served an eviction notice at every theater stuck with it .,0,3,True
"just because it really happened to you , honey , doesn't mean that it's interesting to anyone else .","just becasue information technology r eally hapened to you , dear , doesn't m3an that it's interesting to anyone else .",0,8,True
one of those terrific documentaries that collect a bunch of people who are enthusiastic about something and then figures out how to make us share their enthusiasm .,one of thos e terrific documentary film that collect a bunch of people who are enthusiastic about something and then figures out how to make us share their enthusiasm .,0,2,True
a classy item by a legend who may have nothing left to prove but still has the chops and drive to show how its done .,a clas sy item by a legend who may have nothing left to prove but still has the chops and drive to show how its done .,1,1,True
the production values are of the highest and the performances attractive without being memorable .,the product measure are of the higest and the performances attractive without being m emorable .,1,4,True
"not only does the movie fail to make us part of its reality , it fails the most basic relevancy test as well .","not ony set the mvie fail to make us part of 1ts reality , it betray the well-nigh basic relevance test as well .",0,8,True
"this story still seems timely and important . and there's an element of heartbreak to watching it now , with older and wiser eyes , because we know what will happen after greene's story ends .","this floor still seems tiely and important . and there's an element of heartbreak to watching it now , with older an d wiser eyes , because we know what will happen after greene's story ends .",1,3,True
it's one pussy-ass world when even killer-thrillers revolve around group therapy sessions .,i t's one pussy-ass world when even killer-thrillers revolve around group therapy sessions .,1,1,True
"a witty , whimsical feature debut .","@ wtty , whimsicl featue debut .",1,5,True
an engrossing iranian film about two itinerant teachers and some lost and desolate people they encounter in a place where war has savaged the lives and liberties of the poor and the dispossessed .,Associate in Nursing enrossing iranan flm about two itinerant teachers and some lost and desolate people they encounter in a place where war has savaged the lives and liberties of the poor and the dispossessed .,1,5,True
"although fairly involving as far as it goes , the film doesn't end up having much that is fresh to say about growing up catholic or , really , anything .","although fairy inolving as far as it goes , th e moving-picture show doesn't end up having much that 1s fresh to say abut growing up catholic or , really , anything .",0,7,True
it's fascinating to see how bettany and mcdowell play off each other .,i t's fascinati ng to see how bettany and mcdowell play off each other .,1,3,True
"collateral damage is , despite its alleged provocation post-9/11 , an antique , in the end . as are its star , its attitude and its obliviousness .","collteral price 1s , de spite IT alleged provocation post-9/11 , an antiue , in the end . as are its star , its attitude and its obliviousness .",1,6,True
"despite its title , punch-drunk love is never heavy-handed . the jabs it employs are short , carefully placed and dead-center .","despite its title , puch-drunk love is never heavy-handed . the ja bs it employs are short , carefully placed and dead-center .",0,4,True
"just a string of stale gags , with no good inside dope , and no particular bite .","just a sring of $tale muzzle , with no good inside dope , and no particular bite .",0,3,True
how this one escaped the lifetime network i'll never know .,how this one get off the lifetime nework i'll never know .,1,2,True
"the biggest problem with satin rouge is lilia herself . she's a cipher , played by an actress who smiles and frowns but doesn't reveal an inner life .","the biggest p roblem with satin rouge is lilia herself . she's a cipher , played away an actress who smiles and frowns but doesn't reveal an inner life .",0,2,True
"a movie i loved on first sight and , even more important , love in remembrance .","a movi e i lovd on frst sigt and , even more imortant , lve in remembrance .",1,14,False
"branagh , in his most forceful non-shakespeare screen performance , grounds even the softest moments in the angry revolt of his wit .","bran agh , in his most forceful non-shakespeare screen performance , grounds even the softest moments in the angry revolt of his wit .",0,1,True
"the film , while not exactly assured in its execution , is notable for its sheer audacity and openness .","the shoot , while non exactly assured in it s execution , is notable fo r IT seer temerity and openness .",1,8,True
the ending feels at odds with the rest of the film .,the endin g feels at betting odds with the rest of the film .,0,3,True
beautifully directed and convincingly acted .,bautifully direted and convincingly acted .,1,2,True
"another big , dumb action movie in the vein of xxx , the transporter is riddled with plot holes big enough for its titular hero to drive his sleek black bmw through .","another b ig , dub action movie in the vein of xxx , the transporter is riddle d with plot holes big enough for its titular hero to drive his sleek black bmw through .",0,5,True
"mandel holland's direction is uninspired , and his scripting unsurprising , but the performances by phifer and black are ultimately winning . you'll find yourself wishing that you and they were in another movie .","mandel holland's direcion is uninspired , and his scripting unsurprising , but the performances by phifer and black are ultimately winning . you'll find yourself wishing that you and they were in another movie .",1,2,True
absolutely ( and unintentionally ) terrifying .,absolutely ( a nd unintentionally ) terrifying .,1,1,True
crush is so warm and fuzzy you might be able to forgive its mean-spirited second half .,crush is so w@rm and fuzzy you might be able to forgive its mean-spirited second half .,0,1,True
"to paraphrase a line from another dickens' novel , nicholas nickleby is too much like a fragment of an underdone potato .","to paraphrase @ 1ine from another dickens' refreshing , nicholas nickleby is too much like a fragment of an underdone potato .",0,3,True
uneven but a lot of fun .,unev en but angstrom lot of fun .,1,2,True
do not see this film .,do not see this flm .,1,1,True
the cast delivers without sham the raw-nerved story .,the stray delivers without sham the raw-nerved story .,1,1,True
the stunt work is top-notch ; the dialogue and drama often food-spittingly funny .,the sunt work is top-notch ; the dialogue and dama often f0od-spittingly funny .,0,5,True
"the only camouflage carvey should now be considering is a paper bag to wear over his head when he goes out into public , to avoid being recognized as the man who bilked unsuspecting moviegoers .","the only c@mouflage crvey should now be considering is a pa per bagful to we ar over his head when he goes out into public , to avoid being recognized as the man who bilked unsuspecting moviegoers .",0,6,True
a bit too eager to please .,a b1t too eager to please .,0,1,True
"as well-acted and well-intentioned as all or nothing is , however , the film comes perilously close to being too bleak , too pessimistic and too unflinching for its own good .","as well-acted and well-intentioned as all or nothing is , however , the fi lm comes perlously close to being too bl eak , t0o pessimistic and too unflinching for its own good .",0,5,True
"men in black ii has sequel-itis something fierce . an ungainly , comedy-deficient , b-movie rush job . . .","m3n in black ii has sequel-itis somthing fierce . an ungainly , comedy-deficient , b-movie rsh Book of Job . . .",0,9,True
"the jokes are flat , and the action looks fake .","the caper are f1at , and the action spirit fake .",0,4,True
"this cuddly sequel to the 1999 hit is a little more visually polished , a little funnier , and a little more madcap .","this cuddl y continuation to the 1999 hit is a little more visually polished , a litt le funnier , and a little more madcap .",0,3,True
""" 13 conversations about one thing "" is an intelligent flick that examines many different ideas from happiness to guilt in an intriguing bit of storytelling .",""" thirteen conversatios about one thing "" exist an intelligent flick that examines may different ides from hapiness to guilt in an intriguing bit of storytelling .",1,9,True
"the movie is gorgeously made , but it is also somewhat shallow and art-conscious .","the mvoie is gorgously made , but it is also somewhat shallow and art-conscious .",1,2,True
the piece plays as well as it does thanks in large measure to anspaugh's three lead actresses .,the objet d'art plays as well as it does thanks in large measure to anspaugh's three lead acresses .,1,2,True
. . . the picture's cleverness is ironically muted by the very people who are intended to make it shine .,. . . the picture's inventiveness is ironically muted by the very people who are signify to make it shine .,0,4,True
"it's a rollicking adventure for you and all your mateys , regardless of their ages .","it' s a rollickng adveture f0r y0u @nd completely yur mateys , regrdless 0f their ages .",1,13,True
"the film is old-fashioned , occasionally charming and as subtle as boldface .","the fil m is old-fashioned , occasionally c harming and as subtle as boldface .",1,2,True
another in-your-face wallow in the lower depths made by people who have never sung those blues .,another in-your-face wall ow in the lower depths made by people who have never sung those blues .,0,1,True
"no such thing is sort of a minimalist beauty and the beast , but in this case the beast should definitely get top billing . robert john burke as the monster horns in and steals the show .","no su ch thing is sort of a minimalist beauty and the beast , but in this case the beast should definitely get top billing . robert john burke as the monster horns in and steals the show .",0,1,True
"in a movie full of surprises , the biggest is that secret ballot is a comedy , both gentle and biting .","in ampere m ovie fll of surpriss , the biggest is tat mystical ballot is a comdy , both getle and biting .",1,10,True
the film proves unrelentingly grim -- and equally engrossing .,the fim proves unrelentingy grim -- and equally engrossing .,1,2,True
"if it were any more of a turkey , it would gobble in dolby digital stereo . if nothing else , "" rollerball "" 2002 may go down in cinema history as the only movie ever in which the rest of the cast was outshined by ll cool j .","if it w ere @ny more of a turey , it would gobble in Ray M. Dolby digital steeo . if nothng else , "" rollerball "" 2002 may go down in cinema history as the only movie ever in which the rest of the cast was outshined by ll cool j .",0,6,True
the irwins' scenes are fascinating ; the movie as a whole is cheap junk and an insult to their death-defying efforts .,the irwins' sce nes are fascinating ; t he movie as a whole is cheap junk and an insult to their death-defying efforts .,0,2,True
a sensitive and astute first feature by anne-sophie birot .,a sensitiv e and asute first feature past anne-sophie bi rot .,1,4,True
"unintelligible , poorly acted , brain-slappingly bad , harvard man is ludicrous enough that it could become a cult classic .","unintelligible , poorl y act ed , brain-slappingly ba d , harvard man is ludicrous enough that it cuold becme a cult classic .",0,6,True
"director kevin bray excels in breaking glass and marking off the "" miami vice "" checklist of power boats , latin music and dog tracks . he doesn't , however , deliver nearly enough of the show's trademark style and flash .","diector kevn br@y excels in breaking glss and marking off the "" miami vice "" che cklist of p ower b oats , lain music and dog tracks . he doesn't , however , deliver nearly enough of the show's trademark style and flash .",1,9,True
"an exciting and involving rock music doc , a smart and satisfying look inside that tumultuous world .","@n exiting and involvig rck musc d0c , a smart and satisfying look inside tha t tumu ltuous world .",1,9,True
execrable .,execrable .,0,0,False
"both stars manage to be funny , but , like the recent i spy , the star chemistry begs the question of whether random gags add up to a movie .","both star s man age to be funny , but , like the re cent i spy , the star chemistry begs the question of whether random gags add up to a movie .",0,4,True
spielberg has managed to marry science fiction with film noir and action flicks with philosophical inquiry .,spielerg own manged t0 marry scince ficion with fim noir and fulfill ficks wih philosophic question .,1,14,True
"this toothless dog , already on cable , loses all bite on the big screen .","this toothles s dog , already on cable , loses all bite on the big screen .",0,1,True
"while it would be easy to give crush the new title of two weddings and a funeral , it's a far more thoughtful film than any slice of hugh grant whimsy .","while it would be easy to give crush the new title of two weddings and a fun eral , it's a far more thoughtful film than any slice of hugh grant whimsy .",0,1,True
this flat run at a hip-hop tootsie is so poorly paced you could fit all of pootie tang in between its punchlines .,this flat ru n at a hip-hop tootsie is so poorly paced you could fit all of pootie tang in between its punchlines .,1,2,True
"the production design , score and choreography are simply intoxicating .","the prodution project , score and choreography are simply intoxicating .",1,2,True
"a penetrating , potent exploration of sanctimony , self-awareness , self-hatred and self-determination .","@ pen etrating , pot ent exploration of sanctimo ny , self-awaren ess , self-hatred and self-determination .",1,8,True
"smith's approach is never to tease , except gently and in that way that makes us consider our own eccentricities and how they are expressed through our homes .","smith's aproach 1s never to tease , leave out gently and in that way that makes America conside r our own eccentricities and how they are expressed through our homes .",1,5,True
"a fiercely clever and subtle film , capturing the precarious balance between the extravagant confidence of the exiled aristocracy and the cruel earnestness of the victorious revolutionaries .","a fier cely apt and subtle picture , capturing the precarious balance between the extravagant confidence of the exiled aristocracy and t he cruel earnestness of the victorious revolutionaries .",1,5,True
a movie that hovers somewhere between an acute character study and a trite power struggle .,a m ovie that hovers somewhere between an acu te character study and a trite power struggle .,0,2,True
"dodgy mixture of cutesy romance , dark satire and murder mystery .","dodgy mi xture of cutesy romance , dark satire and murder mystery .",1,1,True
the film's maudlin focus on the young woman's infirmity and her naive dreams play like the worst kind of hollywood heart-string plucking .,the film's maulin focus on the young woman's infirmity and her naive dreams play like the worst kind of hollywood heart-string plucking .,0,1,True
never once predictable .,ne ver one preictable .,0,3,True
". . . a good , if not entirely fresh , look at war .",". . . a good , if not enti rely fresh , look at war .",1,5,True
a captivating coming-of-age story that may also be the first narrative film to be truly informed by the wireless age .,axerophthol captivatin g coming-of-age story tat may also be the first narrative film to exist truly info rmed by the wireless age .,1,5,True
rather less than the sum of its underventilated père-fils confrontations .,rather les s than the sum of its underventilated père-fils confrontations .,0,1,True
"lends itself to the narcotizing bland ( sinister , though not nearly so sinister as the biennial disney girl movie ) machinations of the biennial disney boy movie .","lends itself to the narcotizing blad ( sinister , though not nearly so sinister as th e bie nnial disney girl movie ) machinations of the biennial disney boy movie .",0,4,True
"the movie attempts to mine laughs from a genre -- the gangster/crime comedy -- that wore out its welcome with audiences several years ago , and its cutesy reliance on movie-specific cliches isn't exactly endearing .","the movie attempts to mine laughs from a genre -- the gangster/crime comedy -- that wore out its welcome with audiences several years ago , and its cutesy re liance on movie-specific cliches isn't exactly endearing .",0,3,True
a poignant lyricism runs through balzac and the little chinese seamstress that transforms this story about love and culture into a cinematic poem .,a p oignant lyrcism runs through balzac and the little chinee seamstress that transforms this story about loe and culture into a cinematic poem .,1,5,True
"as hugh grant says repeatedly throughout the movie , 'lovely ! brilliant ! '","as h ugh grat says repeaedly throughout the movie , 'lovel y ! brilliant ! '",0,4,True
"swimming is above all about a young woman's face , and by casting an actress whose face projects that woman's doubts and yearnings , it succeeds .","s wimming is above all about a young woman's face , and by casting an actress whose face projects that woman's doubts and yearnings , it succeeds .",0,1,True
this sort of cute and cloying material is far from zhang's forte and it shows .,this sort of cu te and cl oying stuff is far from zhang's forte and it shows .,1,3,True
this is a movie so insecure about its capacity to excite that it churns up not one but two flagrantly fake thunderstorms to underscore the action .,this is amp movi e so insecure about its cpacity to excite that it churns up not one but two flagrantly fake thunderstorms to underscore the action .,0,3,True
the plot grinds on with yawn-provoking dullness .,the plt grinds along with y@wn-provoking dulln ess .,0,5,True
"an intelligent , multi-layered and profoundly humanist ( not to mention gently political ) meditation on the values of knowledge , education , and the affects of cultural and geographical displacement .","@n intell igent , multi-layer ed @nd prfoundly humanist ( not to mentin getly political ) meditation on the vales of knowledge , education , @nd the affects of cultural and geographical displacement .",1,16,True
"for all its plot twists , and some of them verge on the bizarre as the film winds down , blood work is a strong , character-oriented piece .","for all its plot twists , and some of them verge on the bizarre as th e film winds down , blood work is a strong , character-oriented piece .",0,1,True
the film's performances are thrilling .,the film's perfrmances are thrilli ng .,1,2,True
"william shatner , as a pompous professor , is the sole bright spot . . .","w illiam shaner , as a pompous professor , is the sole bright spot . . .",1,2,True
a modestly surprising movie .,a mdestly sur prising flick .,1,4,True
"on the whole , the movie lacks wit , feeling and believability to compensate for its incessant coarseness and banality .","on the whoe , the movie lacks wit , feeling and beievability to compensate for i ts incessant coarseness and banality .",0,4,True
the film was immensely enjoyable thanks to great performances by both steve buscemi and rosario dawson . . .,the shoot was immensely enjoyab le thanks to great prformances by both stve buscemi and rosario dawson . . .,1,5,True
generates an enormous feeling of empathy for its characters .,generaes an enomous feeling of emathy for its characters .,1,4,True
"ultimately , clarity matters , both in breaking codes and making movies . enigma lacks it .","ultimately , carity matters , both 1n breaking codes @nd making movies . enigma lacks it .",1,4,True
"a picture that extols the virtues of comradeship and community in a spunky , spirited fashion .","a pcture that extols the virtues of comradeship and community in a spunky , spirited fashion .",1,1,True
"'god help us , but capra and cooper are rolling over in their graves . '","'god help us , b ut capra and cooper are rolling over in their graves . '",0,1,True
jonathan parker's bartleby should have been the be-all-end-all of the modern-office anomie films .,jonathan parker's bart leby should have been the be-all-end-all of the modern-office anomie films .,0,1,True
the movie is essentially a series of fleetingly interesting actors' moments .,the pic 1s essenti ally a serie s of fleetingly interesting actors' moments .,1,4,True
"there's a reason the studio didn't offer an advance screening . "" the adventures of pluto nash "" is a big time stinker .","there's a reason the studio di dn't offer an advance screening . "" the adventures of pluto nash "" is a big time stinker .",1,1,True
the whole thing plays out with the drowsy heaviness of synchronized swimmer wearing a wool wetsuit .,the whol e thing p lays out with the drowy heaviness of synchronized swimmer wearing a wool wetsuit .,0,3,True
"rambles on in a disjointed , substandard fashion from one poorly executed action sequence to the next .","rambls along in a dsjointed , substadard fashion from one p oorly accomplish ation sequence to th e next .",0,11,True
"a confident , richly acted , emotionally devastating piece of work and 2002's first great film","a confidet , rchly ated , emotionally devastating piece of work and 2002's start great film",1,7,True
"the story , once it gets rolling , is nothing short of a great one .","the st ory , once it gets rolling , is nothing short of a great one .",0,1,True
one of the most important and exhilarating forms of animated filmmaking since old walt doodled steamboat willie .,one of the most important and exhilaratng forms of animated flmmaking since old w alt doodled steamboat willie .,1,5,True
its characters are thinner than cardboard -- or even comic-book paper .,IT characters are thinner than carboard -- or ev en coic-book papr .,0,7,True
throws in enough clever and unexpected twists to make the formula feel fresh .,throws in enough clever and unexpected gimmick to make the formula feel fresh .,1,1,True
a fascinating documentary that provides a rounded and revealing overview of this ancient holistic healing system,a fascinatig documntary that provide s a rounded and revealing overview of this ancint holistic heal ing sy stem,1,6,True
"rabbit-proof fence will probably make you angry . but it will just as likely make you weep , and it will do so in a way that doesn't make you feel like a sucker .","rabit-proof fene will probably make you angry . but it will just as likely make y ou weep , and it will do so in a way that doesn't make you feel like a sucker .",0,4,True
collapses under its own meager weight .,collases und er it s own meager weight unit .,0,4,True
equlibrium could pass for a thirteen-year-old's book report on the totalitarian themes of 1984 and farenheit 451 .,equlibrium could p ass for a thirteen-year-old's book report on the totalitarian themes of 1984 and farenheit 451 .,1,1,True
the fast runner' transports the viewer into an unusual space,the fas t runner' transports the viewer into an unusual space,1,1,True
not one moment in the enterprise didn't make me want to lie down in a dark room with something cool to my brow .,not one moment in the enterprise didnt make me want to lie down in a darkness r0om with something cool to my brow .,0,3,True
[grant] goes beyond his usual fluttering and stammering and captures the soul of a man in pain who gradually comes to recognize it and deal with it .,[gr ant] goes beyond his usual fluttering and stammering and captues the soul of a man in pan wh0 gradually comes to recognize it and deal with it .,1,5,True
completely creatively stillborn and executed in a manner that i'm not sure could be a single iota worse . . . a soulless hunk of exploitative garbage .,cmpletely creatively still born and exec uted in axerophthol maner that i'm not sure could be a si ngle iota worse . . . a soulle ss h unk of exploitative garbage .,0,11,True
"in his debut as a director , washington has a sure hand . his work with actors is particularly impressive .","in h1s debt as a director , washington has a sure hand . his wok with actors is particularly impressive .",1,4,True
"it just goes to show , an intelligent person isn't necessarily an admirable storyteller .","it simply goes to sow , Associate in Nursing 1ntelligent person isn't inevitably an admirabl e storyteller .",1,9,True
it appears that something has been lost in the translation to the screen .,it look that soething HA ben 1ost 1n th3 tr anslation to the scren .,0,11,True
"the movie is too cute to take itself too seriously , but it still feels like it was made by some very stoned college students .","th3 movi e is too cute to bring itself t0o earnestly , but it $till feels 1ike 1t was mde by some very stone colege students .",0,14,True
"sharp , lively , funny and ultimately sobering film .","shrill , livly , funny and ultimately sobering film .",1,4,True
"it's difficult to imagine that a more confused , less interesting and more sloppily made film could possibly come down the road in 2002 .","1t's dificult to imagine tat a more confused , less interesting and to a greater extent slopp ily take flm coul d possibly come down the road in 2002 .",0,14,True
"martin scorsese cria um espetáculo visual que não possui alma - um filme esteticamente belo , mas emocionalmente frio .","martn sorsese cria um espetáculo visual qu3 não possui alma - um filme esteticamente belo , mas emocionalmente frio .",1,4,True
"beautifully crafted and brutally honest , promises offers an unexpected window into the complexities of the middle east struggle and into the humanity of its people .","beautifu lly cra fted and brutaly hnest , prmises offers an unexpeted window into the complexities of the midway east struggle and into the humanity of its people .",1,8,True
fred schepisi's tale of four englishmen facing the prospect of their own mortality views youthful affluence not as a lost ideal but a starting point .,frd schepisi's tle 0f four englishmen facig the prospect of their own mortalty vews yothful affluence not as a lost ideal but a starting point .,1,7,True
"the film's strength isn't in its details , but in the larger picture it paints - of a culture in conflict with itself , with the thin veneer of nationalism that covers our deepest , media-soaked fears .","the film's strngth isn't in its details , but in the larger picture it paints - of a culture in conflict with itself , with the thin veneer of nationalism that covers our deepest , media-soaked fears .",1,1,True
"one of the most haunting , viciously honest coming-of-age films in recent memory .","one of th3 mot h@unting , savagely honest coming-o f-age film 1n recent memory .",1,9,True
a fleet-footed and pleasingly upbeat family diversion .,ampere f1eet-footed @nd pleasingly ubeat famiy recreation .,1,6,True
gere gives a good performance in a film that doesn't merit it .,ge re gives a good performance in a film that doesn't merit it .,1,1,True
"if anything , the film is doing something of a public service -- shedding light on a group of extremely talented musicians who might otherwise go unnoticed and underappreciated by music fans .","if anything , th e film is doing something of a public service -- shedding light 0n a group of ex tremely talen ted musicians who might otherwise go unnoticed and underappreciated by music fans .",0,4,True
late marriage's stiffness is unlikely to demonstrate the emotional clout to sweep u . s . viewers off their feet .,late marriage's stiffn ess is unlikely to demonstrate the emotional clout to sweep u . s . viewers 0ff their feet .,0,2,True
"sweet home alabama is one dumb movie , but its stupidity is so relentlessly harmless that it almost wins you over in the end .","sweet hoe Heart of Dixie is one dumb movi e , but 1ts stupidity is so relentlessly harmless that it almost wins you over in the end .",0,6,True
"long after you leave justine , you'll be wondering what will happen to her and wishing her the best -- whatever that might mean .","long afer you leave justne , you'll be wondering what will happen to her and wis hing her the best -- watever that might mean .",0,6,True
exposing the ways we fool ourselves is one hour photo's real strength .,exposing the was we fool ourselves is one hour photo's real strength .,1,1,True
. . . works on some levels and is certainly worth seeing at least once .,. . . w orks along some l evels and is certainy worth seeing at least once .,0,7,True
no doubt the star and everyone else involved had their hearts in the right place . where their heads were is anyone's guess .,n0 doubt the st ar and everyone else involved had their harts in the right place . where their heads were is anyon's guess .,0,4,True
a wordy wisp of a comedy .,a wordy wisp of a co medy .,0,1,True
cho continues her exploration of the outer limits of raunch with considerable brio .,c ho continues her eploration of the o uter limits of raunch with considerable brio .,1,3,True
woody allen used to ridicule movies like hollywood ending . now he makes them .,wooy a llen ued to ridcule moves like hollywood endi ng . now he makes them .,0,7,True
"essentially , the film is weak on detail and strong on personality","essntially , the film is weak along detail and strong 0n personality",0,6,True
"it is nature against progress . in fessenden's horror trilogy , this theme has proved important to him and is especially so in the finale .","it is na ture against progress . in fessenden's horror trilogy , this theme has proved important to him and is especially so in the finale .",1,1,True
"nonsensical , dull "" cyber-horror "" flick is a grim , hollow exercise in flat scares and bad acting .","cockeyed , du ll "" cyber-horror "" flick is a relentless , hollw exercise in flat pit and bad acting .",0,8,True
a thinly veiled excuse for wilson to play his self-deprecating act against murphy's well-honed prima donna shtick .,a thin ly viled excuse for wilon to play his self-dperecating act aainst murphy's well-honed prima donna sh tick .,0,10,True
"made to be jaglomized is the cannes film festival , the annual riviera spree of flesh , buzz , blab and money . the charming result is festival in cannes .","made to be jaglomized is the canne s film festi val , the annual riviera spree of flesh , buzz , blab and money . the charming result is festival in cannes .",1,2,True
allen shows he can outgag any of those young whippersnappers making moving pictures today .,alln s hows atomic number 2 privy outgag any of those youg whippersnappers making movi ng pictures today .,1,6,True
probes in a light-hearted way the romantic problems of individuals for whom the yearning for passion spells discontent .,probs in a ligt-hearted way the romantic trouble of individuals for whom the yearning for passin patch discontent .,1,8,True
"a witty , trenchant , wildly unsentimental but flawed look at the ins and outs of modern moviemaking .","a wity , trnchant , wildly usentimental but flawed look at the ins and outs of modern moviemaking .",1,6,True
"in between all the emotional seesawing , it's hard to figure the depth of these two literary figures , and even the times in which they lived . but they fascinate in their recklessness .","in btween all the emotinal seesawing , it's hard to figure the depth of these II literary figures , and even the times in which they lived . but they fascinate in their recklessness .",1,4,True
"personal velocity has a no-frills docu-dogma plainness , yet miller lingers on invisible , nearly psychic nuances , leaping into digressions of memory and desire . she boxes these women's souls right open for us .","personal vel ocity has a no-frills docu-dogma plainness , yet miller lingers on invisible , nearly psyc hic nuances , leaping into digressions 0f memory and desire . she boxes these women's souls right open for us .",1,3,True
i cry for i spy -- or i would if this latest and laziest imaginable of all vintage-tv spinoffs were capable of engendering an emotional response of any kind .,i c ry for i spy -- or i would if this latest and laziest imaginable of all vintage-tv spinoffs were capable of enendering an emotional response of any kind .,0,3,True
good-looking but relentlessly lowbrow outing plays like clueless does south fork .,good-lookig but relentlessly lowbrw outig pays 1ike c lueless des souh fok .,0,12,True
a rarity among recent iranian films : it's a comedy full of gentle humor that chides the absurdity of its protagonist's plight .,a rrity aong recent iranian motion-picture show : it's type A comedy full of gentle humor that chides the absurdity of its protagonist's plight .,1,5,True
"you could say that it's slow at times , you could say that a few of the characters act in ways that real people wouldn't , but one thing you couldn't say is that alias betty is predictable .","you could say that i's sow at times , you could say that a few 0f the characters act in ways that real people wouldn't , but one thing you couldn't say is that alias betty is predictable .",0,5,True
francophiles will snicker knowingly and you'll want to slap them .,francophiles testament snicker knowingly and you' ll want to slap them .,0,2,True
formula 51 is so trite that even yu's high-energy action stylings can't break through the stupor .,formula 51 is so t rite that even yu's high-energy action stylings can't break through the stupor .,0,1,True
"texan director george ratliff had unlimited access to families and church meetings , and he delivers fascinating psychological fare .","texan direcor geor ge ratliff had unlimited access to families and c hurch meetings , and he deli vers fascin ating psychological fare .",1,5,True
"wedding feels a bit anachronistic . still , not every low-budget movie must be quirky or bleak , and a happy ending is no cinematic sin .","wedding feels a bit anachronistic . still , not every low-budgt movie must be quirky operating room bleak , and a happy ending is no cinematic sin .",0,5,True
writer and director otar iosseliani's pleasant tale about a factory worker who escapes for a holiday in venice reveals how we all need a playful respite from the grind to refresh our souls .,write r and direcor otar iosseliani's pleasant tale about a factory worker who escapes for a ho liday in venice reveals how we all need a playful respite from the grind to refresh our souls .,1,3,True
an intimate contemplation of two marvelously messy lives .,an intim ate contemplati on of two marvelously messy lives .,1,2,True
a captivating and intimate study about dying and loving . . .,a captivatng and intiate stdy about dying and lo ving . . .,1,5,True
"with nary a glimmer of self-knowledge , [crane] becomes more specimen than character -- and auto focus remains a chilly , clinical lab report .","with nary vitamin A glimmer of self-knowledge , [crane] becomes more specimen than character -- and auto focus remains a chilly , clinical lab report .",1,2,True
"a powerful and telling story that examines forbidden love , racial tension , and other issues that are as valid today as they were in the 1950s .","type A powerfu l and telling story that examines forbidden lve , racial tension , and other issues that comprise as valid now as they were in the 1950s .",1,8,True
it seems like i have been waiting my whole life for this movie and now i can't wait for the sequel .,it sems lke single deliver been wait ing my who le life for this picture and now i ca n't wait for the continuation .,0,12,True
"with we were soldiers , hollywood makes a valiant attempt to tell a story about the vietnam war before the pathology set in .","with we wee soldier s , hollywood makes a valiant attempt to tell a story about the vienam war before the pathology set in .",0,4,True
"i prefer soderbergh's concentration on his two lovers over tarkovsky's mostly male , mostly patriarchal debating societies .","unity prefr soderbergh's c oncentration along h is two loves over tarkovsky's m ostly mle , mostly patriarchal debating societies .",0,8,True
a riveting documentary .,a rieting docmentary .,1,2,True
. . . too dull to enjoy .,. . . to o dull to enjoy .,0,4,False
jarecki and gibney do find enough material to bring kissinger's record into question and explain how the diplomat's tweaked version of statecraft may have cost thousands and possibly millions of lives .,jarecki and gib ney do find enough material to bring kissinger's record into question and explain how the diplomat's tweaked version of statecraft may have cost thousands and possibly millions of lives .,1,1,True
"abandon spends 90 minutes trying figure out whether or not some cocky pseudo-intellectual kid has intentionally left college or was killed . the only problem is that , by the end , no one in the audience or the film seems to really care .","aba ndon s pends ninety minut es tring fgure out whether or not some coky pseudo-intellectual k1d has intentiona lly 1eft collge or was kiled . the only problem is that , by the end , no one in the audience or the film seems to really care .",0,42,False
i was impressed by how many tit-for-tat retaliatory responses the filmmakers allow before pulling the plug on the conspirators and averting an american-russian armageddon .,one wa s impressed by how many tit-for-tat retaliatory resonses the filmmakers allow before pulling the p lug on the conspirators and averting an ameican-russian armageddon .,0,6,True
manages to be sweet and wickedly satisfying at the same time .,manages to b3 swet and wic kedly sati sfying at the same time .,1,4,True
"a real story about real people living their lives concerned about the future of an elderly , mentally handicapped family member .","a rattling stry about real people liing their lives concerned about the future of an elderly , mentally handicapped family member .",1,4,True
"be prepared to cling to the edge of your seat , tense with suspense . the ring never lets you off the hook .","be prepared to cling to the edge of your sea t , tense with suspense . the ring never lets you off the hook .",1,1,True
i can easily imagine benigni's pinocchio becoming a christmas perennial . coal isn't as easy to come by as it used to be and this would be a worthy substitute for naughty children's stockings .,i can ea sily imagine benigni's pinocchio becoming a christmas perennial . coal isn't as easy to come by as it used to be and this would be a worthy substitute for naughty children's stockings .,1,1,True
"unexpected moments of authentically impulsive humor are the hallmark of this bittersweet , uncommonly sincere movie that portrays the frank humanity ofemotional recovery .","unepected momnts 0f authentical ly imulsive hmor are the hallmark of this bitersweet , unommonly sincere motion-picture show that portrays the frank humanity 0f emotional recovery .",1,10,True
"john carlen's script is full of unhappy , two-dimensional characters who are anything but compelling .","john carlen's scrit is full of unhappy , two-dimensional characters who are anything but compelling .",0,1,True
"although the sequel has all the outward elements of the original , the first film's lovely flakiness is gone , replaced by the forced funniness found in the dullest kiddie flicks .","although th e seq uel has all the outward elements of the oiginal , the first flm's lovely flakiness is gone , replaced by the forced funniness found in the dullest kiddie flicks .",0,4,True
"a tender and touching drama , based on the true story of a troubled african-american's quest to come to terms with his origins , reveals the yearning we all have in our hearts for acceptance within the family circle .","adenine bid @nd touhing dama , base on th3 tue story of a troubld african-american's qust to come to terms with his origins , reveals the yearning we all have in our hearts for acceptance within the family circle .",1,11,True
"the soupy end result has the odd distinction of being playful without being fun , too .","the soupy 3nd resut has the od d distinction of being playful without being fun , too .",0,5,True
"like its title character , esther kahn is unusual but unfortunately also irritating .","like its title character , esther kahn is unusual but unfortunately als o irritating .",0,1,True
"none of this is meaningful or memorable , but frosting isn't , either , and you wouldn't turn down a big bowl of that , would you ?","none of this is meaningful or memorable , but frosting isn't , either , and you wouldn't turn d own a big bowl of that , would you ?",0,2,True
"the film has the high-buffed gloss and high-octane jolts you expect of de palma , but what makes it transporting is that it's also one of the smartest , most pleasurable expressions of pure movie love to come from an american director in years .","the f ilm has the high-buffed gloss and high-octane jolts you expect of de palma , but what makes it transporting is that it's also one of the smartest , most pleasurable expressions of pure movie love to come from an american director in years .",1,1,True
"brash , intelligent and erotically perplexing , haneke's portrait of an upper class austrian society and the suppression of its tucked away demons is uniquely felt with a sardonic jolt .","bash , intellgent a nd eotically perplexing , haneke's portrait 0f an upper class austrian society and the suppressi on of its tcked away dmons is uniquely felt with a sardonic jolt .",1,11,True
a rather average action film that benefits from several funny moments supplied by epps .,a rather aerage action movie that benefits from several funny moments supplied by epp s .,1,3,True
"you can watch , giggle and get an adrenaline boost without feeling like you've completely lowered your entertainment standards .","you can wath , giggle and get an adrenaline boost without feeling like you've completely let down your entertainment standards .",1,2,True
"though the book runs only about 300 pages , it is so densely packed . . . that even an ambitious adaptation and elaborate production like mr . schepisi's seems skimpy and unclear .","though the book runs only about 300 pages , it is thence densely packed . . . that even an ambitious adaptation and elaborate production like mr . schepisi's seems skimpy and unclear .",1,1,True
the movie is . . . very funny as you peek at it through the fingers in front of your eyes .,the mo vie cost . . . very funny as you peek at it through the fingers in fron t of your eyes .,1,4,True
""" men in black ii , "" has all the earmarks of a sequel . the story is less vibrant , the jokes are a little lukewarm , but will anyone really care ?",""" m3n inch blcak ii , "" own all the earmars of a sequel . th e story is less vibrant , the jokes are a little lukewarm , but will anyone really care ?",0,7,True
"to the film's credit , the acting is fresh and unselfconscious , and munch is a marvel of reality versus sappy sentiment .","to the film's cred it , the acting is fresh and unselfconscious , and munch is a marvel of reality versus sappy sentiment .",1,1,True
there is greatness here .,there is gretness here .,1,1,True
it's unlikely we'll see a better thriller this year .,its unconvincing we'll see a better thriler this year .,1,3,True
a moving and weighty depiction of one family's attempts to heal after the death of a child .,a moving and heavy depiction of one family's attempts to heal after the death of a child .,1,1,True
"while not all that bad of a movie , it's nowhere near as good as the original .","while n ot all that bad of @ mvie , it's nwhere near as good as th e original .",0,7,True
"an earnest racial-issues picture that might have gotten respectful critical praise in a different era -- say , the '60s .","@n earest racial-issues fancy that might have gotten respectful citical praise in a different era -- say , the '60s .",1,6,True
some motion pictures portray ultimate passion ; others create ultimate thrills . men in black ii achieves ultimate insignificance -- it's the sci-fi comedy spectacle as whiffle-ball epic .,some motion characterization portray ultimate passion ; others create ultimate th rills . men in black 1i achieves ulti mate insignificance -- it's t he sci-fi comedy spectacle as whiffle-ball epic .,1,6,True
"de ayala is required to supply too much of the energy in a film that is , overall , far too staid for its subject matter .","d3 ayala is reqired t0 suppy t0o much of the vim in a picture that 1s , overall , far too stad for its subject matter .",0,11,True
"that neither protagonist has a distinguishable condition hardly matters because both are just actory concoctions , defined by childlike dimness and a handful of quirks .","that neither prot agonist has a distinguishable condition hardly matters because both are just actory concoctions , defined by childlike dimness and a handful of quirks .",0,1,True
an affectionately goofy satire that's unafraid to throw elbows when necessary . . .,an affectionately g oofy satire that's unafraid to throw elbows when necessary . . .,0,2,True
"the director knows how to apply textural gloss , but his portrait of sex-as-war is strictly sitcom .","the theater director knows how to apply textural gloss , but his portrait of sex-as-war is strictly sitcom .",0,1,True
the movie is ingenious fun . see it .,the mov ie 1s ingnious f un . see it .,1,4,True
while the plot follows a predictable connect-the-dots course . . . director john schultz colors the picture in some evocative shades .,while the plot of ground follows a predictable connect-the-dots course . . . director john schultz colors th3 picture in some evocative shades .,1,2,True
it drowns in sap .,it drows in s ap .,0,2,True
the plot is romantic comedy boilerplate from start to finish .,the plt is romantic comedy boilerplate from start to finish .,0,1,True
"confuses its message with an ultimate desire to please , and contorting itself into an idea of expectation is the last thing any of these three actresses , nor their characters , deserve .","confuses its me ssage with an ultimate desire to please , and contorting itself into an idea of expectation is the last thing any of these three actresses , nor their characters , deserve .",0,1,True
"so we got ten little indians meets friday the 13th by way of clean and sober , filmed on the set of carpenter's the thing and loaded with actors you're most likely to find on the next inevitable incarnation of the love boat .","so we got ten little indi ans meets friday the 13th by way of clean and sober , filmed on the set of carpenter's the thing and loaded with actors you're most likely to find on the next inevitable incarnation of the love boat .",1,1,True
". . . generically , forgettably pleasant from start to finish .",". . . generically , forgetta bly pleasant from start to finish .",0,6,True
it's a refreshing change from the self-interest and paranoia that shape most american representations of castro .,its a refreshi ng change from the self-interest and paranoia that shape most american histrionics of castro .,1,3,True
"if a few good men told us that we "" can't handle the truth "" than high crimes poetically states at one point in this movie that we "" don't care about the truth . ""","if @ few good men told us that we "" can't handle the truth "" thn high crimes poetically states at one point in this movie that we "" don't care about the truth . """,1,4,True
an instantly forgettable snow-and-stuntwork extravaganza that likely will be upstaged by an avalanche of more appealing holiday-season product .,an instantly forgettable snow-and-stuntw ork extravaganza that likely will be upstaged by an avalanche of more appealing holiday-season product .,0,1,True
"writer/director joe carnahan's grimy crime drama is a manual of precinct cliches , but it moves fast enough to cover its clunky dialogue and lapses in logic .","writer/director joe c@rnahan's grimy crime drama is a manual of precinct cliches , but it travel fast enough to cover its cluky dilogue and lapses in logic .",0,8,True
a sad and rote exercise in milking a played-out idea -- a straight guy has to dress up in drag -- that shockingly manages to be even worse than its title would imply .,@ sa d and ro te exrcise in milking a played-out idea -- a straight g uy has to d ress up in drag -- that shockingly manages to be even worse than its title would imply .,0,6,True
if you enjoy more thoughtful comedies with interesting conflicted characters ; this one is for you .,if y0u enjy more thoghtful comedies with interesting conflicted character ; this one is for you .,1,5,True
this is nothing but familiar territory .,thi s is n othing but familiar territ ory .,0,4,True
the only thing scary about feardotcom is that the filmmakers and studio are brazen enough to attempt to pass this stinker off as a scary movie .,the only thing $cary about feardotcom is that the filmmake rs and studio are brazen enough t0 atempt to pass this stinker off as a scary movie .,0,4,True
"it challenges , this nervy oddity , like modern art should .","it challengs , tis nery oddity , same modern art should .",1,6,True
"a film of empty , fetishistic violence in which murder is casual and fun .","a moving picture of empty , fetishistic violence in which murder is casual and fun .",0,1,True
"since the movie is based on a nicholas sparks best seller , you know death is lurking around the corner , just waiting to spoil things .","since the m ovie is based on a nicholas sparks best sel ler , you know death 1s lurking around the corner , just waiting to spoil things .",0,3,True
"the enjoyable undercover brother , a zany mix of saturday night live-style parody , '70s blaxploitation films and goofball action comedy gone wild , dishes out a ton of laughs that everyone can enjoy .","the enjoyabe undercover brother , a zany mix of saturday night live-style parody , '70s blaxploiation films and goofball action comedy gone wild , dishes out a ton of laughs that everyone can enjoy .",1,2,True
"the funny thing is , i didn't mind all this contrived nonsense a bit .","the funny matter live , i didn't mind all this contriv ed nonsense a bit .",0,7,True
melanie eventually slugs the yankee . too bad the former murphy brown doesn't pop reese back .,melanie finally slugs the yankee . t0o bad the former murpy bro wn doesn't pop reese back .,0,7,True
the basic premise is intriguing but quickly becomes distasteful and downright creepy .,the b@sic premise is intriguing but quickly becomes distasteful and downright creepy .,0,1,True
the picture doesn't know it's a comedy .,the picture do esn't know it's a comedy .,0,1,True
i'm not sure which will take longer to heal : the welt on johnny knoxville's stomach from a riot-control projectile or my own tortured psyche .,i'm n0t trusted which will take longer to cure : the welt on johnny knox ville's stomach from a riot-control projectile or my own tortured psyche .,0,6,True
"kwan makes the mix-and- match metaphors intriguing , while lulling us into torpor with his cultivated allergy to action .","k wan makes the mix-and- match metaphors intriguing , while luling us into torpor with his cultiated allergy to action .",1,3,True
pray's film works well and will appeal even to those who aren't too familiar with turntablism .,pray's fim wrks wll and will appel even to those who aren't too familiar with turntablism .,1,4,True
suffers from unlikable characters and a self-conscious sense of its own quirky hipness .,suf fers from unlika ble charac ters and a self-conscious sense of its own quirky hipness .,0,3,True
"a triumph , a film that hews out a world and carries us effortlessly from darkness to light .","angstrom unit triumh , @ fi lm that hews out @ world and carries u$ effortlessly from d@rkness to light .",1,10,True
"an action/thriller of the finest kind , evoking memories of day of the jackal , the french connection , and heat .","an actiont/hriller 0f the finest kind , evoking memoris of day of the jackal , t he french connection , and heat .",1,4,True
an unintentionally surreal kid's picture . . . in which actors in bad bear suits enact a sort of inter-species parody of a vh1 behind the music episode .,an unitentionally surreal kid's pict ure . . . in which actors atomic number 49 bad bear suits enct @ sort of inter-species parody of a vh1 behind the music episode .,0,8,True
may be the most undeserving victim of critical overkill since town and country .,m ay be the most undeserving victim of critical overkill since town and country .,1,1,True
"to build a feel-good fantasy around a vain dictator-madman is off-putting , to say the least , not to mention inappropriate and wildly undeserved .","to establish a fee-good fantasy around a vain dicttor-madman is off-putting , to sa y the laest , n0t to mention inappr opriate an d wildly undeserved .",0,14,True
"it celebrates the group's playful spark of nonconformity , glancing vividly back at what hibiscus grandly called his 'angels of light . '","it lionize the group's playul spark of nonconformity , glancing vividly back at what hibiscus grandly called his 'angels of light . '",1,2,True
well-done supernatural thriller with keen insights into parapsychological phenomena and the soulful nuances of the grieving process .,w3ll-done suprnatural thriler wth k3en isights into parapsychological phenomena and the soulful nuan ces of the grievig proc ess .,1,12,True
psychologically revealing .,psychologically reve aling .,1,1,True
"this isn't a narrative film -- i don't know if it's possible to make a narrative film about september 11th , though i'm sure some will try -- but it's as close as anyone has dared to come .","this isn't a narrative film -- i don't know if it's possible to make a narrativ e film about september 11th , though i'm sure some will try -- but it's as close as anyone has dared to come .",0,1,True
"nemesis suffers from a paunchy midsection , several plodding action sequences and a wickedly undramatic central theme .","nemesis sffers from a paunchy midsection , seveal plodding acion sequences and a wickedly undramatic key theme .",0,4,True
". . . best seen as speculative history , as much an exploration of the paranoid impulse as a creative sequel to the warren report .",". . . b est seen as speculative history , as much an exploration of the paranoid impulse as a creative sequel to the warren report .",1,2,True
barely gets off the ground .,barely get s of f the groun d .,0,3,True
[stephen] earnhart's film is more about the optimism of a group of people who are struggling to give themselves a better lot in life than the ones they currently have .,[stehen] earnhart's flm is more about the optimism of a group of people who are struggling to give themselves a better lot in life than the ones they currently have .,1,2,True
"somehow we're meant to buy that this doting mother would shun her kids , travel to one of the most dangerous parts of the world , don fatigues and become g . i . jane .","somehow we're meant to bu y that this doting mother would shun her kids , travel to one of the most dangerous parts of the world , don fatigues and become g . i . jane .",0,1,True
"it's a cool event for the whole family . maybe not a classic , but a movie the kids will want to see over and over again .","it 's a col event for the whole family . maybe not a classic , but a movie the kids will want to see over and over again .",1,2,True
"i'm sure the filmmaker would disagree , but , honestly , i don't see the point . it's a visual rorschach test and i must have failed .","i'm sure the filmm aker would disagree , but , hones tly , i don't see the po int . it's a visual rorschach test and i must have failed .",0,3,True
"as his circle of friends keeps getting smaller one of the characters in long time dead says 'i'm telling you , this is f * * * ed' . maybe he was reading the minds of the audience .","as his circ le of friends keeps getting smaller one of the characters in long time d ead says 'i'm telling you , this is f * * * ed' . maybe he was reading the minds of the audience .",1,2,True
"a movie you observe , rather than one you enter into .","a m ovie you observe , rather than one you enter into .",0,1,True
"as commander-in-chief of this film , bigelow demonstrates a breadth of vision and an attention to detail that propels her into the upper echelons of the directing world .","as commander-in-chief 0f tis film , big elow dem onstrates a breadth of vision @nd an attention to detail tat propels her into th3 upper echelons of the directing world .",1,10,True
visually captivating .,visully captiv ating .,1,2,True
. . . another example of how sandler is losing his touch .,. . . another exercise of how sandler is losing his touch .,1,1,True
one just waits grimly for the next shock without developing much attachment to the characters .,one just wa its g rimly for the next shock without developing much bond to the characters .,0,3,True
the most anti-human big studio picture since 3000 miles to graceland .,the most atni-human prominent studio picture since 3000 miles to graceland .,0,2,True
"it dares to be a little different , and that shading is what makes it worthwhile .","it d ares t0 be a little different , and that shading is what ma kes it worthwhile .",1,3,True
"the most hopelessly monotonous film of the year , noteworthy only for the gimmick of being filmed as a single unbroken 87-minute take .","the most hop elessly monot onous film of the year , noteworthy only for the gimmick of being filmed as a single unbroken 87-minute take .",0,2,True
the script falls back on too many tried-and-true shenanigans that hardly distinguish it from the next teen comedy .,the hand flls back on too many tried-and-true shenanigans tat scarcely distinguish it from the n3xt teen comedy .,0,7,True
"if you're content with a clever pseudo-bio that manages to have a good time as it doles out pieces of the famous director's life , eisenstein delivers .","if you'e content with a clever pseudo-bio that manages to have a good time as it doles out pieces of the famous director's life , eisenstein delivers .",1,1,True
"dogtown and z-boys more than exposes the roots of the skateboarding boom that would become "" the punk kids' revolution . ""","dogtown and zb-oys more than exposes the roots of the skateboarding boom that would become "" the punk kids' revolution . """,1,1,True
the characters are paper thin and the plot is so cliched and contrived that it makes your least favorite james bond movie seem as cleverly plotted as the usual suspects .,the character s be theme thin and the p1ot is so cliched and contrived that it makes your least favorite jams b ond m ovie seem as cleverly plotted as the usual suspects .,0,8,True
a lot smarter than your average bond .,a l ot smarte r than your average bond .,0,2,True
plays like a checklist of everything rob reiner and his cast were sending up .,pays like angstrom unit checklist of everything rob reiner and his cst were sending up .,0,4,True
"its simplicity puts an exclamation point on the fact that this isn't something to be taken seriously , but it also wrecks any chance of the movie rising above similar fare .","its si mplicity puts an exclamation point on the fact that this isn't something to be taken seriously , but it also wrecks any chance of the movie rising above similar fare .",1,1,True
"to the degree that ivans xtc . works , it's thanks to huston's revelatory performance .","to the degee that ivans go . woks , it's thanks to huston's revelatory performance .",1,4,True
"pumpkin takes an admirable look at the hypocrisy of political correctness , but it does so with such an uneven tone that you never know when humor ends and tragedy begins .","pmpkin takes Associate in Nursing admirable look at the hypocrisy of political correctness , but it does so with such an uneven tone that you never know when humor ends and tragedy begins .",1,2,True
"escaping the studio , piccoli is warmly affecting and so is this adroitly minimalist movie .","escaping the studio apartment , piccoli cost warmly affecting and so is th is adroitly minmalist movie .",1,5,True
ian holm conquers france as an earthy napoleon,ian h olm conquers france as an earthy napoleon,0,1,True
"the heat of the moment prevails . it cooks conduct in a low , smoky and inviting sizzle .","the heat 0f the moment rule . it cokos conduct in a low , smoky @nd inviting sizzle .",1,7,True
"all in all , brown sugar is a satisfying well-made romantic comedy that's both charming and well acted . it will guarantee to have you leaving the theater with a smile on your face .","all in completely , bro wn sugar is a satisfying well-made romntic cmedy that' s both charmi ng and well acted . it will guarantee to have you leaving the theater with a smile on your face .",1,8,True
"as comedic spotlights go , notorious c . h . o . hits all the verbal marks it should .","as comed ic spotlights go , notorious ampere-second . h . o . hits all the verbal marks it should .",1,2,True
"[allen's] been making piffle for a long while , and hollywood ending may be his way of saying that piffle is all that the airhead movie business deserves from him right now .","[allen's] been making piff le for a long while , an d hollywood ending may b3 his way of saying that piffle is all that the airhead movie business deserves from him right now .",0,3,True
"what with the incessant lounge music playing in the film's background , you may mistake love liza for an adam sandler chanukah song .","what with the incessant lounge music paying in the film's background , you may mistake love liza for an aam sandler chanukah song .",1,4,True
"while tattoo borrows heavily from both seven and the silence of the lambs , it manages to maintain both a level of sophisticated intrigue and human-scale characters that suck the audience in .","while ta ttoo borrows heavily from both seven and the silene of the lambs , it manages to maintain both a level 0f sophisticat ed intrigue and human-scale characters that suck the audience in .",1,5,True
"dragonfly has no atmosphere , no tension -- nothing but costner , flailing away . it's a buggy drag .","dragonfly has n0 atmosphere , no tension -- nothig but costner , flailing away . it's a buggy drag .",0,5,True
"as the dominant christine , sylvie testud is icily brilliant .","as th3 dominant christine , sylvie test ud is i cily brilliant .",1,3,True
[u]nrelentingly stupid .,[un]relentingly stupid .,0,2,False
"audiences conditioned to getting weepy over saucer-eyed , downy-cheeked moppets and their empathetic caretakers will probably feel emotionally cheated by the film's tart , sugar-free wit .","audiences conditioned to getting we epy over saucer-eyed , downy-cheeked moppets and their empathetic caretakers will probably feel emotionally cheated by the film's tart , sugar-free wit .",0,1,True
bielinsky is a filmmaker of impressive talent .,bielinsky 1s a filmmker of impr essive tal ent .,1,5,True
the sweetest thing leaves a bitter taste .,the swe etest thing leaves a bitter taste .,1,1,True
does little to elaborate the conceit of setting this blood-soaked tragedy of murderous ambition in the era of richard nixon .,does litte to elaborate the conceit of setting this blood-soa ked tragedy of murderous ambition in the era of richard nixon .,0,2,True
"the criticism never rises above easy , cynical potshots at morally bankrupt characters . . .","the critic ism never riss above easy , cynical potshots @t morally bankupt characters . . .",0,5,True
shankman . . . and screenwriter karen janszen bungle their way through the narrative as if it were a series of bible parables and not an actual story .,shankman . . . and screenwriter karen janszen bungle their direction through the narative as if information technology were a series of bible parables and not an actual story .,1,8,True
uzumaki's interesting social parallel and defiant aesthetic seems a prostituted muse . . .,uzumaki's inter esting soial parallel and def iant aestheic seems a prostituted muse . . .,1,4,True
"moore's complex and important film is also , believe it or not , immensely entertaining , a david and goliath story that's still very much playing itself out .","moore's com plex and imprtant movie is also , believe it or not , immensely entertain ing , a david an d goliath story that's still very much playing itself out .",1,6,True
"satin rouge is not a new , or inventive , journey , but it's encouraging to see a three-dimensional , average , middle-aged woman's experience of self-discovery handled with such sensitivity .","stin r ouge is not a new , or inventive , journey , but it's encouraging t0 examine a three-dimensional , average , middle-aged woman's experience of self-discovery handled with such sensitivity .",1,5,True
"featuring a dangerously seductive performance from the great daniel auteuil , "" sade "" covers the same period as kaufmann's "" quills "" with more unsettlingly realistic results .","have a d@ngerously sedutive per formance from the great daniel auteuil , "" sade "" covers the same period as kaufmann's "" quills "" with more unsettlingly realistic results .",1,5,True
all these developments and challenges facing santa weigh down the plot so heavily that they drain all the film of its energy and needlessly strain credibility .,all these developments and challenges present santa weigh down the plt so heavily that they drain all the film of its enery and needlessly strain credibility .,0,9,True
the biggest problem with this movie is that it's not nearly long enough .,the bigges t problm with this mvie is that i's not nearly long enough .,0,4,True
"pc stability notwithstanding , the film suffers from a simplistic narrative and a pat , fairy-tale conclusion .","pc stability notwithstanding , the film suffers from a simplistic narrative and a pa t , fairy-tale conclusion .",1,1,True
the iditarod lasts for days - this just felt like it did .,th3 iditarod lasts for daytime - this jut felt ilk 1t did .,0,9,True
woo's fights have a distinct flair . his warriors collide in balletic explosion that implies an underlying order throughout the chaos .,woo's fighting have a distinct flir . hi s warriors collide in balletc explosion that implies @n underlying order throughout the chaos .,1,6,True
the trashy teen-sleaze equivalent of showgirls .,th3 trasy teen-sle aze equivalent of showgir ls .,0,6,False
"this is an ungainly movie , ill-fitting , with its elbows sticking out where the knees should be .","this is @n ungainly movie , ill-fitting , with it s elbows sticking out where the knees should be .",0,2,True
"when one hears harry shearer is going to make his debut as a film director , one would hope for the best","when one hears harry shearer is going to make his debut as a fil m director , one would hope for the best",1,1,True
"not quite as miraculous as its dreamworks makers would have you believe , but it more than adequately fills the eyes and stirs the emotions .","not q uite as miraculous as its dreamworks makers would have you believe , but it more than adequately fills the eyes and stirs the emotions .",0,1,True
"the movie , like bartleby , is something of a stiff -- an extra-dry office comedy that seems twice as long as its 83 minutes .","th3 move , lik e bartleby , is something of a siff -- Associate in Nursing exrta-dry office comdy that seems twice as lng @s its 83 minutes .",0,14,True
"gives you the steady pulse of life in a beautiful city viewed through the eyes of a character who , in spite of tragic loss and increasing decrepitude , knows in his bones that he is one of the luckiest men alive .","gives yo u th3 steay pulse of lie in a beauti ful city viewed through the eyes 0f a chracter who , in spite of tragic loss and increasing decrepitude , knows in his bones that he is one of the luckiest men alive .",1,9,True
"shatner is probably the funniest person in the film , which gives you an idea just how bad it was .","shatne r is probably the funniest person in the film , which gives you an idea just how bad it was .",1,1,True
"the heedless impetuousness of youth is on full , irritating display in [this] meandering and pointless french coming-of-age import from writer-director anne-sophie birot .","the heedless impetuousness of youth is on full , irritating display in [this] meandering and poitless french coming-of-age import from writer-director anne-sophie birot .",0,1,True
"a vile , incoherent mess . . . a scummy ripoff of david cronenberg's brilliant 'videodrome . '","a vie , incoerent me ss . . . a scummy rioff of daid cronenberg's brilliant 'videodrome . '",0,8,True
"gorgeous scenes , masterful performances , but the sickly sweet gender normative narrative left an acrid test in this gourmet's mouth .","gorgeos senes , masterf ul performances , but the sickly sweet gender normative narrative left an acrid test in this gourmet's mouth .",1,4,True
"the best you can say about it is it's so uninspired , it barely gives one pause when considering some of the other dreck out there right now .","the best you can say about it is it's so uninspi red , it barely gives on e pause when considering some of the other dreck out there right now .",0,4,True
"a lot of the credit for the film's winning tone must go to grant , who hasn't lost a bit of the dry humor that first made audiences on both sides of the atlantic love him .","@ lo t 0f the credit rating for the film's winning tone must go to grant , who hasn't lost a bit of the dry humor that first made audiences on both sides of the atlantic love him .",1,6,True
"given that both movies expect us to root for convicted violent felons over those assigned to protect us from same , we need every bit of sympathy the cons can muster ; this time , there isn't much .","given that both moving-picture show expect us to root for convicted violent felons over those assigned to protect us from same , we need every bit of sympathy the cons can muster ; this time , there isn't much .",1,1,True
mostly the film is just hectic and homiletic : two parts exhausting men in black mayhem to one part family values .,mostly the f ilm is just hectic and homiletic : two parts exhausting men in black mayhem to one part family values .,0,1,True
"devos and cassel have tremendous chemistry -- their sexual and romantic tension , while never really vocalized , is palpable .","devos @nd cassel have tremndous cemistry -- teir sexual and romantc tension , patch never realy vocalied , is palpable .",1,10,True
"a bittersweet film , simple in form but rich with human events .","a bittersw eet fil m , simple in form but rich wth human events .",1,4,True
this idea has lost its originality . . . and neither star appears very excited at rehashing what was basically a one-joke picture .,this thought receive lost information technology originality . . . and neither star appears very excited at rehashing what was basiclly a one-joke picture .,0,8,True
"a smart , sweet and playful romantic comedy .","a $mart , swee t @nd plyful roman tic comedy .",1,7,True
dolman confines himself to shtick and sentimentality -- the one bald and the other sloppy .,dolman confine s himslf t0 shtik and sentimentaliy -- the one bald and the former sloppy .,0,6,True
leaves viewers out in the cold and undermines some phenomenal performances .,leaves viewe rs out in the cold and undermines some phenomenal performnces .,1,2,True
"chicago offers much colorful eye candy , including the spectacle of gere in his dancing shoes , hoofing and crooning with the best of them .","chic ago o ffers practically colrful 3ye cany , including th3 specacle of gere in h is dancing shoes , hoofing and crooning wih the be st of them .",1,15,True
. . . comes alive only when it switches gears to the sentimental .,. . . comes alive only w hen it switches gears to the sentimental .,0,1,True
"there is no insight into the anguish of heidi's life -- only a depiction of pain , today's version of greek tragedy , the talk-show guest decrying her fate .","there is no more insight into the anguish of heidi's life -- only a depiction of pain , today's version of greek tragedy , the talk-show guest decrying her fate .",1,1,True
"watching this film , what we feel isn't mainly suspense or excitement . the dominant feeling is something like nostalgia .","watching this picture show , what we feel isn't mainly suspense or excitement . the dominant feeling is something like nostalgia .",0,1,True
"saddled with an unwieldy cast of characters and angles , but the payoff is powerful and revelatory .","s addled with an unwieldy cast 0f charac ters and angles , but th3 payoff 1s powerful @nd revelatory .",1,11,True
"it's good , hard-edged stuff , violent and a bit exploitative but also nicely done , morally alert and street-smart .","it 's good , hard-edged stuff , violent and a b it exploitative but also nicely done , morally alert and street-smart .",0,3,True
"despite apparent motives to the contrary , it ends up being , like [seinfeld's] revered tv show , about pretty much nothing .","depite appaent need to th3 cotrary , it eds improving beng , like [seinfeld's] reverd telly testify , about pretty much nothing .",0,16,True
"the animation is competent , and some of the gags are quite funny , but jonah . . . never shakes the oppressive , morally superior good-for-you quality that almost automatically accompanies didactic entertainment .","the aniation is competent , and some of th e gags are quite funny , but jonah . . . never shakes the oppressive , morally superior good-for-you quality that almost automatically accompanies didactic entertainment .",0,3,True
"unless you're a fanatic , the best advice is : 'scooby' don't .","unless youre a fanatic , the best advice is : 'scooby' don't .",1,1,True
"if you go into the theater expecting a scary , action-packed chiller , you might soon be looking for a sign . an exit sign , that is .","if y ou go into the t heater expecting a scary , action-packed chiler , you might soon be looking for a sign . an exit sign , that is .",0,3,True
low rent from frame one .,low pull from frme one .,0,5,False
"deep down , i realized the harsh reality of my situation : i would leave the theater with a lower i . q . than when i had entered .","rich don , i realized th3 harsh reality of my situation : i would provide th3 theater with a abject i . q . than when i had entered .",0,9,True
a backstage must-see for true fans of comedy .,@ b@ckstage msut-see for true fans 0f comedy .,1,5,True
"in the end , tuck everlasting falls victim to that everlasting conundrum experienced by every human who ever lived : too much to do , too little time to do it in .","in the end , tu ck everlasting falls victim to that everlasting conundrum experienced by every human being who ever lived : too much to do , too little time to do it in .",0,3,True
"the movie itself is far from disappointing , offering an original take on courtroom movies , a few nifty twists that are so crucial to the genre and another first-rate performance by top-billed star bruce willis .","the mvie iself is far from dsappointing , offering an original take 0n courtroo m movies , a fe w nifty twists that are so crucial to the genre and another first-rate performance by top-billed star bruce willis .",0,9,True
"it's a film that's destined to win a wide summer audience through word-of-mouth reviews and , not far down the line , to find a place among the studio's animated classics .","it's a film t hat's destined to win a wide summer audience through word-of-mouth reviews and , not far down the line , to find a place among the studio's animated classics .",1,1,True
"a stirring tribute to the bravery and dedication of the world's reporters who willingly walk into the nightmare of war not only to record the events for posterity , but to help us clearly see the world of our making .","@ stirrng trbute to the brvaery and dedication of the world's reporters who willingly wak into the nightmare of warfare not only to record the events for posterity , but to help us clearly see the world of our making .",1,7,True
"in the spirit of the season , i assign one bright shining star to roberto benigni's pinocchio -- but i guarantee that no wise men will be following after it .","in the spirt of the season , i assign one bright shining star to roberto benigni's pinocchio -- but i guarantee that no wise men will be following after it .",1,2,True
"a headline-fresh thriller set among orthodox jews on the west bank , joseph cedar's time of favor manages not only to find a compelling dramatic means of addressing a complex situation , it does so without compromising that complexity .","a headline-fresh triller set among orthodox jews on the west bank , joseph cedar's time 0f f@vor manages not only to find a compelling dramatic means of addressing a complex situation , it does so without compromising that complexity .",1,8,True
"it's both degrading and strangely liberating to see people working so hard at leading lives of sexy intrigue , only to be revealed by the dispassionate gantz brothers as ordinary , pasty lumpen .","it 's both degrading and strangely liberting to see people working so hrd @t leading lives of s exy intriue , only to be revealed by the dispassionate gantz brothers as ordinary , pasty lumpen .",1,8,True
"despite some charm and heart , this quirky soccer import is forgettable","despite sme charm and haert , this quir ky s occer import live forgettable",0,7,True
"it just may inspire a few younger moviegoers to read stevenson's book , which is a treasure in and of itself .","it just ma y inspire a few younger moviegoers to read stevenson's book , which is a treasure in and of itself .",0,1,True
"the entire movie has a truncated feeling , but what's available is lovely and lovable .","the entre mo vie has a truncated feelig , but what's available is lovely @nd lovable .",1,4,True
"ultimately , it ponders the reasons we need stories so much .","ultimately , it ponders the reasons we n eed stories so much .",0,2,True
full of surprises .,full of surprise s .,1,2,True
"barry convinces us he's a dangerous , secretly unhinged guy who could easily have killed a president because it made him feel powerful .","barr y coninces us he's a dangerous , secretly unhinged guy who could easily h ave killed a president because it made him feel powerful .",0,3,True
the film is a very good viewing alternative for young women .,the shoot is a very good viewing alternative for young wo men .,1,2,True
an imaginative comedy/thriller .,an imagin ative comedy/thriller .,1,1,True
you'll trudge out of the theater feeling as though you rode the zipper after eating a corn dog and an extra-large cotton candy .,you 'll trudge out of the theater feeling as though you rode the zipper after eating a corn dog and an extra-large cotton candy .,0,1,True
"director alfonso cuaron gets vivid , convincing performances from a fine cast , and generally keeps things going at a rapid pace , occasionally using an omniscient voice-over narrator in the manner of french new wave films .","dire ctor alfons o cuaron gets vivid , convincing performances from a fine cast , and generally keeps things going at a rapid pace , occasionally using an omniscient voice-over narrator in the manner of french new wave films .",1,2,True
"k-19 will not go down in the annals of cinema as one of the great submarine stories , but it is an engaging and exciting narrative of man confronting the demons of his own fear and paranoia .","k19 will not go down in the annals of cinema as one of the great submarine stories , but it is an engaging and exciting narrative of man confronting the demons of his own fear and paranoia .",1,1,True
"from its nauseating spinning credits sequence to a very talented but underutilized supporting cast , bartleby squanders as much as it gives out .","from its naus eating spinning credits sequence to a very talented but underutilized supporting cast , bartleby squanders as much as it gives out .",0,1,True
meanders between its powerful moments .,meanders between its p owerful moments .,1,1,True
here is a vh1 behind the music special that has something a little more special behind it : music that didn't sell many records but helped change a nation .,here is @ vh1 behind the music special that has something a little more special behind it : music that didn't sell many records but helped change a nation .,0,1,True
the crassness of this reactionary thriller is matched only by the ridiculousness of its premise .,the crassness of this re actionary thriller is matched only by the ridiculousness of its premise .,0,1,True
"they were afraid to show this movie to reviewers before its opening , afraid of the bad reviews they thought they'd earn . they were right .","thy embody afrad to show this mvie to reviewers befoe its openng , araid 0f the bad rviews they thought thy'd earn . t hey were right .",0,18,True
a very funny romantic comedy about two skittish new york middle-agers who stumble into a relationship and then struggle furiously with their fears and foibles .,a vey fnny roantic comedy about two skittish new House of York middle-agers who stumble into a relationship and then struggle furiously with their fears and foibles .,1,4,True
"whether or not you buy mr . broomfield's findings , the film acquires an undeniable entertainment value as the slight , pale mr . broomfield continues to force himself on people and into situations that would make lesser men run for cover .","whether or non you buy mr . broomfield's findings , the film acquires an undeniable entertainment value as the slig ht , pale mr . broomfield continues to force himself on people and into situations that would make lesser men run for cover .",1,7,True
eric schweig and graham greene both exude an air of dignity that's perfect for the proud warrior that still lingers in the souls of these characters .,erc schweig @nd grham Graham Greene both exue an air of dinity th@t's perfect for the pro ud w arrior that still liners in the sols of these characters .,1,12,True
zhang . . . has done an amazing job of getting realistic performances from his mainly nonprofessional cast .,zh@ng . . . has done an amazing job 0f getting realistic performances from h is mainly nonprofessional cast .,1,4,True
"it may scream low budget , but this charmer has a spirit that cannot be denied .","it may scream 1ow budget , but this charmer has a spirit that cannot be denied .",0,1,True
director nalin pan doesn't do much to weigh any arguments one way or the other . he simply presents his point of view that ayurveda works . no question .,direcor nalin pan doen't do much to weigh any arguments one way or the other . he simply presents his point of view that ayurveda works . no question .,0,3,True
rainy days and movies about the disintegration of families always get me down .,rainy days and mvies about the disintegration of families always get me down .,1,2,True
"the whole damn thing is ripe for the jerry springer crowd . it's all pretty cynical and condescending , too .","the wole da mn thing is ripe for the jerr y spri nger crowd . it's all pretty cynical and condescending , too .",0,5,True
"scene-by-scene , things happen , but you'd be hard-pressed to say what or why .","scene-b-scene , thins take place , but you'd b3 hardp-ressed to sa y what or wherefore .",0,12,True
"sitting in the third row of the imax cinema at sydney's darling harbour , but i sometimes felt as though i was in the tiny two seater plane that carried the giant camera around australia , sweeping and gliding , banking and hovering over some of the most not","sitting 1n the third row of the iax cinem a at sydney's darling harbour , but unity somtimes felt as thogh unity was in the tiny two seater plane that carried the giant camera around australia , sweeping and gliding , banking and hovering over some of the most not",0,7,True
the cast is uniformly excellent and relaxed .,the cat 1s uni formly excellent and rlaxed .,1,4,True
your appreciation of it will depend on what experiences you bring to it and what associations you choose to make .,yur appeciation 0f it will depend on what experiencs you bring to it and what associations y0u choose to make .,1,5,True
"tully is in many ways the perfect festival film : a calm , self-assured portrait of small town regret , love , duty and friendship that appeals to the storytelling instincts of a slightly more literate filmgoing audience .","tuly exist 1n many wys the prfect fstival flm : a clm , self-assuerd portrait of s mall town regret , lo ve , duty and friendship that ap peals to the storytelling instincts of a slightly more literate filmgoing audience .",1,18,True
"kapur fails to give his audience a single character worth rooting for ( or worth rooting against , for that matter ) .","kapur fils to give his audience a single character worth rooting for ( or worth rooting against , for that matter ) .",0,2,True
"the story is familiar from its many predecessors ; like them , it eventually culminates in the not-exactly -stunning insight that crime doesn't pay .","the story is familiar from its many predecessors ; like them , it eventually culminates in the not-exactly -stunning insight tha t crime doesn't pay .",1,1,True
miyazaki is one of world cinema's most wondrously gifted artists and storytellers .,miyaza ki 1s 1 0f wrld cinema's most wodrously gifted arists and storytellers .,1,7,True
plays like a glossy melodrama that occasionally verges on camp .,gambol like a gloss y melodrma that occasionally verges on cam p .,0,5,True
wins my vote for 'the 2002 enemy of cinema' award .,wis my vote for 'the 2002 enemy of cinema' award .,1,1,True
"the movie is concocted and carried out by folks worthy of scorn , and the nicest thing i can say is that i can't remember a single name responsible for it .","the mov ie is cococted and carried out by folks worthy of scorn , and the nicest ting i can say is that i can't remember a single name responsible for it .",0,4,True
a meatballs for the bare-midriff generation .,@ meatballs f or the bare-midriff generation .,1,3,True
"some elements of it really blow the big one , but other parts are decent .","sme el ements of information technology raelly b low the big one , but othr parts are decent .",0,8,True
"there's . . . tremendous energy from the cast , a sense of playfulness and excitement that seems appropriate .","there's . . . tremendous enery frm the cast , a sene of playfulness and excitement that seems appropriate .",1,7,True
it's as if de palma spent an hour setting a fancy table and then served up kraft macaroni and cheese .,i's as 1f First State palma spent an hour setting a fancy table and then served up kraft macaroni and chee se .,0,5,True
"a must-see for the david mamet enthusiast and for anyone who appreciates intelligent , stylish moviemaking .","angstrom mus-tsee for the david mamt enthusiast and for anyone who appreciates intelligent , stlish film making .",1,7,True
"the hard-to-predict and absolutely essential chemistry between the down-to-earth bullock and the nonchalant grant proves to be sensational , and everything meshes in this elegant entertainment .","the hard-to-predict and abolutely essential chemistry between the down-to-earth bullock and the nonchalant g rant proves to be sensational , and everything meshes in this elegant entertainment .",1,2,True
a glossy knock-off of a b-movie revenge flick .,a glossy knocko-ff of a b-movie reveng e flick .,0,4,True
"the movie has no respect for laws , political correctness or common decency , but it displays something more important : respect for its flawed , crazy people .","the mo vie has no prize for las , political correctness or comon decency , but it displays something more important : respect for its flawed , crazy people .",0,4,True
pumpkin wants to have it both ways .,pumpin wants to have it both ways .,1,1,True
a movie that harps on media-constructed 'issues' like whether compromise is the death of self this orgasm [won't be an] exceedingly memorable one for most people .,@ movie that harps on media-constructed 'issues' like whether compromise is the death of self this orgasm [won't be an] exceedingly memorable one for most people .,1,3,True
a startling and fresh examination of how the bike still remains an ambiguous icon in chinese society .,a starling and frsh interrogation of how the bke still remains an ambiguous image in chin ese society .,1,6,True
girls gone wild and gone civil again,gir ls gone wild and gone civil again,0,1,True
"[reynolds] takes a classic story , casts attractive and talented actors and uses a magnificent landscape to create a feature film that is wickedly fun to watch .","[r eynolds] takes type A class ic story , cast attractive and talentd actors and uses a magnificent landscape to create a feaure film that is wickedly fun to watch .",1,7,True
there is so much plodding sensitivity .,there is so much ploddin g sensitivity .,0,1,True
full of the kind of obnoxious chitchat that only self-aware neurotics engage in .,full 0f the kind of obnoxous chitchat that only self-aware neurotics engage in .,0,2,True
it's an often-cute film but either needs more substance to fill the time or some judicious editing .,i's @n otfen-cute film but either needs more substance to fill the time 0r some heady editing .,0,9,True
"if we don't demand a standard of quality for the art that we choose , we deserve the trash that we get .","if we don 't demand a standard of quality for the art that we choose , we deserve the trash that we get .",0,1,True
"it's a stale , overused cocktail using the same olives since 1962 as garnish . not only is entry number twenty the worst of the brosnan bunch , it's one of the worst of the entire franchise .","it 's a $tale , overused cocktail using the same olives since 1962 as garnish . not only is entry number twenty the worst of the brosnan bunch , it's one of the worst of the entire franchise .",0,2,True
"shunji iwai's all about lily chou chou is a beautifully shot , but ultimately flawed film about growing up in japan .","shunji iwai's all about lily chou cho u is a beautifully shot , but ultimately flawed film about growing up in japan .",0,1,True
if this story must be told and retold -- and indeed it must -- then the grey zone is to be lauded for finding a new and ingenious angle .,if this stoy must be told and rtold -- and indeed it must -- then the grey zone is to be lauded for finding a new and ingenious angle .,1,3,True
judith and zaza's extended bedroom sequence . . . is so intimate and sensual and funny and psychologically self-revealing that it makes most of what passes for sex in the movies look like cheap hysterics .,judith @nd zaza's exended bed room sequene . . . is $o intimate @nd sensual @nd fnny and pychologically self-revealing that it makes most of what passs for sex 1n the movies look like cheap hysterics .,1,14,True
my own minority report is that it stinks .,my ow n m inority report is that it stinks .,0,2,True
throwing it all away for the fleeting joys of love's brief moment .,throing it all away for the feeting joys of love's brief moment .,0,3,True
"miyazaki has created such a vibrant , colorful world , it's almost impossible not to be swept away by the sheer beauty of his images .","miy azaki has created such a vibrnt , colorful word , it's almost impossible not to be swept away by the sheer beauty of his images .",1,3,True
"it makes compelling , provocative and prescient viewing .","it maes compe lling , provocative and prscient viewing .",1,4,True
"some fine acting , but ultimately a movie with no reason for being .","sme fine acing , b ut ultiately @ movie with atomic number 102 reason for being .",0,8,True
children and adults enamored of all things pokemon won't be disappointed .,children and adul ts enamored of all things pokemon won't be disappointed .,1,1,True
"starts promisingly but disintegrates into a dreary , humorless soap opera .","start s p romisingly but disintegrates into a dreay , humorles liquid ecstasy opera .",0,6,True
there's a whole heap of nothing at the core of this slight coming-of-age/coming-out tale .,there's a who le heap of nothing at the core of this slight coming-of-age/coming-out tale .,0,1,True
"gangster no . 1 is solid , satisfying fare for adults .","ga ngster no . 1 is solid , satisfying fare for adults .",1,2,True
"what's most memorable about circuit is that it's shot on digital video , whose tiny camera enables shafer to navigate spaces both large . . . and small . . . with considerable aplomb .","what's most memorale about ci rcuit is that it's shot on digital video , whose tiny camera ena bles shafer to navigate spaces both large . . . and small . . . with considerable aplomb .",1,3,True
"finally , a genre movie that delivers -- in a couple of genres , no less .","finally , @ genre movie that delivers -- in a couple of genres , no less .",1,1,True
"from the opening scenes , it's clear that all about the benjamins is a totally formulaic movie .","from the open ing scenes , it's clear that all about the benjamins is a totally for mulaic movie .",0,3,True
a ponderous meditation on love that feels significantly longer than its relatively scant 97 minutes .,a ponderou s meditation on love that feels significantly longer than its relatively scant 97 minutes .,0,2,True
"a big , baggy , sprawling carnival of a movie , stretching out before us with little rhyme or reason .","a b1g , bagy , sprawling fair 0f axerophthol movie , stretching out ahead us with litte rhyme or reason .",0,9,True
what's infuriating about full frontal is that it's too close to real life to make sense . what's invigorating about it is that it doesn't give a damn .,what's vexing about fu ll frontal is that it 's too close to real life to make sense . what's invigorating about it is that it doesn't give a damn .,1,4,True
"a fascinating , bombshell documentary that should shame americans , regardless of whether or not ultimate blame finally lies with kissinger . should be required viewing for civics classes and would-be public servants alike .","a facinating , bombshell documentary that should shame americans , regardless of whether or not ultimate blame finally lies with kissinger . should be required viewing for civics classes and would-be public servants alike .",1,1,True
"if ever a concept came handed down from the movie gods on a silver platter , this is it . if ever such a dependable concept was botched in execution , this is it .","if ever a concept came handed down from the m ovie gods on a silver platter , this is it . if ever such a dependable concept was botched in execution , this is it .",1,1,True
you can practically hear george orwell turning over .,you can much hear gerge orwell turning over .,1,4,True
"if you can read the subtitles ( the opera is sung in italian ) and you like 'masterpiece theatre' type costumes , you'll enjoy this movie .","1f y0u nates r3ad the subtit les ( t he oera is sng inch ialian ) and you like 'mastrpiece teatre' typ e costume , you'll enjoy this movie .",1,20,False
"the bodily function jokes are about what you'd expect , but there are rich veins of funny stuff in this movie .","the bodiy function jkes are about what you'd expect , but there are rich veins 0f funy stuff in this movie .",0,7,True
"a bright , inventive , thoroughly winning flight of revisionist fancy .","@ brigh t , invenive , thorughly winning flight 0f revisionist fancy .",1,7,True
the film itself is about something very interesting and odd that would probably work better as a real documentary without the insinuation of mediocre acting or a fairly trite narrative .,th3 f ilm itsef 1s abot something very interesting and 0dd that would probably wrk better as a real doumentary without th3 insinuation of medocre acting 0r a fairly trite narrative .,0,16,True
"there seems to be no clear path as to where the story's going , or how long it's going to take to get there .","there sems to be n0 clear path as to where the story's going , or how lo ng it 's going to tak e t0 get there .",0,11,True
evokes a little of the fear that parents have for the possible futures of their children--and the sometimes bad choices mothers and fathers make in the interests of doing them good .,eovkes antiophthalmic factor lttle of the fear that parents have for the possible futures of their chil dren--and the sometimes bad choices mothers a nd fathers make in the interests of doing them good .,1,5,True
the film's needlessly opaque intro takes its doe-eyed crudup out of pre-9/11 new york and onto a cross-country road trip of the homeric kind .,the film's needlessly opaqe intro takes its doe-eyed crudup 0ut of pre-9/11 new york and onto a cross-country road trip of the homeric kind .,0,2,True
those who aren't put off by the film's austerity will find it more than capable of rewarding them .,those World Health Organization aren't put off by the film's austerity will find it more than capable of rewarding them .,0,2,True
nearly all the fundamentals you take for granted in most films are mishandled here .,nearly all the fundamentals you take for granted in most f ilms are mishandled here .,1,1,True
"yes , one enjoys seeing joan grow from awkward young woman to strong , determined monarch , but her love for the philandering philip only diminishes her stature .","yes , 0ne enjoys seing joan grow frm embarrassing youg woman to strong , determined monrch , but her love fo r the philandering philip only diminishes her stature .",1,10,True
a virtual roller-coaster ride of glamour and sleaze .,a virtual r0ller-coaster rie of glamour and sleaze .,1,2,True
"as literary desecrations go , this makes for perfectly acceptable , occasionally very enjoyable children's entertainment . you'll forget about it by monday , though , and if they're old enough to have developed some taste , so will your kids .","as literar y desecrations go , this makes f0r perfetly acceptbale , occasionlly very e njoyable ch ildren's amusement . you'll frget @bout it by moday , though , and if they're old enough to have developed some taste , so will your kids .",1,20,True
maid in manhattan proves that it's easier to change the sheets than to change hackneyed concepts when it comes to dreaming up romantic comedies .,m@id in manhattan proves that it 's easier to change the s heets than to change hackneyed concepts when it comes to dreaming up romantic comedies .,0,4,True
its juxtaposition of overwrought existentialism and stomach-churning gore will have you forever on the verge of either cracking up or throwing up .,its juxtaposition of overwrough t existentialis m and stomac h-churning gore will have you forever on the verge of either cracking up or throwing up .,0,3,True
"taken as a whole , the tuxedo doesn't add up to a whole lot .","taken as a whol e , th e dinner jacket doesn't add up to a whole lot .",0,5,True
"care deftly captures the wonder and menace of growing up , but he never really embraces the joy of fuhrman's destructive escapism or the grace-in-rebellion found by his characters .","care defty captres the wonder and threat of growing up , but he nevr really embrces th3 joy of fuhrmn's d estructive escape or the grace-in-rebellion found by his characters .",1,10,True
"i liked about schmidt a lot , but i have a feeling that i would have liked it much more if harry & tonto never existed .","iodin liked about schmid t a lot , but i have a feeling that i would h ave liked it much more 1f harry & tonto never existed .",0,5,True
neither funny nor suspenseful nor particularly well-drawn .,neither funny nor su spenseful nor particularly well-drawn .,1,1,True
"this misty-eyed southern nostalgia piece , in treading the line between sappy and sanguine , winds up mired in tear-drenched quicksand .","this misty-ey ed southern nostalgia piece , in treading the line between sappy and sanguine , winds up mired in tear-drenched quicksand .",1,1,True
an amused indictment of jaglom's own profession .,an amused idictment of jaglom's own profession .,0,1,True
a less-than-thrilling thriller .,a less-tha-nthrilling thriller .,1,1,True
"while broomfield's film doesn't capture the effect of these tragic deaths on hip-hop culture , it succeeds as a powerful look at a failure of our justice system .","while broomfield's film doe sn't capture the effect of these tragic deaths on hip-hop culture , it succeeds as a powerful look at a failure of our justice system .",0,1,True
those unfamiliar with mormon traditions may find the singles ward occasionally bewildering .,those unfamiliar with mor mon traditions may find the singles ward occasionally bewildering .,1,1,True
has all the scenic appeal of a cesspool .,has all the scnic appeal of a cesspool .,1,1,True
"his comedy premises are often hackneyed or just plain crude , calculated to provoke shocked laughter , without following up on a deeper level .","his comedy preises be often hackneyd or just plin cude , calculated to provoke socked laughter , without following up on a deeper level .",0,9,True
a moving and solidly entertaining comedy/drama that should bolster director and co-writer juan josé campanella's reputation in the united states .,a be active and slidly etertaining comedyd/rama t hat should bolster director @nd co-writer juan jsé campanella's reputation in the united states .,1,7,True
"the film delivers not just the full assault of reno's immense wit and insight , but a time travel back to what it felt like during those unforgettably uncertain days .","the fi lm save not just the full assault of reno's immense wit and insight , b ut a time travel back to what it felt like during those unforgettably uncertain days .",1,3,True
i don't think most of the people who loved the 1989 paradiso will prefer this new version . but i do .,i don't think most of the people who loved the 1989 paradso will prefer this n3w version . but i do .,1,5,True
"all the filmmakers are asking of us , is to believe in something that is improbable .","all the filmm akers are asking of us , is to believe in something that is improbable .",0,1,True
"like the film's almost anthropologically detailed realization of early-'80s suburbia , it's significant without being overstated .","like the film's almost anthropologically detailed realization of early-'80s suburbia , its significant without being overstated .",1,1,True
"there's not a spark of new inspiration in it , just more of the same , done with noticeably less energy and imagination .","there's not @ spak of new inspiratin in it , just more of the same , done with noticeably less energy and imagination .",1,3,True
"less dizzying than just dizzy , the jaunt is practically over before it begins .","lss dizzying thn precisely dizy , the jaunt is practi cally over be fore it begins .",0,9,True
the darker elements of misogyny and unprovoked violence suffocate the illumination created by the two daughters and the sparse instances of humor meant to shine through the gloomy film noir veil .,the darer elemnts of misogyny and unprovoked violence suffocate the illumination created by the two daughters and the sparse instances of humor meant to shine through the gloomy film noir veil .,1,2,True
"if "" lilo & stitch "" isn't the most edgy piece of disney animation to hit the silver screen , then this first film to use a watercolor background since "" dumbo "" certainly ranks as the most original in years .","if "" llo & stitch "" isnt the most edgy man of disney animation to score the silver screen , then this first film to use a watercolor background since "" dumbo "" certainly ranks as the most original in years .",0,7,True
the pacing is often way off and there are too many bona fide groaners among too few laughs .,the pac ing is often way off and there are too many bona fide groaners among too few laughs .,0,1,True
"[hawn's character]is so bluntly written , without a trace of sentimentality , and so blisteringly defined , that every other character seems overlooked and underwritten .","[hawn's ch@racter]is so bluntly written , without a trace of sentimentality , and so blisteringly defined , that every other character seems overlooked and underwritten .",0,1,True
"chilling but uncommercial look into the mind of jeffrey dahmer , serial killer .","chillin g but uncommercial look into the mind of jeffrey dahme r , serial killer .",1,2,True
"a masterful film from a master filmmaker , unique in its deceptive grimness , compelling in its fatalist worldview .","axerophthol maserful flm frm a mster filmmakr , singular 1n its deceptive griness , compelling in its fatalist worldview .",1,11,True
". . . the gentle melding of drama and comedy makes "" what time is it there ? "" something the true film buff will enjoy .",". . . the gente flux 0f drma @nd comey draw "" what tme 1s it in that location ? "" something the true film buff will enjoy .",1,17,True
. . . breathes surprising new life into the familiar by amalgamating genres and adding true human complexity to its not-so-stock characters .,. . . breathes surprising new life into the fa miliar by amalgamating genres @nd adding true h uman complexity to its not-so-stok characters .,1,6,True
"whether [binoche and magimel] are being charming or angst-ridden , they easily fill their scenes and , fine judges both , never overcook the hysteria .","whether [binoch e and magimel] are being c harming or angst-ridden , they easily fill their scenes and , fine judges both , never o vercook the hysteria .",0,3,True
"if shayamalan wanted to tell a story about a man who loses his faith , why didn't he just do it , instead of using bad sci-fi as window dressing ?","if shayamalan wanted to tell a story about a humans who loes his fath , wh y ddn't he just do it , instead of using bad sci-fi as window dressing ?",0,5,True
"the secrets of time travel will have been discovered , indulged in and rejected as boring before i see this piece of crap again .","the secrets of time travel will have been discovered , indulged in and rejected as borig before i see this piece of crap again .",0,6,True
it has all the excitement of eating oatmeal .,it has altogether the excitemet of eat ing oatmeal .,1,3,True
"although the film boils down to a lightweight story about matchmaking , the characters make italian for beginners worth the journey","although the fil m boils down to a ligh tweight story about matchmaking , the characters make italian for beginners worth the journey",1,2,True
"this is a movie full of grace and , ultimately , hope .","tis 1s a moie ful of gr@ce and , ultimately , hope .",1,6,True
allen's underestimated charm delivers more goodies than lumps of coal .,allen's underestimated cha rm delivers more goodies than lumps of coal .,1,1,True
supposedly authentic account of a historical event that's far too tragic to merit such superficial treatment .,supposedly auhentic account of a historical event that's far too tragic to merit such superficial treatment .,1,1,True
"like a fish that's lived too long , austin powers in goldmember has some unnecessary parts and is kinda wrong in places .","like a fish th@t's livd too long , austin powers 1n goldmember has some unnecessary parts and is kinda wrong in places .",0,5,True
this romantic/comedy asks the question how much souvlaki can you take before indigestion sets in .,this romanticc/omedy asks the question how much souvlaki can you take before indigestion sets in .,1,1,True
devoid of any of the qualities that made the first film so special .,devoid of a ny of the qualities that made the first photographic film so special .,0,2,True
a subject like this should inspire reaction in its audience ; the pianist does not .,a sub ject like this should inspire reaction in its audience ; the pianist does not .,1,1,True
nicole kidman makes it a party worth attending .,ni cole kdman makes it a party worth attending .,1,2,True
narc is a no-bull throwback to 1970s action films . it zips along with b-movie verve while adding the rich details and go-for-broke acting that heralds something special .,narc is a no-bull throwback to 1970s action films . it zips along with b-movie verv e while adding the rich details and go-for-broke acting that heralds something special .,1,1,True
". . . less a story than an inexplicable nightmare , right down to the population's shrugging acceptance to each new horror .",". . . les a story than an inexplicable nightmare , right down to the population's shrugging acceptance to each new horror .",0,9,True
"a highly personal look at the effects of living a dysfunctionally privileged lifestyle , and by the end , we only wish we could have spent more time in its world .","a hghly pe rsonal look @t the outcome of living a dysfunctionally privileged lifestyle , and by the end , we only wish we could have spent more time in its world .",1,4,True
"unfortunately , the picture failed to capture me . i found it slow , drab , and bordering on melodramatic .","unfortnately , th e piture faled t0 captue Pine Tree State . i foud it slow , dra b , and bordering on melodramatic .",0,15,True
to imagine the life of harry potter as a martial arts adventure told by a lobotomized woody allen is to have some idea of the fate that lies in store for moviegoers lured to the mediocrity that is kung pow : enter the fist .,to imagine the life of harry poter as a martial arts adventure told by a lobotomized woody allen is to have some idea of the fate that lies in store for moviegoers lured to the mediocrity that is kung pow : enter the fist .,1,1,True
fear dot com is more frustrating than a modem that disconnects every 10 seconds .,fer d0t c om is more frustrating than a mdem that disconnects every 10 secods .,0,5,True
"sc2 is an autopilot hollywood concoction lacking in imagination and authentic christmas spirit , yet it's geared toward an audience full of masters of both .","sc2 is Associate in Nursing autopilot ho llywood concoction lacking in imagination and authenti c christmas spirit , y3t i's geared toward an audience full of masters of both .",1,5,True
"schepisi , aided by a cast that seems to include every top-notch british actor who did not appear in gosford park ( as well as one , ms . mirren , who did ) , has succeeded beyond all expectation .","schepisi , aidd aside a cast that seems to include every top-notch british ator who d1d not appear in gosford park ( as well as one , ms . mirren , who did ) , has succeeded beyond all expectation .",0,7,True
a film that will probably please people already fascinated by behan but leave everyone else yawning with admiration .,a fil m that will probably please people already fascinated by behan but leave everyone else yawning with admiration .,1,1,True
an ingenious and often harrowing look at damaged people and how families can offer either despair or consolation .,@n in genious and often excruciating look at damaged people and how families can offer either des pair or consolation .,1,5,True
". . . post-september 11 , "" the sum of all fears "" seems more tacky and reprehensible , manipulating our collective fear without bestowing the subject with the intelligence or sincerity it unequivocally deserves .",". . . post-september 11 , "" the sum of all fears "" seems more tack y and reprehensible , manipulating our collective fear without bestowing the subject with the intelligence or sincerity it unequivocally deserves .",0,3,True
a fun ride .,@ fun rie .,1,3,False
"this is an egotistical endeavor from the daughter of horror director dario argento ( a producer here ) , but her raw performance and utter fearlessness make it strangely magnetic .","this is an egotistical endeavor from the daughter of h orror director dario argento ( a producer here ) , but her raw performance and utter fearlessness make it strangely magnetic .",1,3,True
"when the precise nature of matthew's predicament finally comes into sharp focus , the revelation fails to justify the build-up .","when the pre cise nature of matthew's predicament finally comes into sharp focus , the revelation fails to justify the build-up .",1,1,True
"apart from anything else , this is one of the best-sustained ideas i have ever seen on the screen .","apart from an ything else , this is one of the best-sustained ideas i have ever seen on the screen .",0,1,True
"on a cutting room floor somewhere lies . . . footage that might have made no such thing a trenchant , ironic cultural satire instead of a frustrating misfire .","on a c utting room floor somewhere lies . . . footage that might have made no such thing a trenchant , ironic cultural satire instead of a frustrating misfire .",0,1,True
"could have been crisper and punchier , but it's likely to please audiences who like movies that demand four hankies .","could have been crisper and punchier , b ut it's likely to please audiences who like movies that demand four hankies .",1,1,True
"is there a group of more self-absorbed women than the mother and daughters featured in this film ? i don't think so . nothing wrong with performances here , but the whiney characters bugged me .","is there a grup of more self-absorbed women than the mother and daughters featured in this film ? i don't think so . nothing wrong with performances here , but the whiney characters bugged me .",1,4,True
"de oliveira creates an emotionally rich , poetically plump and visually fulsome , but never showy , film whose bittersweet themes are reinforced and brilliantly personified by michel piccoli .","de oliveira ceates an emotionally rich , poetically plump and visually fulsome , but never showy , film whose bittersweet themes are reinforced and brilliantly personified by michel piccoli .",1,3,True
a series of immaculately composed shots of patch adams quietly freaking out does not make for much of a movie .,a ser ies of immaculately composed shots of patch adams quietly freaking out does not make for much of a movie .,1,1,True
"[taymor] utilizes the idea of making kahlo's art a living , breathing part of the movie , often catapulting the artist into her own work . this isn't a new idea . it's been done before but never so vividly or with so much passion .","[ta ymor] utilizes the idea of making kahlo's art a living , breathing part of the movie , often catapulting the artist into her own work . this isn't a new idea . it's been done before but never so vividly or with so much passion .",1,1,True
"the chateau belongs to rudd , whose portrait of a therapy-dependent flakeball spouting french malapropisms . . . is a nonstop hoot .","the chateau belongs to rudd , whose portrait of ampere therapy-dependent flakeball spouting french malapropisms . . . is a nonstop hoot .",0,4,True
"the fun of the movie is the chance it affords to watch jackson , who also served as executive producer , take his smooth , shrewd , powerful act abroad .","the sport 0f the moving-picture show is the chance it affords to wtch jackson , who a lso served @s e xecutive producer , t@ke his smooth , shrewd , powerful act abroad .",1,10,True
the comedy death to smoochy is a rancorous curiosity : a movie without an apparent audience .,the co medy death to smooch y is a rancorous curiosity : @ movie without an apparent audience .,0,3,True
"this is human comedy at its most amusing , interesting and confirming .","this 1s huan coedy at its most amusing , interesting and confirming .",1,4,True
this directorial debut from music video show-off higuchinsky is all flash .,this directoial debt from music video show-off higuchinsky is all flash .,1,2,True
"while undisputed isn't exactly a high , it is a gripping , tidy little movie that takes mr . hill higher than he's been in a while .","while undis puted isn't exactly a high , it is a gripping , tidy little movie that takes mr . hill higher than he's been in a while .",0,2,True
an impeccable study in perversity .,an im peccable sudy in perversity .,1,2,True
never [sinks] into exploitation .,never [sink s] into e xploitation .,0,2,True
looks awfully like one long tourist spot for a mississippi that may never have existed outside of a scriptwriter's imagination .,looks awfull y like one long tourist spot for a missisippi that may never have existed outide of a scriptwriter's imagination .,0,3,True
"though the story . . . is hackneyed , the characters have a freshness and modesty that transcends their predicament .","though the story . . . is hackneyed , the characters ha ve a freshness and modesty that transcends their predicament .",0,3,True
so-so entertainment .,so-so entertainme nt .,1,2,True
"la de salma es una versión de frida superficial , preciosista y sin ningún contenido .","la d3 salma es una versión de frida superficial , preciosista y sin ningún contenido .",1,1,True
"because the genre is well established , what makes the movie fresh is smart writing , skewed characters , and the title performance by kieran culkin .","because the genr e is well established , what makes the movie fresh is smart writing , skewed characters , and the title performance by kieran culkin .",0,1,True
"no one involved , save dash , shows the slightest aptitude for acting , and the script , credited to director abdul malik abbott and ernest 'tron' anderson , seems entirely improvised .","n0 one inolved , sav e flair , sh ows the slightest apttude for acting , and the sript , credited to director abul malik ab bott and ernest 'tron' anderson , seems entirely improvised .",0,13,True
there's a reason why halftime is only fifteen minutes long .,there's amp reason why h@lftime is only fifteen minut es long .,0,3,True
"with or without the sex , a wonderful tale of love and destiny , told well by a master storyteller","wth or without th3 $ex , @ wondrful tale 0f love and destiny , told w ell aside a master storyteller",1,14,True
"afraid to pitch into farce , yet only half-hearted in its spy mechanics , all the queen's men is finally just one long drag .","afraid to delivery into farce , yet only half-hearted in its $py mechanics , all the queen's men is finally just one long drag .",0,2,True
"williams plays sy , another of his open-faced , smiling madmen , like the killer in insomnia . he does this so well you don't have the slightest difficulty accepting him in the role .","williams pl ays sy , another of his open-faced , smiling madmen , like the killer in insomnia . he does this so well you don't have the slightest difficulty accepting him in the role .",1,1,True
"highlighted by a gritty style and an excellent cast , it's better than one might expect when you look at the list of movies starring ice-t in a major role .","highlighted by ampere grity style and an excellent cast , it's better than one might expe ct when you look at the list of movies starring ice-t in a major role .",1,5,True
"these three films form a remarkably cohesive whole , both visually and thematically , through their consistently sensitive and often exciting treatment of an ignored people .","these there fil ms strain a remarkably cohesive whole , both visually @nd thematically , through teir consistently sensitive and often exciting treatment of an ignored people .",1,6,True
it's a drag how nettelbeck sees working women -- or at least this working woman -- for whom she shows little understanding .,it's vitamin A drag how nettelbeck sees working women -- or at least this on the job woman -- for whom she shows little understanding .,1,4,True
"nohe's documentary about the event is sympathetic without being gullible : he isn't blind to the silliness , but also captures moments of spontaneous creativity and authentic co-operative interaction .","nohe's documenta ry about the ev ent is sympat hetic without being gullible : he isn't blind to the silliness , but also captures second of spontaneous creativity and authentic co-operative interaction .",1,4,True
borrows from other movies like it in the most ordinary and obvious fashion .,take up from other movie s like it in the most ordinary and obvious fashion .,1,2,True
"barely manages for but a few seconds over its seemingly eternal running time to pique your interest , your imagination , your empathy or anything , really , save your disgust and your indifference .","barely manages for but a few seconds over its seemingly eternal running time to pique you r interest , your imagination , your empathy or anything , really , save your disgust and your indifference .",0,1,True
the irony is that this film's cast is uniformly superb ; their performances could have -- should have -- been allowed to stand on their own .,the satire is that this film's cast is uniformly superb ; their performances could have -- should have -- been allowed to stand on their own .,0,1,True
this is so bad .,this is $o ba d .,0,4,True
"aptly named , this shimmering , beautifully costumed and filmed production doesn't work for me .","aptly name d , th is sh immering , beautifully costumed a nd fil med production doesn't work for me .",1,5,True
"the fascination comes in the power of the huston performance , which seems so larger than life and yet so fragile , and in the way the ivan character accepts the news of his illness so quickly but still finds himself unable to react .","the fascination comes in the power of the hus ton performance , which seems so larger than life and yet so fragile , and in the way the ivan character accepts the news of his illness so quickly but still finds himself unable to react .",0,1,True
"often demented in a good way , but it is an uneven film for the most part .","often unbalanced in a good way , but it is an uneven film for the most part .",1,1,True
savvy director robert j . siegel and his co-writers keep the story subtle and us in suspense .,savvy dire ctor Henry Martyn Robert j . siegel and his co-writers keep the story subtle and us in suspense .,1,2,True
"bloody sunday has the grace to call for prevention rather than to place blame , making it one of the best war movies ever made . it's a movie that accomplishes so much that one viewing can't possibly be enough .","bloody s unday has the grace to call for prevention rather than to place blame , making it one of the best w ar movies ever made . it's a movie that accomplishes so much that one viewing can't possibly be enough .",0,2,True
you could nap for an hour and not miss a thing .,you could pile for an hour and not miss a thing .,1,1,True
"though it never rises to its full potential as a film , still offers a great deal of insight into the female condition and the timeless danger of emotions repressed .","though it never rises to its full potential as a flm , still offers a g reat deal of insight into t he f emale condition and the timeless danger of emotions repressed .",1,5,True
"beresford nicely mixes in as much humor as pathos to take us on his sentimental journey of the heart . it really is a shame that more won't get an opportunity to embrace small , sweet 'evelyn . '","beresford ni cely m ixes in as much humor as pathos to take us on his sentimental journey of the heart . it really is a shame that more won't get an opportunity to embrace small , sweet 'evelyn . '",1,2,True
doesn't come close to justifying the hype that surrounded its debut at the sundance film festival two years ago .,desn't come close to justifying the hpe that surrounded its introduction at the sundance flick festival two years ago .,0,6,True
"it's rare to find a film that dazzles the eye , challenges the brain , and satisfies our lust for fast-paced action , but minority report delivers all that and a whole lot more .","its rare to find a shoot that dazzles the eye , challenges the brain , an d sat isfies our lust for fast-paced action , but minority report delivers all that and a whole lot more .",1,5,True
"comes off more like a misdemeanor , a flat , unconvincing drama that never catches fire .","cmes off m ore alike a misdemeaor , @ f1at , unc onvincing draa th@t neer catches fire .",0,14,True
"although the level of the comedy declines as the movie proceeds , there's no denying the fun of watching de niro and crystal having fun .","although the leve l of the comedy declines as the movi e proceeds , there's no denying the fun of watching de niro and crystal having fun .",0,2,True
"as chilling and fascinating as philippe mora's modern hitler-study , snide and prejudice .","as chill ing and fascinatng as philippe mora's modern hitler-stduy , snide and prejudice .",1,4,True
p . t . anderson understands the grandness of romance and how love is the great equalizer that can calm us of our daily ills and bring out joys in our lives that we never knew were possible .,p . thyroxin . andrson understands the grandess 0f romnace and h0w lve equal th3 gre at equalier that can clm U.S. 0f our daily ils @nd bing out jos in our lives that w3 never knew were possible .,1,25,True
is it really an advantage to invest such subtlety and warmth in an animatronic bear when the humans are acting like puppets ?,is it really @n advantage to ivest such subtlety and wrmth in an ani matronic bear when the hmans are acting like puppets ?,1,5,True
"every joke is repeated at least four times . every joke is repeated at least four times . every joke is repeated at least--annoying , isn't it ?","eve ry joe is repeatd @t least fo ur times . every joke is repeted astatine le ast four ti mes . every j0ke is re peated at least--annoying , isn't it ?",0,19,True
"blessed with a searing lead performance by ryan gosling ( murder by numbers ) , the movie is powerful and provocative . it's also built on a faulty premise , one it follows into melodrama and silliness .","blesed with a searig lead performance by ryan goslng ( murder by numbers ) , th3 movie is powerful and provocative . it's also built on a faulty premise , one it follows into melodrama and silliness .",1,7,True
"triple x is a double agent , and he's one bad dude . when you've got the wildly popular vin diesel in the equation , it adds up to big box office bucks all but guaranteed .","triple go is a double age nt , and he's one bad dude . when you've got the wildly popular vin diesel in the equation , it adds up to big box office bucks all but guaranteed .",1,2,True
"left me with the visceral sensation of longing , lasting traces of charlotte's web of desire and desperation .","left m3 with the vis ceral senation of l onging , lasti ng traces of charlotte's web of desire @nd desperation .",1,9,True
"by no means a slam-dunk and sure to ultimately disappoint the action fans who will be moved to the edge of their seats by the dynamic first act , it still comes off as a touching , transcendent love story .","by no me ans a slam-dunk and sure to ultimately disappoint the action fans wh0 will be moved to the edge of their seats by the dynamic first act , it still comes off as a touching , transcendent love story .",1,2,True
the best way to hope for any chance of enjoying this film is by lowering your expectations . then lower them a bit more .,the best way to hope for any chance of enjoying this film is by lowering yur expectations . then lower them @ bit more .,1,3,True
what's missing in murder by numbers is any real psychological grounding for the teens' deviant behaviour . being latently gay and liking to read are hardly enough .,what's missin g in murdr past numbes is any real psychological grounding for the teens' devint behaviour . being ltently gay and liking to read are hardly enough .,0,8,True
"it's like a "" big chill "" reunion of the baader-meinhof gang , only these guys are more harmless pranksters than political activists .","its like @ "" big chill "" reunion of the baader-meinhof gang , entirely these guys are more harmless pranksters than political activists .",1,3,True
"truth to tell , if you've seen more than half-a-dozen horror films , there's nothing here you haven't seen before .","trth to tel , if you've sen more thn haf-a-dozen repulsion films , there's nothing here you haven't seen bef ore .",0,13,True
"when it's all wet , blue crush is highly enjoyable . when it's on dry land , though , this surfer-girl melodrama starts gasping like a beached grouper .","when its all wet , blue crush is highly enjoyable . when it's 0n dry lad , though , this sur fer-girl melodrama starts gasping like a beached grouper .",0,9,True
"despite its faults , gangs excels in spectacle and pacing .","despite its f@ults , gangs excels in spectacle and pacing .",0,1,True
"a solid cast , assured direction and complete lack of modern day irony .","a soid cst , asured direction and complete lack of modern day irony .",1,3,True
"for all of its insights into the dream world of teen life , and its electronic expression through cyber culture , the film gives no quarter to anyone seeking to pull a cohesive story out of its 2 1/2-hour running time .","f0r whole 0f IT inights into the dream wrld of ten life , @nd its electronic expession done cybr culture , the film gives no quarter to anyone seeking to pull a cohesive story out of its 2 1/2-hour running time .",1,13,True
the country bears wastes an exceptionally good idea . but the movie that doesn't really deliver for country music fans or for family audiences,the land be ars wastes an exceptionally good idea . but th e movie that doesn't really deliver for country music fans or for family audiences,1,4,True
"schmaltzy and unfunny , adam sandler's cartoon about hanukkah is numbingly bad , little nicky bad , 10 worst list bad .","schmatzy and unf unny , adam sanler's c@rtoon abou t haukkah is nmbingly defective , litle nicky spoiled , ten worst list bad .",0,17,True
predictable storyline and by-the-book scripting is all but washed away by sumptuous ocean visuals and the cinematic stylings of director john stockwell .,predictable plot line and by-the-book scripting is all but washed away by sumptuous ocean visuals and the cinematic stylings of director john stockwell .,1,1,True
"happily , some things are immune to the folly of changing taste and attitude . for proof of that on the cinematic front , look no further than this 20th anniversary edition of the film that spielberg calls , retrospectively , his most personal work yet .","happily , some things are immune to the folly of changin g taste and attitude . for proof of that on the cinematic front , look no further than this 20th anniversary edition of the film that spielberg calls , retrospectively , his most personal work yet .",1,1,True
you'd have to be a most hard-hearted person not to be moved by this drama .,you'd have t0 be a most har-hearted person not to be moved by this drama .,1,3,True
uses high comedy to evoke surprising poignance .,u ses h igh comey to evoke surprising poignance .,1,3,True
"a delightful surprise because despite all the backstage drama , this is a movie that tells stories that work -- is charming , is moving , is funny and looks professional .","a delightfl surprise because despite all the backstage drama , this is a movie that tells stories that work -- is charming , is moving , is funny and looks professional .",1,1,True
[a]n utterly charming and hilarious film that reminded me of the best of the disney comedies from the 60s .,[]n utter ly chrming @nd hilarious film that reminded me of the best of the disney come dies f rom the 60s .,1,7,True
"the pacing is deadly , the narration helps little and naipaul , a juicy writer , is negated .","the tempo is deadly , the narration helps little and naipaul , a juicy writer , is negated .",0,1,True
"essentially an exceptionally well-written , well-edited , well-directed , well-acted , bald rip-off of aliens .","essetially Associate in Nursing exceptionally well-written , well-edited , well-directed , well-acted , bald rip-off 0f aliens .",0,9,True
"it would be great to see this turd squashed under a truck , preferably a semi .","it would exist great to see this turd squashed under @ trck , preferably a semi .",0,3,True
"the first hour is tedious though ford and neeson capably hold our interest , but its just not a thrilling movie .","the first hour is tedious though f ord and neeson capably hold our interest , but its just not a thrilling movie .",1,1,True
"a worthwhile documentary , whether you're into rap or not , even if it may still leave you wanting more answers as the credits roll .","a worthwhile documentary , whet her you're into rap or not , even if it may still leave you wanting more answers as the credits roll .",1,1,True
there are now two signs that m . night shyamalan's debut feature sucked up all he has to give to the mystic genres of cinema : unbreakable and signs .,there a re now two signs that m . night shyamalan's debut feature sucked up all he has to give to the mystic genres of cinema : unbreakable and signs .,0,2,True
a smug and convoluted action-comedy that doesn't allow an earnest moment to pass without reminding audiences that it's only a movie .,a smu g and convoluted action-comedy that doesn't allow an earnest moment to pass without reminding audiences that it's only a movie .,0,2,True
"few films have captured the chaos of an urban conflagration with such fury , and audience members will leave feeling as shaken as nesbitt's cooper looks when the bullets stop flying .","few f ilms have captured the chaos of an urban conflagration with such fury , and audience members will leave feeling as shaken as nesbitt's cooper looks when the bullets stop flying .",1,1,True
skip this turd and pick your nose instead because you're sure to get more out of the latter experience .,skip ths turd and pick your noe instead because yu're sure to get more out of the latter experience .,1,3,True
"this fascinating experiment plays as more of a poetic than a strict reality , creating an intriguing species of artifice that gives the lady and the duke something of a theatrical air .","this f@scinating experiment plays as more of a poetic than a strict reality , creating an intriguing species of artifice that gives the lady and the duke something of a theatrical air .",1,1,True
". . . one big laugh , three or four mild giggles , and a whole lot of not much else .",". . . o ne b1g laugh , thre e or for mild giggles , and a wh ole lot of not much else .",0,8,True
"as i settled into my world war ii memories , i found myself strangely moved by even the corniest and most hackneyed contrivances .","as i setted into my world war ii memo ries , i found myself strangely moved by even the corniest and most h@ckneyed contrivances .",0,7,True
"( wendigo is ) why we go to the cinema : to be fed through the eye , the heart , the mind .","( wendigo is ) why we go to the cinema : to be f ed through t he eye , the heart , the mind .",1,4,True
"most new movies have a bright sheen . some , like ballistic , arrive stillborn . . . looking like the beaten , well-worn video box cover of seven years into the future .","most n3w mvies have a bright shen . some , like ballistic , arrive stillborn . . . looking like the beaten , well-worn video box cover of seven years into the future .",1,4,True
this is amusing for about three minutes .,this is a musing for about three minutes .,1,2,True
"i can't remember the last time i saw an audience laugh so much during a movie , but there's only one problemit's supposed to be a drama .","atomic number 53 ca't remember the last time single saw an audince laugh so much during a moive , but there's only one p roblem it's supposed to be a drama .",0,6,True
it's difficult to say whether the tuxedo is more boring or embarrassing--i'm prepared to call it a draw .,i's diffcult to say whethr the tuxdo is more borig or embarrasing--i'm prepared to call 1t a draw .,0,8,True
"the problem with concept films is that if the concept is a poor one , there's no saving the movie . sorry , charlie","th3 poblem wih conept fils is that if th3 conception is a por one , tere's n0 savig the picture . sorry , charlie",0,16,True
"not only are the film's sopranos gags incredibly dated and unfunny , they also demonstrate how desperate the makers of this 'we're -doing-it-for -the-cash' sequel were .","not only are the film's sopranos g@gs incredibly dated and unfunny , they also demonstrate how desperate the makers of this 'we're -doing-it-for -the-cash' sequel were .",0,1,True
"impossible as it may sound , this film's heart is even more embracing than monty , if only because it accepts nasty behavior and severe flaws as part of the human condition .","impossible as it may sound , this film's heart is even more embracing than monty , if only because 1t accepts nasty behavor and severe flaws as part of the human condition .",1,4,True
a quirky comedy set in newfoundland that cleverly captures the dry wit that's so prevalent on the rock .,a qirky comey set in newfoundland that cleverly captres the dry wit that's so prevalent on the rock .,1,3,True
"the film is enriched by an imaginatively mixed cast of antic spirits , headed by christopher plummer as the subtlest and most complexly evil uncle ralph i've ever seen in the many film and stage adaptations of the work .","the fi lm is enriched by an imaginatively mixed cast of antic spirits , headed by christopher plummer as the subtlest and most complexly evil uncle ralph i've ever seen in the many film and stage adaptations of the work .",0,1,True
it all drags on so interminably it's like watching a miserable relationship unfold in real time .,it all d rags on so interminab ly it 's like watching a miserable relationship unfold in real time .,0,3,True
"although i didn't hate this one , it's not very good either . it can be safely recommended as a video/dvd babysitter .","although i ddn't hte this one , it's not very good either . it can b3 safely recommended as a video/dvd babysitter .",0,7,True
"the more kevin costner rests on his pretty-boy laurels , the public is , regrettably , going to have tepid films like dragonfly tossed at them .","the more kevin costn er rests on his pretty-boy laurels , the public is , regrettably , going to have tepid films like dragonfly tossed at them .",1,1,True
"it's a wonderful , sobering , heart-felt drama .","i t's a wonerful , sober ing , h3art-felt drama .",1,5,True
"a preposterous , prurient whodunit .","a peposterous , prurient whodunit .",0,3,False
despite the premise of a good story . . . it wastes all its star power on cliched or meaningless roles .,dspite the prem ise of a good stoy . . . it wasts all 1ts str po wer along clched or meaningless roles .,0,18,False
what might have been acceptable on the printed page of iles' book does not translate well to the screen .,what might experience been accepable on the printed pae of iles' book does not translate well to the screen .,0,3,True
this off-putting french romantic comedy is sure to test severely the indulgence of fans of amélie .,this off-putting french romanti c comedy is sure to test severely the indulgence of fans of amélie .,1,1,True
the magic ( and original running time ) of ace japanimator hayao miyazaki's spirited away survives intact in bv's re-voiced version .,the magc ( @nd original running time ) of ace japanimator hayao miyazaki's spirited away survives intact in bv's re-voiced version .,1,2,True
hollywood ending is the most disappointing woody allen movie ever . he has a great cast and a great idea . but the execution is a flop with the exception of about six gags that really work .,holly wood ending is the most disappointing woody allen movie ever . he has a great cast and a great idea . but the execution is a flop with the exception of about six gags that really work .,1,1,True
a grand fart coming from a director beginning to resemble someone's crazy french grandfather .,a gran d fart coming from a director beginning to resemble someone's crazy french grandfather .,1,1,True
"una película oscura , precisa , por momentos grandiosa y casi siempre conmovedora .","una pe lícula oscura , precisa , por momentos grandiosa y casi siempre conmovedora .",1,1,True
a live-wire film that never loses its ability to shock and amaze .,a liv-ewire flm that never loses its ability to shock and amaze .,1,3,True
"a vibrant , colorful , semimusical rendition .","type A vib rant , colorful , semimusical rendition .",1,3,True
"a better title , for all concerned , might be swept under the rug .","a better title , for all concerned , might be swept uder the rug .",0,2,True
the difference between cho and most comics is that her confidence in her material is merited .,the difference between cho and most comis is that her confidence in her material is merited .,1,1,True
we have an actor who is great fun to watch performing in a film that is only mildly diverting .,we have an actor who is great fun to watch performing in a fi lm that is only mildly diverting .,0,1,True
"even these tales of just seven children seem at times too many , although in reality they are not enough . every child's story is what matters . this film can only point the way -- but thank goodness for this signpost .","even these tales of just seven children seem at times too many , although in relity they are not enough . every child's story is what matters . this film can only point the way -- but thank goodness for this signpost .",0,4,True
"hardly an objective documentary , but it's great cinematic polemic . . . love moore or loathe him , you've got to admire . . . the intensity with which he's willing to express his convictions .","hardly an objctive documetary , but it's great cinematic polemic . . . love moore or loathe him , you've got to admire . . . the intensity with which he's willing to express his convictions .",1,3,True
"the town has kind of an authentic feel , but each one of these people stand out and everybody else is in the background and it just seems manufactured to me and artificial .","the to wn suffer kind of an authentc feel , but each one of these people stand out and everybody else is in the background and it just seems manufactured to me and artificial .",1,3,True
"decasia is what has happened already to so many silent movies , newsreels and the like . the unexpected thing is that its dying , in this shower of black-and-white psychedelia , is quite beautiful .","decasia is what has happened already to so many silent motion-picture show , newsreels and the like . the unexpected thing is that its dying , in this shower of black-and-white psychedelia , is quite beautiful .",1,1,True
"an unbelievably stupid film , though occasionally fun enough to make you forget its absurdity .","an unbelievably stpid film , though ocasionally fun enough to make you forget its absurdity .",0,4,True
"the actors don't inhabit their roles -- they're trapped by them , forced to change behavior in bizarre unjustified fashion and spout dialog that consists mostly of platitudes .","the ac tors d on't ihabit their rols -- thy're trappd by them , forced to change behav ior in bizare unjustified fash ion and sput dialog that consists mostly of platitudes .",0,13,True
"this ecologically minded , wildlife friendly film teaches good ethics while entertaining with its unconventionally wacky but loving family","tis ecologically minde d , widlife frienly movie teaches god etics spell entertainin g wih its unconventionlly wacy but loing family",1,15,True
tries to add some spice to its quirky sentiments but the taste is all too familiar .,tries to add some s pice to its quirky sentiments but the taste is all too familiar .,0,2,True
"a cross between blow and boyz n the hood , this movie strives to be more , but doesn't quite get there . good performances keep it from being a total rehash .","a crss betwen blow and boyz n the hod , this movie strives to be more , but doesn't quite get there . good performances keep it from being a total rehash .",0,5,True
the entire movie establishes a wonderfully creepy mood .,the full moie establihes a wonderfully creepy mood .,1,4,True
"its gross-out gags and colorful set pieces . . . are of course stultifyingly contrived and too stylized by half . still , it gets the job done -- a sleepy afternoon rental .","1ts grosso-ut gas and colorful s et pieces . . . are 0f course stultifyingly contrived @nd t oo stylized by half . still , it gets the job done -- a sleepy afternoon rental .",0,10,True
disappointing in comparison to other recent war moviesor any other john woo flick for that matter .,disappointing in comparison to other Recent epoch war movies or an y other john woo flick f0r that matter .,0,15,False
"though the film is well-intentioned , one could rent the original and get the same love story and parable .","though the f ilm is well-intentioned , one could rent the original and get the same love story and parable .",1,1,True
"a drama of great power , yet some members of the audience will leave the theater believing they have seen a comedy .","a dr ama of great power , yet some members of the audience will leave the theater believing they have seen @ comedy .",1,2,True
"while the ideas about techno-saturation are far from novel , they're presented with a wry dark humor .","while the idas about techo-saturation are far from novel , they're presented with a wry d ark huor .",1,5,True
"[serry] wants to blend politics and drama , an admirable ambition . it's too bad that the helping hand he uses to stir his ingredients is also a heavy one .","[serry] wants to bled politics and dra ma , an admirable ambition . it's too bad that the helping hand he uses to stir his ingredients is also a heavy one .",1,2,True
"the movie is dawn of the dead crossed with john carpenter's ghosts of mars , with zombies not as ghoulish as the first and trains not as big as the second .","the m ovie is dawn of the dead crossed with john carpenter's ghosts of mars , with zombies not as ghoulish as the first and trains not as big as the second .",1,1,True
"a very long movie , dull in stretches , with entirely too much focus on meal preparation and igloo construction .","a very lng motion-picture show , dull 1n stretches , with entirely t0o much focs on meal preparatio n and igloo construction .",0,10,True
". . . unlikable , uninteresting , unfunny , and completely , utterly inept .",". . . unlikabl e , uninteresti ng , unfunny , and completely , utterly inept .",0,7,False
"the script's snazzy dialogue establishes a realistic atmosphere that involves us in the unfolding crisis , but the lazy plotting ensures that little of our emotional investment pays off .","the script's snazzy dia logue establishes a realistic atmosphere that involves us in the unfolding crisis , but the lazy plotting ensures that little of our emotional investment pays off .",0,1,True
it's deep-sixed by a compulsion to catalog every bodily fluids gag in there's something about mary and devise a parallel clone-gag .,1t's deep-s ixed by a compulsion to catalog every bodily fuids gag in there's something about The Virgin and devise a parallel clone-gag .,0,7,True
"if you love reading and/or poetry , then by all means check it out . you'll probably love it .","if you loe reading and/or poetry , then by all means check it out . you'll probably love it .",1,4,True
"so young , so smart , such talent , such a wise * * * .","so you ng , so smart , such talent , such a wise * * * .",1,1,True
"there's a neat twist , subtly rendered , that could have wrapped things up at 80 minutes , but kang tacks on three or four more endings .","there's @ neat twist , subtly rendered , that could have wrapped things up @t fourscore minutes , but kang tacks on three or four more endings .",0,5,True
"the action here is unusually tame , the characters are too simplistic to maintain interest , and the plot offers few surprises .","the natural action here is unusually tame , the characters are too simplistic to maintain interest , and the plot offers few surprises .",0,1,True
a savvy exploration of paranoia and insecurity in america's culture of fear .,a savy explration of paranoia and insecurity in america's culture of fear .,1,2,True
"audiences are advised to sit near the back and squint to avoid noticing some truly egregious lip-non-synching , but otherwise the production is suitably elegant .","audien ces exist advised to sit nea r the back and squint to avo id noticing some truly egregious 1ip-non-synching , but otherwise the production is suitably elegant .",0,5,True
"you needn't be steeped in '50s sociology , pop culture or movie lore to appreciate the emotional depth of haynes' work . though haynes' style apes films from the period . . . its message is not rooted in that decade .","you needn't b3 seeped 1n '0s sociolgy , p0p cuture or m0vie lore to appreciate th3 emotioal depth of haynes' work . though haynes' stye apes films from the period . . . its message is not rooted in that decade .",1,16,True
"even though it's common knowledge that park and his founding partner , yong kang , lost kozmo in the end , you can't help but get caught up in the thrill of the company's astonishing growth .","even though its common knowledge that park and his founding partner , yong kang , lost kozmo in the end , you can't help but get caught up in the thrill of the company's astonishing growth .",0,1,True
it treats women like idiots .,it treats women like i diots .,0,3,True
"if you adored the full monty so resoundingly that you're dying to see the same old thing in a tired old setting , then this should keep you reasonably entertained .","if you adored the full monty so resoundingly that y ou're dying to see the same old thing in a tired old setting , then this should keep you reasonably entertained .",1,1,True
a dreary rip-off of goodfellas that serves as a muddled and offensive cautionary tale for hispanic americans .,a grim rip-off of goodfellas tha t serves as a muddled and offensive cautionary tale for hispanic americans .,0,2,True
so relentlessly wholesome it made me want to swipe something .,so relentle ssly wholesome it made me want to swipe something .,1,1,True
"yes they can swim , the title is merely anne-sophie birot's off-handed way of saying girls find adolescence difficult to wade through .","yes they can $wim , the title is meely anne-sophie birot's off-handed way of saying girls f ind adolescence difficult to wade through .",0,4,True
the first half bursts with a goofy energy previous disney films only used for a few minutes here and there .,the first half brsts with a gofy vitality previous dis ney fi lms only used for a few minuts here and there .,0,6,True
"as david letterman and the onion have proven , the worst of tragedies can be fertile sources of humor , but lawrence has only a fleeting grasp of how to develop them .","as d avid letterman and the onion have proven , the worst of tragedies can be fertile sources of humor , but lawrence has only a fleeting grasp of how to develop them .",0,1,True
"typical animé , with cheapo animation ( like saturday morning tv in the '60s ) , a complex sword-and-sorcery plot and characters who all have big round eyes and japanese names .","typical anim é , with cheapo animation ( like saturda y morning tv in the '60s ) , a complex sword-and-sorcery plot and characters who all have big round eyes and japanese names .",0,2,True
a lot more dimensional and complex than its sunny disposition would lead you to believe .,a lot mre dimensonal and complex than its sunny disposition would lead you to believe .,1,3,True
"solaris "" is a shapeless inconsequential move relying on the viewer to do most of the work .","sol aris "" is a shapeless inconsequential move relying on the viewer to do most of the work .",1,1,True
it's a sharp movie about otherwise dull subjects .,i's a sharp movie about otherwise d ull subjects .,0,3,True
"deadly dull , pointless meditation on losers in a gone-to-seed hotel .","deadl y blunt , poin tless meditation on losers in a gone-to-seed hotel .",0,4,True
"one long , numbing action sequence made up mostly of routine stuff yuen has given us before .","one lon g , blunt action sequence made improving generally 0f rouine stuff yuen has gven us before .",0,10,True
a listless and desultory affair .,a listles s and desultory affair .,0,1,True
"its strengths and weaknesses play off each other virtually to a stand-off , with the unfortunate trump card being the dreary mid-section of the film .","its strength s and weaknesses play off each other virtually to a stand-off , with the unfortunate trump card being the dreary mid-section of the film .",0,1,True
i thought my own watch had stopped keeping time as i slogged my way through clockstoppers .,ace thought my own watch had stopped keeping time as i slogged my way through clockstoppers .,0,2,True
"pull[s] off the rare trick of recreating not only the look of a certain era , but also the feel .","pull[s] off t he rare tric k of recreating not only the look of a certain era , but also the feel .",1,4,True
"the direction occasionally rises to the level of marginal competence , but for most of the film it is hard to tell who is chasing who or why .","the dir ection from time to time riss to the level of marginal competence , but for most of t he film it is hard to tell who is chasing who or why .",0,4,True
"the result is somewhat satisfying -- it still comes from spielberg , who has never made anything that wasn't at least watchable . but it's also disappointing to a certain degree .","the rsult is somehat satisfying -- it still comes from spielberg , who has never mae anything that wasn't at least watchable . but it's also disappointing to a certain degree .",0,7,True
"evelyn may be based on a true and historically significant story , but the filmmakers have made every effort to disguise it as an unimaginative screenwriter's invention .","evelyn may be bsed on a true and historically significant story , but t he filmmakers have mad e every effort to disguise it as an unimaginative screenwriter's invention .",0,6,True
the hot topics of the plot are relegated to the background -- a welcome step forward from the sally jesse raphael atmosphere of films like philadelphia and american beauty .,the ho t topis of the plot are relegated to the background -- a welcome step forward from the sally jesse raphael atmosphere of films like philadelphia and american beauty .,1,2,True
"while the story does seem pretty unbelievable at times , it's awfully entertaining to watch .","while the stor y does seem pretty unbelievable at times , it's awfully entertaining to watch .",0,3,True
the movie is too impressed with its own solemn insights to work up much entertainment value .,the mvoie 1s too impressed with i ts own soemn insights to work up much entertainmen t val ue .,1,6,True
"the animation and backdrops are lush and inventive , yet return to neverland never manages to take us to that elusive , lovely place where we suspend our disbelief .","the animation and backdros @re lsh and imaginative , yet return t0 neverland never manages to proceeds us to that elusve , lovely place where we suspend our disbelief .",1,9,True
there's none of the happily-ever -after spangle of monsoon wedding in late marriage -- and that's part of what makes dover kosashvili's outstanding feature debut so potent .,there's none of the happily-ever -after spangle of monsoon we dding in late marriage -- and tht's part of what makes dover kosashvili's outstanding feature debut so potent .,0,2,True
"smart and fun , but far more witty than it is wise .","sm art and fu n , but far mo re witty than it is wise .",1,3,True
"places a slightly believable love triangle in a difficult-to-swallow setting , and then disappointingly moves the story into the realm of an improbable thriller .","places a slightl y believable love triangle in a difficult-to-swallow setting , and then disappointingly moves the story into the realm of an improbable thriller .",0,1,True
"for the most part , i spy was an amusing lark that will probably rank as one of murphy's better performances in one of his lesser-praised movies .","for the m ost part , i spy was an amusing lark that will probably rank as one of murphy's better performances in one of his lesser-praised movies .",1,1,True
. . . a roller-coaster ride of a movie,. . . @ roller-coaster ride 0f a movie,1,4,True
a close-to-solid espionage thriller with the misfortune of being released a few decades too late .,a close-to-solid espionage thril ler wth the misfortune of being released a few decades too late .,1,3,True
"'yes , that's right : it's forrest gump , angel of death . '","'yes , that's r ight : it's f orrest gump , angel of death . '",0,3,True
"there are things to like about murder by numbers -- but , in the end , the disparate elements don't gel .","there a re thins to like about murder away numbrs -- but , in the 3nd , th3 di sparate elements don't gel .",0,9,True
the affectionate loopiness that once seemed congenital to demme's perspective has a tough time emerging from between the badly dated cutesy-pie mystery scenario and the newfangled hollywood post-production effects .,the affection ate loopine ss that once seemed congenital to demme's perspective has a tough time emerging from between the badly dated cutesy-pie mystery scenario and the newfangled hollywood post-production effects .,0,2,True
"perhaps a better celebration of these unfairly dismissed heroes would be a film that isn't this painfully forced , false and fabricated .","perhaps @ better celebration of these unfairly dismissed heroes would be a film that isn't this painfully forced , false and fabricated .",1,1,True
"you come away thinking not only that kate isn't very bright , but that she hasn't been worth caring about and that maybe she , janine and molly -- an all-woman dysfunctional family -- deserve one another .","you come away thinking not only that kate isn't very brigt , but tht she hasn't been woth caring about and tht maybe she , janine and molly -- an all-woman dysfunctional family -- deserve one another .",1,5,True
viveka seldahl and sven wollter will touch you to the core in a film you will never forget -- that you should never forget .,vive ka seldahl and sven wollter will touch you to the core in a f ilm you will never forget -- that you should never forget .,1,2,True
"an ambitious movie that , like shiner's organizing of the big fight , pulls off enough of its effects to make up for the ones that don't come off .","an ambitious moving picture that , like shiner's organizing of the big fight , pulls off e nough of its effects to make up for the ones that don't come off .",0,3,True
sheridan's take on the author's schoolboy memoir . . . is a rather toothless take on a hard young life .,sheridan's take on the author's schoolboy memir . . . is a rather toothless take on a hard young life .,1,2,True
"graças às interações entre seus personagens , o filme torna-se não apenas uma história divertida sobre uma curiosa perseguição , mas também um belo estudo de personagens .","graças às interações entre ses personagens , o filme torna-se n ão apenas uma história diverida sobe uma c uriosa perseguição , mas também um belo estudo de personagens .",1,6,True
"these characters are so well established that the gang feels comfortable with taking insane liberties and doing the goofiest stuff out of left field , and i'm all for that .","these ch@racters are so well established that the gang feels comfortable with taking insane liberties and doing the goofiest stuff out of left field , and i'm all for that .",1,1,True
"if legendary shlockmeister ed wood had ever made a movie about a vampire , it probably would look a lot like this alarming production , adapted from anne rice's novel the vampire chronicles .","if legendary shlockmeister 3d wood had ever made a moie about a vampire , it probably would look a lot like this alarming production , adapted from anne rice's novel the vampire chronicles .",0,4,True
gussied up with so many distracting special effects and visual party tricks that it's not clear whether we're supposed to shriek or laugh .,gusied up wit h so many distracting special eff ects and vi sual party tricks that i's not cler whether we're supposed to shriek or laugh .,0,6,True
. . . surprisingly inert for a movie in which the main character travels back and forth between epochs .,. . . surprisingly iert for a movie in which the main character travels back and forth between epochs .,0,5,True
"hypnotically dull , relentlessly downbeat , laughably predictable wail pitched to the cadence of a depressed fifteen-year-old's suicidal poetry .","hypnotically dul , reentlessly downbeat , laughably predictale wail pitched to the cadence of a depressed fifteen-year-old's suicidal poetry .",0,5,True
"bravo for history rewritten , and for the uncompromising knowledge that the highest power of all is the power of love .","bavo for histry rewrite , and for th3 unompromising knowledge that th3 highest power of whole is the power of love .",1,9,True
"an elegant work , food of love is as consistently engaging as it is revealing .","Associate in Nursing elegat wor k , food of love is as consistently engaging as it is revealing .",1,4,True
odd and weird .,odd @nd we ird .,1,2,True
i kept wishing i was watching a documentary about the wartime navajos and what they accomplished instead of all this specious hollywood hoo-ha .,single kept wishing iodine was watching a documentary about the wartime navajos and what they accomplished instead of all this specious ho llywood hoo-ha .,0,3,True
crummy,crumm y,0,1,True
"a sham construct based on theory , sleight-of-hand , and ill-wrought hypothesis .","a sh am co nstruct based on theory , sleight-of-hand , and ill-wrought hypothesis .",0,2,True
a romantic comedy enriched by a sharp eye for manners and mores .,a romanti c com edy enrichd aside a piercing eye f or ma nners and mors .,1,10,True
an old-fashioned drama of substance about a teacher's slide down the slippery slope of dishonesty after an encounter with the rich and the powerful who have nothing but disdain for virtue .,an old-fshioned drma of substance about a teacher's slide down the slippery slope of dishonesty afte r an encounter with the rich and the powerful who have nothing but disdain for virtue .,1,3,True
"here's my advice , kev . start reading your scripts before signing that dotted line .","here's my advice , kev . s tart interpretation your scripts before signing that dotted line .",0,4,True
"even if it pushes its agenda too forcefully , this remains a film about something , one that attempts and often achieves a level of connection and concern .","even if it pushes its agenda too forcefully , this remains @ film about something , one that attempts and often achieves a level of connection and concern .",1,1,True
you don't have to be an especially tough grader to give a charitable b-minus to the emperor's club .,you d on't ha ve to be an especially tough grader to give a charitable b-minus to the emperor's club .,1,3,True
"oft-described as the antidote to american pie-type sex comedies , it actually has a bundle in common with them , as the film diffuses every opportunity for a breakthrough","oft-described as the antidote to american pie-type sex come dies , information technology actually has a bundle in common with them , as the film diffuses every opportunity for a breakthrough",1,3,True
a mixed bag of a comedy that can't really be described as out of this world .,a mixed b ag of a comedy that can't really be described as out of this world .,0,1,True
"starts off with a bang , but then fizzles like a wet stick of dynamite at the very end . it's still worth a look .","starts off wit h @ bang , but thn fizzles like a wet stick of dynamite at the very close . it's still worth a look .",0,7,True
it's a masterpiece .,it's a masterp iece .,1,2,True
"the premise for this kegger comedy probably sounded brilliant four six-packs and a pitcher of margaritas in , but the film must have been written . . . in the thrall of a vicious hangover .","the premise for this kegger comedy probably sounded brilliant four six-packs and a pitcher of margaritas in , but the flm must have been written . . . in the thrall of a vicious hangover .",0,1,True
the film's stagecrafts are intimate and therefore bolder than the otherwise calculated artifice that defines and overwhelms the film's production design .,the film's stagecrafts are intim ate and therefore bolder than the otherwise calculated artifice that defines and overwhelms the film's production design .,1,1,True
it's refreshing to see a romance this smart .,its refreshng t0 see a romane this smart .,1,4,True
"in the end , the film feels homogenized and a bit contrived , as if we're looking back at a tattered and ugly past with rose-tinted glasses .","in the 3nd , t he film feels homogenized and a b1t contrived , as if w'ere looing back at a tatteed and ugly by with rose-tinted glasses .",0,9,True
it's like an all-star salute to disney's cheesy commercialism .,i's lke @n all-str slute to disney's cheesy commerialism .,0,8,True
"dazzles with its fully-written characters , its determined stylishness ( which always relates to characters and story ) and johnny dankworth's best soundtrack in years .","dazzles wih it s flly-written characters , its determined stylishness ( which always relates t0 characters and story ) and johnny dankworth's best soundtrack in years .",1,5,True
a gripping documentary that reveals how deep the antagonism lies in war-torn jerusalem .,a griping documentry that reveals how deep the antagonism lies in war-torn jerusalem .,1,2,True
"all in all , a great party .","all 1n all , a great party .",0,3,True
"a reminder that beyond all the hype and recent digital glitz , spielberg knows how to tell us about people .","a remi nder that beyond all the hype and recent digital glitz , spielberg knows how to tell us about people .",1,3,True
"this version's no classic like its predecessor , but its pleasures are still plentiful .","this version's no clas sic like its predecessor , but its pleasures are still plentiful .",1,2,True
"time literally stops on a dime in the tries-so-hard-to-be-cool "" clockstoppers , "" but that doesn't mean it still won't feel like the longest 90 minutes of your movie-going life .","time literally stops on a dime in the tries-so-hard-to-be-cool "" clockstoppers , "" b ut that doesn't mean information technology still won't feel like the longest 90 minutes of your movie-going life .",0,2,True
"infidelity drama is nicely shot , well-edited and features a standout performance by diane lane .","infidelity dr ama is nicely shot , well-edited and features a standout performance by diane lane .",1,1,True
"what's most offensive isn't the waste of a good cast , but the film's denial of sincere grief and mourning in favor of bogus spiritualism .","what's most offensiv e isn't the waste of a good cast , but the film's denial of sincere grief and mourning in favor of bogus spiritualism .",0,1,True
"how on earth , or anywhere else , did director ron underwood manage to blow $100 million on this ?","how on earth , or anywhere else , d id director ron underwood manage to blow $100 million on this ?",0,2,True
lacks the inspiration of the original and has a bloated plot that stretches the running time about 10 minutes past a child's interest and an adult's patience . but it also has many of the things that made the first one charming .,la cks the inspiration of the original and has a bloat ed plot that stretches the running time about 10 minutes past a child's interest and an adult's patience . but it also has many of the things that made the first one charming .,0,3,True
"like schindler's list , the grey zone attempts to be grandiloquent , but ends up merely pretentious -- in a grisly sort of way .","like schindler's l ist , th3 gey zone attempts t0 be grandiloquent , but ens up meely preentious -- in a g risly sort of way .",0,13,True
"every now and again , a movie comes along to remind us of how very bad a motion picture can truly be . frank mcklusky c . i . is that movie !","every now and again , @ movie comes along to remind us of how very b ad a motion picture can truly be . frank mcklusky c . i . is that movie !",1,3,True
"fails to satisfactorily exploit its gender politics , genre thrills or inherent humor .","fails to satisfactorily ex ploit its gende r politics , genre thrills or inherent humor .",1,2,True
"the angst-ridden , affluent slacker characters are more grating than engaging .","the angst-r idden , afflunt slacker charactrs are more gr@ting than engaging .",0,5,True
"its use of the thriller form to examine the labyrinthine ways in which people's lives cross and change , buffeted by events seemingly out of their control , is intriguing , provocative stuff .","its us e of the thriller form to examine the labyrinthine ways in which people's lives cross and change , buffeted by events seemingly out of their control , is intriguing , provocative stuff .",0,1,True
the solid filmmaking and convincing characters makes this a high water mark for this genre .,the sol id film making and convincing characters makes this a high water mark for this genre .,1,2,True
"ryosuke has created a wry , winning , if languidly paced , meditation on the meaning and value of family .","ryosuke take creaed ampere ironical , wnning , if la nguidly pace , meditaton on th3 pregnant a nd value of family .",1,13,True
plays like a bad blend of an overripe episode of tv's dawson's creek and a recycled and dumbed-down version of love story .,plays like @ bad blend of an overripe episode of tv's dawson's creek and a reccled and dumbed-down version of love stor y .,0,3,True
"enough is not a bad movie , just mediocre . the performances are so overstated , the effect comes off as self-parody .","enough equal n0t a bad film , j ust mediocre . the performances are so overstated , the effect comes of f as self-parody .",0,8,True
". . . very funny , very enjoyable . . .",". . . real funny , very enjoyable . . .",1,4,False
"an energizing , intoxicating documentary charting the rise of hip-hop culture in general and the art of scratching ( or turntablism ) in particular .","@n energizing , intoxica ting documentary charting the rise 0f hi-phop culture in general and the a rt of scratching ( or turntablism ) in particular .",1,6,True
"jirí hubac's script is a gem . his characters are engaging , intimate and the dialogue is realistic and greatly moving . the scope of the silberstein family is large and we grow attached to their lives , full of strength , warmth and vitality . .","jirí hubac's script 1s ampere g3m . h is chracters personify e ngaging , intimate @nd the dialogue 1s realisic and greatly moving . the scope of the siberstein family is large an d we gow attach ed to their liv es , full of strength , warmth and vitality . .",1,37,False
"sometimes this modest little number clicks , and sometimes it doesn't .","sometimes this modest little number click s , and sometimes information technology doesn't .",0,3,True
"about as enjoyable , i would imagine , as searching for a quarter in a giant pile of elephant feces . . . positively dreadful .","about as enjoyab le , i would imagine , as searching for a quarter in a giant pile of elephant feces . . . positively dreadful .",1,1,True
a little weak -- and it isn't that funny .,a l ittle wak -- a nd it isn't th at funny .,0,5,True
"from beginning to end , this overheated melodrama plays like a student film .","from source to 3nd , t his over heated melodrama plays like angstrom stdent film .",0,9,True
"just another disjointed , fairly predictable psychological thriller .","just another disjoi nted , reasonably predictabe psychological thriller .",0,4,True
'like a child with an important message to tell . . . [skins'] faults are easy to forgive because the intentions are lofty . ','like a chld with an important message to tell . . . [skins'] faults are easy to forgive because the intentions are lofty . ',1,1,True
"a graceless , witless attempt at mating some like it hot with the wwii espionage thriller .","a grceless , witess attemt at mating some like it hot with th3 wwi i espionage thriller .",0,9,True
the best film of the year 2002 .,the best fil m of the year 200 2 .,1,2,True
"does a good job of establishing a time and place , and of telling a fascinating character's story .","does ampere goo d job of establishing a time and place , and of telling a fascinating character's story .",1,2,True
"if you thought tom hanks was just an ordinary big-screen star , wait until you've seen him eight stories tall .","if yo u thought tom Thomas J. Hanks was just an ordinary big-screen star , wait until you've seen h1m eight stories tall .",0,4,True
"at its best , it's black hawk down with more heart . at its worst , it's rambo- meets-john ford .","@t i ts best , it's black hawk down with more heart . at its worst , it's rambo- meets-john ford .",1,4,True
it treats ana's journey with honesty that is tragically rare in the depiction of young women in film .,it trea ts ana's jorney with hone sty that is tragically rare in the depiction of young wom en in f ilm .,1,5,True
"very well made , but doesn't generate a lot of tension .","very well made , bu t doesn't generate a lot of tension .",0,1,True
a deep and meaningful film .,a dep and meaningf ul picture .,1,5,False
it's one thing to read about or rail against the ongoing - and unprecedented - construction project going on over our heads . it's quite another to feel physically caught up in the process .,i t's one thing to read about or rail against the ongoing - and unprecedented - construction project going on over our heads . it's quite another to feel physically caught up in the process .,0,1,True
kapur's contradictory feelings about his material result in a movie that works against itself .,kapur's cntradictory felings about h1s matrial result in @ picture that works against itself .,0,6,True
"terminally bland , painfully slow and needlessly confusing . . . the movie , shot on digital videotape rather than film , is frequently indecipherable .","terinally band , paifully slw and needlssly confsing . . . the movie , shot along digitl videotpe rather than film , is frequently indecipherable .",0,17,True
no telegraphing is too obvious or simplistic for this movie .,n0 telegraphing live too o bvious or simplisic for this movi e .,0,5,True
the gags that fly at such a furiously funny pace that the only rip off that we were aware of was the one we felt when the movie ended so damned soon .,the ggs tht fly @t such a furiousy funy pce that the only blood off that w3 were aware of live the one we felt when the movie ended so damned soon .,0,11,True
"feels at times like a giant commercial for universal studios , where much of the action takes place .","fe els @t tmes like a giat comm ercial for universal joint studos , where much of the action takes place .",0,7,True
"mr . deeds is not really a film as much as it is a loose collection of not-so-funny gags , scattered moments of lazy humor .","mr . deeds is not really axerophthol film as much as it is a loose collecion of not-so-funny gags , scattered momen ts of lazy humor .",0,8,True
"godard has never made a more sheerly beautiful film than this unexpectedly moving meditation on love , history , memory , resistance and artistic transcendence .","god ard has never made a more sheerly beautiful fi lm than this unexpectedly moving med itation on have a go at it , history , memory , resistance and artistic transcendence .",1,5,True
with its parade of almost perpetually wasted characters . . . margarita feels like a hazy high that takes too long to shake .,with its p arade of almost perpetually wasted charactrs . . . margarita feels like a hazy high that takes too long to shake .,0,4,True
"over-the-top and a bit ostentatious , this is a movie that's got oodles of style and substance .","over-the-top and @ bit ostentatious , this is a movie that's got oodles of style @nd substance .",1,3,True
"bursting through the constraints of its source , this is one adapted- from-television movie that actually looks as if it belongs on the big screen .","bursting through the constraints of its source , this is one adapted- from-television mov ie that actually looks as if it belongs on the big screen .",0,1,True
it asks nothing of the audience other than to sit back and enjoy a couple of great actors hamming it up .,it ask s nothing of the audience other than to sit back and enjoy a couple of great actors hamming it up .,0,1,True
"if you are an actor who can relate to the search for inner peace by dramatically depicting the lives of others onstage , then esther's story is a compelling quest for truth .","if y0u ar @n actor who can relate to the search for inner pece by dramaticlly depicting the lives of others onstage , then esther's story is a compelling quest for truth .",1,6,True
about as big a crowdpleaser as they possibly come .,about as bi g a crowdpleaser as they possibly come .,0,1,True
a solid film . . . but more conscientious than it is truly stirring .,a self-coloured fil m . . . but more conscientious than it is truly stirring .,1,2,True
"at a time when we've learned the hard way just how complex international terrorism is , collateral damage paints an absurdly simplistic picture .","atomic number 85 a ti me when we've learned the hard way just how complx international trrorism is , colateral damag e paints an absurdly simpli stic picture .",0,9,True
"a surprisingly flat retread , hobbled by half-baked setups and sluggish pacing .","a surprisingly f lat reread , hobbled by half-baked setups and sl uggish pace .",0,6,True
"what is 100% missing here is a script of even the most elemental literacy , an inkling of genuine wit , and anything resembling acting .","what is 10 0% missing here is a scr ipt of even the most elemental literacy , an inkling of actual wit , and anything resembling acting .",1,3,True
it's neither as romantic nor as thrilling as it should be . but it offers plenty to ponder and chew on as its unusual relationship slowly unfolds .,it 's neither as romantc nor as thriling as it should be . but it offers plenty to ponder and chew on as its unusual relationship slowly unfolds .,1,3,True
morvern rocks .,morvern roc ks .,1,1,True
"and if you appreciate the one-sided theme to lawrence's over-indulgent tirade , then knock yourself out and enjoy the big screen postcard that is a self-glorified martin lawrence lovefest . if you are willing to do this , then you so crazy !","and if you appreciate the one-sided theme to lawrence's over-indulgent tirade , then knock yourself o ut and enjoy the big screen postca rd that is a self-glorified martin lawrence lovefest . if you are willing to do this , then you so crazy !",0,2,True
"the country bears has no scenes that will upset or frighten young viewers . unfortunately , there is almost nothing in this flat effort that will amuse or entertain them , either .","th e coutry bea rs take n0 scens that will uset 0r frighen youth viwers . unfortunately , in that respect comprise almost nothing in tis flat effort that will amuse or entertain them , either .",0,16,True
"ensemble movies , like soap operas , depend on empathy . if there ain't none , you have a problem .","ensemble movies , l ike soap operas , depend on empathy . if there ain't none , you have a problem .",0,2,True
"long before it's over , you'll be thinking of 51 ways to leave this loser .","long ahead it 's complete , you'll b3 thinkng of 51 way s to leave this loser .",0,13,True
a compelling motion picture that illustrates an american tragedy .,a compe lling m otion picture that illustrates an american tragedy .,1,2,True
"the x potion gives the quickly named blossom , bubbles and buttercup supernatural powers that include extraordinary strength and laser-beam eyes , which unfortunately don't enable them to discern flimsy screenplays .","the x potion gives the quickly named blossom , bubbles and butt ercup supernatural powers that include over-the-top strength and laser-beam eyes , which unfortunately don't enable them to discern flimsy screenplays .",0,5,True
"a shame that stealing harvard is too busy getting in its own way to be anything but frustrating , boring , and forgettable .","a shmae tht steaing h arvard is t0o buy gtting 1n 1ts own way t0 be anythig but frustrting , borng , and forgettable .",0,20,True
"in a 102-minute film , aaliyah gets at most 20 minutes of screen time . . . . most viewers will wish there had been more of the "" queen "" and less of the "" damned . ""","in a 102-mi nute film , aal iyah gets at most 20 minutes of screen time . . . . most viewers will wish there had been more of the "" queen "" and less of the "" damned . """,1,2,True
ferrara directs the entire film with the kind of detachment that makes any given frame look like a family's custom-made christmas card .,f errara dir ects the entire film with the kind of detachment that makes any given frame look like a family's custom-made christmas c ard .,1,3,True
"as a movie , it never seems fresh and vital . it never plays as dramatic even when dramatic things happen to people . it labours as storytelling .","as type A mo vie , it never seems fresh and vital . it never plays as dramatic even when dramatic things happen to people . it labours as storytelling .",1,2,True
first-time director joão pedro rodrigues' unwillingness to define his hero's background or motivations becomes more and more frustrating as the film goes on .,first-time theater director joo pedro rodrigues' unwillingness t0 define hi s heo's background or motivations becomes more and more frustrating as the film whirl on .,0,6,True
winds up feeling like lots of other quirky movies that try to score hipness points with young adults .,winds up feeling like lots of other quirky movie s that try to score hipness points with young adults .,1,2,True
you don't have to know about music to appreciate the film's easygoing blend of comedy and romance .,you d on't have to know about medicine to appreciate the film's easygoing blnd of comey and roma nce .,1,6,True
vampire epic succeeds as spooky action-packed trash of the highest order .,vampire epc succeeds as spooky action-packed trash of the highest order .,1,1,True
"while it has definite weaknesses -- like a rather unbelievable love interest and a meandering ending -- this '60s caper film is a riveting , brisk delight .","while 1t has defnite weknesses -- lie a rather unbelivable love interest and @ meandering endin g -- tis '6s caper film is @ riveting , brisk delight .",1,13,True
eckstraordinarily lame and severely boring .,eckstraordinarily lae and severely bo ring .,0,2,True
"often overwrought and at times positively irritating , the film turns into an engrossing thriller almost in spite of itself .","often over wrought and at times positively irritating , the film turns into an engrossing thriller almost in spite of itself .",0,1,True
"boy oh boy , it's a howler .","b0y 0h boy , it's a howler .",0,4,True
"made-up lampoons the moviemaking process itself , while shining a not particularly flattering spotlight on america's skin-deep notions of pulchritude .","made-up lampoons the moviemaking proc ess itself , while shining a not particularly flatter ing spotlight on america's skind-eep notions of pulchritude .",1,3,True
"on its icy face , the new film is a subzero version of monsters , inc . , without the latter's imagination , visual charm or texture .","on 1ts glacial face , the n3w film is a suzero version of mo nsters , inc . , without the latter's ima gination , visual charm or texture .",1,6,True
"a real winner -- smart , funny , subtle , and resonant .","a re al win ner -- $mart , fnny , subtle , and resonant .",1,8,False
insufferably naive .,insufferabl y naive .,0,1,True
"obvious , obnoxious and didactic burlesque .","obvous , obnoxous and didactic burlesque .",0,4,False
a mimetic approximation of better films like contempt and 8 1/2 .,a mimetic approximation of better fi lms like contempt and 8 1/2 .,1,1,True
"<em>ash wednesday</em> is not edward burns' best film , but it is a good and ambitious film . and it marks him as one of the most interesting writer/directors working today .","<em>ash wdnesday</em> is n ot edward burns' safe film , simply it is a good and ambitious fim . and it marks him as one of the most interesting writer/directors working today .",1,9,True
michel piccoli's moving performance is this films reason for being .,mi chel piccoli's moving perfomance is this f ilms reason for being .,1,3,True
"[dong] makes a valiant effort to understand everyone's point of view , and he does such a good job of it that family fundamentals gets you riled up .","[do ng] makes a valiant effort to understand everyone's point of view , and he does such a good job of it that family fundamentals gets you riled up .",0,1,True
calculated swill .,calculated s will .,0,1,True
"from the choppy editing to the annoying score to 'special effects' by way of replacing objects in a character's hands below the camera line , "" besotted "" is misbegotten","from the c hoppy editin g to the annoying score to 'special effects' by way of replacing ob jects in a character's hands below the camera line , "" besotted "" is misbegotten",0,3,True
[a] real pleasure in its laid-back way .,[a] ral pleasur e in its laid-back way .,1,2,True
"apparently , romantic comedy with a fresh point of view just doesn't figure in the present hollywood program .","apparently , romntic comedy with a fresh point of view just doesn't figure in the present hollywood program .",1,2,True
"a recent favourite at sundance , this white-trash satire will inspire the affection of even those unlucky people who never owned a cassette of def leppard's pyromania .","a recent favourite at sund ance , this white-trash satire will urge the affection of even those unlucky people who never owned a cassette of def leppard's pyromania .",1,2,True
director boris von sychowski instead opts for a routine slasher film that was probably more fun to make than it is to sit through .,diector boris von sychowski istead opts for a routne slaser fil m that was probably more fun to make than it is to sit through .,0,8,True
"the screenplay , co-written by director imogen kimmel , lacks the wit necessary to fully exploit the comic elements of the premise , making the proceedings more bizarre than actually amusing .","the screnplay , co-written by director imogen kimmel , lacks the wit necessary to fully expoit the comic elements of the premise , making the proceedings more bizarre than actually amusing .",0,7,True
"it's all stitched together with energy , intelligence and verve , enhanced by a surplus of vintage archive footage .","it 's completely sttched together with push , intelligence and verve , enhanced by a surplus of vi ntage archive footage .",1,7,True
dignified ceo's meet at a rustic retreat and pee against a tree . can you bear the laughter ?,dignified ceo's meet at a rusic retreat and pee against a tree . can you bear the laughter ?,1,1,True
"if h . g . wells had a time machine and could take a look at his kin's reworked version , what would he say ? 'it looks good , sonny , but you missed the point . '","if henry . g . wells had @ time machine and could take @ look at his ki's reworked version , wat would he say ? 'it looks good , sonny , but you missed the point . '",0,8,True
has something to say . . . but it is a statement and issue worthy of a much more thoughtfulness and insight than a melodramatic and wholly predictable thriller .,has something to say . . . but it is a statement and issue worthy of @ much more thoughtfulness and insight than a melodramatic and wholly predictable thriller .,1,1,True
on the right track to something that's creepy and effective . . . it's just going to take more than a man in a bullwinkle costume to get there .,on the right tra ck to something tha t's creepy and effective . . . it's just going to take more than a man in a bullwinkle costume to get there .,0,2,True
"a movie more to be prescribed than recommended -- as visually bland as a dentist's waiting room , complete with soothing muzak and a cushion of predictable narrative rhythms .","a m ovie more to be prescribed than recommended -- as visually bland as a dentist's witing room , complete with soothing muzak and a cushion of predictable narrative rhythms .",1,2,True
a woman's pic directed with resonance by ilya chaiken .,group A woman's p ic directed with resonance away ilya chaiken .,1,4,True
not since ghostbusters has a film used manhattan's architecture in such a gloriously goofy way .,not since ghostbusters has a film used manhattan's a rchitecture in such a gloriously goofy way .,1,1,True
"for a film that celebrates radical , nonconformist values , what to do in case of fire ? lazily and glumly settles into a most traditional , reserved kind of filmmaking .","for a fim that celebrat es r@dical , nonconformist values , what to do in case of fire ? lazily and glumly settles into a most traditional , reserved kind of filmmaking .",1,3,True
the mothman prophecies is best when illustrating the demons bedevilling the modern masculine journey .,the moth man prophcies is best when illusrating the dmons bedevilling the modrn masculine jour ney .,1,6,True
"critics need a good laugh , too , and this too-extreme-for-tv rendition of the notorious mtv show delivers the outrageous , sickening , sidesplitting goods in steaming , visceral heaps .","cri tics n eed @ good laugh , too , and th is too-extreme-for-tv renditin of the notorious mtv s how delivers the outrageous , sickening , sidesplitting goods in steaming , visceral heaps .",0,6,True
an uneven look into a grim future that doesn't come close to the level of intelligence and visual splendour that can be seen in other films based on philip k . dick stories .,an uneven look into a grim future that doesn't come close to the level of inteligence and visual splendour that can be seen in other films based on philip k . dick stories .,1,2,True
one thing you have to give them credit for : the message of the movie is consistent with the messages espoused in the company's previous video work .,one thing you have to give them credit for : the message of t he movie is consistent with the messages espoused in the company's previous video work .,1,1,True
"there's not much more to this adaptation of the nick hornby novel than charm -- effortless , pleasurable , featherweight charm .","there's not much more to this adaptaton of the nick hornby novel than ch arm -- effo rtless , pleasurable , featherweight charm .",1,3,True
"a sensitive , modest comic tragedy that works as both character study and symbolic examination of the huge economic changes sweeping modern china .","a sensitve , modet comic tragedy that works as bth character study and symbolic examination of the huge economic changes sweeping moder n china .",1,5,True
"a thoughtful , provocative , insistently humanizing film .","a thought ful , pr ovocative , insistently humanizing film .",1,6,False
""" juwanna mann ? "" no thanks . wewannour money back , actually .",""" juwann a mann ? "" no thanks . wewannour money back , actually .",0,1,True
"it's hard to fairly judge a film like ringu when you've seen the remake first . many of the effective horror elements are dampened through familiarity , [yet] are worthwhile .","it' s har d to fairly judge a moving picture like ri ngu when you've seen the remae first . many of the effective horror elements are dampened through familiarity , [yet] are worthwhile .",0,5,True
"it's just disappointingly superficial -- a movie that has all the elements necessary to be a fascinating , involving character study , but never does more than scratch the surface .","i's just disappontingly superfcial -- a movie that has all the elements necessary to be ampere fascinating , involving character study , but never does more than scratch the surface .",0,4,True
"though the violence is far less sadistic than usual , the film is typical miike : fast , furious and full of off-the-cuff imaginative flourishes .","though the vio lence is far less sadistic than usual , th e film is typical miike : fast , furious and full of off-the-cuff imaginative flourishes .",0,2,True
. . . a bland murder-on-campus yawner .,. . . a smooth murder-on-campus yawner .,0,2,True
both damning and damned compelling .,both damning and damned compe lling .,1,1,True
"dialogue-heavy and too cerebral for its own good -- or , at any rate , too cerebral for its racy subject matter .","dialogu-eheavy a nd too cerebral for its own good -- or , at any rat e , too intellectual for its racy subject matter .",0,6,True
"who is the audience for cletis tout ? anybody who enjoys quirky , fun , popcorn movies with a touch of silliness and a little bloodshed .","who is the audience for cletis tut ? anybody who enjoys quirky , merriment , popcorn movies with a touch of silliness a nd a little bloodshed .",1,3,True
sade is an engaging look at the controversial eponymous and fiercely atheistic hero .,s ade 1s Associate in Nursing engagig look @t the cntroversial eponymous and fiercly atheistic hero .,1,7,True
deserves high marks for political courage but barely gets by on its artistic merits .,d eserves hig h maks for pol itical courge but barely bring forth past 0n its artist ic merits .,0,11,True
it's a fanboy 'what if ? ' brought to life on the big screen .,it 's a fanbo y 'what if ? ' brought to life on the big screen .,0,2,True
the gantzes' interviews tend to let the guys off the hook .,the gantzes' interview t3nd t0 let the guys 0ff the hook shot .,0,6,True
"as green-guts monster movies go , it's a beaut .","as g reen-guts monster movies go , it's a beaut .",1,1,True
"hip-hop has a history , and it's a metaphor for this love story .","hip-op take in angstrom histoy , and i's a metaphor for this lov e story .",1,8,True
"unlike most teen flicks , swimming takes its time to tell its story , casts mostly little-known performers in key roles , and introduces some intriguing ambiguity .","unlike most t een moving-picture show , swimming takes its time to tell its story , casts mostly little-known performers in key roles , and introduces some intriguing ambiguity .",1,2,True
makes an aborbing if arguable case for the man's greatness .,makes Associate in Nursing aborbing 1f arguable cause f or the man's gre atness .,1,5,True
"a truly moving experience , and a perfect example of how art -- when done right -- can help heal , clarify , and comfort .","@ tuly movig exprience , and adenine perfect example 0f ho w art -- when done correctly -- can help hel , clarify , and comfort .",1,11,True
it's hard to imagine that even very small children will be impressed by this tired retread .,it 's h@rd t0 imagine that even very small children will be impressed by this tired retr ead .,0,4,True
"not so much a movie as a picture book for the big screen . this isn't my favorite in the series , still i enjoyed it enough to recommend .","not so a good deal a mvie as a picture book for the big screen . this isn't my favorite in the series , still i enjoyed it enough to recommend .",0,4,True
"it's a setup so easy it borders on facile , but keeping the film from cheap-shot mediocrity is its crack cast .","i's a frame-up so easy it borders on facile , but keeping the film from ch3ap-shot mediocrity is its crack cast .",0,3,True
this overproduced piece of dreck is shockingly bad and absolutely unnecessary . hmmmmight i suggest that the wayward wooden one end it all by stuffing himself into an electric pencil sharpener ?,this overprouced patch of drck is shockingly bad and absolutely unnecessary . hmmm might i suggest that th3 wayward wooden one end it all by stuffing himself into an electric pencil sharpener ?,0,4,True
"though howard demonstrates a great eye as a director , this southern gothic drama is sadly a tough sit , with an undeveloped narrative and enough flashbacks and heavy-handed metaphors to choke a horse -- or at least slow him down to a canter .","though howar d demonstrates a great eye as a director , this southern gothic drama is sadly a tough sit , with an undeveloped narrative and enough flashbacks and heavy-handed metaphors to choke a horse -- or at least slow him down to a canter .",1,1,True
""" i blame all men for war , "" [the warden's daughter] tells her father . the movie is about as deep as that sentiment .",""" ace bla me a ll men for war , "" [the warden's daughter] tells her father . the movie is about as deep as that sentiment .",0,6,True
a sobering and powerful documentary about the most severe kind of personal loss : rejection by one's mother .,a sobring @nd pwerful documenary about the most seere kind of personal lo ss : re jection by oe's mother .,1,10,True
"nine queens is not only than a frighteningly capable debut and genre piece , but also a snapshot of a dangerous political situation on the verge of coming to a head .","nine qu eens is not only than a frighteningly capable debut and genre piece , but also a snapshot of a dangerous political situation on the verge of coming to a head .",0,1,True
"there's a persistent theatrical sentiment and a woozy quality to the manner of the storytelling , which undercuts the devastatingly telling impact of utter loss personified in the film's simple title .","there's a persistent theatical sentiment and a woozy quality to the manner of the storytelling , which undercuts the devastatingly telling impact of utter loss personified in the film's simple title .",1,1,True
rarely have i seen a film so willing to champion the fallibility of the human heart .,rarely have atomic number 53 seen a film so willing to champion the fallibility of the human hea rt .,1,2,True
"the people in abc africa are treated as docile , mostly wordless ethnographic extras .","the people in ab c africa are treated as docile , mostly wordless ethnographic extras .",0,1,True
quitting offers piercing domestic drama with spikes of sly humor .,quitting offers piering domestic drama with spikes of sly humor .,1,1,True
a documentary to make the stones weep -- as shameful as it is scary .,a documetary to make the sones weep -- as shameful as it is scary .,1,3,True
there is only so much baked cardboard i need to chew .,there is only so much baked c@rdboard i need to c hew .,0,2,True
norton is magnetic as graham .,norton is mag netic as graham .,0,1,True
that it'll probably be the best and most mature comedy of the 2002 summer season speaks more of the season than the picture,that it'll probably be the best and most mature c omedy of the 2002 summer season speaks more of the season than the picture,0,1,True
nothing is sacred in this gut-buster .,nothin g embody sacred in this gut-b uster .,0,5,True
"although it bangs a very cliched drum at times , this crowd-pleaser's fresh dialogue , energetic music , and good-natured spunk are often infectious .","although it ban gs a very cliched drum at times , this crowd-pleaser's fresh dialogue , enegetic music , and good-natured spunk are often infectious .",1,2,True
"the film is just a big , gorgeous , mind-blowing , breath-taking mess .","the film is just a big , gorgeous , m ind-blowing , breathtaking mess .",0,6,True
"the story itself it mostly told through on-camera interviews with several survivors , whose riveting memories are rendered with such clarity that it's as if it all happened only yesterday .","the story itse lf it mostly told through on-camera inte rviews with several survivors , whose riveting memories are rendered with such clarity that it's as if it all happened only yesterday .",1,2,True
like leafing through an album of photos accompanied by the sketchiest of captions .,like leafing through an album of ph otos accompanied by the sketchiest of captions .,0,1,True
"despite its lavish formalism and intellectual austerity , the film manages to keep you at the edge of your seat with its shape-shifting perils , political intrigue and brushes with calamity .","despite 1ts lavsh formalism and intellectual austerity , th3 film manages to keep you at th3 edge of your seat with i ts shape-shiftin g perils , political intrigue and brushes with calamity .",1,6,True
"a thoroughly enjoyable , heartfelt coming-of-age comedy .","a thorughly ejoyable , hearfelt coming-of-a ge coedy .",1,8,True
"its maker , steven spielberg , hasn't had so much fun in two decades , since he was schlepping indiana jones around the globe in search of a giant misplaced ashtray .","1ts makr , steven spielberg , hasn't had $o much fun in two decades , since he was schlepping indiana jones around the globe in search of a giant misplaced ashtray .",0,6,True
a movie that reminds us of just how exciting and satisfying the fantasy cinema can be when it's approached with imagination and flair .,a moive that reminds us of just how exiting and satifying the fatasy ciema can b3 when 1t's approached with imaginaton and flai r .,1,12,True
suffocated at conception by its munchausen-by-proxy mum . punish the vehicle to adore the star .,suffoated @t invention by its munchausen-by-proxy mu m . punish the vehicle to adore the star .,0,7,True
"impostor can't think of a thing to do with these characters except have them run through dark tunnels , fight off various anonymous attackers , and evade elaborate surveillance technologies .","imostor c@n't think of a thing to do with these chracters except have them run through dark-skinned tunnels , fight off various anonymous attackers , and evade elaborate surveillance technologies .",0,4,True
"it's not original , and , robbed of the element of surprise , it doesn't have any huge laughs in its story of irresponsible cops who love to play pranks .","i t's n0t original , and , robbed of the element of surprie , it doesn't feature any hue laughs in its stoy of irresponsible cops who love to play pranks .",0,9,True
mib ii is a movie that makes it possible for the viewer to doze off for a few minutes or make several runs to the concession stand and/or restroom and not feel as if he or she has missed anything . that's because relatively nothing happens .,m ib 1i is a movie that makes it possible for the viewer to doze off for a few minutes or make several runs to the concession stand and/or restroom and not feel as if he or she has missed anything . that's because relatively nothing happens .,1,2,True
it's easy to love robin tunney -- she's pretty and she can act -- but it gets harder and harder to understand her choices .,it 's easy to love robin tunney -- she's pretty and she can act -- but it gets harder and harder to understand her choices .,0,1,True
"the actors are simply too good , and the story too intriguing , for technical flaws to get in the way .","the actor s are simply too good , and the story too intriguing , for technical flaws to get in the way .",0,1,True
"by the time you reach the finale , you're likely wondering why you've been watching all this strutting and posturing .","aside the time you reach the fina le , you're likely wondering why you've been watching all this strutting and posturing .",1,4,True
"for his first attempt at film noir , spielberg presents a fascinating but flawed look at the near future .","for his first attempt at film nor , spielberg presents a fascinating but flawed look at the near future .",1,1,True
get out your pooper-scoopers .,get out y our pooper-scoopers .,0,1,True
a cautionary tale about the folly of superficiality that is itself endlessly superficial .,a ca utionary tale about the folly of superficiality that is itself endlessly superficial .,1,1,True
"sinks into the usual cafeteria goulash of fart jokes , masturbation jokes , and racist japanese jokes .","snks into the uual cafeteria goulash of fat jkes , mastubation joes , an d rcist japanese jokes .",0,12,False
"while some of the camera work is interesting , the film's mid-to-low budget is betrayed by the surprisingly shoddy makeup work .","while some of the came ra work is interesting , the film's mid-to-low budget is betrayed by the surprisingly shoddy makeup work .",0,1,True
"despite besson's high-profile name being wasabi's big selling point , there is no doubt that krawczyk deserves a huge amount of the credit for the film's thoroughly winning tone .","despite besson's hig h-profile name being wasabi's big selling point , there is no doubt that krawczyk deserves a huge amount of the credit for the film's thoroughly winning tone .",1,1,True
"as social exposé , skins has its heart in the right place , but that's not much to hang a soap opera on .","as socil exposé , skins has its heart in the right place , but that's not much to hang a soap opera on .",1,1,True
"a different kind of love story - one that is dark , disturbing , painful to watch , yet compelling .","type A differe nt kid of lov e story - one that cost dark , disturbing , painful t0 watch , yet compelling .",1,8,True
the charms of the lead performances allow us to forget most of the film's problems .,the chams of the lead performa nces allow us to forget most of the film's problems .,1,2,True
"combining quick-cut editing and a blaring heavy metal much of the time , beck seems to be under the illusion that he's shooting the latest system of a down video .","combining q uick-cut edit out @nd a blaring heavy metal much of the time , beck seems to be under the illusion that he's shooting the latest system of a down video .",1,5,True
"a wry , affectionate delight .","adenine dry , affectionat e delight .",1,4,True
"with lines that feel like long soliloquies -- even as they are being framed in conversation -- max is static , stilted .","with line s that feel like long solioquies -- even as they are being framed in conversaion -- Georgia home boy represent static , stilted .",0,5,True
you have no affinity for most of the characters . nothing about them is attractive . what they see in each other also is difficult to fathom .,you have no affinity for most of the ch aracters . nothing about them is attractive . what they see in each other too is difficult to fathom .,1,4,True
"though nijinsky's words grow increasingly disturbed , the film maintains a beguiling serenity and poise that make it accessible for a non-narrative feature .","though nijinsky's wo rds g row increasingly disturbed , the film maintains a beguiling serenity and poise that make it accessible for a non-narrative feature .",1,2,True
the kind of nervous film that will either give you a mild headache or exhilarate you .,the kind of nerous fi lm that will either give you a mild headache or exhilarate you .,0,3,True
"mr . goyer's loose , unaccountable direction is technically sophisticated in the worst way .","mr . goye r's loose , unaccountable direction is technically sophisticated in the worst way .",0,1,True
the film lapses too often into sugary sentiment and withholds delivery on the pell-mell pyrotechnics its punchy style promises .,the fil m lpses too often into su gary sentiment and withholds delivery on the pell-mell pyrotechnics its punchy style promises .,0,3,True
insanely hilarious ! i haven't laughed that hard in years !,i nsanely screaming ! i haven't laughed that hard in years !,1,3,True
the emotions are raw and will strike a nerve with anyone who's ever had family trauma .,the emoions ar e naked and will strike a nerve with anyone who's ever had family trauma .,1,3,True
"madonna has made herself over so often now , there's apparently nothing left to work with , sort of like michael jackson's nose .","madona has take a shit herslf over so ofte n now , there's apparently nohing left to work with , sor t 0f like michael jackson's nose .",0,13,True
it's like going to a house party and watching the host defend himself against a frothing ex-girlfriend . you don't want to call the cops . you want to call domino's .,it 's like going to a house pary and wathing the host defend himself against a frothing 3x-girlfriend . you don't want to call the cops . you want to call domino's .,0,7,True
"not only is undercover brother as funny , if not more so , than both austin powers films , but it's also one of the smarter , savvier spoofs to come along in some time .","not only is undercover brother as funny , if not more so , than both aus tin powers films , but it's also one of the smarter , savvier spoofs to come along in some time .",1,1,True
"the movie certainly has its share of clever moments and biting dialogue , but there's just not much lurking below its abstract surface .","the mo vie certainly has its share of clever moments and biting dialogue , but there's just not much lurking below its abstract surface .",0,1,True
like other great documentaries . . . this goes after one truth ( the ford administration's complicity in tearing 'orphans' from their mothers ) and stumbles upon others even more compelling .,like other geat docum entaries . . . this goes after on e truth ( the ford administration's complicity in tearing 'orphans' from their mothers ) and stumbles upon others even more compelling .,1,3,True
"the problem is the needlessly poor quality of its archival prints and film footage . the images lack contrast , are murky and are frequently too dark to be decipherable .","the prolem is the needlessy poor quality of its archival prints and film footage . the images lack contrast , are murky and are frequently too dark to be decipherable .",0,3,True
simply doesn't have sufficient heft to justify its two-hour running time .,simpl y do esn't hae su fficient h eft to justify its two-hour runing time .,0,6,True
fans of the modern day hong kong action film finally have the worthy successor to a better tomorrow and the killer which they have been patiently waiting for .,fans of the moden day hong kog action fim finally have the worthy successor to @ better tomorrow and the killer which they have been patiently waiting for .,1,6,True
"it does give a taste of the burning man ethos , an appealing blend of counter-cultural idealism and hedonistic creativity .","it suffice pass axerophthol tste of the burning man ethos , an appealing blend of counter-cultual iealism and hedonistic creativit y .",1,7,True
"if the plot seems a bit on the skinny side , that's because panic room is interested in nothing more than sucking you inand making you sweat .","if the p lot seems a bit on the sinny side , that's because panic room is interested in nothing more t han sucking you in and making you sweat .",0,4,True
the observations of this social/economic/urban environment are canny and spiced with irony .,the observatins 0f this social/economic/urban environment @re canny and spiced with satire .,1,5,True
"for its seriousness , high literary aspirations and stunning acting , the film can only be applauded .","for 1ts earnestness , hgh literary aspirations @nd s tunning acting , the film can only be applauded .",1,7,True
consider the film a celluloid litmus test for the intellectual and emotional pedigree of your date and a giant step backward for a director i admire .,consider the fim type A synthetic litmus tet for the intelletual and emotonal pedigee of your dae and a giant step backward for a director i admire .,1,8,True
an involving true story of a chinese actor who takes up drugs and winds up in an institution--acted mostly by the actual people involved .,an involving true story of a ch inese actor who takes up drugs and winds up in an institution--acted mostly by the actual people involved .,1,1,True
"mostly , [goldbacher] just lets her complicated characters be unruly , confusing and , through it all , human .","mostl y , [goldbacher] just Lashkar-e-Tayyiba her complicatd characters be unruly , confusing and , through it all , human .",0,3,True
"a miraculous movie , i'm going home is so slight , yet overflows with wisdom and emotion .","deoxyadenosine monophosphate miraculous m ovie , i'm goig hoe is $o sliht , y3t ove rflows wih widom and emotion .",1,11,True
"comes across as a relic from a bygone era , and its convolutions . . . feel silly rather than plausible .","comes ac ross as a relic from a bygone e ra , and it s convolutions . . . feel silly rather than plausible .",0,4,True
"this odd , poetic road movie , spiked by jolts of pop music , pretty much takes place in morton's ever-watchful gaze -- and it's a tribute to the actress , and to her inventive director , that the journey is such a mesmerizing one .","thi s odd , petic route motion picture , sipked by jolts 0f pop music , pretty m uch takes place in moron's ever-watchful g@ze -- and it's a tribute to the actress , and to her inventive director , that the journey is such a mesmerizing one .",1,13,True
"hey everybody , wanna watch a movie in which a guy dressed as a children's party clown gets violently gang-raped ? i didn't think so .","hey everybody , wanna watch a movie in which a roast dressed as a children's pary cown gets violently gang-raped ? ace didn't think so .",0,6,True
it's not too fast and not too slow . it's not too racy and it's not too offensive . it's not too much of anything .,it 's n0t t0o fast and not t0o $low . 1t's not t0o racy and it's n0t t0o of fensive . it's n ot t0o much of anything .,0,16,True
"it extends the writings of jean genet and john rechy , the films of fassbinder , perhaps even the nocturnal works of goya .","it exends the writings of jean genet and joh n rechy , the films of fassbinder , perhaps even the nocturnal works of goya .",1,2,True
a bore that tends to hammer home every one of its points .,a boe that tnds to hammer home every one of its points .,0,2,True
occasionally amateurishly made but a winsome cast and nice dialogue keeps it going .,occasionally amateurishl y made but a winsome cast and nice dialogue keeps it going .,0,1,True
"meyjes's movie , like max rothman's future , does not work .","meyjes's moie , wish max rohman's next , des not work .",0,7,False
"hardly a masterpiece , but it introduces viewers to a good charitable enterprise and some interesting real people .","hardly a maserpiece , but it introduces viewers to a good chartable enterprise and some inteesting real people .",1,3,True
"it's weird , wonderful , and not necessarily for kids .","it' s weird , wonderful , and not necessarily for kids .",0,1,True
"jae-eun jeong's take care of my cat brings a beguiling freshness to a coming-of-age story with such a buoyant , expressive flow of images that it emerges as another key contribution to the flowering of the south korean cinema .","jae-eun jeong's take cre of my cat bings type A beguiling crust t0 a coming-of-age story wih such a buoyant , exressive rate of flow 0f images that it emerges as another key contribution to the flowering of the south korean cinema .",1,14,True
"the smash 'em-up , crash 'em-up , shoot 'em-up ending comes out of nowhere substituting mayhem for suspense .","the smash 'em-up , carsh 'em-up , shoot 'emup ending comes out of nowhere substituting mayhem for suspense .",0,4,True
"much has been written about those years when the psychedelic '60s grooved over into the gay '70s , but words don't really do the era justice . you have to see it .","much has been written about those years when the psychedelic '60s grooved over into the g ay '70s , but words don't really do the era justice . you have to see it .",0,1,True
this version incarnates the prophetic book in a way even its exacting author might admire .,this versi on incarnates the prophetic bo ok in a way even its exacting author might admire .,1,2,True
"dazzling and sugar-sweet , a blast of shallow magnificence that only sex , scandal , and a chorus line of dangerous damsels can deliver .","dazzling and s ugar-sweet , a blast of shallow magnificence that only sex , scandal , and a chorus line of dangerous damsels can deliver .",1,1,True
"a gorgeously strange movie , heaven is deeply concerned with morality , but it refuses to spell things out for viewers .","a go rgeously strange movie , heaven is deeply concerned with morality , but it refuses to spell things out for viewers .",1,1,True
"this is a great subject for a movie , but hollywood has squandered the opportunity , using it as a prop for warmed-over melodrama and the kind of choreographed mayhem that director john woo has built his career on .","this is vitamin A great subject for a movie , but hollywood has squandered the opportunity , using it as a prop for warmed-over melodrama and the kind of choreographed mayhem that director john woo has built his career on .",1,1,True
"armed with a game supporting cast , from the pitch-perfect forster to the always hilarious meara and levy , like mike shoots and scores , doing its namesake proud .","armed with group A gam e supporting cast , from the pitch-perfect forster to the always hilarious meara and levy , like mike shoots and scores , doing its namesake proud .",0,3,True
the actors must indeed be good to recite some of this laughable dialogue with a straight face .,the ac tors must indeed be good to recite some of this laughable dialogue with a straight face .,1,1,True
a sugar-coated rocky whose valuable messages are forgotten 10 minutes after the last trombone honks .,a candied rocky whose valuable messages @re forgotten 10 minutes after the last trombone honks .,0,2,True
"viewed on its own terms , treasure planet is better-than-average family entertainment , but true fans of the stevenson's novel will likely prefer disney's more faithful 1950 live-action swashbuckling classic .","viewd on it s own terms , tresure planet is better-than-average family entertainment , but true f@ns of the stevenson's novel will likely prefer disney's more faithful 1950 live-action swashbuckling classic .",1,4,True
"although sensitive to a fault , it's often overwritten , with a surfeit of weighty revelations , flowery dialogue , and nostalgia for the past and roads not taken .","although se nsitive to a fault , it's often overwritten , with a surfeit of weighty revelations , flowery dialogue , and nostalgia for the past and roads not taken .",1,1,True
"this movie feel more like a non-stop cry for attention , than an attempt at any kind of satisfying entertainment .","this movi e feel more like a non-tsop cry for attention , than an attempt at an y kind of satisfying entertainment .",0,3,True
"what saves it . . . and makes it one of the better video-game-based flicks , is that the film acknowledges upfront that the plot makes no sense , such that the lack of linearity is the point of emotional and moral departure for protagonist alice .","what save s it . . . and makes it one of the better vi deo-game-based flicks , is that the film acknowledges upfront that the plot makes no sense , such that the lack of linearity is the point of emotional and moral departure for protagonist alice .",0,2,True
the reason this picture works better than its predecessors is that myers is no longer simply spoofing the mini-mod-madness of '60s spy movies .,the reaon this picture wors better than its predecessors is that myers is atomic number 102 longer siply spooing the m1ni-mod-madness of '60s spy movies .,0,10,True
"further proof that the epicenter of cool , beautiful , thought-provoking foreign cinema is smack-dab in the middle of dubya's axis of evil .","further poof that the epicenter of cool , beautiful , thought-provoking foreign cinema is smack-dab in the middle of dubya's axis of evil .",1,1,True
i liked this film a lot . . .,i like d this picture a lot . . .,0,2,True
imagine a scenario where bergman approaches swedish fatalism using gary larson's far side humor,imagine a scenar io where bergman approaches swedish fatalism using gary larson's far side humor,0,2,True
an intelligently made ( and beautifully edited ) picture that at the very least has a spark of life to it -- more than you can say for plenty of movies that flow through the hollywood pipeline without a hitch .,an intelligentl y made ( and beautifully edited ) picture that at the very least has a spark of life to it -- more than you can say for plenty of movies that flow through the hollywood pipeline without a hitch .,1,1,True
the film tunes into a grief that could lead a man across centuries .,the fi lm tunes into a grief that could lead a man across centuries .,1,1,True
"filled with low-brow humor , gratuitous violence and a disturbing disregard for life .","filled with lo-brow humor , gratuitous violence and a disturbing disregard for life .",0,1,True
"say this for the soundtrack , it drowns out the lousy dialogue .","say this for the soundtrack , information technology drowns out the lou sy dialogue .",0,5,True
tsai may be ploughing the same furrow once too often .,tsai m@y make up ploughing the same furrow once too of ten .,0,4,True
"in my opinion , analyze that is not as funny or entertaining as analyze this , but it is a respectable sequel .","in my opiion , analyze that is not @s funny 0r entertaining as analyze this , but it is a respectable sequel .",0,6,True
what better message than 'love thyself' could young women of any size receive ?,what better mess age than 'love thyself' could young cleaning lady of any size receive ?,0,2,True
i was sent a copyof this film to review on dvd . for free . i still want my money back .,iodine WA sent a copyof this fi lm to review on videodisk . for free . ane stll want my money back .,0,8,True
the cumulative effect of the relentless horror on parade numbs the movie's power as a work of drama .,the cumulative force of the relentless horror on parade numbs the movie's power as a work of drama .,0,1,True
"although trying to balance self-referential humor and a normal ol' slasher plot seemed like a decent endeavor , the result doesn't fully satisfy either the die-hard jason fans or those who can take a good joke .","although trying to balance self-referential humor and a normal ol' slasher secret plan seemed like a de cent endeavor , the result doe sn't fully satisfy either the die-hard jason fans or those who can take a good joke .",0,6,True
toward the end sum of all fears morphs into a mundane '70s disaster flick .,tow ard the en d su m of all feas morphs into a mudane '70s disaster fick .,0,8,True
"you can feel the heat that ignites this gripping tale , and the humor and humanity that root it in feeling .","you buttocks feel the wake that ignies this grapple tale , and the humor and humanity tat root it in feeling .",1,6,True
"fails in making this character understandable , in getting under her skin , in exploring motivation . . . well before the end , the film grows as dull as its characters , about whose fate it is hard to care .","fails in making this character understandable , in getting under h er skin , in exploring motivation . . . well before the end , the film grows as dull as its characters , about whose fate it is hard to care .",1,1,True
"seeing seinfeld at home as he watches his own appearance on letterman with a clinical eye reminds you that the key to stand-up is to always make it look easy , even though the reality is anything but .","seeing seinfeld astatine home as he watches his own appearance on letterman with a clinical 3ye reminds you that the key to stand-up is to always make it look easy , even though the reality is anything but .",1,4,True
"an energetic , violent movie with a momentum that never lets up .","an e nergetic , violent movie with a momentum that never lets up .",1,1,True
"the movie is a desperate miscalculation . it gives poor dana carvey nothing to do that is really funny , and then expects us to laugh because he acts so goofy all the time .","the moie is a desperte miscalculation . it gives por d@na carvey nothing to do that is really funny , and then expects us to laugh because he acts so goofy all the time .",0,5,True
"seldahl's barbara is a precise and moving portrait of someone whose world is turned upside down , first by passion and then by illness .","seldahl's ba rbara is a precie and moving portrait of someone whose world is turned upside down , first by passion and then by illness .",1,2,True
"trivial where it should be profound , and hyper-cliched where it should be sincere .","trivial where it should be profound , and hyper-clichd where it should be sincere .",0,1,True
set in a 1986 harlem that doesn't look much like anywhere in new york .,set in a 1986 harlem that desn't look much like anywhere in new y ork .,0,3,True
a seriocomic debut of extravagant promise by georgian-israeli director dover kosashvili .,a seriocomic dbut of extravagant promise by georgian-israeli director dover kosashvili .,1,1,True
what makes it worth watching is quaid's performance .,what maes it worth watching is quaid's performance .,1,1,True
"an inconsequential , barely there bit of piffle .","an i nconsequential , barel y the re seize with teeth 0f piffle .",0,7,True
"if you're burnt out on it's a wonderful life marathons and bored with a christmas carol , it might just be the movie you're looking for . it depends on how well flatulence gags fit into your holiday concept .","if y ou're burnt out on it's a wonderful life marathons and bored with a christmas carol , it might just be the movie you're looking for . it depends on how well flatulence gags fit into your holiday concept .",1,1,True
it is great summer fun to watch arnold and his buddy gerald bounce off a quirky cast of characters .,it is gret summer fun to watch arnold and his buddy gerald bounce off a way-out cast of characters .,1,2,True
"haneke keeps us at arm's length . guided more by intellect than heart , his story flattens instead of sharpens .","hanke keeps us @t arm's distance . guided more by intellect than heart , his story flattens instead of sharpens .",1,3,True
"there's no question that epps scores once or twice , but it's telling that his funniest moment comes when he falls about ten feet onto his head .","there's n0 quetion that epp s sores once or twice , but it's telling that h1s fun niest moment comes when he fa lls abut ten feet onto his head .",0,10,True
the story the movie tells is of brian de palma's addiction to the junk-calorie suspense tropes that have all but ruined his career .,the story the motion picture tells is of brian de palma's addiction to the junk-calorie suspense tropes that have all but ruined his career .,0,2,True
"passion , lip-synching , tragedy , and lots of really really high notes . for me , this opera isn't a favorite , so it's a long time before the fat lady sings .","pasion , lip-synching , tragedy , and lots of really actually high notes . f or me , this opera isn't a favorite , so it's a long time before the fat lady sings .",1,4,True
"bigelow offers some flashy twists and turns that occasionally fortify this turgid fable . but for the most part , the weight of water comes off as a two-way time-switching myopic mystery that stalls in its lackluster gear of emotional blandness .","bielow offers some jazzy twits and turns that occasionally fortify this turgid fable . but for the most part , the we ight of water comes off as a two-way time-switching myopic mystery that stalls in its lackluster gear of emotional blandness .",0,5,True
"for those of us who respond more strongly to storytelling than computer-generated effects , the new star wars installment hasn't escaped the rut dug by the last one .","for those of us who respond more strongly to storytelling than compute-rgenerated effects , the new str wars installment hasn't escaped the rut dug by the last one .",0,3,True
schindler's list it ain't .,schindler's lis t 1t ain't .,0,2,True
"even though we know the outcome , the seesawing of the general's fate in the arguments of competing lawyers has the stomach-knotting suspense of a legal thriller , while the testimony of witnesses lends the film a resonant undertone of tragedy .","even though w3 know the outcome , the seesawing of the general's fate in th3 argumets of competing lawyers has the stomach-knotting suspense of a legal thriller , while the testimony of witnesses lends the film a resonant undertone of tragedy .",0,4,True
"that rare movie that works on any number of levels -- as a film of magic and whimsy for children , a heartfelt romance for teenagers and a compelling argument about death , both pro and con , for adults .","that rre movi e that wrks on a ny number of leels -- as a film of ma gic @nd whimsy for children , a heartfelt romance for teenagers and a compelling argument about death , both pro and con , for adults .",1,10,True
"city by the sea is the cinematic equivalent of defensive driving : it's careful , conscientious and makes no major mistakes . but what saves lives on the freeway does not necessarily make for persuasive viewing .","city by the ocean is the cinematic equivalent of defensive driving : it's careful , conscientious and makes no major mistakes . but what saves lives on the freeway does not necessarily make for persuasive viewing .",0,1,True
an elegant and sly deadpan comedy .,@n eleg ant and $ly deapan comdy .,1,5,True
i don't even care that there's no plot in this antonio banderas-lucy liu faceoff . it's still terrible !,iodin don' t even care that there's no p1ot in this antonio banderas-lucy liu faceof . it's still terrible !,0,7,True
"belongs to daniel day-lewis as much as it belongs to martin scorsese ; it's a memorable performance in a big , brassy , disturbing , unusual and highly successful film .","belongs to dan iel day-lewis as much as it belongs to martin scorsese ; it's a memorable performance in a big , brassy , disturbing , unusual and highly successful film .",1,1,True
"as much as i laughed throughout the movie , i cannot mount a cogent defense of the film as entertainment , or even performance art , although the movie does leave you marveling at these guys' superhuman capacity to withstand pain .","as much as 1 laughed throughout the movie , i cannot mount a cogent defense of th e film as entertainment , or even performance art , although the movie does leave you marveling at these guys' superhuman capacity to withstand pain .",0,3,True
"a summary of the plot doesn't quite do justice to the awfulness of the movie , for that comes through all too painfully in the execution .","a summary of the pl ot doesn 't quite do justice to the awfulness of the mov ie , for that comes through all too painfully in the execution .",0,5,True
"if festival in cannes nails hard- boiled hollywood argot with a bracingly nasty accuracy , much about the film , including some of its casting , is frustratingly unconvincing .","if fest ival in canns nails hard- boiled hollywood argot with a bracingly nasty accuracy , much about th e film , including some of its casting , is frustratingly unconvincing .",0,4,True
the result is an 'action film' mired in stasis .,the resut is an 'action film' mred in s tasis .,0,5,True
"it's a tour de force , written and directed so quietly that it's implosion rather than explosion you fear .","i's @ tour de force , written and directed so quietly that it's implosion rather than explosion you fear .",0,6,True
arnold's jump from little screen to big will leave frowns on more than a few faces .,arnold's jmp from little screen door to big will leave frowns on more than a few face s .,0,3,True
a good thriller .,a god thrillr .,1,2,True
"i have no problem with "" difficult "" movies , or movies that ask the audience to meet them halfway and connect the dots instead of having things all spelled out . but first , you have to give the audience a reason to <b>want</b> to put for that effort , and "" i","1 have n0 prblem with "" difficlt "" moves , or movies that ask the audence to meet them halfway and connect the dots instead of having things all spelled out . but first , you have to give the audience a reason to <b>want</b> to put for that effort , and "" i",0,6,True
"'si bien no logra desarrollarse como un gran drama , tampoco es tan superficial como muchas cintas que pecan de pretenciosas y que resultan totalmente banales . '","'si b ien no logra desarrollarse como un gran drama , tampoco es tan superficial como muchas cintas que pecan de pretenciosas y que resultan totalmente banales . '",1,1,True
"it's got all the familiar bruckheimer elements , and schumacher does probably as good a job as anyone at bringing off the hopkins/rock collision of acting styles and onscreen personas .","i t's got all the familiar bruckheimer elements , and schumacher does probably as good a job as anyone at bringing off the hopkins/rock collision of acting styles and onscreen personas .",1,1,True
