original_text,adversarial_text,original_label,attack_sucessful
"occasionally funny , always very colorful and enjoyably overblown in the traditional almodóvar style .","occasionally funny , always very colorful and enjoybly overblown in the traditional almodóvar style .",1,True
becomes the last thing you would expect from a film with this title or indeed from any plympton film : boring .,becom es the last thig you would expect from a film with this title or indeed from an y plmpton film : bring .,0,True
"sodden and glum , even in those moments where it's supposed to feel funny and light .","sodd en and gl um , even in those moments where it's supposed to feel funny and light .",0,True
"some movies were made for the big screen , some for the small screen , and some , like ballistic : ecks vs . sever , were made for the palm screen .","s ome moves wre m@de for the big sc reen , some for the small screen , and s ome , like b@llistic : ecks vs . $ever , wee made for the palm screen .",0,True
"it's not only dull because we've seen [eddie] murphy do the genial-rogue shtick to death , but because the plot is equally hackneyed .","it's n ot on ly d ull becase w've s een [edd ie] murphy do the g3nial-rogue s htick t0 death , but because the p lot is equa lly hackne yed .",0,True
"if you're looking for a smart , nuanced look at de sade and what might have happened at picpus , sade is your film .","1f you'e look ing for a $mart , nuanced look at de sade and what might have happened @t picus , sad e is yor fil m .",1,True
"it's hard to believe that a relationship like holly and marina's could survive the hothouse emotions of teendom , and its longevity gets more inexplicable as the characterizations turn more crassly reductive .","it' s h@rd to believe that a relationship like holly and marina's could survive the hothouse emotions of teendom , and its longevity gets mor e inexplicable as th3 c haracterizations turn mo re cr@ssly redctive .",0,True
friday after next is the kind of film that could only be made by african-americans because of its broad racial insensitivity towards african-americans .,fiday after next is the kind of film that could only be made by african-americans because of its broad racial insensitivity t owards african-americans .,1,True
the worst film of the year .,the wo rst film of the year .,0,True
"it made me feel unclean , and i'm the guy who liked there's something about mary and both american pie movies . oh , and booty call .","1t mad e me fel u nclean , and i'm the guy who lied there's something about mary and both america n pie movis . 0h , and b ooty c@ll .",0,True
"hardly a nuanced portrait of a young woman's breakdown , the film nevertheless works up a few scares .","hardly a nua nced portrait of a young woman's breakdown , the fi lm nevertheless works up a few scares .",1,True
"this starts off with a 1950's doris day feel and it gets very ugly , very fast . the first five minutes will have you talking 'til the end of the year !","ths st arts off with a 1950's doris day feel and it gets very ugy , very fast . th3 fir st five minutes will h ave y ou talking 'til the end of th e ye ar !",0,True
"more vaudeville show than well-constructed narrative , but on those terms it's inoffensive and actually rather sweet .","more vaudeville show than well-constructed narrative , but on those terms it's inoffensi ve and actually r@ther sweet .",0,True
'cq may one day be fondly remembered as roman coppola's brief pretentious period before going on to other films that actually tell a story worth caring about,' cq may one day be fondly remembered as roman coppola's brief pretentiou s period before going on to other films that actually tell a story worth caring about,0,True
"the inspirational screenplay by mike rich covers a lot of ground , perhaps too much , but ties things together , neatly , by the end .","the inspirational screenplay by mike rich covers a lot of ground , perhaps too much , but ties things together , neatly , by the e nd .",0,True
it's probably worth catching solely on its visual merits . if only it had the story to match .,it's probabl y worth catching solely on its visual merits . if only it had the story to match .,0,True
"fairy-tale formula , serves as a paper skeleton for some very good acting , dialogue , comedy , direction and especially charm .","f@iry-tale formula , serves as a paper skeleton for some very good acting , dialogue , comedy , direction @nd especia lly ch arm .",1,True
"the color sense of stuart little 2 is its most immediate and most obvious pleasure , but it would count for very little if the movie weren't as beautifully shaped and as delicately calibrated in tone as it is .","th3 colo r se nse of sturt l ittle 2 is its most im mediate and most obvi ous pleasure , but it w ould count for very l ittle if the mo vie were n't as beautiully sh aped @nd as d elicately calibrted 1n t one @s it is .",1,False
the most surprising thing about this film is that they are actually releasing it into theaters .,the most surprising thi ng about this film is that they are ac tually releasing it into theaters .,0,True
a fan film that for the uninitiated plays better on video with the sound turned down .,a fan film that for the uninitiated plays better on video with the sound turne d d own .,0,True
"strong filmmaking requires a clear sense of purpose , and in that oh-so-important category , the four feathers comes up short .","stong filmmak ing require s a cear sene of purpose , and in that oh-so-important category , the four feathers comes up shor t .",1,True
". . . an otherwise intense , twist-and-turn thriller that certainly shouldn't hurt talented young gaghan's resume .",". . . an otherw ise intense , twist-and-turn thrille r tha t cert ainly shouldn't hurt t@lented you ng g@ghan's resume .",0,True
cho's timing is priceless .,cho's timing is price less .,1,True
. . . a lesson in prehistoric hilarity .,. . . @ lessn in prehistoric hilarity .,1,True
"this is a good script , good dialogue , funny even for adults . the characters are interesting and often very creatively constructed from figure to backstory . the film will play equally well on both the standard and giant screens .","this is a goo d script , good dialogue , funny even for adults . the characters are interesting and often very creatively constructed from figure to backstory . the f ilm will play equally w ell on bth t he standard @nd gant screens .",1,True
an almost unbearably morbid love story .,an almost unbear ably morbid love story .,0,True
if you grew up on scooby -- you'll love this movie . matthew lillard is born to play shaggy !,1f y0u gr ew up on scoby -- you'll l ove this mov ie . matthe w lilla rd is b0rn t0 ply sha ggy !,1,True
"as conceived by mr . schaeffer , christopher and grace are little more than collections of quirky traits lifted from a screenwriter's outline and thrown at actors charged with the impossible task of making them jell .","as co nceived by mr . schaeffer , christopher and grace are little more than collections of quirky traits lifted from a screenwriter's ouline and thrown at actors charged with th e impossible task of m@king t hem jell .",0,True
"do not , under any circumstances , consider taking a child younger than middle school age to this wallow in crude humor .","d0 n ot , under a ny circumstances , consider taking a child youger than middle school age t0 this wa llow in crud e humor .",0,True
"depicts the sorriest and most sordid of human behavior on the screen , then laughs at how clever it's being .","depicts the sorriest and most sorid of human behavior on the screen , then laughs at how clever it's being .",0,True
"alex nohe's documentary plays like a travelogue for what mostly resembles a real-life , big-budget nc-17 version of tank girl .","alex nohe' s documentary plays like a travelogue for what mostly resembles a real-life , big-budget nc-17 version of tank girl .",0,True
"a beautiful , timeless and universal tale of heated passions -- jealousy , betrayal , forgiveness and murder .","@ bea utiful , t imeless @nd univers al tae 0f heate d p@ssions -- jeal ousy , betrayal , forgivene ss @nd muder .",1,True
ya-yas everywhere will forgive the flaws and love the film .,ya-ays everywhere wi ll forgive the flaws @nd love the film .,1,True
"watching the powerpuff girls movie , my mind kept returning to one anecdote for comparison : the cartoon in japan that gave people seizures .","wtching the powerpuff girls movie , my mind kept returning to one anecdote for comparison : the cartoon in japan that gave people seizures .",0,True
"austin powers in goldmember is a cinematic car wreck , a catastrophic collision of tastelessness and gall that nevertheless will leave fans clamoring for another ride .","au stin p owers in goldmember is a cinematic car wreck , a catastrophic collision of tastelessness and gall that nevertheless will leave fans clamoring for another ride .",1,True
"[gai] comes closer to any actress i can remember to personifying independence in its purest and , yes , most intimidating form .","[g@i] comes c loser to any actress i can remember to personifying independence in its purest and , yes , most intimidating form .",1,True
the pool drowned me in boredom .,th3 pol dro wned me in boreom .,0,False
"the tone is balanced , reflective and reasonable .","th e t one 1s b@lanced , reflecti ve an d reasonble .",1,False
brings an irresistible blend of warmth and humor and a consistent embracing humanity in the face of life's harshness .,br ings @n irre sistible blen d of w armth @nd hu mor and a co nsistent embracin g hum@nity in the fa ce of lifes hars hness .,1,True
"a ragbag of promising ideas and failed narrative , of good acting and plain old bad filmmaking .","a r@gbag of promiing idea s and fa iled narrativ e , of good acting an d plai n o ld ba d filmmakin g .",0,True
writer/director alexander payne ( election ) and his co-writer jim taylor brilliantly employ their quirky and fearless ability to look american angst in the eye and end up laughing .,write/rdirector alexander payne ( elect ion ) and his co-writer jim taylor brilliantly em ploy their quirky and f earless ability to look american angst in the eye and end up laughing .,1,True
"a well-done film of a self-reflexive , philosophical nature .","a wel-done fim of a self-reflexive , philosophical nature .",1,True
"entertains not so much because of its music or comic antics , but through the perverse pleasure of watching disney scrape the bottom of its own cracker barrel .","entertains n0t so much because of its music or comic antics , but through the perverse pleasure of watching disney scrape the bottom of its own cracker b@rrel .",0,True
"an amusing and unexpectedly insightful examination of sexual jealousy , resentment and the fine line between passion and pretence .","@n amusig @nd une xpectedly ins ightful examina tion 0f sexal jealo usy , res entment an d th e f ine lin e bet ween passion @nd pret ence .",1,False
"there ought to be a directing license , so that ed burns can have his revoked .","tere o ught to be a directing license , so that ed burns can have h is r evoked .",0,True
"while most films these days are about nothing , this film seems to be about everything that's plaguing the human spirit in a relentlessly globalizing world .","while mst films these days are about nothing , this film seems to be about everything t hat's plaguing the human spirit in @ rele ntlessly globalizing w orld .",1,True
i'm going to give it a marginal thumbs up . i liked it just enough .,i' m giong to give it a ma rginal thumbs up . i liked it jut e nough .,0,True
"clint eastwood's blood work is a lot like a well-made pb& j sandwich : familiar , fairly uneventful and boasting no real surprises  but still quite tasty and inviting all the same .","clint eastwood 's blo od w ork is a lot like a well-made pb& j sandwich : familiar , f@irly uneventful and boas ting no real surprises  but $till quit e tasty and inviting all the same .",1,True
"its story about a young chinese woman , ah na , who has come to new york city to replace past tragedy with the american dream is one that any art-house moviegoer is likely to find compelling .","1ts story about a young chinese woman , ah na , who has come to new york city to replace past tragedy with the american dream is one that any art-house moviegoer is likely to find compell ing .",1,True
"one of the most plain , unimaginative romantic comedies i've ever seen .","on e of the mo st pla in , uni maginative romantic comedie s i 've ever s een .",0,True
"phillip noyce and all of his actors -- as well as his cinematographer , christopher doyle -- understand the delicate forcefulness of greene's prose , and it's there on the screen in their version of the quiet american .","ph illip nyce @nd al l of his actors -- as well as h1s cinematographe r , ch ristopher doyle -- unde rstand the deicate fo rcefulness 0f gre ene's pr ose , and 1t's there on the screen in thei r version of t he quie t americn .",1,False
the transporter bombards the viewer with so many explosions and side snap kicks that it ends up being surprisingly dull .,th3 trasporter b ombards the v iewer with $o many exploions and side sn ap k icks that it end s up bing sur prisingly du ll .,0,True
it's lazy for a movie to avoid solving one problem by trying to distract us with the solution to another .,it's lzy f0r a movie to avoi d solving one proble m by tryig to distra ct us with the solut ion to another .,0,True
"me no lika da accents so good , but i thoroughly enjoyed the love story . scott baio is turning in some delightful work on indie projects .","m3 no lia da accents so good , but i thoroughy enjoyed the love story . scot t bio 1s turni ng 1n some delight ful work on i ndie pr ojects .",1,True
"short and sweet , but also more than anything else slight tadpole pulls back from the consequences of its own actions and revelations .","sho rt and sweet , but also more than anything e lse s light tadpole pulls back from the consequences of its own actions and revelations .",0,True
alarms for duvall's throbbing sincerity and his elderly propensity for patting people while he talks .,alarms for duvall's throbbing sinc erity and his elde rly pro pensity for patting people while he talks .,1,True
martyr gets royally screwed and comes back for more .,martyr gets royally s crewed and comes back for more .,0,True
i didn't laugh . i didn't smile . i survived .,1 din't laugh . 1 didn't smile . 1 s urvived .,0,True
"overly stylized with lots of flash black-&-white freeze frames reminiscent of a pseudo-hip luxury car commercial , ( it's ) at its worst when it's actually inside the ring .","ov erly styliz ed with los of flash black-&-white freeze fames reminscent of a pseudo-hip lux ury car comercial , ( it's ) at it s wors t when it's actully inside the ring .",0,True
"reeboir varies between a sweet smile and an angry bark , while said attempts to wear down possible pupils through repetition . it has no affect on the kurds , but it wore me down .","reeboir v@ries betwee n a swee t smi le a nd @n angy b@rk , whil e s aid attempts to wear don possibe pupils throug h r epetition . 1t h@s no affect 0n th e kurd s , bu t it w0re me don .",0,True
a sometimes tedious film .,a sometmes te dious film .,0,True
i admired this work a lot .,1 ad mired this work a lot .,1,True
staggeringly dreadful romance .,staggeringly dr eadful romance .,0,True
a flawed but engrossing thriller .,a flawed bu t engrossing thriller .,1,True
"efteriades gives the neighborhood -- scenery , vibe and all -- the cinematic equivalent of a big , tender hug .","efteriade s give s t he neighbor hood -- sce nery , vi be a nd @ll -- the cinematic equ ivalent 0f @ big , tendr hug .",1,True
. . . there's enough cool fun here to warm the hearts of animation enthusiasts of all ages .,. . . there's enough col fu n he re to warm the h earts of animation enthusiasts 0f @ll ages .,1,True
"adults will certainly want to spend their time in the theater thinking up grocery lists and ways to tell their kids how not to act like pinocchio . as for children , they won't enjoy the movie at all .","adult s will certainly want to spend their time in the theater thinking up grocery lists and ways to tell their kids how not to act like pinocchio . as for children , they won't enjoy the movie at all .",0,True
the quirky drama touches the heart and the funnybone thanks to the energetic and always surprising performance by rachel griffiths .,th e qui rky dr@ma toches t he hear t @nd t he funnybon e tha nks to the energe tic an d alwa ys srprising perform ance by r@chel gr iffiths .,1,False
director jay russell weighs down his capricious fairy-tale with heavy sentiment and lightweight meaning .,director jay russell weighs down his capricious fairy-tale with heavy sentiment and lightweight meaing .,0,True
the kind of primal storytelling that george lucas can only dream of .,the kid 0f pri mal stortelling th at george lucas can only dream of .,1,True
"a powerful , inflammatory film about religion that dares to question an ancient faith , and about hatred that offers no easy , comfortable resolution .","@ powerul , inflamatory flm abou t rligion tha t dares to question an ancient faith , a nd about hatred th@t offers no easy , comf ortable resolution .",1,True
it's so good that you can practically see the hollywood 'suits' trying to put together the cast and filmmaking team for the all-too -inevitable american remake .,it's $o good that you can practica lly see the hollywood 'suits' trying to put together the cast and filmmaking team for the all-too -inevitable american remake .,0,True
"the setting is so cool that it chills the characters , reducing our emotional stake in the outcome of "" intacto's "" dangerous and seductively stylish game .","t he set ting is so coo l that it chil ls the c haracters , red ucing our emoti onal stake in the outcome of "" intacto's "" dangerous and seductively stylish game .",1,True
"nicks refuses to let slackers be seen as just another teen movie , which means he can be forgiven for frequently pandering to fans of the gross-out comedy .","nicks refses to le t s lackers be see n as just another te en movie , whic h m eans he can be forgiven for freque ntly pandering t0 fans of th e gros-sout comedy .",0,True
"as if to prove a female director can make a movie with no soft edges , kathryn bigelow offers no sugar-coating or interludes of lightness . her film is unrelentingly claustrophobic and unpleasant .","as if to prove a female director can make a movie with no soft edges , kathryn bigelow offers no sugar-coating or interludes of lightness . her film is unrelentingly claustrophobic @nd unpleasa nt .",0,True
"a loud , ugly , irritating movie without any of its satirical salvos hitting a discernible target .","a loud , ugl y , irritati ng movie without any of i ts sa tirical salvos hitting a di scernible target .",0,True
"take care is nicely performed by a quintet of actresses , but nonetheless it drags during its 112-minute length .","take c@re is nicel y perf ormed by a q uintet of actresses , bu t nonetheless 1t dr ags during i ts 112-minute length .",0,True
both a grand tour through 300 hundred years of russian cultural identity and a stunning technical achievement .,b oth @ gr@nd tor throu gh 30 0 h undred yers 0f ru$sian cultu ral identi ty an d @ stnning techni cal achievment .,1,False
fessenden's narrative is just as much about the ownership and redefinition of myth as it is about a domestic unit finding their way to joy .,fe ssenden's narrative is just as much about the ownership and redefinition of myth as it is about a domestic unit finding their way to joy .,0,True
this is the kind of movie where people who have never picked a lock do so easily after a few tries and become expert fighters after a few weeks .,this is the knd of movie where people who have never picked a lock do so easily after a few tres and become expe rt figh ters afte r a f3w wee ks .,0,True
it's the unsettling images of a war-ravaged land that prove more potent and riveting than the unlikely story of sarah and harrison .,i's the unsettlin g images of a war-ravaged lan d tat prove mor e p otent @nd rivet ing than the unlikely story of sarah and harrison .,1,True
"best of all is garcia , who perfectly portrays the desperation of a very insecure man .","b est of all is garcia , who perfectly portrays t he desperation of a very insecure m an .",1,True
weiss and speck never make a convincing case for the relevance of these two 20th-century footnotes .,weiss and speck never make a c onvincing case for the relevance of these two 20th-century footnotes .,1,True
everyone's to blame here .,everyone' s to blam e here .,0,True
changing lanes is an anomaly for a hollywood movie ; it's a well-written and occasionally challenging social drama that actually has something interesting to say .,changing lanes is an anomaly for a hollywood movie ; it's a well-written and occasionally challengin g social drama that actually has something interesting to say .,1,True
just not campy enough,j ust n ot campy enogh,0,True
"if oscar had a category called best bad film you thought was going to be really awful but wasn't , guys would probably be duking it out with the queen of the damned for the honor .","1f oscar had a category called best b@d film you thought was going to be really aw ful but wasn't , guys would probably be duking it out with th e queen of th e damned for the honor .",0,True
"accuracy and realism are terrific , but if your film becomes boring , and your dialogue isn't smart , then you need to use more poetic license .","a ccuracy and realism are terrific , but if your film becoes boring , a nd you r dialogue isn't smart , then you need to use more poetic license .",0,True
"this engrossing , characteristically complex tom clancy thriller is shifty in the manner in which it addresses current terrorism anxieties and sidesteps them at the same time .","t his engrossi ng , cha racteristically complex to m clancy thrill er is shifty in th3 manner 1n whih it addre sses current terrrism anxieties an d sidesteps them at the same time .",1,True
i hope the movie is widely seen and debated with appropriate ferocity and thoughtfulness .,i hope the movie is w idely seen and debated with appropriate feroci ty and thoug htfulness .,1,True
"based on dave barry's popular book of the same name , the movie benefits from having a real writer plot out all of the characters' moves and overlapping story .","b@sed on dav e barry 's popular book of the same name , the movie benefits from having a real writer plot out all of t he charcters' moves and overlapping st ory .",0,True
"thirty years ago , it would have been groundbreaking . now it's just tired .","thirt y years ago , it would have been groundbreaking . now it's jus t t ired .",0,True
the big finish is a bit like getting all excited about a chocolate eclair and then biting into it and finding the filling missing .,the big finish is a bit like getting all excited about a chocolate eclair and then biting into it and finding the filli ng missng .,0,True
"a movie just for friday fans , critics be damned . if you already like this sort of thing , this is that sort of thing all over again .","a movie ju st for fri day fans , critics be damned . if you already like this sort of thing , this is that sort of thng al l o ver aga in .",0,True
[crystal and de niro] manage to squeeze out some good laughs but not enough to make this silly con job sing .,[cr ystal and de niro] manage to squeeze out some good laughs but not enough to make this silly con job sing .,1,True
"it may not be a huge cut of above the rest , but i enjoyed barbershop . it's a funny little movie with clever dialogue and likeable characters .","1t may not be a huge cut of above the rest , but i enjoyed barbershop . it's a funny little movie w ith clever dia logue and likeale characte rs .",1,True
"it's predictable , but it jumps through the expected hoops with style and even some depth .","it' s predi ctable , bu t 1t jumps through the expectd hoop s with s tyle and een som e d epth .",0,True
"an exceptionally dreary and overwrought bit of work , every bit as imperious as katzenberg's the prince of egypt from 1998 .","@n exceptio nally dreay and overw rought bit of work , every bit @s imperious @s katzenberg's the prince of egypt from 1998 .",0,True
"secretary manages a neat trick , bundling the flowers of perversity , comedy and romance into a strangely tempting bouquet of a movie .","secretary m anages a nat trick , bundling th3 flowers 0f perversity , comedy and romance i nto a str angely tem pting bouquet of a mov ie .",1,True
"for all the dolorous trim , secretary is a genial romance that maintains a surprisingly buoyant tone throughout , notwithstanding some of the writers' sporadic dips into pop freudianism .","for all the dolorous trim , secretary is a genial romance that maintains a surprisin gly b uoyant tone thrughout , notwithstanding some 0f the writer s' sporadic dips ino pop freudianism .",1,True
narc is all menace and atmosphere .,narc is all me nace and atmosph ere .,1,True
"the story loses its bite in a last-minute happy ending that's even less plausible than the rest of the picture . much of the way , though , this is a refreshingly novel ride .","t he stoy loses its bit e in a last-minute hppy ending tha t's een less plausible than the rest of the picture . much of the way , though , this is a refre shingly nove l r ide .",1,True
the modern-day characters are nowhere near as vivid as the 19th-century ones .,the modern-day characters are nowhere near as vivi d as the 19th-century ones .,1,True
filmmaker tian zhuangzhuang triumphantly returns to narrative filmmaking with a visually masterful work of quiet power .,filmmak er t ian z huangzhuang trumphantly r eturns to nar rative filmmaking wit h a visuall y masterful wor k of qu iet power .,1,True
a really funny fifteen-minute short stretched beyond its limits to fill an almost feature-length film .,a relly funny fifteen-minute shor t stretched be yond its limits to fill an almost feature-length film .,0,True
"reggio falls victim to relying on the very digital technology that he fervently scorns , creating a meandering , inarticulate and ultimately disappointing film .","reggio f@lls vic tim to rel ying on the very digital technology that he fervent ly scors , creating a meanderng , inarticulat e a nd ultimately disappointi ng fim .",0,True
"watching this gentle , mesmerizing portrait of a man coming to terms with time , you barely realize your mind is being blown .","w@tching tis gen tle , mesmeriz ing portrait of a m an coming t0 terms with time , y0u barely realize your mind is beng b lown .",1,True
manages to be both repulsively sadistic and mundane .,manage s to be both repulsively sadistic and mundane .,1,True
""" freaky friday , "" it's not .",""" freaky friday , "" i's not .",0,True
"a lousy movie that's not merely unwatchable , but also unlistenable .","@ louy mo vie th at's no t meely unwathable , bu t al so unli stenable .",0,False
i'm just too bored to care .,i' m j ust t0o bor ed to care .,0,True
laggard drama wending its way to an uninspired philosophical epiphany .,laggard drama wendin g its wa y to an uninspi red philosophial epiphany .,0,True
"you've already seen city by the sea under a variety of titles , but it's worth yet another visit .","yo u've already seen city by the sea under a variety of titles , but it's worth yet another vis it .",1,True
"its story may be a thousand years old , but why did it have to seem like it took another thousand to tell it to us ?","it s stor y may be a thousa nd years old , but wh y did it have to seem l ike it took anot her thousand to tel it t0 us ?",0,True
". . . instead go rent "" shakes the clown "" , a much funnier film with a similar theme and an equally great robin williams performance .",". . . instead go rent "" shakes the clown "" , a much funnier film with @ similar theme and @n eq ually great robin williams performance .",1,True
an awkwardly garish showcase that diverges from anything remotely probing or penetrating .,an a wkwardly garish showcase that diverges from anything remotely probing or penetrating .,0,True
a well paced and satisfying little drama that deserved better than a direct-to-video' release .,a well p aced and satis fying little drama that deerved better than a direct-to-video' release .,1,True
"a spunky , original take on a theme that will resonate with singles of many ages .","@ spun ky , or iginal take on a theme t hat wil l resonate w ith singles of many ages .",1,True
"this version moves beyond the original's nostalgia for the communal film experiences of yesteryear to a deeper realization of cinema's inability to stand in for true , lived experience .","tis vesion moes beyond the orginal's nosalgia f or the comunal film experienc es of yes teryear to a deeper r ealization of cinema's inab ility to stand in for true , lived experience .",1,True
too clunky and too busy ribbing itself to be truly entertaining .,t oo clunky and too busy ribbing itself to be truly entertaining .,0,True
the wild thornberrys movie is a jolly surprise .,the w ild thornberrys movie is a jolly sur prise .,1,True
"in its own floundering way , it gets to you . just like igby .","1n its o wn flounering way , 1t gets to you . jst lke igby .",0,True
not sweet enough to liven up its predictable story and will leave even fans of hip-hop sorely disappointed .,n ot sweet enough to liven up its pred ictable story and will leave even fans of hip-hop sorely disappointed .,0,True
"a movie that , rather than skip along the seine , more or less slogs its way through soggy paris , tongue uncomfortably in cheek .","@ move tha t , rater tha n skip along t he seine , more or less slos its way thrugh s oggy paris , tongue uncomfortably in cheek .",0,True
"for its 100 minutes running time , you'll wait in vain for a movie to happen .","for it s 10 0 m inutes rnning time , you'll wait in v ain f0r a movie to h@ppen .",0,True
"a punch line without a premise , a joke built entirely from musty memories of half-dimensional characters .","@ punch l ine without a premi se , a joke b uilt entirely fro m must y memories 0f h@lf-dimensional ch aracters .",0,True
"thirteen conversations about one thing lays out a narrative puzzle that interweaves individual stories , and , like a mobius strip , elliptically loops back to where it began .","t hirteen conversations about one thing lays out a narrative puzzle that interweaves individual stories , and , like a mobius strip , elliptically loops back to where it began .",1,True
many of benjamins' elements feel like they've been patched in from an episode of miami vice .,m@ny of be njamins' elements feel like they'v e been ptched in from an e pisode of miami vice .,0,True
"samira makhmalbaf's new film blackboards is much like the ethos of a stream of consciousness , although , it's unfortunate for the viewer that the thoughts and reflections coming through are torpid and banal","samira makhmalbaf's new film blackboards is much like the ethos of a stream of consciousness , although , it's unfortunate for the viewer that the thoughts and reflections coming through are to rpid an d bana l",0,True
"it's not so much enjoyable to watch as it is enlightening to listen to new sides of a previous reality , and to visit with some of the people who were able to make an impact in the theater world .","1t's not so much enjoable to watch as it 1s enlighten ing to listen to new sides of a previous reality , and to visit with some of the people who were able to make an impact in the theater world .",1,True
a tv style murder mystery with a few big screen moments ( including one that seems to be made for a different film altogether ) .,a tv sty le mu rder my stery with @ f3w big s creen m oments ( incuding one that s eems to be made fo r @ diferent fim al together ) .,0,False
a rambling ensemble piece with loosely connected characters and plots that never quite gel .,a ra mbling ensemble piece with loosely connected characters and plots that neve r quite g el .,0,True
features what is surely the funniest and most accurate depiction of writer's block ever .,fea tures wha t 1s surel y th3 funni est a nd mo st accurat e depicton of writer 's blo ck eve r .,1,True
"while you have to admit it's semi-amusing to watch robert deniro belt out "" when you're a jet , you're a jet all the way , "" it's equally distasteful to watch him sing the lyrics to "" tonight . ""","while you h@ve to a dmit it's $emi-amusing to watch robert denio belt out "" when you're a j et , you're a jet all the way , "" it's e qually distasteful to watch him sing t he lrics to "" tonig ht . """,0,True
gives an intriguing twist to the french coming-of-age genre .,giv es an intr iguing tw ist t0 the fench com ing-of-age genr e .,1,False
"using a stock plot , about a boy injects just enough freshness into the proceedings to provide an enjoyable 100 minutes in a movie theater .","using a stock plot , about a boy injects ju st enough freshness into the proceedings to provide @n enjoyable 100 minutes in a movie th eater .",0,True
"i've always dreamed of attending cannes , but after seeing this film , it's not that big a deal .","i' ve always dreamed of attending cannes , but after seeing this film , it's not that big @ dea l .",0,True
"a sad , superior human comedy played out on the back roads of life .","a $ad , sup erior human comedy played out on the back roads of life .",1,True
"it arrives with an impeccable pedigree , mongrel pep , and almost indecipherable plot complications .","it arrives with an impeccable p edigree , m ongrel pep , @nd almost idecipherable plot compl ications .",1,True
"a film which presses familiar herzog tropes into the service of a limpid and conventional historical fiction , when really what we demand of the director is to be mesmerised .","@ film which p resses familiar herog tropes into the service of a l impid and con ventional historical fiction , when really what we demand of the director is to be mesmeris ed .",1,True
"mild , meandering teen flick .","mid , meanderin g t3en fli ck .",0,False
"for every cheesy scene , though , there is a really cool bit -- the movie's conception of a future-world holographic librarian ( orlando jones ) who knows everything and answers all questions , is visually smart , cleverly written , and nicely realized .","f or every cheesy scene , though , there is a really cool bit -- the movie's conception of a future-world holographic librarian ( orlando jones ) who knows everything and answers all questins , is visualy smar t , c leverly writ ten , a nd nicely realized .",1,True
"although largely a heavy-handed indictment of parental failings and the indifference of spanish social workers and legal system towards child abuse , the film retains ambiguities that make it well worth watching .","although la rgely a heav y-handed idictment of parental failings a nd the indifference 0f spanish social workers a nd legal system towads child abuse , the film retains ambiguities that make it well worth watc hing .",0,True
serving sara should be served an eviction notice at every theater stuck with it .,serving sara should be served an eviction notice at every theater $tuck with it .,0,True
"just because it really happened to you , honey , doesn't mean that it's interesting to anyone else .","ju$t becau se it re ally h@ppened to you , hoey , doesn't mean that it's interesting to anyne e lse .",0,True
one of those terrific documentaries that collect a bunch of people who are enthusiastic about something and then figures out how to make us share their enthusiasm .,0ne of those terific documentarie s that collect a bunch of people who are enthusiastic about something and then figures out how to make us share their enthusiasm .,1,True
a classy item by a legend who may have nothing left to prove but still has the chops and drive to show how its done .,a classy item by a legend who may have nothing left to prove but still has the ch ops and drive to show how its done .,1,True
the production values are of the highest and the performances attractive without being memorable .,th3 production values are of the highest and the perfrmances attr active without being memorable .,1,True
"not only does the movie fail to make us part of its reality , it fails the most basic relevancy test as well .","n ot onl y dos the movie fa il to make us part of its rality , it fails th e mo st b@sic releva ncy test @s well .",0,True
"this story still seems timely and important . and there's an element of heartbreak to watching it now , with older and wiser eyes , because we know what will happen after greene's story ends .","t his story $till seem s t imely and important . @nd there's an element of heartbreak to watching it now , with older and wiser eyes , because we know what will happen af ter grene's story ends .",1,True
it's one pussy-ass world when even killer-thrillers revolve around group therapy sessions .,it's one pu$sy-ass wrld when even killer-thril lers revolve around gr oup therapy sessions .,1,True
"a witty , whimsical feature debut .","@ witt y , whisical featre debu t .",1,False
an engrossing iranian film about two itinerant teachers and some lost and desolate people they encounter in a place where war has savaged the lives and liberties of the poor and the dispossessed .,@n engro ssing iranin f ilm @bout t wo i tinerant teac hers @nd soe lost and dsolate peo ple they enounter in a place where war has savaed the lives and libertis of the poo r and the dispos sessed .,1,True
"although fairly involving as far as it goes , the film doesn't end up having much that is fresh to say about growing up catholic or , really , anything .","although fair ly involvi ng as far as it goe s , th3 film doe sn't end up having much th at is fresh to say about growing up catholic or , reall y , anythig .",0,True
it's fascinating to see how bettany and mcdowell play off each other .,it's f@scinating to see how bettany and mcdowell play off each other .,1,True
"collateral damage is , despite its alleged provocation post-9/11 , an antique , in the end . as are its star , its attitude and its obliviousness .","collateral damage is , despite its alleged provocation post-9/11 , an antique , in the end . as are its star , its atti tude and its obliviousness .",1,True
"despite its title , punch-drunk love is never heavy-handed . the jabs it employs are short , carefully placed and dead-center .","d espite 1ts tit le , punchdrunk love 1s ne ver heav-handed . the j@bs it employ s are shrot , carefuly placd an d deda-center .",0,True
"just a string of stale gags , with no good inside dope , and no particular bite .","jus t a st ring of s tale g@gs , with no good inside dope , and n0 particula r bite .",0,True
how this one escaped the lifetime network i'll never know .,how this one esca ped the lifetime network i'll never know .,0,True
"the biggest problem with satin rouge is lilia herself . she's a cipher , played by an actress who smiles and frowns but doesn't reveal an inner life .","the biggest problem with satin rouge is lilia herself . she's a cipher , played by an actress who smiles and f rowns but doesn't reveal an in ner lif e .",1,True
"a movie i loved on first sight and , even more important , love in remembrance .","@ movie i l oved on first sigh t and , even more important , love in remembrance .",1,True
"branagh , in his most forceful non-shakespeare screen performance , grounds even the softest moments in the angry revolt of his wit .","brana gh , in his most forceful non-shakespeare screen performance , grounds even the softest moments in the angry revolt of his wit .",0,True
"the film , while not exactly assured in its execution , is notable for its sheer audacity and openness .","t he fil m , wile no t ex actly assured in 1ts execution , 1s notable f or i ts sheer audacity @nd openness .",1,True
the ending feels at odds with the rest of the film .,the e nding fels at odds with the r est of the film .,0,True
beautifully directed and convincingly acted .,beautfully directed and convincinly acted .,1,True
"another big , dumb action movie in the vein of xxx , the transporter is riddled with plot holes big enough for its titular hero to drive his sleek black bmw through .","an other b ig , dub action movie in the vein of xxx , the tr ansporter is riddled with plot hole s big enogh f0r it s titular hero to drie hi s sleek bla ck bm w through .",0,True
"mandel holland's direction is uninspired , and his scripting unsurprising , but the performances by phifer and black are ultimately winning . you'll find yourself wishing that you and they were in another movie .","mandel holland's direction is unins pired , and his scripting unsurprising , but the performances by phifer and black are ultimately winning . you'll find yourself wishing that you and they were in another movie .",0,True
absolutely ( and unintentionally ) terrifying .,absolutely ( an d unintentionally ) terrifyin g .,1,True
crush is so warm and fuzzy you might be able to forgive its mean-spirited second half .,cru$h is so warm and f uzzy you might be able to forgive its mean-spirited second half .,0,True
"to paraphrase a line from another dickens' novel , nicholas nickleby is too much like a fragment of an underdone potato .","to p@raphrase a l ine from another dicke ns' novel , nichola s nickl eby 1s t0o much like a fragment of @n unde rdone ptato .",0,True
uneven but a lot of fun .,uneve n b ut a lot of fun .,0,True
do not see this film .,d0 n ot see this film .,0,True
the cast delivers without sham the raw-nerved story .,the cast delivers withou t sham the raw-nerved story .,0,True
the stunt work is top-notch ; the dialogue and drama often food-spittingly funny .,the stunt work is top-notch ; the dialogue and drama ofte n fod-spittingly funny .,0,True
"the only camouflage carvey should now be considering is a paper bag to wear over his head when he goes out into public , to avoid being recognized as the man who bilked unsuspecting moviegoers .","th3 oly c@mouflage c@rvey s hould n ow be considring is a pape r b ag to wer over his head when h3 gos ou t into pub lic , to av oid beng recognized as t he ma n who bilke d unsupecting moviego ers .",0,True
a bit too eager to please .,a bi t t0o eager to please .,0,True
"as well-acted and well-intentioned as all or nothing is , however , the film comes perilously close to being too bleak , too pessimistic and too unflinching for its own good .","as well-acted and well-intentioned as a ll or nothing is , however , the film comes perilously close to being too bleak , t0o pessimistic a nd too unflinching for its ow n god .",0,True
"men in black ii has sequel-itis something fierce . an ungainly , comedy-deficient , b-movie rush job . . .","men in black ii has sequel-itis something fierce . an ungainy , come dy-deficient , b-movie r ush job . . .",0,True
"the jokes are flat , and the action looks fake .","the j okes are fl at , and the action loo ks f ake .",0,True
"this cuddly sequel to the 1999 hit is a little more visually polished , a little funnier , and a little more madcap .","this cuddly sequel to the 1999 hit is a little more visually polished , a littl e funnier , and a little more madcap .",0,True
""" 13 conversations about one thing "" is an intelligent flick that examines many different ideas from happiness to guilt in an intriguing bit of storytelling .",""" 13 conve rsations abou t on e th ing "" 1s an intelligen t fick t hat examines m@ny differ ent i deas from h appiness to guilt in an intriguing bit of storytelli ng .",1,True
"the movie is gorgeously made , but it is also somewhat shallow and art-conscious .","the movie is gorgeously made , but it is also somewha t s hallow an d art-conscious .",0,True
the piece plays as well as it does thanks in large measure to anspaugh's three lead actresses .,the pice plays as well as it does thanks in large me asure to anspaugh's three lead actresses .,1,True
. . . the picture's cleverness is ironically muted by the very people who are intended to make it shine .,. . . the picture's cleverness is ironically muted by the very people who are intended to ma ke it shine .,0,True
"it's a rollicking adventure for you and all your mateys , regardless of their ages .","1t's @ rolicking ad venture for you and all your mateys , regardless of their ages .",1,True
"the film is old-fashioned , occasionally charming and as subtle as boldface .","th3 film is old-fashioned , occasional ly c harming and as su btle as b oldface .",1,True
another in-your-face wallow in the lower depths made by people who have never sung those blues .,anothe r in-yo ur-face wallow 1n t he lower depths made by people who have never sung those blues .,1,True
"no such thing is sort of a minimalist beauty and the beast , but in this case the beast should definitely get top billing . robert john burke as the monster horns in and steals the show .","no such thing is sort of a minimalist beauty and the beast , but in this case the beast should definitely get top billing . robert john burke as the monster horns 1n and steals t he show .",1,True
"in a movie full of surprises , the biggest is that secret ballot is a comedy , both gentle and biting .","in a movie full of surpri ses , the biggest is that se cret ballot is a c omedy , both gent le @nd b iting .",1,True
the film proves unrelentingly grim -- and equally engrossing .,t he flm prov es unrelentingl y gr im -- @nd equally engrossin g .,1,True
"if it were any more of a turkey , it would gobble in dolby digital stereo . if nothing else , "" rollerball "" 2002 may go down in cinema history as the only movie ever in which the rest of the cast was outshined by ll cool j .","if it were any more of a turey , it wuld gobble in dolby digital stereo . if nohing else , "" rollerball "" 20 02 may go down 1n cinmea h1story as the only mov ie ever in whi ch th3 r est 0f th3 cat w@s o utshined by ll c ool j .",0,False
the irwins' scenes are fascinating ; the movie as a whole is cheap junk and an insult to their death-defying efforts .,th3 iwins' scen es ar e fas cinating ; the movi e as @ who le 1s chap junk and @n insult to their death-dfeying efforts .,0,True
a sensitive and astute first feature by anne-sophie birot .,a se nsitive @nd ast ute first feature by anne-sophie birot .,1,True
"unintelligible , poorly acted , brain-slappingly bad , harvard man is ludicrous enough that it could become a cult classic .","unintell igible , poory act ed , brain-slappingl y b@d , h@rvard m@n is ludicrus eough that it coul d be come a cult classic .",0,True
"director kevin bray excels in breaking glass and marking off the "" miami vice "" checklist of power boats , latin music and dog tracks . he doesn't , however , deliver nearly enough of the show's trademark style and flash .","director kevin bray exce ls in breaking glass and marking off the "" miami vice "" checklist of power boats , latin music and dog tracks . he doesn't , however , deliver nearly enough of the show's trademark style and flash .",1,True
"an exciting and involving rock music doc , a smart and satisfying look inside that tumultuous world .","@n e xciting @nd in volving r ock musi c d oc , @ $mart a nd sati sfying l ook insde t hat tmultuous word .",1,False
execrable .,execrable .,0,False
"both stars manage to be funny , but , like the recent i spy , the star chemistry begs the question of whether random gags add up to a movie .","bot h star s manage to be funny , bu t , like th3 rece nt i sp y , th e star c hemistry begs th e ques tion of whether randm gags add up to a moie .",0,True
spielberg has managed to marry science fiction with film noir and action flicks with philosophical inquiry .,spiel berg ha s mana ged to m@rry sciece fiction with film noir an d action flicks with ph ilosophical inquiry .,1,True
"this toothless dog , already on cable , loses all bite on the big screen .","thi s to othless d og , already on cab le , lo ses all bite on the big screen .",0,True
"while it would be easy to give crush the new title of two weddings and a funeral , it's a far more thoughtful film than any slice of hugh grant whimsy .","whle it would be easy to give crush the new title of two weddings and a funeral , it's @ f ar more thoughtful film than any slice of hugh grant w himsy .",1,True
this flat run at a hip-hop tootsie is so poorly paced you could fit all of pootie tang in between its punchlines .,ths f1at r un at a hip-hop tootsie is so porly paced you coul d fit a ll 0f pootie tang in between its punchlines .,0,True
"the production design , score and choreography are simply intoxicating .","the production design , score and choreography are simply intoxicatin g .",1,True
"a penetrating , potent exploration of sanctimony , self-awareness , self-hatred and self-determination .","@ p enetrating , ptent exploration 0f sanctimony , self-awareness , self-hatred and self-determination .",1,True
"smith's approach is never to tease , except gently and in that way that makes us consider our own eccentricities and how they are expressed through our homes .","smith's aproach 1s never to tease , except gently and in th@t way tha t m@kes us consider our own eccentricities and ho w they @re expressed through our homes .",1,True
"a fiercely clever and subtle film , capturing the precarious balance between the extravagant confidence of the exiled aristocracy and the cruel earnestness of the victorious revolutionaries .","@ fiercel y cleve r @nd subtl e film , c apturing t he pr ecarious balan ce betwen t he e xtravagant confidence of t he ex iled @ristocracy and th e crue l earnestness of the victorious revolutionaries .",1,False
a movie that hovers somewhere between an acute character study and a trite power struggle .,a movie that hovers somewhere between an acute character study and a tri te power struggle .,0,True
"dodgy mixture of cutesy romance , dark satire and murder mystery .","dodgy mixture of cu tesy romance , dark satire and murder mystery .",0,True
the film's maudlin focus on the young woman's infirmity and her naive dreams play like the worst kind of hollywood heart-string plucking .,the film's maudlin focus on the young woman's infirmity and her naive dreams play like the wor st kind of hollywood heart-string plucking .,0,True
never once predictable .,nevr onc e predictale .,0,True
". . . a good , if not entirely fresh , look at war .",". . . a goo d , if not entirely f resh , look at war .",1,True
a captivating coming-of-age story that may also be the first narrative film to be truly informed by the wireless age .,@ cativating com ing-of-age story tha t may alo be the first narrative film to be tru ly i nformed by t he wireless age .,1,True
rather less than the sum of its underventilated père-fils confrontations .,ra ther les than the s um of its underventilaed pè re-fils confr ontations .,0,True
"lends itself to the narcotizing bland ( sinister , though not nearly so sinister as the biennial disney girl movie ) machinations of the biennial disney boy movie .","lends itelf to the narcotizing bla nd ( sinister , though not nearly so sinister as the biennial disney girl movie ) machinations of the biennial disney boy movie .",0,True
"the movie attempts to mine laughs from a genre -- the gangster/crime comedy -- that wore out its welcome with audiences several years ago , and its cutesy reliance on movie-specific cliches isn't exactly endearing .","the movie attemp ts to mine laughs from a genre -- the gangster/crime comedy -- that wore out its welcome with audiences several years ago , and its cutesy reliance on movie-specific clches isn't exactly endearing .",0,True
a poignant lyricism runs through balzac and the little chinese seamstress that transforms this story about love and culture into a cinematic poem .,@ po ignant lyrici sm run s throug h b@lzac @nd the l ittle ch inese seamst ress th@t tran sforms tis sto ry ab out love @nd culture into a cinematic p oem .,1,True
"as hugh grant says repeatedly throughout the movie , 'lovely ! brilliant ! '","as hugh grant says rep eatedly throughout the movie , 'lovely ! brilliant ! '",0,True
"swimming is above all about a young woman's face , and by casting an actress whose face projects that woman's doubts and yearnings , it succeeds .","s wimming is above all about a young woman's face , and by casting an actress whose face projects t hat woan's doubts a nd yearings , it succees .",1,True
this sort of cute and cloying material is far from zhang's forte and it shows .,this sort of cute and cloyi ng material is far from zhang' s forte and 1t sho ws .,0,True
this is a movie so insecure about its capacity to excite that it churns up not one but two flagrantly fake thunderstorms to underscore the action .,th is is a mov ie $o inecure about its capa city to exc ite that it chrns up n ot one bu t t wo flarantly fae thunderstoms to undrscore the action .,0,True
the plot grinds on with yawn-provoking dullness .,the pl ot grins on with y@wn-provoking dullness .,0,True
"an intelligent , multi-layered and profoundly humanist ( not to mention gently political ) meditation on the values of knowledge , education , and the affects of cultural and geographical displacement .","@n intel ligent , mlti-layered @nd profoundy hum@nist ( no t to mntion gen tly po litical ) meditation on the values of knowledge , education , and the affects of cultural and geographical displacement .",1,True
"for all its plot twists , and some of them verge on the bizarre as the film winds down , blood work is a strong , character-oriented piece .","for all its plot twists , and some of them verge on the bizarre as the film winds down , blood work is @ stong , ch@racter-oriented pi ece .",1,True
the film's performances are thrilling .,th3 film 's p erformances ar e thrill ing .,1,True
"william shatner , as a pompous professor , is the sole bright spot . . .","william shatner , as a pompous professor , is the sole brigh t spot . . .",1,True
a modestly surprising movie .,a mode stly sur prising movie .,1,True
"on the whole , the movie lacks wit , feeling and believability to compensate for its incessant coarseness and banality .","on the whole , the movi e lac ks wit , fe eling and believabi lity to compensate for 1ts incessa nt coarsene ss a nd b@nality .",0,True
the film was immensely enjoyable thanks to great performances by both steve buscemi and rosario dawson . . .,t he film w as immensel y enjoyab le tha nks to gre at performances by both steve buscemi and rosario dawson . . .,1,True
generates an enormous feeling of empathy for its characters .,generaes an enrmous feeling of empa thy for its characters .,1,True
"ultimately , clarity matters , both in breaking codes and making movies . enigma lacks it .","ultimate ly , clarity matters , both in breaking codes and making movies . enigma lacks it .",0,True
"a picture that extols the virtues of comradeship and community in a spunky , spirited fashion .","a picture tat extols the vir tues of co mradeship and community in a spu nky , spirited f@shion .",1,True
"'god help us , but capra and cooper are rolling over in their graves . '","'god hel p u$ , but capra and cooper @re rolling over in thei r graves . '",1,True
jonathan parker's bartleby should have been the be-all-end-all of the modern-office anomie films .,j onathan parker's bartleby should have been the be-all-end-all of the modern-office anomie films .,1,True
the movie is essentially a series of fleetingly interesting actors' moments .,the movie is essent ially a series of fleetingly interesting actors' moments .,0,True
"there's a reason the studio didn't offer an advance screening . "" the adventures of pluto nash "" is a big time stinker .","ther e's a reason the st udio didnt offer an advance screening . "" the adventures of pluto nash "" is @ bi g tim e stinke r .",0,True
the whole thing plays out with the drowsy heaviness of synchronized swimmer wearing a wool wetsuit .,th3 whol e thig pays out with the d rowsy h eaviness of synchronized swimmer wearing a wool wetsuit .,0,True
"rambles on in a disjointed , substandard fashion from one poorly executed action sequence to the next .","rables on 1n a di sjointed , subst andard fashion from on e poorl y executed action sequence to the ne xt .",0,True
"a confident , richly acted , emotionally devastating piece of work and 2002's first great film","@ con fident , r ichly a cted , emtionally devastatig pie ce 0f w ork and 2002s first gre at film",1,True
"the story , once it gets rolling , is nothing short of a great one .","th3 stor y , once 1t g ets rolling , is nothing short 0f a great o ne .",0,True
one of the most important and exhilarating forms of animated filmmaking since old walt doodled steamboat willie .,0ne of the mos t im portant @nd exh ilarating forms of animated filmmaking since old walt doodled steamboat willie .,1,True
its characters are thinner than cardboard -- or even comic-book paper .,its cha racters a re th inner th@n c ardboard -- 0r even comic-book pape r .,0,True
throws in enough clever and unexpected twists to make the formula feel fresh .,throws in enough clever and unexpected t wists to make the formula feel fresh .,1,True
a fascinating documentary that provides a rounded and revealing overview of this ancient holistic healing system,@ f ascinating doc umentary t hat pr ovides a round ed @nd reve aling ov erview of this ancient holistic healing system,1,True
"rabbit-proof fence will probably make you angry . but it will just as likely make you weep , and it will do so in a way that doesn't make you feel like a sucker .","ra bbit-proof fence will probably make you angry . but it will just as likely make you weep , and it will do so in a way that doesn't make you feel like a sucke r .",0,True
collapses under its own meager weight .,collap ses u nder its own meaer wei ght .,0,True
equlibrium could pass for a thirteen-year-old's book report on the totalitarian themes of 1984 and farenheit 451 .,e qulibrium could pass for a thirteen-year-old's book report on the totalitarian themes of 1984 and farenheit 451 .,0,True
the fast runner' transports the viewer into an unusual space,the fat runn er' t ransports the viewer into an unusual space,1,True
not one moment in the enterprise didn't make me want to lie down in a dark room with something cool to my brow .,n ot one moment in the enterprise d idn't make me want to lie down in a dark r oom with somthing cool to my brow .,0,True
[grant] goes beyond his usual fluttering and stammering and captures the soul of a man in pain who gradually comes to recognize it and deal with it .,[gr@nt] goes byond his usua l fl uttering and stammeri ng @nd c aptures the sou l of a man in p ain who gradually comes to recognize it and deal with it .,1,True
completely creatively stillborn and executed in a manner that i'm not sure could be a single iota worse . . . a soulless hunk of exploitative garbage .,completly creativ ely stillbor n an d execu ted in @ manner th@t i' m no t s ure coud b3 @ s ingle ioa wors e . . . @ soulle ss hun k of ex ploitative ga rbage .,0,True
"in his debut as a director , washington has a sure hand . his work with actors is particularly impressive .","in h1s debut as a director , w@shington has @ sre ha nd . his work wth acto rs is p@rticularly impresive .",1,True
"it just goes to show , an intelligent person isn't necessarily an admirable storyteller .","1t just go es to show , an intelligent person isnt necessarily an adm irable storyte ller .",1,True
it appears that something has been lost in the translation to the screen .,1t appeas that something has be en l ost in the translatio n to the sc reen .,0,True
"the movie is too cute to take itself too seriously , but it still feels like it was made by some very stoned college students .","th e movie is to o cute to take itself too seriously , but it s till feels like it wa s made by so me v ery stone d college studen ts .",0,True
"sharp , lively , funny and ultimately sobering film .","sh arp , l ively , funy an d ultimately sobe ring film .",1,True
"it's difficult to imagine that a more confused , less interesting and more sloppily made film could possibly come down the road in 2002 .","it' s diffic ult to ima gine that a more cnfused , l ess interesting and more soppily m@de film coud pssibly come down t he roa d in 202 .",0,True
"martin scorsese cria um espetáculo visual que não possui alma - um filme esteticamente belo , mas emocionalmente frio .","m artin scors ese cr ia um espetácuo viual qu3 nã0 po ssui alm a - um filme esteticamente belo , mas emocionalmente frio .",1,True
"beautifully crafted and brutally honest , promises offers an unexpected window into the complexities of the middle east struggle and into the humanity of its people .","bea utifully cr@fted @nd bruta lly hon est , promis es offers @n unexp ected wndow into th e complexities of th e middl e e ast s truggle @nd into th e humanity of its peopl e .",1,True
fred schepisi's tale of four englishmen facing the prospect of their own mortality views youthful affluence not as a lost ideal but a starting point .,fr ed shepisi's t ale of fur englihmen f@cing the prosp ect of their own mortality views youthful affluence not as a lost ideal but a start ing point .,1,True
"the film's strength isn't in its details , but in the larger picture it paints - of a culture in conflict with itself , with the thin veneer of nationalism that covers our deepest , media-soaked fears .","the film's strength isn't in its details , but in the larger picture it paints - of a culture in conflict with itself , with the thin veneer of nationalism that covers 0ur deepest , media-soaked fears .",1,True
"one of the most haunting , viciously honest coming-of-age films in recent memory .","0ne 0f th3 m ost h aunting , vici ously hon est cming-of-age fil ms 1n rec ent memo ry .",1,False
a fleet-footed and pleasingly upbeat family diversion .,a flet-footed an d p leasingly upbe at family diversion .,1,True
gere gives a good performance in a film that doesn't merit it .,gee gives a go od performance in a film that doesn't merit it .,1,True
"if anything , the film is doing something of a public service -- shedding light on a group of extremely talented musicians who might otherwise go unnoticed and underappreciated by music fans .","if anything , the film is doing something of a public servic e -- shedding light on a group of extremely talented musicians who might otherwise go unnoticed and underappreciated by mu sic fans .",1,True
late marriage's stiffness is unlikely to demonstrate the emotional clout to sweep u . s . viewers off their feet .,late marriage's stiffness is u nlikely to demonstrate the emotional clout to sweep u . s . viewers off their feet .,0,True
"sweet home alabama is one dumb movie , but its stupidity is so relentlessly harmless that it almost wins you over in the end .","sweet home alabama is one d umb movie , but its stupidity is so relentlessly harmless that it a lmost wins you over in the en d .",0,True
"long after you leave justine , you'll be wondering what will happen to her and wishing her the best -- whatever that might mean .","lng afer you leave ju$tine , you'll be wondering what will happen to her and wishing her the best -- whatever that migt mea n .",0,True
exposing the ways we fool ourselves is one hour photo's real strength .,exposing the ways we fool ourselves is one ho ur photo 's real strength .,1,True
. . . works on some levels and is certainly worth seeing at least once .,. . . wo rks on some lvels @nd is certainly wrth seeng @t least once .,1,True
no doubt the star and everyone else involved had their hearts in the right place . where their heads were is anyone's guess .,n0 d oubt the sta r and everyone els e involved had their hear ts in the right place . where the ir heas we re is anone's gu ess .,0,True
a wordy wisp of a comedy .,@ wordy wisp of a comey .,0,False
cho continues her exploration of the outer limits of raunch with considerable brio .,ch0 contnues h3r explorat ion of the ou ter limits of raunch with considerable brio .,1,True
woody allen used to ridicule movies like hollywood ending . now he makes them .,wody allen used to ridicu le movies like hollywood e nding . n ow h3 makes th em .,0,True
"essentially , the film is weak on detail and strong on personality","esentially , the film 1s w eak 0n detail an d strong on pe rsonality",0,True
"it is nature against progress . in fessenden's horror trilogy , this theme has proved important to him and is especially so in the finale .","it is nature against progress . in fessenden's horror trilogy , this theme has proved important to him and is especially so 1n t he finale .",1,True
"nonsensical , dull "" cyber-horror "" flick is a grim , hollow exercise in flat scares and bad acting .","nonsensica l , du ll "" cyber-horrr "" flick 1s @ g rim , ho llow exercis e in fl at scars an d b@d actin g .",0,True
a thinly veiled excuse for wilson to play his self-deprecating act against murphy's well-honed prima donna shtick .,a t hinly veil ed excu se for wilson to play his self-deprecating act against murphy's well-honed prima donna s htick .,0,True
"made to be jaglomized is the cannes film festival , the annual riviera spree of flesh , buzz , blab and money . the charming result is festival in cannes .","m ade to be jglomized 1s the c@nnes film festival , the anual ri viera spree 0f flesh , buzz , blab @nd m oney . the charm ing resut 1s festiva l 1n c@nnes .",1,True
allen shows he can outgag any of those young whippersnappers making moving pictures today .,all en shows he can outgag any of those young whippersnappers making moving pictures today .,1,True
probes in a light-hearted way the romantic problems of individuals for whom the yearning for passion spells discontent .,probe s 1n @ l ight-hearted w@y t he ro mantic prob lems 0f individuals f or whom t he yearning for passion spells discontent .,1,True
"a witty , trenchant , wildly unsentimental but flawed look at the ins and outs of modern moviemaking .","a w itty , trnchant , willy un$entimental but flawed look @t the ins and outs of modrn moviemaking .",1,True
"in between all the emotional seesawing , it's hard to figure the depth of these two literary figures , and even the times in which they lived . but they fascinate in their recklessness .","1n between all the emotional seesawing , it's hard to figure the depth of these two literary figures , and even the times in which they lived . but they f@scinate 1n their recklessness .",1,True
"personal velocity has a no-frills docu-dogma plainness , yet miller lingers on invisible , nearly psychic nuances , leaping into digressions of memory and desire . she boxes these women's souls right open for us .","personl veocity has @ no-rfills d0cu-dogma plainne ss , yet mi ller lingers on invisible , nea rly psychic nuances , leaping i nto diressions 0f memory and d esire . $he b oxes t hese wome n's souls right open f0r us .",1,False
i cry for i spy -- or i would if this latest and laziest imaginable of all vintage-tv spinoffs were capable of engendering an emotional response of any kind .,1 cr y for i sp y -- or i would if this latest and l aziest imaginable of all v intage-tv spnoffs wee capabe of engndering an emotio nal res ponse of any kind .,0,True
good-looking but relentlessly lowbrow outing plays like clueless does south fork .,good- looking but relentlessly lwbrow outi ng pla ys l ike clueless d oes sout h fo rk .,0,True
a rarity among recent iranian films : it's a comedy full of gentle humor that chides the absurdity of its protagonist's plight .,@ rari ty amo ng rece nt irania n f ilms : i's @ comed y ful l of ge ntle hu mor tha t chi des t he absurdit y of 1ts protagonist' s pligh t .,1,False
"you could say that it's slow at times , you could say that a few of the characters act in ways that real people wouldn't , but one thing you couldn't say is that alias betty is predictable .","you could say that it's slow at times , you could say that a few of the characters act in ways that real people wouldn't , but one thing you couldn't say is that alias b etty 1s p redictable .",0,True
francophiles will snicker knowingly and you'll want to slap them .,francophiles will sn icker kno wingly and yu'll wan t to slap them .,1,True
formula 51 is so trite that even yu's high-energy action stylings can't break through the stupor .,formua 51 is so trie that even yu 's high-energy action stylings can' t break through the stupor .,0,True
"texan director george ratliff had unlimited access to families and church meetings , and he delivers fascinating psychological fare .","texan di rector geor ge ratl iff h ad unlimit ed access to f@milies and church meeting s , an d he delivrs fascinating p$ychological fare .",1,True
"wedding feels a bit anachronistic . still , not every low-budget movie must be quirky or bleak , and a happy ending is no cinematic sin .","weddin g feels a bit anachronistic . still , not every low-budget movie must be quirky or bleak , and a happy endig is n0 cinematic si n .",0,True
writer and director otar iosseliani's pleasant tale about a factory worker who escapes for a holiday in venice reveals how we all need a playful respite from the grind to refresh our souls .,wr iter @nd director o tar iosseliani 's pleasa nt t ale about a f actory work er who esapes for a holiday in v enice reveals how we all need a playful respite from the grind to refresh our souls .,1,True
an intimate contemplation of two marvelously messy lives .,an intim ate con templation of two marvelously messy lives .,1,True
a captivating and intimate study about dying and loving . . .,@ ca ptivating @nd intimae stuy @bout dyng and l oving . . .,1,True
"with nary a glimmer of self-knowledge , [crane] becomes more specimen than character -- and auto focus remains a chilly , clinical lab report .","with nar y a gl immer of self-knowledge , [crane] becomes more specimen than character -- and auto fo cus remains @ chi lly , clin ical l ab repor t .",0,True
"a powerful and telling story that examines forbidden love , racial tension , and other issues that are as valid today as they were in the 1950s .","@ p owerful @nd tell ing stry that exami nes forbidden love , racial tension , and other issues that are as valid today as they were in the 1950s .",1,True
it seems like i have been waiting my whole life for this movie and now i can't wait for the sequel .,it sems like i have been waiing my whol e life for this movie and now i can 't wit for the sequel .,0,True
"with we were soldiers , hollywood makes a valiant attempt to tell a story about the vietnam war before the pathology set in .","with we wer e soldiers , hollyood makes @ v@liant attempt to tell a story about the vietnam war before the pathology set in .",0,True
"i prefer soderbergh's concentration on his two lovers over tarkovsky's mostly male , mostly patriarchal debating societies .","1 prefer soderberg h's c oncentration on his two lovers over tarkovsky's mostly male , mos tly patriarch al debating societies .",0,True
a riveting documentary .,@ rivet ing documentary .,1,True
. . . too dull to enjoy .,. . . to o d ull t0 enjo y .,0,True
jarecki and gibney do find enough material to bring kissinger's record into question and explain how the diplomat's tweaked version of statecraft may have cost thousands and possibly millions of lives .,jarecki and gibney d0 find enou gh material to bring kissinger's record into question and explain how the diplomat's tweaked version of statecraft may have cost thousands and possibly millions of lives .,0,True
"abandon spends 90 minutes trying figure out whether or not some cocky pseudo-intellectual kid has intentionally left college or was killed . the only problem is that , by the end , no one in the audience or the film seems to really care .","abadon spend s 90 min utes t rying figur e 0ut whethr or no t $ome cock y p$eudo-intellectual kid has intentionall y le ft colege 0r was ki lled . the onl y probelm is that , by the en d , no one in the audience 0r t he film s eems t0 r eally care .",0,False
i was impressed by how many tit-for-tat retaliatory responses the filmmakers allow before pulling the plug on the conspirators and averting an american-russian armageddon .,1 wa s impressed by how many tit-for-t at retaliatory resp onses the filmmakes allow before pulling the plug on the conspirators and avertng an american- russian armageddon .,0,True
manages to be sweet and wickedly satisfying at the same time .,m@nages to be sw eet a nd wi ckedly sati sfying at the same time .,1,True
"a real story about real people living their lives concerned about the future of an elderly , mentally handicapped family member .","@ re al stoy @bout real p eople liv ing their l ives co ncerned about the future of an elderly , mentally handicapped family member .",1,True
"be prepared to cling to the edge of your seat , tense with suspense . the ring never lets you off the hook .","b3 prepared to c ling to the edge of your seat , tense with suspense . the ring never lets you off th e hook .",0,True
i can easily imagine benigni's pinocchio becoming a christmas perennial . coal isn't as easy to come by as it used to be and this would be a worthy substitute for naughty children's stockings .,1 can ea sily imagine benigni' s pinoccho becoming a christmas perenni al . c0al isn't @s easy to come by as it used to be and this would be @ worthy substitute for n@ughty children 's stockings .,0,True
"unexpected moments of authentically impulsive humor are the hallmark of this bittersweet , uncommonly sincere movie that portrays the frank humanity ofemotional recovery .","unexp ected mments 0f authentical ly impuls ive h umor are the h@llmark of t his bitt ersweet , uncommo nly sincere mo vie tha t portrays th e frank h umanity of emotional recovery .",1,True
"john carlen's script is full of unhappy , two-dimensional characters who are anything but compelling .","john carlen's script is full of unh appy , two-dimensional characters who are anything but compelling .",0,True
"although the sequel has all the outward elements of the original , the first film's lovely flakiness is gone , replaced by the forced funniness found in the dullest kiddie flicks .","althugh the sequ el has all the outwrd elements of the original , the first film's lovely flakiness is go ne , replaced by th e frced fun niness fou nd 1n th e dullest kid die flic ks .",0,True
"a tender and touching drama , based on the true story of a troubled african-american's quest to come to terms with his origins , reveals the yearning we all have in our hearts for acceptance within the family circle .","@ ten der an d t ouching dr ama , b@sed 0n t he tru e story 0f @ trou bled arfican-american's ques t to come to terms with his origins , reveals the yearning we all have in our hearts for acceptance within the family circle .",1,False
"the soupy end result has the odd distinction of being playful without being fun , too .","th e sopy end res ult has the od d distincton of beng playul withot being fun , to o .",0,True
"like its title character , esther kahn is unusual but unfortunately also irritating .","li ke its tile character , e sther kahn 1s unu$ual bu t unfortu nately also i rritating .",0,True
"none of this is meaningful or memorable , but frosting isn't , either , and you wouldn't turn down a big bowl of that , would you ?","nne of this is meaningful or memorable , but frosting isn't , either , an d you wouldn't turn do wn a big bowl of that , wuld yo u ?",0,True
"the film has the high-buffed gloss and high-octane jolts you expect of de palma , but what makes it transporting is that it's also one of the smartest , most pleasurable expressions of pure movie love to come from an american director in years .","th3 flm ha s th3 hig h-buffed g loss @nd higho-ctane j olts you exp ect of de palma , b ut w hat makes 1t transporting is that it's also one of t he smartest , mo st pleasurale expr essions of pure movie lov e to come from an american director in years .",1,True
"brash , intelligent and erotically perplexing , haneke's portrait of an upper class austrian society and the suppression of its tucked away demons is uniquely felt with a sardonic jolt .","bash , intellige nt a nd ero tically perpl exing , haneke's portrait of an upper class austrian society and the suppression of it s tucked away dem ons 1s unquely felt wth @ sardon ic jo lt .",1,True
a rather average action film that benefits from several funny moments supplied by epps .,a r@ther a verage action film that benefits from several funny moments supplied by epps .,0,True
"you can watch , giggle and get an adrenaline boost without feeling like you've completely lowered your entertainment standards .","yo u can watch , giggle and get an adrenaline boost without feeling like you' ve completely lwered your entertainme nt stan dards .",1,True
"though the book runs only about 300 pages , it is so densely packed . . . that even an ambitious adaptation and elaborate production like mr . schepisi's seems skimpy and unclear .","thouh the book runs only about 300 pages , it is $o dens ely packed . . . that even @n ambitious adaptation and elaborate production 1ike mr . schep isi's s eems skim py and unclear .",0,True
the movie is . . . very funny as you peek at it through the fingers in front of your eyes .,th3 movie 1s . . . ve ry fnny as y0u peek at 1t through t he fingers in front 0f yur eyes .,1,True
""" men in black ii , "" has all the earmarks of a sequel . the story is less vibrant , the jokes are a little lukewarm , but will anyone really care ?",""" men in blcak ii , "" h@s all the earmarks of a sequel . th e story is less vibrant , th e jkes are a litle lukwarm , but will anyne really care ?",0,True
"to the film's credit , the acting is fresh and unselfconscious , and munch is a marvel of reality versus sappy sentiment .","to the film's credit , the acting is fresh and unselfconscious , and munch is a marvel of real ity versus sapp y sentiment .",0,True
there is greatness here .,there is grea tness here .,1,True
it's unlikely we'll see a better thriller this year .,it's unlik ely we'll see a better thriller this year .,0,True
a moving and weighty depiction of one family's attempts to heal after the death of a child .,a movig @nd w eighty depictio n of one family's attempts to heal after the death of a child .,1,True
"while not all that bad of a movie , it's nowhere near as good as the original .","while n0t all that b@d of a movie , it's nowhee near @s good as the origi nal .",0,True
"an earnest racial-issues picture that might have gotten respectful critical praise in a different era -- say , the '60s .","an earnst racial-issus picture that might have gotten respec tful critical praise in a different era -- say , the '60s .",1,True
some motion pictures portray ultimate passion ; others create ultimate thrills . men in black ii achieves ultimate insignificance -- it's the sci-fi comedy spectacle as whiffle-ball epic .,so me mo tion pictures portray utimate passion ; others create ultimate thrills . men in black ii a chieves ultimate insignificance -- it's the sc i-fi comedy spect acle as whiffle-ball eic .,1,True
"de ayala is required to supply too much of the energy in a film that is , overall , far too staid for its subject matter .","de ay ala 1s requ ired to supply to o much of the energy in a film that is , overall , f@r too staid for it s subjct matte r .",0,True
"that neither protagonist has a distinguishable condition hardly matters because both are just actory concoctions , defined by childlike dimness and a handful of quirks .","that nei ther protagonist has a distinguishable condition ha rdly matters because both are just acory concoctions , defined by childlike dimness and a handful of quirks .",0,True
an affectionately goofy satire that's unafraid to throw elbows when necessary . . .,an af fectionately go ofy satire that's un@fraid to throw elbows when necessary . . .,1,True
"the director knows how to apply textural gloss , but his portrait of sex-as-war is strictly sitcom .","the director knows how to apply textural gloss , but his portrait of sex-as-war is strictly s itcom .",0,True
the movie is ingenious fun . see it .,th3 movie is ingenios fu n . $ee it .,1,True
while the plot follows a predictable connect-the-dots course . . . director john schultz colors the picture in some evocative shades .,while the plot follows a pedictable connect-the-dots course . . . director j ohn schutz colors the picture in sme evocative shdes .,0,True
it drowns in sap .,1t dr owns in sa p .,0,True
the plot is romantic comedy boilerplate from start to finish .,the plo t is romantic comedy boileplate from start to finish .,0,True
"confuses its message with an ultimate desire to please , and contorting itself into an idea of expectation is the last thing any of these three actresses , nor their characters , deserve .","c onfuses its message with an ultimate desire to please , and contorting itself into an idea of expectation is the last thing any of these three actresses , nor their characters , deserve .",0,True
"so we got ten little indians meets friday the 13th by way of clean and sober , filmed on the set of carpenter's the thing and loaded with actors you're most likely to find on the next inevitable incarnation of the love boat .","$o we got ten little indians meets friday the 13th by way of clean and s ober , filmed on the set of carpenter's the thing and loaded with actors you're most likely to find on the ne xt inevitable incarnation of the love bo at .",0,True
". . . generically , forgettably pleasant from start to finish .",". . . generically , forgettably pleasa nt from start to finish .",1,True
it's a refreshing change from the self-interest and paranoia that shape most american representations of castro .,it 's @ r efreshing chan ge from the slf-interest and paranoia tha t shape most american representations of castro .,1,True
"if a few good men told us that we "" can't handle the truth "" than high crimes poetically states at one point in this movie that we "" don't care about the truth . ""","1f a few good men told us that we "" can't handle the truth "" than high crimes poetically states at one point in this movie that we "" don't care about the truth . """,1,True
an instantly forgettable snow-and-stuntwork extravaganza that likely will be upstaged by an avalanche of more appealing holiday-season product .,an instantly forgetable sn ow-and-stuntwork extravaganza that likely will be upstaged by an avalanche of more appealing holiday-season product .,0,True
"writer/director joe carnahan's grimy crime drama is a manual of precinct cliches , but it moves fast enough to cover its clunky dialogue and lapses in logic .","writer/director joe c@rnahan's griy c rime drma is a manual of precinct clihes , but it moes fast enouh to cover its c lunky dialoue and la pses in l ogic .",0,True
a sad and rote exercise in milking a played-out idea -- a straight guy has to dress up in drag -- that shockingly manages to be even worse than its title would imply .,@ s ad an d rte exerci se 1n mi lking @ pl ayed-out ida -- @ str aight gu y h@s to drss up in drg -- tha t shoc kingly manage s to b3 eve n wrse th@n i ts tite wold impl y .,0,False
if you enjoy more thoughtful comedies with interesting conflicted characters ; this one is for you .,if you enjoy more thoghtful come dies with interesting con flicted characers ; tis one 1s f or y0u .,1,True
this is nothing but familiar territory .,this is nothig b ut famil iar territory .,0,True
the only thing scary about feardotcom is that the filmmakers and studio are brazen enough to attempt to pass this stinker off as a scary movie .,th3 only thing s cary about feardotcom is that the filmmakers and studio are braz en en ough to att empt to pass this stin ker o ff as a scary movie .,0,True
"it challenges , this nervy oddity , like modern art should .","1t chal lenges , tis nevy oddity , like mo dern ar t should .",1,True
"a film of empty , fetishistic violence in which murder is casual and fun .","a film of empty , fetishistic violence in which murder is casual and fu n .",1,True
"since the movie is based on a nicholas sparks best seller , you know death is lurking around the corner , just waiting to spoil things .","sinc e the movie is based on a nicholas sparks best seller , you know death is lurking around the corner , just waiting to spoil things .",0,True
"the enjoyable undercover brother , a zany mix of saturday night live-style parody , '70s blaxploitation films and goofball action comedy gone wild , dishes out a ton of laughs that everyone can enjoy .","th e ejoyable underc over broher , @ zany mix of saturday night live-style parody , '70s blaxploitation films and goofball action comedy gone wild , dishes ou t a ton of laughs that everyone can enjoy .",1,True
"the funny thing is , i didn't mind all this contrived nonsense a bit .","th3 funny t hing is , 1 ddn't mind all t his contrivd nonsense a b it .",0,True
melanie eventually slugs the yankee . too bad the former murphy brown doesn't pop reese back .,melanie eventully slgs the y@nkee . to o bad the formr murphy brow n doesn't pop reese b@ck .,0,True
the basic premise is intriguing but quickly becomes distasteful and downright creepy .,th3 basi c premis e is intri guing b ut qui ckly beomes ditasteful and downright creep y .,0,True
the picture doesn't know it's a comedy .,the picture doe sn't know it's a comedy .,0,True
i'm not sure which will take longer to heal : the welt on johnny knoxville's stomach from a riot-control projectile or my own tortured psyche .,i' m n0t sure which will take longer to heal : the welt on johnny knoxvill e's stomach from a riot-control projectile or my own tortured psyche .,0,True
"kwan makes the mix-and- match metaphors intriguing , while lulling us into torpor with his cultivated allergy to action .","kw@n maks t he mix-an- m atch me taphors int riguing , w hile lul ling u$ i nto tor por with his culivated allrgy to action .",1,True
pray's film works well and will appeal even to those who aren't too familiar with turntablism .,pray's film wo rks w ell a nd will appeal even to those who aren't too familiar with turntablism .,1,True
suffers from unlikable characters and a self-conscious sense of its own quirky hipness .,suf fers from unlikabl e characters and a self-conscious sense of its own quirky hipness .,0,True
"a triumph , a film that hews out a world and carries us effortlessly from darkness to light .","@ triu mph , @ f ilm t hat h ews out @ wo rld an d c@rries u$ effortlessly f rom darkness to li ght .",1,True
"an action/thriller of the finest kind , evoking memories of day of the jackal , the french connection , and heat .","@n action/thrillr of th e fin est k ind , evokin g memori es of day of the jac kal , the frnch connection , a nd h3at .",1,False
an unintentionally surreal kid's picture . . . in which actors in bad bear suits enact a sort of inter-species parody of a vh1 behind the music episode .,@n unitentionally s urreal ki d's picture . . . in whi ch act ors in b ad bear suis enact a s ort of inter-species parody of a vh1 behind the music episode .,0,True
may be the most undeserving victim of critical overkill since town and country .,may be the most undeserving victim of critical overkil l since town and country .,0,True
"to build a feel-good fantasy around a vain dictator-madman is off-putting , to say the least , not to mention inappropriate and wildly undeserved .","to b uild a fel-good fantas y a round a v ain dictator-mad man is off-ptting , t0 s ay the least , not to mention inappr opriate an d wildl y undeserv ed .",0,True
"it celebrates the group's playful spark of nonconformity , glancing vividly back at what hibiscus grandly called his 'angels of light . '","1t cel ebrates th3 gro up's pl ayful sp ark of nonco nformity , glancin g viidly back at what hibiscus grandly called his 'angels of light . '",1,True
well-done supernatural thriller with keen insights into parapsychological phenomena and the soulful nuances of the grieving process .,w3ll-done supern atural thril ler wi th k een inights int o parapsychological pheno mena an d th e soulful nu@nces of the grieving process .,1,True
psychologically revealing .,psycho logically revealing .,1,True
"this isn't a narrative film -- i don't know if it's possible to make a narrative film about september 11th , though i'm sure some will try -- but it's as close as anyone has dared to come .","tis i sn't @ narra tive fil m -- i don't know if it's possible to make a narrative film about september 11th , though i'm sure some will try -- but it's as close as anyone has d@red to c ome .",1,True
"nemesis suffers from a paunchy midsection , several plodding action sequences and a wickedly undramatic central theme .","n emesis suffers from a paunchy midsection , seve ral plodding ac tion s equences and a wickedly undramaic cental theme .",0,True
". . . best seen as speculative history , as much an exploration of the paranoid impulse as a creative sequel to the warren report .",". . . bst seen as speculative history , as much an exploration of the paranoid impulse as a creative sequel to t he warren report .",1,True
barely gets off the ground .,b arely get s 0ff the gr ound .,0,True
[stephen] earnhart's film is more about the optimism of a group of people who are struggling to give themselves a better lot in life than the ones they currently have .,[stehen] earnhart's flm 1s more @bout th3 optimi sm of a g roup of people who are strug gling to give themselves a better lot in life than the ones they currently have .,1,True
"somehow we're meant to buy that this doting mother would shun her kids , travel to one of the most dangerous parts of the world , don fatigues and become g . i . jane .","somehw we're mea nt to buy that this doting mother would shun her kids , travel to one of the most dangerous parts of the world , don fatigues and become g . i . jane .",0,True
"it's a cool event for the whole family . maybe not a classic , but a movie the kids will want to see over and over again .","it's a col event for the whole family . maybe not a classic , but a movie the kids will want to see over and over again .",1,True
"i'm sure the filmmaker would disagree , but , honestly , i don't see the point . it's a visual rorschach test and i must have failed .","i'm s ure the filmmaker would disagree , but , honestly , i don't see the point . it's a visual rorschach test an d 1 mu st hav e failed .",0,True
"as his circle of friends keeps getting smaller one of the characters in long time dead says 'i'm telling you , this is f * * * ed' . maybe he was reading the minds of the audience .","@s his circle of friends keeps getting smaller one of the characters in long time d3ad says 'i'm telling you , this is f * * * ed' . maye he was reading th e minds of th3 audience .",0,True
"a movie you observe , rather than one you enter into .","a movie you obse rve , rather than one you enter into .",1,True
"as commander-in-chief of this film , bigelow demonstrates a breadth of vision and an attention to detail that propels her into the upper echelons of the directing world .","as commander-ni-chief of tis flm , bigelow demonsrates @ breadth of vision @nd @n attention t0 detail that propels h er into the upper echelons of the directing world .",1,True
visually captivating .,visua lly captiv ating .,1,True
. . . another example of how sandler is losing his touch .,. . . another example of how sandler is lsing hi s touch .,0,True
one just waits grimly for the next shock without developing much attachment to the characters .,one ju st wai ts grimly for the next shock without developing much attachment to the characters .,0,True
the most anti-human big studio picture since 3000 miles to graceland .,the mo st ant-human big studio pi cture since 3000 miles to graceland .,0,True
"it dares to be a little different , and that shading is what makes it worthwhile .","it dares to be a little different , and that shading is what mak es it worthwh ile .",1,True
"the most hopelessly monotonous film of the year , noteworthy only for the gimmick of being filmed as a single unbroken 87-minute take .","th e most hoplessly mo notonous fim of the year , noteworthy only for th e gimmick of being filmed as a sing le u nbroken 87-minte take .",0,True
the script falls back on too many tried-and-true shenanigans that hardly distinguish it from the next teen comedy .,th3 s cript fals back on t0o many trie-and-true shenanigans that h@rdly distinguish it fr om th3 next teen c omedy .,0,True
"if you're content with a clever pseudo-bio that manages to have a good time as it doles out pieces of the famous director's life , eisenstein delivers .","1f yo're content with a clever pseudo -bio tha t manages to have a good time as it doles o ut pieces of the famous director's lif e , eisenstei n delive rs .",1,True
"dogtown and z-boys more than exposes the roots of the skateboarding boom that would become "" the punk kids' revolution . ""","dogton @nd zboys mre than ex poses the roots of the skateboarding boom that would become "" the punk kids' revolution . """,1,True
the characters are paper thin and the plot is so cliched and contrived that it makes your least favorite james bond movie seem as cleverly plotted as the usual suspects .,th e charac ters are paper thi n and the plot is so clichd and c ontrived that it makes your least favorite james bond movie seem as cleverly plotted as the u sual susects .,0,True
a lot smarter than your average bond .,a lot s marter than your average bond .,1,True
plays like a checklist of everything rob reiner and his cast were sending up .,pl ays li ke a chec klist of everything rob rei ner and his cast were sending up .,0,True
"its simplicity puts an exclamation point on the fact that this isn't something to be taken seriously , but it also wrecks any chance of the movie rising above similar fare .","it s simplicity pu ts an excla mation point on the fact that this isn't something to be taken seriously , but it also wrecks any chance of the movie rising above similar fare .",0,True
"to the degree that ivans xtc . works , it's thanks to huston's revelatory performance .","to the degree that ivans xt c . works , i's t hanks to huston's reve latory performance .",1,True
"pumpkin takes an admirable look at the hypocrisy of political correctness , but it does so with such an uneven tone that you never know when humor ends and tragedy begins .","pumpkin takes an admirable look at the hypocrisy of political correctness , but it does so with such an uneven tone that you never know when humor ends and tagedy begins .",1,True
"escaping the studio , piccoli is warmly affecting and so is this adroitly minimalist movie .","escapi ng the studio , piccoli 1s w@rmly affecting @nd so 1s thi s adroi tly minimalist move .",1,True
ian holm conquers france as an earthy napoleon,i an holm conq uers france as an earthy napoleon,1,True
"the heat of the moment prevails . it cooks conduct in a low , smoky and inviting sizzle .","the hat of the moment previls . it cooks conduct in a low , smoky and invi ting sizzle .",1,True
"all in all , brown sugar is a satisfying well-made romantic comedy that's both charming and well acted . it will guarantee to have you leaving the theater with a smile on your face .","@ll in all , bown sugar is @ satisfying well-made romantic comedy th@t's both char ming and well act ed . it w ill guarantee to have y0u leaving the theater with a $mile on yor f@ce .",1,True
"as comedic spotlights go , notorious c . h . o . hits all the verbal marks it should .","as comedic spot lights go , notorious c . h . o . hits all the verbal marks it should .",1,True
"[allen's] been making piffle for a long while , and hollywood ending may be his way of saying that piffle is all that the airhead movie business deserves from him right now .","[allen's] bee n m@king p iffle for a 1ong whil e , an d holywood ending may be h is way of saying th@t pifle is all that th e airhea d move b usiness desrves fom him rght now .",0,True
"what with the incessant lounge music playing in the film's background , you may mistake love liza for an adam sandler chanukah song .","wh at with the ince ssant loun ge music playing in the film's background , you m@y mistake lov e liza for an adam sandler chanukah song .",0,True
"while tattoo borrows heavily from both seven and the silence of the lambs , it manages to maintain both a level of sophisticated intrigue and human-scale characters that suck the audience in .","while tttoo borows heavily from both seven and the silence of the lambs , 1t m@nages to m aintain both @ level of sophisticted intrigue and human-scale characters t hat suck the audience in .",1,True
"dragonfly has no atmosphere , no tension -- nothing but costner , flailing away . it's a buggy drag .","dragonfly h@s n0 atmospher e , no tension -- n othing b ut costner , flailing a way . it's a buggy drag .",0,True
"as the dominant christine , sylvie testud is icily brilliant .","as the dominant christine , sylvie testud 1s icily brillian t .",1,True
[u]nrelentingly stupid .,[u]nrele ntingly stup id .,0,False
"audiences conditioned to getting weepy over saucer-eyed , downy-cheeked moppets and their empathetic caretakers will probably feel emotionally cheated by the film's tart , sugar-free wit .","audiences condi tioned to getting wee py over saucer-eyed , downy-cheeked moppets and their empathetic caretakers will probably feel emotionally cheated by the film's tart , sugar-free wit .",0,True
bielinsky is a filmmaker of impressive talent .,biel insky 1s @ filmm aker of impres sive talent .,1,True
the sweetest thing leaves a bitter taste .,the sweetest thing leves a bittr tas te .,0,True
does little to elaborate the conceit of setting this blood-soaked tragedy of murderous ambition in the era of richard nixon .,does little to elaborate the conceit of setting this blood-soaked trag edy of murderous ambition in the era of richard nixon .,1,True
"the criticism never rises above easy , cynical potshots at morally bankrupt characters . . .","th3 criti cism n ever rise s above eas y , cynial potshot s @t morall y b@nkrupt ch aracters . . .",0,True
shankman . . . and screenwriter karen janszen bungle their way through the narrative as if it were a series of bible parables and not an actual story .,shankman . . . an d screenwritr karen janszen bungle their way through the narrative as if it were a s eries of bible parables and not @n actual story .,0,True
uzumaki's interesting social parallel and defiant aesthetic seems a prostituted muse . . .,uzumak i's interes ting social p@rallel and defi ant aesthetic seem s a pros tituted m use . . .,1,True
"moore's complex and important film is also , believe it or not , immensely entertaining , a david and goliath story that's still very much playing itself out .","m oore's coplex and important film is also , believe it or not , immensely entertaining , a david and goliath story that 's still very much p laying itslf out .",1,True
"satin rouge is not a new , or inventive , journey , but it's encouraging to see a three-dimensional , average , middle-aged woman's experience of self-discovery handled with such sensitivity .","satin ruge 1s no t a new , or inventi ve , j ourney , b ut it's encouraging to $ee @ three-dimensinoal , avrage , middle-aged woma n's experience 0f self-discovery handled with su ch sensitivity .",1,True
"featuring a dangerously seductive performance from the great daniel auteuil , "" sade "" covers the same period as kaufmann's "" quills "" with more unsettlingly realistic results .","feat uring a d@ngerously sedu ctive perforance from the great daniel auteuil , "" sade "" covers the same period as kaufmann's "" quills "" wth more unsettlingly realistic results .",1,True
all these developments and challenges facing santa weigh down the plot so heavily that they drain all the film of its energy and needlessly strain credibility .,a ll these developments and challenges facing santa weigh down the plot so hevily that they drai n all the film of its energy and needlessl y s train credibility .,0,True
the biggest problem with this movie is that it's not nearly long enough .,th3 biggest prblem with this movie is that it's not n early long e nough .,0,True
"pc stability notwithstanding , the film suffers from a simplistic narrative and a pat , fairy-tale conclusion .","pc s tability notwithstandin g , th e flm suffe rs from a simplis tic n@rrative and a pat , fairy-tale conclu sion .",0,True
the iditarod lasts for days - this just felt like it did .,th e iditard last s for days - this j ust felt like 1t di d .,0,True
woo's fights have a distinct flair . his warriors collide in balletic explosion that implies an underlying order throughout the chaos .,woo 's fghts have a distinct flair . his warrio rs collide 1n b@lletic explosion tha t implies an underlying order throughout the chaos .,1,True
the trashy teen-sleaze equivalent of showgirls .,the tr@shy ten-sleaze e quivalent 0f showgirls .,0,True
"this is an ungainly movie , ill-fitting , with its elbows sticking out where the knees should be .","thi s is @n ungainly m ovie , 1ll-fitting , with it s elbows sticking out where the knees should be .",0,True
"when one hears harry shearer is going to make his debut as a film director , one would hope for the best","when one hears harry shearer is going to make his debut as a film director , one would hope for the be st",1,True
"not quite as miraculous as its dreamworks makers would have you believe , but it more than adequately fills the eyes and stirs the emotions .","n0t quite as miraculous as its dreamworks makers would have you believe , but it more than ad equately fills the eyes @nd stirs the emoti ons .",1,True
"the movie , like bartleby , is something of a stiff -- an extra-dry office comedy that seems twice as long as its 83 minutes .","th e movi e , lik e bartleby , is something of a stff -- @n extra-dry office comey th@t seem s twce @s 1ong @s it s 83 minuts .",0,True
"gives you the steady pulse of life in a beautiful city viewed through the eyes of a character who , in spite of tragic loss and increasing decrepitude , knows in his bones that he is one of the luckiest men alive .","gievs yo u th3 steay pul se 0f l ife 1n a beauti ful cit y view ed through the eyes of a character wh o , 1n spite of tra gic loss and increasing decrepitu de , kn ows 1n his boes that he is one of the luckiest m en alive .",1,False
"shatner is probably the funniest person in the film , which gives you an idea just how bad it was .","shatner is probaby the funniest person in the film , which gives you an idea just how bad it w@s .",0,True
"the heedless impetuousness of youth is on full , irritating display in [this] meandering and pointless french coming-of-age import from writer-director anne-sophie birot .","th e heedles s impetuousness of youth is on full , irritating display in [this ] meandering a nd pontless french coming-of-age import from writer-director anne-sophie birot .",0,True
"a vile , incoherent mess . . . a scummy ripoff of david cronenberg's brilliant 'videodrome . '","@ vil e , incoheren t mess . . . a scumm y ripof 0f david cronenerg's brilliant 'videodrome . '",0,True
"gorgeous scenes , masterful performances , but the sickly sweet gender normative narrative left an acrid test in this gourmet's mouth .","gorgeou s scenes , masterful performances , but the sickly sweet gender norm ative narrative left an acrid test in tis gourmet's mouth .",1,True
"the best you can say about it is it's so uninspired , it barely gives one pause when considering some of the other dreck out there right now .","th3 be st yo u c@n sa y about it 1s it's $o un inspired , 1t barely gives o ne pause when considering some of the othr dr eck ou t t here rigt now .",0,True
"a lot of the credit for the film's winning tone must go to grant , who hasn't lost a bit of the dry humor that first made audiences on both sides of the atlantic love him .","a 1ot of the credit for the film's winning tone must go to grant , who hasn't lost a bit of the dry humor that first made audiences on both sides of the atlantic love him .",0,True
"given that both movies expect us to root for convicted violent felons over those assigned to protect us from same , we need every bit of sympathy the cons can muster ; this time , there isn't much .","given that bo th movies expec t us to root for convicted violent felons over those assigned to protect us from same , we need every bit of sympathy the cons can muster ; this time , there isn't much .",1,True
mostly the film is just hectic and homiletic : two parts exhausting men in black mayhem to one part family values .,m ostly the film is j ust hectc and homil etic : two pa rts exhusting men in back mayhem to one par t f@mily v@lues .,0,True
"devos and cassel have tremendous chemistry -- their sexual and romantic tension , while never really vocalized , is palpable .","de vos @nd cas sel ha ve trmendous c hemistry -- their sexual and romantic tension , wile nev er really vocal ized , 1s pal pable .",1,True
"a bittersweet film , simple in form but rich with human events .","@ bitt ersweet fil m , si mple 1n f orm bu t rih wth huan evens .",1,True
this idea has lost its originality . . . and neither star appears very excited at rehashing what was basically a one-joke picture .,th is ida has los t its originalit y . . . an d nether star appears very excited at reashing what was b@sically a onejoke pictur e .,0,True
"a smart , sweet and playful romantic comedy .","@ smat , swee t an d playf ul romantic co medy .",1,True
dolman confines himself to shtick and sentimentality -- the one bald and the other sloppy .,dolman co nfines hims elf to sht ick and sentimentality -- the one bald and the ot her slopy .,0,True
leaves viewers out in the cold and undermines some phenomenal performances .,leaves viewers out in the cold and udermines so me phenomenal performances .,0,True
"chicago offers much colorful eye candy , including the spectacle of gere in his dancing shoes , hoofing and crooning with the best of them .","chica go offe rs much coorful 3ye c@ndy , including th e spectacle 0f gere in his danc ing shoes , hoofing and crooning with the best of them .",1,True
. . . comes alive only when it switches gears to the sentimental .,. . . comes alive onl y when it switches gears to the sentimental .,0,True
"there is no insight into the anguish of heidi's life -- only a depiction of pain , today's version of greek tragedy , the talk-show guest decrying her fate .","thee is no insight into the anguish of heidi's life -- only @ depiction of pain , today's version of greek tragedy , the talk-show guest decrying her fate .",1,True
"watching this film , what we feel isn't mainly suspense or excitement . the dominant feeling is something like nostalgia .","wtching this film , what we feel isn't mainly suspense or excitement . the dominant feeling is something lke nostalgia .",0,True
"saddled with an unwieldy cast of characters and angles , but the payoff is powerful and revelatory .","saddled with an unwieldy cast of characters and angles , but t he payoff is powerful and revelat ory .",1,True
"it's good , hard-edged stuff , violent and a bit exploitative but also nicely done , morally alert and street-smart .","it's good , hard-edged stuff , violent and a bit exploitative but also nicely done , morally alert and stree t-smart .",1,True
"despite apparent motives to the contrary , it ends up being , like [seinfeld's] revered tv show , about pretty much nothing .","des pite app arent moti ves t0 th3 contrar y , 1t ends up beig , l ike [seinfe ld's] rever ed tv sho w , aout pret ty muc h n othing .",0,False
"the animation is competent , and some of the gags are quite funny , but jonah . . . never shakes the oppressive , morally superior good-for-you quality that almost automatically accompanies didactic entertainment .","the animation is competent , and some of the gags are quite funny , but jonah . . . never shakes the oppressive , morally superior good -for-you quality that almost automatica lly accompanies didatic entertainment .",0,True
"unless you're a fanatic , the best advice is : 'scooby' don't .","un less you're a fanatic , the best advice is : 'scooby' don't .",1,True
"if you go into the theater expecting a scary , action-packed chiller , you might soon be looking for a sign . an exit sign , that is .","1f you go into the theater expecting a scary , action-paced chiller , you might soon be looking for a sign . an exit sign , that is .",0,True
low rent from frame one .,1ow rnt from fr@me o ne .,0,True
"deep down , i realized the harsh reality of my situation : i would leave the theater with a lower i . q . than when i had entered .","dee p don , 1 re alized t he h@rsh realit y of my sitution : i wo uld l eave the theater with @ lwer 1 . q . tha n wh en i h@d e ntered .",0,True
a backstage must-see for true fans of comedy .,a bac kstage must-see for true fans of comedy .,1,True
"in the end , tuck everlasting falls victim to that everlasting conundrum experienced by every human who ever lived : too much to do , too little time to do it in .","in the end , tuck everlasting fal ls victim to that everlasting conundrum experienced by every human who ever lived : too much to do , too little time to d0 it in .",0,True
"the movie itself is far from disappointing , offering an original take on courtroom movies , a few nifty twists that are so crucial to the genre and another first-rate performance by top-billed star bruce willis .","the movie itself is far from disappointi ng , offering an original take on courtroom movies , a few nifty twists that are so crucial to the genre and another first-rate performance by top-billed star bruce willis .",0,True
"it's a film that's destined to win a wide summer audience through word-of-mouth reviews and , not far down the line , to find a place among the studio's animated classics .","1t's a film that's destined to win a wide summer audience through word-of-mouth reviews and , not far down the line , to find a place among the studios animated classics .",1,True
"a stirring tribute to the bravery and dedication of the world's reporters who willingly walk into the nightmare of war not only to record the events for posterity , but to help us clearly see the world of our making .","@ stirrng tr ibute to the bravey @nd dedicaion of the world' s r eporters who willi ngly w@lk into the nigh tmare of war not only to recod the events for posteriy , but to he lp u$ clearly see the world 0f ou r maing .",1,True
"in the spirit of the season , i assign one bright shining star to roberto benigni's pinocchio -- but i guarantee that no wise men will be following after it .","in the spirit of the season , i assign one bright shining star to roberto benigni's pinocchio -- but i guarantee that no wise men will be following afer it .",0,True
"a headline-fresh thriller set among orthodox jews on the west bank , joseph cedar's time of favor manages not only to find a compelling dramatic means of addressing a complex situation , it does so without compromising that complexity .","a headlin-efresh thrille r set among orthodox jews on the west bank , joseph cedar's time of favor manages not only to find a compelling dramatic means of addressing a complex situation , it does so without compromising that complexity .",1,True
"it's both degrading and strangely liberating to see people working so hard at leading lives of sexy intrigue , only to be revealed by the dispassionate gantz brothers as ordinary , pasty lumpen .","it's bo th degr ading and stra ngely lib erating to see people working so hard at leading lives of sexy intrigue , only to be revealed by the dispassionate gantz brothers as ordinary , p@sty lumpen .",1,True
"despite some charm and heart , this quirky soccer import is forgettable","despite some charm and heart , this quirky soccer import is forgettab le",0,True
"it just may inspire a few younger moviegoers to read stevenson's book , which is a treasure in and of itself .","1t just may inspire a few younger moviegoers to read stevens on's book , whch is @ tre asure 1n and 0f itself .",1,True
"the entire movie has a truncated feeling , but what's available is lovely and lovable .","th3 entie movie has a truncated f eeling , b ut wh@t's available is love ly @nd l ovable .",1,True
"ultimately , it ponders the reasons we need stories so much .","ultima tely , 1t ponders th e reasons we need stories $o muc h .",0,True
full of surprises .,full of surrises .,1,True
"barry convinces us he's a dangerous , secretly unhinged guy who could easily have killed a president because it made him feel powerful .","barry convin ces us he's a dangerous , secretly unhinged guy who could easily have killed a president because it made him feel powerful .",0,True
the film is a very good viewing alternative for young women .,th3 film 1s a vry go od vieing alternative for young women .,1,True
an imaginative comedy/thriller .,@n i maginative comedy/thriller .,1,True
you'll trudge out of the theater feeling as though you rode the zipper after eating a corn dog and an extra-large cotton candy .,yo u'll trudge ou t of the theater feelig as thou gh you ro de the z ipper aftr eating a crn d0g and an extra-large cotton candy .,0,True
"director alfonso cuaron gets vivid , convincing performances from a fine cast , and generally keeps things going at a rapid pace , occasionally using an omniscient voice-over narrator in the manner of french new wave films .","director afonso cu@ron g ets vivi d , convincing performances from a fine cast , @nd g enerally keeps things going at a r@pid pace , occasional ly using an oniscient voice-over narrator 1n the manner of french new w@ve films .",1,True
"k-19 will not go down in the annals of cinema as one of the great submarine stories , but it is an engaging and exciting narrative of man confronting the demons of his own fear and paranoia .","k-9 wil l not go d own in t he ann als of cnema as 0ne 0f t he gr eat sumarine st ories , bu t 1t 1s an enga ging @nd exciti ng nar rative of man confron ting the demos of his own fear and paranoia .",1,True
"from its nauseating spinning credits sequence to a very talented but underutilized supporting cast , bartleby squanders as much as it gives out .","from its n@useating spin ning c redits sequene to a very tale nted b ut under utilized suppoting c@st , b@rtleby squnders @s mu ch @s it g ives 0ut .",0,True
meanders between its powerful moments .,mean ders be tween 1ts powerfu l mom ents .,1,True
here is a vh1 behind the music special that has something a little more special behind it : music that didn't sell many records but helped change a nation .,here is a vh1 behind the music special that has something a little more special behind it : music that didn't sell many records but helped change a naton .,1,True
the crassness of this reactionary thriller is matched only by the ridiculousness of its premise .,the cras sness of this react ionary thriller is matched oly by the ridicu lousness of its prem ise .,0,True
"they were afraid to show this movie to reviewers before its opening , afraid of the bad reviews they thought they'd earn . they were right .","th ey wer e afrai d to s how this movie to reviewe rs before its opening , afraid of the ba d reviews they thught they'd earn . they wee rig ht .",0,True
a very funny romantic comedy about two skittish new york middle-agers who stumble into a relationship and then struggle furiously with their fears and foibles .,a ver y f unny romatic comedy about two skitti sh new york middle-agers w ho stumble in to a relationship and then sruggle furiousl y wi th their fears and foibles .,1,True
"whether or not you buy mr . broomfield's findings , the film acquires an undeniable entertainment value as the slight , pale mr . broomfield continues to force himself on people and into situations that would make lesser men run for cover .","wheth er or not you buy mr . broomfield's findings , th e film acuires @n undeniable entertainment value as t he slig ht , p ale mr . broomfield continues to force himself on people and into situations that would make lesser men run for cover .",1,True
eric schweig and graham greene both exude an air of dignity that's perfect for the proud warrior that still lingers in the souls of these characters .,er ic schw eig @nd gra ham greene both exud e an @ir of dignity that's perfect for the proud warrior that still lin gers in the souls of these characters .,1,True
zhang . . . has done an amazing job of getting realistic performances from his mainly nonprofessional cast .,z hang . . . has do ne an amaz ing job of getting realistic performances from his mainly nonprofessional cast .,1,True
"it may scream low budget , but this charmer has a spirit that cannot be denied .","it may scream low budget , but this charmer has a spirit th@t cannot b3 denied .",0,True
director nalin pan doesn't do much to weigh any arguments one way or the other . he simply presents his point of view that ayurveda works . no question .,d irector n@lin pan desn't do much to weigh any arguments one way or the other . he simply presents his point of view that ayurveda works . n0 question .,0,True
rainy days and movies about the disintegration of families always get me down .,rainy d ays and movies about the disintegration of families always get me down .,0,True
"the whole damn thing is ripe for the jerry springer crowd . it's all pretty cynical and condescending , too .","th e whol e d@mn ting is rie for the jerry springer crowd . it's all pre tty cynical a nd condescendng , t oo .",0,True
"scene-by-scene , things happen , but you'd be hard-pressed to say what or why .","scnee-by-scene , tings h@ppen , bu t you 'd b3 hard-prsesed t0 s ay wht 0r wh y .",0,False
"sitting in the third row of the imax cinema at sydney's darling harbour , but i sometimes felt as though i was in the tiny two seater plane that carried the giant camera around australia , sweeping and gliding , banking and hovering over some of the most not","sittng in the third row of the imax cinema at sydney's darling harbour , but i sometimes felt as though i was in the tiny two seater plane that carried the giant camera around australia , sweeping and gliding , banking and hovering over some of the most not",0,True
the cast is uniformly excellent and relaxed .,t he cast is uniforml y excell ent an d rel axed .,1,True
your appreciation of it will depend on what experiences you bring to it and what associations you choose to make .,yur appeciation of it wi ll deend on w hat experienc es y0u bring to it and what assoc iations you choose to make .,1,True
"tully is in many ways the perfect festival film : a calm , self-assured portrait of small town regret , love , duty and friendship that appeals to the storytelling instincts of a slightly more literate filmgoing audience .","t ully 1s 1n ma ny w ays the p erfect festival film : @ c alm , se lf-assured po rtrait 0f smal l town regret , lo ve , duty and friendship that appeals to the storytelling instincts of a $lightly more literate filmgoing audience .",1,True
"kapur fails to give his audience a single character worth rooting for ( or worth rooting against , for that matter ) .","kapur fais to give his audience a single character worth rooting for ( or worth rooting against , for that matter ) .",0,True
"the story is familiar from its many predecessors ; like them , it eventually culminates in the not-exactly -stunning insight that crime doesn't pay .","th3 story 1s f@miliar from its many predecessors ; like them , it eventually culminates in the not-exacly -stunni ng insight that cime doesn't pay .",1,True
miyazaki is one of world cinema's most wondrously gifted artists and storytellers .,miyaz aki 1s o ne of w orld cinem a's mo st wonrously g ifted arti sts and storytellrs .,1,False
plays like a glossy melodrama that occasionally verges on camp .,plys l ike a glo ssy mel odrama that ocasionally vrges on cap .,0,True
wins my vote for 'the 2002 enemy of cinema' award .,w ins my vote for 'the 2002 enemy of cinema' award .,1,True
"the movie is concocted and carried out by folks worthy of scorn , and the nicest thing i can say is that i can't remember a single name responsible for it .","the movie is con cocted and carried out by folks worthy of scorn , and the nicest thing i can say is that i can't remember a single name responsible for it .",0,True
a meatballs for the bare-midriff generation .,a mea tballs for the b@re-midriff generation .,0,True
"some elements of it really blow the big one , but other parts are decent .","s ome ele ments of 1t re ally blw the big o ne , but o ther par ts a re decent .",0,True
"there's . . . tremendous energy from the cast , a sense of playfulness and excitement that seems appropriate .","there 's . . . tremendous energy from the cast , a sene 0f plyfulness a nd exciteme nt tat seems appropr iate .",1,True
it's as if de palma spent an hour setting a fancy table and then served up kraft macaroni and cheese .,it's as if de palma spent an hour setting a fancy table and then served up kr@ft macaron i and chees e .,0,True
"a must-see for the david mamet enthusiast and for anyone who appreciates intelligent , stylish moviemaking .","@ mu$t-see for the david mamet enthusi ast @nd for anyone w ho apprecites intellig ent , stylish moviemaking .",1,True
"the hard-to-predict and absolutely essential chemistry between the down-to-earth bullock and the nonchalant grant proves to be sensational , and everything meshes in this elegant entertainment .","th3 hard-to-predict @nd absolu tely essential chemist ry btween th e down-to-earth bullock @nd the non chalant grant proves to be sensational , and everything meshes in t his elega nt entertainment .",1,True
a glossy knock-off of a b-movie revenge flick .,@ gloss y konck-off 0f a b-mvoie revene f lick .,0,True
"the movie has no respect for laws , political correctness or common decency , but it displays something more important : respect for its flawed , crazy people .","the movie has n0 respect for laws , political correctness or common decency , but it displays something more important : respect for its flawd , crazy people .",0,True
pumpkin wants to have it both ways .,pmpkin want s to have it both ways .,0,True
a movie that harps on media-constructed 'issues' like whether compromise is the death of self this orgasm [won't be an] exceedingly memorable one for most people .,@ moie t hat haps on media-constructed 'issues' lke whether compromise 1s the death of self t his orgasm [won't be an ] exceedingly m emorable on e for most people .,1,True
a startling and fresh examination of how the bike still remains an ambiguous icon in chinese society .,@ start ling @nd fesh examination of how the bike stil l remains an ambiguous icon in chinese society .,1,True
girls gone wild and gone civil again,girls g one wild and gne civil aga in,0,True
"[reynolds] takes a classic story , casts attractive and talented actors and uses a magnificent landscape to create a feature film that is wickedly fun to watch .","[r eynolds] t@kes @ clas sic sto ry , c@sts attra ctive an d t@lented acto rs a nd uses a m@gnificent land scape to create a feature film that 1s wi ckedly fun to w@tch .",1,True
there is so much plodding sensitivity .,the re is $o mu ch ploddng sen sitivity .,0,True
full of the kind of obnoxious chitchat that only self-aware neurotics engage in .,ful l of the kind of o bnoxious chitchat that only self-aware neurotics e ngage in .,0,True
it's an often-cute film but either needs more substance to fill the time or some judicious editing .,it's an oten-cute film but ei ther needs mor e substance t0 fill the time or some judicious editing .,0,True
"if we don't demand a standard of quality for the art that we choose , we deserve the trash that we get .","1f we don't demand a standard of quality for the art that we choose , we deserve the trash that we get .",1,True
"it's a stale , overused cocktail using the same olives since 1962 as garnish . not only is entry number twenty the worst of the brosnan bunch , it's one of the worst of the entire franchise .","it's a $tale , ovrused cocktail using the sa me oliv es snce 1962 @s garnis h . not o nly is entry number twe nty the worst 0f the b rosnan bunch , it's on e of the wost of t he e ntire franchis e .",0,True
"shunji iwai's all about lily chou chou is a beautifully shot , but ultimately flawed film about growing up in japan .","shuji iai's all about l ily chou chou is a beautifully sht , b ut ultim ately flawed film about growing up in j apan .",0,True
if this story must be told and retold -- and indeed it must -- then the grey zone is to be lauded for finding a new and ingenious angle .,if this story must be told and retold -- and indeed it must -- then the grey zone is to be lauded for finding a new and inge nious angle .,1,True
judith and zaza's extended bedroom sequence . . . is so intimate and sensual and funny and psychologically self-revealing that it makes most of what passes for sex in the movies look like cheap hysterics .,judith and zaza's extended bedroom sequence . . . is so intimate and sensual and funny and psychologically self-revealing that it makes most 0f what passes for sex in the movies look lie cheap hysterics .,1,True
my own minority report is that it stinks .,my ow n minor ity report is that it stin ks .,0,True
throwing it all away for the fleeting joys of love's brief moment .,throwin g it all away for the fleeting joys of love's brief moment .,0,True
"miyazaki has created such a vibrant , colorful world , it's almost impossible not to be swept away by the sheer beauty of his images .","m iyazaki has creted suh a vibrnt , coloful word , i t's alm ost impossible not to b3 swept away by the sheer bea uty of his ima ges .",1,True
"it makes compelling , provocative and prescient viewing .","it mak es co mpelling , prov ocative @nd prescient viewing .",1,True
"some fine acting , but ultimately a movie with no reason for being .","s ome fine acing , b ut ulimately a movie wih n0 reason fo r bein g .",0,True
children and adults enamored of all things pokemon won't be disappointed .,childre n and adults enamored of all things pokemon won't be disappointed .,0,True
"starts promisingly but disintegrates into a dreary , humorless soap opera .","s tarts pr omisingly bu t d isintegrates ito a drea ry , humorl ess sap op era .",0,True
there's a whole heap of nothing at the core of this slight coming-of-age/coming-out tale .,there' s a whole heap of nothing at the core of this slight coming-of-age/coming-out tale .,0,True
"gangster no . 1 is solid , satisfying fare for adults .","gangster no . 1 1s so lid , sati sfying fare for adults .",1,True
"what's most memorable about circuit is that it's shot on digital video , whose tiny camera enables shafer to navigate spaces both large . . . and small . . . with considerable aplomb .","wha t's mos t memrable about circuit is that it's sho t on digital video , whose ti ny c@mera enables shafer to nav igate spaces both lar ge . . . @nd $mall . . . with considerable aplomb .",1,True
"finally , a genre movie that delivers -- in a couple of genres , no less .","finally , a genre movie that delivers -- in a couple 0f genres , no less .",1,True
"from the opening scenes , it's clear that all about the benjamins is a totally formulaic movie .","fro m th e opning scens , it's clear tha t all about th e benjamins is @ totall y formu laic mo vie .",0,True
a ponderous meditation on love that feels significantly longer than its relatively scant 97 minutes .,a ponder ous medit ation on love that fee ls significantly lnger than its relat ively sca nt 97 minutes .,0,True
"a big , baggy , sprawling carnival of a movie , stretching out before us with little rhyme or reason .","a b ig , b@ggy , sprawling carnival of @ movie , stretching out before us with little rhyme or reason .",0,True
what's infuriating about full frontal is that it's too close to real life to make sense . what's invigorating about it is that it doesn't give a damn .,w hat's infuriating about full frontal is that it's too close to real life to make sense . what's invigorating about it is that it doesn't give a damn .,1,True
"a fascinating , bombshell documentary that should shame americans , regardless of whether or not ultimate blame finally lies with kissinger . should be required viewing for civics classes and would-be public servants alike .","@ f@scinating , bombshell documentary that should shame americans , regardless of whether or not ultimate blame finally lies with kissinger . should be required viewing for civics classes and would-be public servants alike .",1,True
"if ever a concept came handed down from the movie gods on a silver platter , this is it . if ever such a dependable concept was botched in execution , this is it .","if ever a concpt came h@nded dow n from the movie go ds on a sil ver patter , this is it . if ever sch a depenable concpt w@s b otched 1n excution , this is 1t .",0,True
you can practically hear george orwell turning over .,you can pra ctically hear george orwell turning over .,0,True
"if you can read the subtitles ( the opera is sung in italian ) and you like 'masterpiece theatre' type costumes , you'll enjoy this movie .","1f you can read the subtitles ( the opera 1s sung in italian ) and y0u lie 'masterpiece theatre' type costum es , you'll enjy t his mvie .",1,True
"the bodily function jokes are about what you'd expect , but there are rich veins of funny stuff in this movie .","the bdily function jokes are about what you'd expect , but there are rich veins of funny stuff in this mov ie .",0,True
"a bright , inventive , thoroughly winning flight of revisionist fancy .","a brigh t , inventi ve , thor oughly winning flight of revisionist fancy .",1,True
the film itself is about something very interesting and odd that would probably work better as a real documentary without the insinuation of mediocre acting or a fairly trite narrative .,th3 fi lm iself is about something very interesting and odd that would probably work better as a real documentary wit hout the insinuation of medio cre acting or a fairly t rite narrative .,0,True
"there seems to be no clear path as to where the story's going , or how long it's going to take to get there .","there semes to be n0 clear path as to where the st ory's going , or how long it's going to take to get th ere .",0,True
evokes a little of the fear that parents have for the possible futures of their children--and the sometimes bad choices mothers and fathers make in the interests of doing them good .,eokes @ little of the fer that parents have for the possible futures of their children--and the sometimes bad choices mothers and fathers make in the interests of doing them good .,1,True
the film's needlessly opaque intro takes its doe-eyed crudup out of pre-9/11 new york and onto a cross-country road trip of the homeric kind .,the film's needlessl y opaque intro takes its doe-eyed crudup out of pre-9/11 new york and onto a cross-country road trip of the homeric kind .,0,True
those who aren't put off by the film's austerity will find it more than capable of rewarding them .,those who aren't put off by the film's austerity will find it more than capabe of rew arding them .,1,True
nearly all the fundamentals you take for granted in most films are mishandled here .,nea rly all the fundamentals you take for granted in most films are mishandled here .,0,True
"yes , one enjoys seeing joan grow from awkward young woman to strong , determined monarch , but her love for the philandering philip only diminishes her stature .","yes , o ne ejoys seeing joan grow f rom awkward young woman to strong , determined monarch , but her love for the philandering philip only diminishes her stature .",1,True
a virtual roller-coaster ride of glamour and sleaze .,a virt ual roller-coaster ri de of glamour and sleaze .,1,True
"as literary desecrations go , this makes for perfectly acceptable , occasionally very enjoyable children's entertainment . you'll forget about it by monday , though , and if they're old enough to have developed some taste , so will your kids .","@s literry desecrat ions go , this makes fo r perfe ctly acceptabl e , o ccasionally ver y enjoyble chilren's entert ainment . you'll forget about it by mondy , though , and if they're old enoug h to ha ve develo ped some t aste , so wil your kids .",1,True
maid in manhattan proves that it's easier to change the sheets than to change hackneyed concepts when it comes to dreaming up romantic comedies .,maid in manhattan proves that it's easier to change the sheets than to change hack neyed concepts when it comes to drea ming up romantic comedies .,0,True
its juxtaposition of overwrought existentialism and stomach-churning gore will have you forever on the verge of either cracking up or throwing up .,it s juxtap osition of overwroug ht exi stentialism and stomach-churnig gore will have you forever on the verge of either cr acking up or throwin g up .,0,True
"taken as a whole , the tuxedo doesn't add up to a whole lot .","tak en @s a wole , t he tuedo doe sn't a dd up to @ whoe lo t .",0,True
"care deftly captures the wonder and menace of growing up , but he never really embraces the joy of fuhrman's destructive escapism or the grace-in-rebellion found by his characters .","c are dftly capturs the wond er @nd mnace 0f gr owing up , bu t he neve r r eally embraces th e joy 0f fuh rman's destructiv e escapism or the grace-in-rebellion found by his characters .",1,True
"i liked about schmidt a lot , but i have a feeling that i would have liked it much more if harry & tonto never existed .","1 lik ed @bout schmi dt a l ot , but i have a feeling that i would have liked it much more if h arry & tnto n ever existe d .",0,True
neither funny nor suspenseful nor particularly well-drawn .,nether funny no r suspenseful nor particularly well-drawn .,0,True
"this misty-eyed southern nostalgia piece , in treading the line between sappy and sanguine , winds up mired in tear-drenched quicksand .","tis misty-eye d souther n nost algia p iece , in trea ding the l ine between sa ppy and sangui ne , winds up mired in tear-renched qicksand .",0,True
an amused indictment of jaglom's own profession .,an amused indic tment of jalom's o wn professi on .,1,True
a less-than-thrilling thriller .,a less-tha-thrilling thriller .,0,True
"while broomfield's film doesn't capture the effect of these tragic deaths on hip-hop culture , it succeeds as a powerful look at a failure of our justice system .","while broomfield's film doesn't c apture the effect of these tragic deaths on hip-hop culture , it succe eds as a pwerful l ook at a failure of our justice sytem .",1,True
those unfamiliar with mormon traditions may find the singles ward occasionally bewildering .,th ose unfamiliar with mormon traditions may find the singles ward occasionally beildering .,1,True
has all the scenic appeal of a cesspool .,has all the scen ic appeal of a cesspool .,1,True
"his comedy premises are often hackneyed or just plain crude , calculated to provoke shocked laughter , without following up on a deeper level .","h is cmedy preises ar e o ften h@ckneyed 0r just pain cr ude , calculated to provoke shocked la ughter , without following up on a de eper leve l .",0,True
a moving and solidly entertaining comedy/drama that should bolster director and co-writer juan josé campanella's reputation in the united states .,a mov ing @nd solidl y entertai ning comedy/drama that should bolster director and co-writer juan josé campanella's reputation in the united states .,1,True
"the film delivers not just the full assault of reno's immense wit and insight , but a time travel back to what it felt like during those unforgettably uncertain days .","th3 flm delives no t jus t the full assau lt of re no's immese wit and i nsight , but @ time travel back to what it felt like during those unforgettably uncertain days .",1,True
i don't think most of the people who loved the 1989 paradiso will prefer this new version . but i do .,1 d on't think most of the people who loved the 1989 paradiso will prefer this new version . but i do .,0,True
"all the filmmakers are asking of us , is to believe in something that is improbable .","al l the filmmakers are asking of us , is to believe in something th at 1s im probable .",0,True
"like the film's almost anthropologically detailed realization of early-'80s suburbia , it's significant without being overstated .","like the film's almost anthropologically detailed realization of early-'80s suburbia , it's significant without being oversta ted .",0,True
"there's not a spark of new inspiration in it , just more of the same , done with noticeably less energy and imagination .","th ere's n ot a spark of new inspiration in it , just more of the same , done with noticeably less energy and imagination .",0,True
"less dizzying than just dizzy , the jaunt is practically over before it begins .","les s di zzying than just dizy , th e jaunt 1s prac tically oer b efore it begi ns .",0,True
the darker elements of misogyny and unprovoked violence suffocate the illumination created by the two daughters and the sparse instances of humor meant to shine through the gloomy film noir veil .,t he daker elements of misogyny and unprovoked violence suffocate the illumination created by the two daughters and the spa rse istances of humor meant to shine through the gloomy film noir v eil .,1,True
"if "" lilo & stitch "" isn't the most edgy piece of disney animation to hit the silver screen , then this first film to use a watercolor background since "" dumbo "" certainly ranks as the most original in years .","1f "" lilo & stitch "" i sn't t he most edgy piece of disney animation to hit the silver screen , then this first fil m to use a w atercolor b@ckground since "" dumb o "" certainly ranks as th3 most original in years .",1,True
the pacing is often way off and there are too many bona fide groaners among too few laughs .,th e p@cing is often way off and there are too many bona fide groanrs among to o few la ughs .,0,True
"[hawn's character]is so bluntly written , without a trace of sentimentality , and so blisteringly defined , that every other character seems overlooked and underwritten .","[h@wn's ch@racter]is $o blu ntly wri tten , withut a trce of sentime ntality , and so blistering ly defined , that ev ery othr char acter sems ov erlooked @nd undewritten .",0,True
"chilling but uncommercial look into the mind of jeffrey dahmer , serial killer .","chill ing but uncommercial look into the mind of jeffrey dahmer , serial killer .",1,True
"a masterful film from a master filmmaker , unique in its deceptive grimness , compelling in its fatalist worldview .","@ master ful f ilm fr om a m aster filmmkaer , un ique 1n i ts deceptiv e gr imness , compelling in i ts f@talist worldview .",1,True
". . . the gentle melding of drama and comedy makes "" what time is it there ? "" something the true film buff will enjoy .",". . . the gen tle meldig 0f dr ama @nd com edy makes "" wha t t ime is it there ? "" someth ing t he tue f ilm buff wil l enjy .",1,True
. . . breathes surprising new life into the familiar by amalgamating genres and adding true human complexity to its not-so-stock characters .,. . . breath es surprising new lif e into t he familiar by amalgama ting gnres a nd addig tue human complexiy t0 it s not -so-stock characters .,1,True
"whether [binoche and magimel] are being charming or angst-ridden , they easily fill their scenes and , fine judges both , never overcook the hysteria .","whether [binoche and magimel] are being charming or angst-ridden , they easily fll their scenes and , fine judges both , never overcok th e hyste ria .",0,True
"if shayamalan wanted to tell a story about a man who loses his faith , why didn't he just do it , instead of using bad sci-fi as window dressing ?","if shaya malan wated to t ell a stor y abut @ m@n who lses his fith , why din't h3 jst d0 1t , instad 0f usng b@d $ci-fi @s windw d ressing ?",0,True
"the secrets of time travel will have been discovered , indulged in and rejected as boring before i see this piece of crap again .","th3 secret s of tim e tra vel will have been dscovered , indulged in an d rejected @s bor ing before i see th is piece of cap again .",0,True
it has all the excitement of eating oatmeal .,1t has al l the excitement of eating oatmeal .,0,True
"although the film boils down to a lightweight story about matchmaking , the characters make italian for beginners worth the journey","alt hough the film boils down to a lightweight story about matchmaking , the characters make italian for beginners worth the journey",1,True
"this is a movie full of grace and , ultimately , hope .","ths 1s a movie fll of g race and , ultimatly , h ope .",1,True
allen's underestimated charm delivers more goodies than lumps of coal .,alle n's underestimated char m delivers more godies than lumps of coal .,1,True
supposedly authentic account of a historical event that's far too tragic to merit such superficial treatment .,supposedy authentic account of a historical event that's far too tragic to merit such superf icial treatment .,0,True
"like a fish that's lived too long , austin powers in goldmember has some unnecessary parts and is kinda wrong in places .","like a fish that's l ived to o long , austin powers in goldmember has some unn ecessary parts and is k inda wrong in place s .",0,True
this romantic/comedy asks the question how much souvlaki can you take before indigestion sets in .,t his romantic/comedy asks th3 question how much souvlaki can you take before indigestion sets in .,1,True
devoid of any of the qualities that made the first film so special .,d evoid of any of the qualities that made the first film so special .,0,True
a subject like this should inspire reaction in its audience ; the pianist does not .,a subject like this should inspire react ion in its audience ; the pian ist d oes n0t .,0,True
nicole kidman makes it a party worth attending .,nic ole kidan m@kes it a party worth attending .,1,True
narc is a no-bull throwback to 1970s action films . it zips along with b-movie verve while adding the rich details and go-for-broke acting that heralds something special .,na rc is a no-bull throwback to 1970s action films . it zips along with b-movie verve while adding the rich details and go-for-broke acting that heralds something special .,0,True
". . . less a story than an inexplicable nightmare , right down to the population's shrugging acceptance to each new horror .",". . . les s a st ory t han @n inexplic able nightmare , righ t dow n to the population's shrugging acceptance to each new horror .",0,True
"a highly personal look at the effects of living a dysfunctionally privileged lifestyle , and by the end , we only wish we could have spent more time in its world .","@ highy person al loo k @t the ef fects of livi ng a dy$functionally priv ileged lifest yle , and by th e e nd , we o nly wi sh w3 co uld have spent more time in 1ts wor ld .",1,True
"unfortunately , the picture failed to capture me . i found it slow , drab , and bordering on melodramatic .","unfor tunately , th e pcture faled t0 capture me . i fund it sow , d rab , a nd borering on melodrmatic .",0,True
to imagine the life of harry potter as a martial arts adventure told by a lobotomized woody allen is to have some idea of the fate that lies in store for moviegoers lured to the mediocrity that is kung pow : enter the fist .,to imagine the life of harry potter as a martial arts adventure told by a lobotomized woody allen is to have some idea of the fate that lies in store for moviegoers lured to the me diocrity that is kung pow : enter the fist .,0,True
fear dot com is more frustrating than a modem that disconnects every 10 seconds .,f ear d0t com is more frus trating than a mod em that disco nnects every 10 se conds .,0,True
"sc2 is an autopilot hollywood concoction lacking in imagination and authentic christmas spirit , yet it's geared toward an audience full of masters of both .","sc2 is an autopilot hollywood concoction lacking in imagination and authentic christmas spirit , ye t it 's geared toward an audience full of masters of both .",1,True
"schepisi , aided by a cast that seems to include every top-notch british actor who did not appear in gosford park ( as well as one , ms . mirren , who did ) , has succeeded beyond all expectation .","sche pisi , aded by a cast th at seems to inclu de every t op-notch british actor who d id not apear in go sford pak ( @s well as o ne , ms . mrren , who d id ) , has succeded beond all exp ectation .",0,True
a film that will probably please people already fascinated by behan but leave everyone else yawning with admiration .,a film that will probably please people already fascinated by behan but leave everyone els e y@wning with adm iration .,0,True
an ingenious and often harrowing look at damaged people and how families can offer either despair or consolation .,an ingeni ous and often harro wing look at damaged people and how families can offer either despair or consolation .,1,True
". . . post-september 11 , "" the sum of all fears "" seems more tacky and reprehensible , manipulating our collective fear without bestowing the subject with the intelligence or sincerity it unequivocally deserves .",". . . post-september 11 , "" the sum of all fears "" seems more tacky and reprehensible , manipulating our collective fear without bestowing the subject with the intelli gence or sincerity it unequivocally deserves .",0,True
a fun ride .,@ fu n rde .,1,False
"this is an egotistical endeavor from the daughter of horror director dario argento ( a producer here ) , but her raw performance and utter fearlessness make it strangely magnetic .","this is an egotistical endeavor from the daughter of horror director dario argento ( a producer here ) , but her raw performance and utter fearessness make it strangely magnetic .",1,True
"when the precise nature of matthew's predicament finally comes into sharp focus , the revelation fails to justify the build-up .","wh en the pr ecise na ture of matthew 's predica ment fnally co mes into sh arp fo cus , the revelation f ails t0 justify t he build-up .",0,True
"apart from anything else , this is one of the best-sustained ideas i have ever seen on the screen .","apa rt from an ything else , this is one of th e best-usstained ideas i have eve r s een on the scr een .",0,True
"on a cutting room floor somewhere lies . . . footage that might have made no such thing a trenchant , ironic cultural satire instead of a frustrating misfire .","on a cutting room floor somewhere lies . . . footage that might have made no such thing a trenchant , ironic cultural sati re instad of a frustratng misfir e .",0,True
"could have been crisper and punchier , but it's likely to please audiences who like movies that demand four hankies .","could have been crispr and puncier , but it's likely t0 please audiences who like movies that demand fo ur h ankies .",0,True
"is there a group of more self-absorbed women than the mother and daughters featured in this film ? i don't think so . nothing wrong with performances here , but the whiney characters bugged me .","1s ther e a group of more self-absorbed women than the mother and daughters featured in this film ? i don't think so . noting wrong with performances here , b ut the whiney characters buggd me .",0,True
"de oliveira creates an emotionally rich , poetically plump and visually fulsome , but never showy , film whose bittersweet themes are reinforced and brilliantly personified by michel piccoli .","de olieira creates an emotio nally rich , poeti cally plump a nd vsually fulsme , but never showy , film w hose bitt ersweet themes @re rein forced and brilliantly personified by michel piccoli .",1,True
a series of immaculately composed shots of patch adams quietly freaking out does not make for much of a movie .,a series of immaculately composed sh ots of patch adams qu ietly freakig out do es not make for much of a movie .,0,True
"[taymor] utilizes the idea of making kahlo's art a living , breathing part of the movie , often catapulting the artist into her own work . this isn't a new idea . it's been done before but never so vividly or with so much passion .","[t@ymor] utilizes the idea of making kahlo's art a living , breathing part of the movie , often catapulting the artist into her own work . this isn't a new idea . it's been done before but never so vividly or with so much passion .",1,True
"the chateau belongs to rudd , whose portrait of a therapy-dependent flakeball spouting french malapropisms . . . is a nonstop hoot .","t he chate au be longs to rud d , whose portrait of a therapy-dependent flakeball spoutng french m@lapropisms . . . 1s a nonstp hoot .",1,True
"the fun of the movie is the chance it affords to watch jackson , who also served as executive producer , take his smooth , shrewd , powerful act abroad .","th e fu n 0f th e mov ie 1s t he chanc e 1t aff ords to w atch jack son , wh0 al so servd @s executie poducer , t@ke hi s smoth , shred , poerful a ct @broad .",1,False
the comedy death to smoochy is a rancorous curiosity : a movie without an apparent audience .,the comey deat h to smoo chy is a r@ncorous curi osity : a mo vie without @n apparen t audiene .,0,True
"this is human comedy at its most amusing , interesting and confirming .","this is hum an comedy at its most amus ing , interesting an d confirming .",1,True
this directorial debut from music video show-off higuchinsky is all flash .,this directorial debut from music video show-off higuchin sky 1s all flash .,0,True
"while undisputed isn't exactly a high , it is a gripping , tidy little movie that takes mr . hill higher than he's been in a while .","while undisputed isn't exactly a high , it is a grippin g , tidy little movie that takes mr . hill higher than he's been in a while .",1,True
an impeccable study in perversity .,@n i mpeccable stuy in pe rversity .,1,True
never [sinks] into exploitation .,ne ver [siks] ito exploitaton .,0,True
looks awfully like one long tourist spot for a mississippi that may never have existed outside of a scriptwriter's imagination .,loks a wfully li ke one l ong touris t spot for a mississipi that may neve r have exited outsde of @ scriptwriter 's imagin ation .,0,True
"though the story . . . is hackneyed , the characters have a freshness and modesty that transcends their predicament .","though the story . . . is hackneyed , the characters have a freshness and modesty t hat transcends their predicament .",1,True
so-so entertainment .,s o-so entertainment .,0,True
"la de salma es una versión de frida superficial , preciosista y sin ningún contenido .","1a d3 sal ma 3s un@ ve rsión d3 frda supericial , preciosista y si n nin gún co ntenido .",1,True
"because the genre is well established , what makes the movie fresh is smart writing , skewed characters , and the title performance by kieran culkin .","bec ause the genre is well established , w hat makes the movie fresh 1s $mart wriing , skewed characters , @nd the tile performance by kier an culkin .",1,True
"no one involved , save dash , shows the slightest aptitude for acting , and the script , credited to director abdul malik abbott and ernest 'tron' anderson , seems entirely improvised .","n0 on e involv ed , sav e d@sh , s hows t he s lightest apt itude f0r acting , an d th e script , creited t0 diector abdu l ma lik abbot an d enest 'tr on' anders on , sems en tirely improvis ed .",0,True
there's a reason why halftime is only fifteen minutes long .,there's a reaso n why h@lftime is ony fiftee n m inutes long .,0,True
"with or without the sex , a wonderful tale of love and destiny , told well by a master storyteller","wth or wthout the sex , @ wonder ful tale of love and destny , told well by a m aster storytell er",1,True
"afraid to pitch into farce , yet only half-hearted in its spy mechanics , all the queen's men is finally just one long drag .","afrid to pich into f arce , yet only h@lf-hearted in its spy mecanics , all the queen's men is finally just o ne lon g drg .",0,True
"williams plays sy , another of his open-faced , smiling madmen , like the killer in insomnia . he does this so well you don't have the slightest difficulty accepting him in the role .","williams plays $y , another of his open-faced , smiling madmen , like the killer in insomnia . he does this so well you don't have the slightest difficulty accepting him in the role .",0,True
"highlighted by a gritty style and an excellent cast , it's better than one might expect when you look at the list of movies starring ice-t in a major role .","h ighlighted by a gritty style and an excellen t cast , i t's better than one might expect when you look at the list of movies starring ice-t in a major role .",1,True
"these three films form a remarkably cohesive whole , both visually and thematically , through their consistently sensitive and often exciting treatment of an ignored people .","thes e t hree f ilms f orm a r emarkably c ohesive who le , bot h vi sually an d t hematically , throu gh th eir cosistently sensit ive an d oft en eciting treatmet 0f an ignord peple .",1,False
it's a drag how nettelbeck sees working women -- or at least this working woman -- for whom she shows little understanding .,it's a drg how nettelbeck sees working women -- or at least this working woman -- for whom she shows little understanding .,0,True
"nohe's documentary about the event is sympathetic without being gullible : he isn't blind to the silliness , but also captures moments of spontaneous creativity and authentic co-operative interaction .","nohe's dcumentary about the event is sympatehtic without being gullible : h3 isn' t blind to the si lliness , bu t als o captures m oments of spontaneous cr eativity and authentic co-operative interaction .",1,True
borrows from other movies like it in the most ordinary and obvious fashion .,bor rows from other movies like it in the most ordinary and obviou s fashion .,0,True
"barely manages for but a few seconds over its seemingly eternal running time to pique your interest , your imagination , your empathy or anything , really , save your disgust and your indifference .","barel y manages for but a few seconds over its seemingly eternal running time to pique your interest , your imagination , your empathy or anything , really , save your disgust and your indifference .",0,True
the irony is that this film's cast is uniformly superb ; their performances could have -- should have -- been allowed to stand on their own .,the irony is that this film's cast is uniformly su perb ; their performances could have -- should have -- been allowed to stand on their own .,1,True
this is so bad .,thi s is so b@d .,0,True
"aptly named , this shimmering , beautifully costumed and filmed production doesn't work for me .","apty named , this shim mering , beautifully co stumed an d filmed production doesn't work for me .",1,True
"the fascination comes in the power of the huston performance , which seems so larger than life and yet so fragile , and in the way the ivan character accepts the news of his illness so quickly but still finds himself unable to react .","th3 f@scination coms in the p ower of the huston performance , which seems so larger than life and yet so fragile , and in the way the ivan character accepts the news of his illness so quickly but still finds himself unable to react .",1,True
"often demented in a good way , but it is an uneven film for the most part .","oten demente d in a good way , but it is @n uneven film for the most part .",0,True
savvy director robert j . siegel and his co-writers keep the story subtle and us in suspense .,sav vy direct or rober t j . siegel and h1s c-writers k eep the story subtl e and us in suspense .,1,True
"bloody sunday has the grace to call for prevention rather than to place blame , making it one of the best war movies ever made . it's a movie that accomplishes so much that one viewing can't possibly be enough .","blody sudnay has the grace to call for prevention rather than to place blame , making it one of the best war movies ever made . it's a movie that accomplishes so much that one viewing can't possibly be enough .",1,True
you could nap for an hour and not miss a thing .,you c ould n ap for an hor and not miss a t hing .,0,True
"though it never rises to its full potential as a film , still offers a great deal of insight into the female condition and the timeless danger of emotions repressed .","tough it nev er rses to its full potential as a film , sill offers a gr eat deal of insight into the female condition and the t imeless danger of emotions repressed .",1,True
"beresford nicely mixes in as much humor as pathos to take us on his sentimental journey of the heart . it really is a shame that more won't get an opportunity to embrace small , sweet 'evelyn . '","b eresford nic ely mies 1n @s muc h h umor @s p@thos to take us on his sentimental journey of the heart . it really is a sh ame t hat m ore w on't get an opportunity to embr ace small , swet 'eveln . '",1,True
doesn't come close to justifying the hype that surrounded its debut at the sundance film festival two years ago .,does n't come close to justifying the hype that surrounded its debut at the sundance film festival two years ago .,0,True
"it's rare to find a film that dazzles the eye , challenges the brain , and satisfies our lust for fast-paced action , but minority report delivers all that and a whole lot more .","1t's r@re t0 find a film that d@zzles the eye , challenges t he b rain , and satisfis our lu st f or fast-paced a ction , but minority report dlivers all that an d a whole lot mre .",1,True
"comes off more like a misdemeanor , a flat , unconvincing drama that never catches fire .","cmes o ff mo re like a misemeanor , a f1at , unconvinci ng dram a th@t nver c@tches fir e .",0,True
"although the level of the comedy declines as the movie proceeds , there's no denying the fun of watching de niro and crystal having fun .","althoug h the l evel of the com edy decl ines as the movie procees , there 's n0 d enying th e fun of watchig de niro and cryst al hving fun .",0,True
"as chilling and fascinating as philippe mora's modern hitler-study , snide and prejudice .","as chil ling and fascinatin g as philippe mo ra's modern hitler-tudy , snide and prejudice .",1,True
p . t . anderson understands the grandness of romance and how love is the great equalizer that can calm us of our daily ills and bring out joys in our lives that we never knew were possible .,p . t . anderson underst ands the g randness 0f ro mance and ho w love 1s t he grat equalize r tha t c@n calm us of o ur daily ills and bring out joys in our lives that we never knew were possible .,1,True
is it really an advantage to invest such subtlety and warmth in an animatronic bear when the humans are acting like puppets ?,is it really an avantage to invet such subt lety and warmth in an animatronic bear when the hum@ns are acting like pupp ets ?,1,True
"every joke is repeated at least four times . every joke is repeated at least four times . every joke is repeated at least--annoying , isn't it ?","evry j oke is repeaed at least for t imes . every joke is repeatd at le ast f our times . every jok e 1s repeatd @t least--anoying , is n't it ?",0,True
"blessed with a searing lead performance by ryan gosling ( murder by numbers ) , the movie is powerful and provocative . it's also built on a faulty premise , one it follows into melodrama and silliness .","bl essed with a searig lead performance by ryan gosling ( murder by numbers ) , the movie is powerful and provocative . it's also bui lt on a faulty premise , one it follows ino mlodrama and silliness .",1,True
"triple x is a double agent , and he's one bad dude . when you've got the wildly popular vin diesel in the equation , it adds up to big box office bucks all but guaranteed .","tripl e x is a double agent , a nd he's one b ad dude . when you've got the willy populr vin diesel 1n the equat ion , it adds up to b ig box ofice buck s a ll but guaranteed .",0,True
"left me with the visceral sensation of longing , lasting traces of charlotte's web of desire and desperation .","left me with the viceral sensaion of longi ng , lasting traces of charlotte's web of desire and desperation .",1,True
"by no means a slam-dunk and sure to ultimately disappoint the action fans who will be moved to the edge of their seats by the dynamic first act , it still comes off as a touching , transcendent love story .","by no mean s @ sla-dunk @nd sre t0 ultima tely d isappoint t he action fans who wi ll b3 movd to the edge of their $eats by the dynamic firs t act , it still comes off as @ t ouching , transcendent 1ove sto ry .",1,False
the best way to hope for any chance of enjoying this film is by lowering your expectations . then lower them a bit more .,th3 bst w@y to ho pe for any chance of enjoying this film is by lowe ring your expectations . then lower them a bit more .,1,True
what's missing in murder by numbers is any real psychological grounding for the teens' deviant behaviour . being latently gay and liking to read are hardly enough .,wha t's missin g in mu rder by numbers is any real psychological grouning for the teens' deviant behaviou r . bing latently gay and liking to read @re h@rdly enou gh .,0,True
"it's like a "" big chill "" reunion of the baader-meinhof gang , only these guys are more harmless pranksters than political activists .","it's li ke a "" big chill "" reunion of the baader-meinhof gang , only these guys @re more harmless pranksters than political activists .",0,True
"truth to tell , if you've seen more than half-a-dozen horror films , there's nothing here you haven't seen before .","tuth to te ll , if yu've s een more th@n half-a-dozen h orror fims , there' s nohing here you havent s een b efore .",0,True
"when it's all wet , blue crush is highly enjoyable . when it's on dry land , though , this surfer-girl melodrama starts gasping like a beached grouper .","wh en it's all wet , blue crush is highly enjoyable . when it's on dry land , though , this surfer-gir l melodrama starts gaspin g like a beached grouper .",0,True
"despite its faults , gangs excels in spectacle and pacing .","despite its f@ults , gags excels in spectacle an d pac ing .",1,True
"a solid cast , assured direction and complete lack of modern day irony .","a soid cast , ass ured direction and complete lack of modern day irony .",1,True
"for all of its insights into the dream world of teen life , and its electronic expression through cyber culture , the film gives no quarter to anyone seeking to pull a cohesive story out of its 2 1/2-hour running time .","f0r all of its insights into the dream world of teen life , and it s electrnic expresion through cyb er culture , t he f ilm gves no quarter to anyone seeking to pull a cohesie story out 0f its 2 1/-hour runing time .",1,True
the country bears wastes an exceptionally good idea . but the movie that doesn't really deliver for country music fans or for family audiences,the country bears wates an exceptionally good idea . but the movie that doesn't really deliver for country music fans or for family audiences,0,True
"schmaltzy and unfunny , adam sandler's cartoon about hanukkah is numbingly bad , little nicky bad , 10 worst list bad .","shmaltzy and unfuny , ada m sandle r's c artoon @bout hanukkah 1s nu mbingly bad , littl e nicky b@d , 10 wost l ist b@d .",0,True
predictable storyline and by-the-book scripting is all but washed away by sumptuous ocean visuals and the cinematic stylings of director john stockwell .,predictable storylie and by-the-book scripting is all but washed away by suptuous ocean visuals a nd th e cinematic stylings of dirctor john stockwell .,1,True
"happily , some things are immune to the folly of changing taste and attitude . for proof of that on the cinematic front , look no further than this 20th anniversary edition of the film that spielberg calls , retrospectively , his most personal work yet .","hppily , some things are immune to the folly of changing taste and attitude . for proof of that on the cinematic front , look no further than this 20th anniversary edition of the film that spielberg calls , retrospectively , h1s m ost personal work yet .",1,True
you'd have to be a most hard-hearted person not to be moved by this drama .,y ou'd h ave to be a most hard-hearted person not to be moved by this drama .,0,True
uses high comedy to evoke surprising poignance .,us es high comdy to evoe surprsing poig nance .,1,False
"a delightful surprise because despite all the backstage drama , this is a movie that tells stories that work -- is charming , is moving , is funny and looks professional .","@ delightfl surprse becase despite all the backstage drama , this is a movie that tells stories that work -- is charming , 1s mo ving , is funy a nd looks pr ofessional .",1,True
[a]n utterly charming and hilarious film that reminded me of the best of the disney comedies from the 60s .,[a]n utterly charmi ng and hilar ious film that reminded m3 of the best of the disney comedies from the 60s .,1,True
"the pacing is deadly , the narration helps little and naipaul , a juicy writer , is negated .","the p@cing is dea dly , the narration hel ps little an d naipaul , a j uicy wr iter , 1s negated .",1,True
"essentially an exceptionally well-written , well-edited , well-directed , well-acted , bald rip-off of aliens .","essentially an exceptionally well-written , well-edited , well-directed , well-acted , bad rip-off of aliens .",1,True
"it would be great to see this turd squashed under a truck , preferably a semi .","1t woud b3 gre at t0 s ee this tud squas hed uner a tuck , preferably @ $emi .",0,True
"the first hour is tedious though ford and neeson capably hold our interest , but its just not a thrilling movie .","the first hour is te dious though ford and neeson capably hold our interest , but its just not a thrilling mov ie .",0,True
"a worthwhile documentary , whether you're into rap or not , even if it may still leave you wanting more answers as the credits roll .","@ worthw hile documentary , whether you're into rap or not , even if it may still leave you wanting more answers as the credits roll .",1,True
there are now two signs that m . night shyamalan's debut feature sucked up all he has to give to the mystic genres of cinema : unbreakable and signs .,there are now two signs that m . night shyamalan's debut feature sucked up all he has to give to the mystic genres of cinem a : unbreakable and signs .,1,True
a smug and convoluted action-comedy that doesn't allow an earnest moment to pass without reminding audiences that it's only a movie .,a smu g and cnvoluted action-comedy that doesn't a llow an earnest moment to pass without reminding audiences that it's only a movie .,0,True
"few films have captured the chaos of an urban conflagration with such fury , and audience members will leave feeling as shaken as nesbitt's cooper looks when the bullets stop flying .","f3w films have captured the chaos of an urban conflagration with such fury , and audience members will leave feeling as shaken as nesbitt's cooper looks when the bullets stop flying .",0,True
skip this turd and pick your nose instead because you're sure to get more out of the latter experience .,skip this turd and pick your nose instead because you'r e sure to get more out of the latter experience .,1,True
"this fascinating experiment plays as more of a poetic than a strict reality , creating an intriguing species of artifice that gives the lady and the duke something of a theatrical air .","th is f@scinating experimen t pl ays @s mo re of a poetic tha n a st rict reali ty , creating @n intiguing species 0f artif ice th at gives the lady and the dke something of a t heatrical air .",1,True
". . . one big laugh , three or four mild giggles , and a whole lot of not much else .",". . . on e big laugh , thre e or four mild giggles , and a wole 1ot of n ot mch else .",0,True
"as i settled into my world war ii memories , i found myself strangely moved by even the corniest and most hackneyed contrivances .","@s 1 sett led into my world war ii memories , i found my$elf strangely moved by even the corniest and mo st hacneyed c ontrivances .",0,True
"( wendigo is ) why we go to the cinema : to be fed through the eye , the heart , the mind .","( wenigo 1s ) why we go to the cinem a : to be fed through the eye , the hart , the mind .",1,True
"most new movies have a bright sheen . some , like ballistic , arrive stillborn . . . looking like the beaten , well-worn video box cover of seven years into the future .","mst new movis h@ve a brght sheen . sme , l ike b@llistic , arri ve sti llborn . . . lo oking lik e t he beaten , well-wor n video box co ver of seen y ears int o the futu re .",0,True
this is amusing for about three minutes .,this is am using for about three minutes .,1,True
"i can't remember the last time i saw an audience laugh so much during a movie , but there's only one problemit's supposed to be a drama .","1 c@n't rem ember the las t time i saw an audience laugh so much during a movie , but there's only one probem it's supposed to be @ d rama .",0,True
it's difficult to say whether the tuxedo is more boring or embarrassing--i'm prepared to call it a draw .,it's dif ficult to say whether the tuxeo is more bring 0r 3mbarrassing--i'm prepare d t0 call it a draw .,0,True
"the problem with concept films is that if the concept is a poor one , there's no saving the movie . sorry , charlie","th3 p roblem with conce pt films is that if the concept is a por one , ther e's n0 saving the movi e . sory , charlie",0,True
"not only are the film's sopranos gags incredibly dated and unfunny , they also demonstrate how desperate the makers of this 'we're -doing-it-for -the-cash' sequel were .","n0t onl y are the film's sopran os ggs in credibly daed and unfunn y , they also demonstrate h0w desperate th e makers of this 'we're -doing-it-for -the-cash' sequel were .",0,True
"impossible as it may sound , this film's heart is even more embracing than monty , if only because it accepts nasty behavior and severe flaws as part of the human condition .","impossibl e as it may sound , this film's heart is even more embracing than monty , if only because it accepts nasty behavior and severe flaws as part of the human condition .",0,True
a quirky comedy set in newfoundland that cleverly captures the dry wit that's so prevalent on the rock .,a qurky comedy set in newfoundland that clev erly captures the dry wit that's so preva lent on the rock .,1,True
"the film is enriched by an imaginatively mixed cast of antic spirits , headed by christopher plummer as the subtlest and most complexly evil uncle ralph i've ever seen in the many film and stage adaptations of the work .","t he fim 1s enrich ed by @n i maginatively mixe d cast of antc spirits , headed by chr istopher plummer as th e subtlest and mo st complexly evil uncle ralph i've ever seen in the many film and stage adaptations of the work .",1,True
it all drags on so interminably it's like watching a miserable relationship unfold in real time .,it all drags on so in terminably it's like watching a miserab le relationship unfold in real time .,0,True
"although i didn't hate this one , it's not very good either . it can be safely recommended as a video/dvd babysitter .","although 1 din't hate this one , it's not very good either . it c@n be safely recommended as a vide o/dvd babysitter .",0,True
"the more kevin costner rests on his pretty-boy laurels , the public is , regrettably , going to have tepid films like dragonfly tossed at them .","th e m ore kein coster ress on his prett y-boy laurels , the public is , regr ettably , goi ng to have tepi d flms lik e dragonfly tossed @t tem .",0,True
"it's a wonderful , sobering , heart-felt drama .","i t's @ wonde rful , sob ering , heart-felt dr@ma .",1,True
"a preposterous , prurient whodunit .","a prepostero us , prurient whodunit .",0,True
despite the premise of a good story . . . it wastes all its star power on cliched or meaningless roles .,des pite th3 pr emise of a god stor y . . . it wast es all 1ts sta r po wer on clichd or mean ingless role s .,0,True
what might have been acceptable on the printed page of iles' book does not translate well to the screen .,wh at m ight have been acceptab le on the pr inted page of ils' book d oes not tran slate well to the scree n .,0,True
this off-putting french romantic comedy is sure to test severely the indulgence of fans of amélie .,this off-putting fren ch romantic comedy is sure t0 test severely the indulgence of fans of amélie .,1,True
the magic ( and original running time ) of ace japanimator hayao miyazaki's spirited away survives intact in bv's re-voiced version .,th3 mgic ( and oriinal running time ) 0f a ce ja panimator h@yao miy azaki's spi rited away survives intact in bv's re-voiced version .,1,True
hollywood ending is the most disappointing woody allen movie ever . he has a great cast and a great idea . but the execution is a flop with the exception of about six gags that really work .,hol lywood en ding is the most dsappointing woody allen movie ever . he has a great cast and a great idea . but the execution 1s a flop with the exception of abo ut six g@gs that really work .,0,True
a grand fart coming from a director beginning to resemble someone's crazy french grandfather .,a grand f art coming from a director beginning to resemble someone's crazy french grandfather .,0,True
"una película oscura , precisa , por momentos grandiosa y casi siempre conmovedora .","u na pelíc ula osc ura , precisa , po r momentos grandiosa y casi siempre conmovedora .",1,True
a live-wire film that never loses its ability to shock and amaze .,a livewire film that never loses 1ts ability to shock an d amaze .,1,True
"a vibrant , colorful , semimusical rendition .","@ v ibrant , colorfu l , semimusi cal rendition .",1,True
"a better title , for all concerned , might be swept under the rug .","a b etter title , for all concerned , might be swept u nder th e rug .",0,True
the difference between cho and most comics is that her confidence in her material is merited .,the di fference between cho and most comics is that her confid ence in her mat erial is me rited .,1,True
we have an actor who is great fun to watch performing in a film that is only mildly diverting .,we have an actor who is great fun to watch performing in a film that is only mldly diverting .,0,True
"even these tales of just seven children seem at times too many , although in reality they are not enough . every child's story is what matters . this film can only point the way -- but thank goodness for this signpost .","een these tales of just seven children seem at times too many , although in reality they are not enough . every child's story is what matters . this film can only pint the way -- but thank g oodness for this signpost .",1,True
"hardly an objective documentary , but it's great cinematic polemic . . . love moore or loathe him , you've got to admire . . . the intensity with which he's willing to express his convictions .","ha rdly an obj ective documentary , but it's great cinemat ic polemic . . . love moore or loathe him , you've got to a dmire . . . the intensity with which he's willing to express his convictions .",1,True
"the town has kind of an authentic feel , but each one of these people stand out and everybody else is in the background and it just seems manufactured to me and artificial .","th3 town h@s k ind of an au thentic feel , but each one of the se pople stand out and every body else is in the background and 1t j ust s eems manufactured to me an d artifici al .",0,True
"decasia is what has happened already to so many silent movies , newsreels and the like . the unexpected thing is that its dying , in this shower of black-and-white psychedelia , is quite beautiful .","dcasia is what has happened already to so many silent movies , newsreels and the like . the unexpected thing is that its dying , in this shower of black-and-white psychedelia , is qu ite beaut iful .",1,True
"an unbelievably stupid film , though occasionally fun enough to make you forget its absurdity .","an unbelievably stup id film , though occasionally fun enough to make you forget its absurdity .",0,True
"the actors don't inhabit their roles -- they're trapped by them , forced to change behavior in bizarre unjustified fashion and spout dialog that consists mostly of platitudes .","th e acto rs don' t inh abit ther roes -- t hey're trapped by th em , forced to ch ange behvior in biz arre unjustified fas hion and spout dilog th@t consists mo stly 0f plat itudes .",0,True
"this ecologically minded , wildlife friendly film teaches good ethics while entertaining with its unconventionally wacky but loving family","tis eco logically mind ed , wi ldlife friendly fil m tea ches g ood et hics whle entertaining with i ts unconventionally w@cky but loving family",1,True
tries to add some spice to its quirky sentiments but the taste is all too familiar .,tres to add some spice to its quirky sentiments but the taste is all too familiar .,0,True
"a cross between blow and boyz n the hood , this movie strives to be more , but doesn't quite get there . good performances keep it from being a total rehash .","a cross between blow and boyz n the hood , this movie strives to be more , but doesn't quite get there . good performances keep it from b eing a total rehash .",0,True
the entire movie establishes a wonderfully creepy mood .,th e entire mov ie es tablishes @ wo nderfully creep y mod .,1,False
"its gross-out gags and colorful set pieces . . . are of course stultifyingly contrived and too stylized by half . still , it gets the job done -- a sleepy afternoon rental .","it s gro ss-out g ags an d colo rful s et pi eces . . . a re of cour se stultif yingly contriv ed and too sty lized by h alf . $till , 1t ge ts t he j ob d one -- @ slee py aft ernoon rent al .",0,False
disappointing in comparison to other recent war moviesor any other john woo flick for that matter .,disappointi ng in compariso n to other recent war movi es or any other joh n woo flick for that mattr .,0,True
"though the film is well-intentioned , one could rent the original and get the same love story and parable .","thou gh the film is well-intentioned , one coud r ent the ori ginal and get the same love st ory and parable .",0,True
"a drama of great power , yet some members of the audience will leave the theater believing they have seen a comedy .","@ dr@ma of gre at po wer , yet some members of the audience will leave the theater believing they have seen a c omedy .",1,True
"while the ideas about techno-saturation are far from novel , they're presented with a wry dark humor .","w hile the ideas about techno-saturation are far from novel , they're presented with a wr y dark humor .",1,True
"[serry] wants to blend politics and drama , an admirable ambition . it's too bad that the helping hand he uses to stir his ingredients is also a heavy one .","[serry ] wants to blend politics and drama , an admirable ambition . it's too bad that the helping h and he us es to stir his ingredients is also a heay one .",0,True
"the movie is dawn of the dead crossed with john carpenter's ghosts of mars , with zombies not as ghoulish as the first and trains not as big as the second .","the movie is dawn of the dea d crossed with john carpenter's ghosts of mars , with zombies not as ghoulish as the first and trains not as big as the second .",0,True
"a very long movie , dull in stretches , with entirely too much focus on meal preparation and igloo construction .","a ver y log movie , dul l 1n stretches , wit h entiely to o much fo cus 0n meal preparatio n and igoo construc tion .",0,True
". . . unlikable , uninteresting , unfunny , and completely , utterly inept .",". . . unl ikable , uninteres ting , u nfunny , an d complet ely , uterly in ept .",0,True
"the script's snazzy dialogue establishes a realistic atmosphere that involves us in the unfolding crisis , but the lazy plotting ensures that little of our emotional investment pays off .","th3 scrip t's snazzy dialogue establishes a reaistic atm osphere that involves us in the unfolding crisis , but t he lazy plottin g ensures t hat little of our emotional investment pays off .",1,True
it's deep-sixed by a compulsion to catalog every bodily fluids gag in there's something about mary and devise a parallel clone-gag .,it's deep-si xed by a compulsion to catalog every bodily flu ids gag in there's something about mary and devise a parallel clone-gg .,0,True
"if you love reading and/or poetry , then by all means check it out . you'll probably love it .","1f you love reading and/or poetry , then by all means check it out . yu'll probably lov e it .",1,True
"so young , so smart , such talent , such a wise * * * .","so young , so smar t , such talent , such @ wise * * * .",1,True
"there's a neat twist , subtly rendered , that could have wrapped things up at 80 minutes , but kang tacks on three or four more endings .","there' s a neat twi st , subtly rendered , that colud hav e wrapped things up at 80 minu tes , but kang tacks on three or four mor e endings .",0,True
"the action here is unusually tame , the characters are too simplistic to maintain interest , and the plot offers few surprises .","the action here is unusually t@me , the characters are t oo simplistic t0 maintain interest , and th e plot offers f3w surprises .",0,True
a savvy exploration of paranoia and insecurity in america's culture of fear .,@ savy exloration 0f p aranoia @nd insecurit y 1n ame rica's cuture of fe ar .,1,True
"audiences are advised to sit near the back and squint to avoid noticing some truly egregious lip-non-synching , but otherwise the production is suitably elegant .","audences are advised to sit near the back and squint to avoid noticing some truly egregious lip-non-synching , but otherwise the production is suitably ele gant .",1,True
"you needn't be steeped in '50s sociology , pop culture or movie lore to appreciate the emotional depth of haynes' work . though haynes' style apes films from the period . . . its message is not rooted in that decade .","yo u need n't b3 steepe d 1n '5 0s sociol ogy , pop cul ture or movie lore to appreciate the emotional depth of haynes' work . though ha ynes' style apes films from the period . . . its message is not rooed 1n tat decade .",1,True
"even though it's common knowledge that park and his founding partner , yong kang , lost kozmo in the end , you can't help but get caught up in the thrill of the company's astonishing growth .","e ven though it's common knowledge that park and his founding partner , yong kang , lost kozmo in the end , you can't help but get caught up in the t hrill of the company's astonishing growth .",1,True
it treats women like idiots .,1t trea ts women li ke idits .,0,True
"if you adored the full monty so resoundingly that you're dying to see the same old thing in a tired old setting , then this should keep you reasonably entertained .","1f you adored the full monty so resoundingly that you're dying to see the same old thing in a tired old setting , then this should keep you reasonably entertained .",1,True
a dreary rip-off of goodfellas that serves as a muddled and offensive cautionary tale for hispanic americans .,@ drear y rip-of of goodfellas tha t s erves @s a muddled an d ofensive c@utionary t@le for h ispanic amer icans .,0,True
so relentlessly wholesome it made me want to swipe something .,so rele ntlessly wholesome it made me want to swipe something .,1,True
"yes they can swim , the title is merely anne-sophie birot's off-handed way of saying girls find adolescence difficult to wade through .","ye s thy can s wim , th3 t itle 1s me rely @nne-sophie b irot's of-fhanded way 0f saying gir ls find adlescence diff icult to wade trough .",0,True
the first half bursts with a goofy energy previous disney films only used for a few minutes here and there .,the first haf bursts with a gofy energy previous disney films only used for a few minutes here and there .,0,True
"as david letterman and the onion have proven , the worst of tragedies can be fertile sources of humor , but lawrence has only a fleeting grasp of how to develop them .","as david lettermn and the onion have p roven , the worst of tragedies can be fertile sources of humor , but lawrece has only @ fleeting grasp of how to develp them .",1,True
"typical animé , with cheapo animation ( like saturday morning tv in the '60s ) , a complex sword-and-sorcery plot and characters who all have big round eyes and japanese names .","typica l anmé , with chea po animation ( lik e satur day morning tv in the '60s ) , a coplex sword-and-srcery p1ot and charactrs who all hve big rond eyes and japanee n@mes .",0,True
a lot more dimensional and complex than its sunny disposition would lead you to believe .,a 1ot more dimensional and complex than its sunny disposition would lead you to believe .,0,True
"solaris "" is a shapeless inconsequential move relying on the viewer to do most of the work .","solaris "" is a shaeless inconsequent ial mov e relying on the viewer to do most of the work .",0,True
it's a sharp movie about otherwise dull subjects .,it's a sharp movie about otherwise d ull subjects .,0,True
"deadly dull , pointless meditation on losers in a gone-to-seed hotel .","deady dul l , pointl ess meditati on on lo sers in @ gonet-o-seed hoel .",0,True
"one long , numbing action sequence made up mostly of routine stuff yuen has given us before .","on e lon g , num bing action seque nce made up mostly of routi ne st uff y uen has gien us before .",0,True
a listless and desultory affair .,a listess and desul tory a ffair .,0,True
"its strengths and weaknesses play off each other virtually to a stand-off , with the unfortunate trump card being the dreary mid-section of the film .","it s strengths and weaknesses play off each other virtu ally to a stand-off , with the unfo rtunate trump card being the drear y mid-section of the film .",0,True
i thought my own watch had stopped keeping time as i slogged my way through clockstoppers .,1 tought my own watch h@d stoppd keeping time as i slo gged my way through clockstoppers .,0,True
"pull[s] off the rare trick of recreating not only the look of a certain era , but also the feel .","pul l[s] off the rare trick of recreating not only the look of a certain era , but also the feel .",0,True
"the direction occasionally rises to the level of marginal competence , but for most of the film it is hard to tell who is chasing who or why .","the directio n occasio nally rise s to the level of ma rginal competence , but for most of the film it is hard to tell who 1s chasing who or why .",0,True
"the result is somewhat satisfying -- it still comes from spielberg , who has never made anything that wasn't at least watchable . but it's also disappointing to a certain degree .","th3 res ult is somewht satisfying -- it sti ll comes fro m spielberg , who has never made an ything that wasn't @t least watchable . but it's also disappointing t0 @ ce rtain d egree .",0,True
"evelyn may be based on a true and historically significant story , but the filmmakers have made every effort to disguise it as an unimaginative screenwriter's invention .","evelyn m@y be ba sed on a true and hi storically significant story , but the filmmakers have made eery effort to disguise it as an unmaginative scr eenwriter's inven tion .",0,True
the hot topics of the plot are relegated to the background -- a welcome step forward from the sally jesse raphael atmosphere of films like philadelphia and american beauty .,the hot topics of the plot are relegated to the background -- a welcome step forward from the sally jesse raphael atmosphere of films like philadelphia and american b eauty .,1,True
"while the story does seem pretty unbelievable at times , it's awfully entertaining to watch .","wile the story does seem pretty ubelievable at times , it 's awflly entertaining to w@tch .",1,True
the movie is too impressed with its own solemn insights to work up much entertainment value .,the movie is too impressed with its own sol emn insights to work up much entertainment value .,1,True
"the animation and backdrops are lush and inventive , yet return to neverland never manages to take us to that elusive , lovely place where we suspend our disbelief .","th3 animat ion @nd backd rops are l ush a nd invent ive , yet return t0 neve rland nev er manages to take us to t hat eluive , lovly place wh ere we suspend our disbelief .",1,True
there's none of the happily-ever -after spangle of monsoon wedding in late marriage -- and that's part of what makes dover kosashvili's outstanding feature debut so potent .,there's none of the happily-eve r -after spangle of monsoon wedding in late marriage -- and that's part of what mak es dover kosash vili's out standing feature debut $o poten t .,1,True
"smart and fun , but far more witty than it is wise .","sma rt and fun , but far more witty than it is w ise .",1,True
"places a slightly believable love triangle in a difficult-to-swallow setting , and then disappointingly moves the story into the realm of an improbable thriller .","places a $lightly beli evable love triangle in a diffi cult-to-swallow setting , and then disap pointingly moves th3 story into the realm of an imrobable thrille r .",0,True
"for the most part , i spy was an amusing lark that will probably rank as one of murphy's better performances in one of his lesser-praised movies .","f or the most part , i spy was an amusing lark that will probably rank as one of mur phy's better performances in one of his less er-praised movies .",1,True
. . . a roller-coaster ride of a movie,. . . @ roller-c oaster rie 0f a mov ie,1,False
a close-to-solid espionage thriller with the misfortune of being released a few decades too late .,a clo se-to-solid espionage thriller with the misfortune of being released a few decades too late .,1,True
"'yes , that's right : it's forrest gump , angel of death . '","'yes , th@t's righ t : i's forrest gump , angel of death . '",1,True
"there are things to like about murder by numbers -- but , in the end , the disparate elements don't gel .","ther e ar e things to like about murder by numbers -- but , in the e nd , th3 dis parate eleme nts dont gel .",0,True
the affectionate loopiness that once seemed congenital to demme's perspective has a tough time emerging from between the badly dated cutesy-pie mystery scenario and the newfangled hollywood post-production effects .,th e affe ctionate loopiness that once se emed congenital to demme's perspective has a tou gh time emerging from between the baly dated cutsey-pie mystery scenario an d the newfangled h ollywood post-production effects .,0,True
"perhaps a better celebration of these unfairly dismissed heroes would be a film that isn't this painfully forced , false and fabricated .","pe rhaps a bettr celebration of these unfairly dismisse d heroes would be a fim that isn't this pain fully fo rced , false and fa bricated .",0,True
"you come away thinking not only that kate isn't very bright , but that she hasn't been worth caring about and that maybe she , janine and molly -- an all-woman dysfunctional family -- deserve one another .","y0u come away thinking not only that kate isn't very bright , but that she hasn't ben worth caring about and that maybe $he , janine and molly -- @n all-woman dys functional family -- deerve on e another .",1,True
viveka seldahl and sven wollter will touch you to the core in a film you will never forget -- that you should never forget .,viveka seldah l an d svn wollte r will touch you to the core in a film you will never forget -- that you should never forget .,1,True
"an ambitious movie that , like shiner's organizing of the big fight , pulls off enough of its effects to make up for the ones that don't come off .","an am bitious movie that , like shiner's organizing of the big fight , pulls off enough of its effects to make up for the ones that don't come off .",1,True
sheridan's take on the author's schoolboy memoir . . . is a rather toothless take on a hard young life .,sherian's take on the author 's schooloy memor . . . 1s a r@ther tooth less take 0n a h@rd you ng life .,0,True
"graças às interações entre seus personagens , o filme torna-se não apenas uma história divertida sobre uma curiosa perseguição , mas também um belo estudo de personagens .","gr@ças às i nterações etre $eus pers onagens , o filme torna-se não apenas uma história divertida sobre uma curiosa perseguição , mas também um belo estudo de personagens .",1,True
"these characters are so well established that the gang feels comfortable with taking insane liberties and doing the goofiest stuff out of left field , and i'm all for that .","these characters are so well established that the gang feels comfortable with taking insa ne libe rties and dong the goofie st stuff out of left field , and i'm all for that .",0,True
"if legendary shlockmeister ed wood had ever made a movie about a vampire , it probably would look a lot like this alarming production , adapted from anne rice's novel the vampire chronicles .","if legendary shlockmeister ed wood had ever made a movie about a vampire , it probably would look a lot like t his alarming production , adapted fr om anne rice's novel the va mpire chronicles .",1,True
gussied up with so many distracting special effects and visual party tricks that it's not clear whether we're supposed to shriek or laugh .,gusied up with $o m@ny distractng specia l effecs and visul part y trcks that i's n0t c lear whether we 're supposd to s hriek or laugh .,0,True
. . . surprisingly inert for a movie in which the main character travels back and forth between epochs .,. . . surprisingly inert for a movie in which th3 man character travels back and forth between epochs .,0,True
"hypnotically dull , relentlessly downbeat , laughably predictable wail pitched to the cadence of a depressed fifteen-year-old's suicidal poetry .","hypnoticlly dul , relentlessl y do wnbeat , laughab ly pred ictable wail pit ched t0 the cadence of @ depressed f1fteen-year-old's suicidl poetry .",0,True
"bravo for history rewritten , and for the uncompromising knowledge that the highest power of all is the power of love .","br avo f or hitory rewritten , @nd for the uncomprom ising knowle dge that t he highes t power of all is th e power of lo ve .",1,True
"an elegant work , food of love is as consistently engaging as it is revealing .","@n eleant w ork , foo d of love 1s as consiste ntly enaging as it is re vealing .",1,True
odd and weird .,o dd and we ird .,0,True
i kept wishing i was watching a documentary about the wartime navajos and what they accomplished instead of all this specious hollywood hoo-ha .,1 kep t wishing i was watching a documentary about the wartime navajos and what they accomplished instea d of all this specio us hollywood h0o-ha .,0,True
crummy,cr ummy,0,False
"a sham construct based on theory , sleight-of-hand , and ill-wrought hypothesis .","a s ham construct based on theory , sleight-of-hand , and ill-wrought hypothesis .",0,True
a romantic comedy enriched by a sharp eye for manners and mores .,@ r omantic comedy enr iched by a shar p 3ye for manners and mores .,1,True
an old-fashioned drama of substance about a teacher's slide down the slippery slope of dishonesty after an encounter with the rich and the powerful who have nothing but disdain for virtue .,@n oldfashioned dr@ma 0f substance abo ut a teacher's sli de d own the slippery sl ope 0f dishonesty afer @n encounter wit h t he rich a nd th e p owerful wh0 hve noth ing but disdin f0r virtue .,1,True
"here's my advice , kev . start reading your scripts before signing that dotted line .","here's my advice , kev . start reading your scri pts before si gning that dotted line .",0,True
"even if it pushes its agenda too forcefully , this remains a film about something , one that attempts and often achieves a level of connection and concern .","een if it pushes its agenda too forcefully , this remains a film about something , one that attempts an d often achieves a level of connetion and concern .",1,True
you don't have to be an especially tough grader to give a charitable b-minus to the emperor's club .,you don't have to be an especially tough gra der to give a charitable b-minus to the emperor's club .,0,True
"oft-described as the antidote to american pie-type sex comedies , it actually has a bundle in common with them , as the film diffuses every opportunity for a breakthrough","of-tdescribed as the antidote to american pie-type sex comedies , it actually has a bundle 1n common with them , as the film diffuses every opportunity for a breakthrough",0,True
a mixed bag of a comedy that can't really be described as out of this world .,a mixed b@g of a comedy that can't really be described as out of this world .,0,True
"starts off with a bang , but then fizzles like a wet stick of dynamite at the very end . it's still worth a look .","s tarts o ff with a bang , but the n fiz zles like a w3t stick 0f dyn@mite at the very en d . it's stil wrth a look .",0,True
it's a masterpiece .,i t's a masterpie ce .,1,True
"the premise for this kegger comedy probably sounded brilliant four six-packs and a pitcher of margaritas in , but the film must have been written . . . in the thrall of a vicious hangover .","the preise for this kegger comedy probably sounded brilliant four six-packs and a pitcher 0f margaritas in , but the film must have been written . . . in the th rall of @ vi cious hangover .",0,True
the film's stagecrafts are intimate and therefore bolder than the otherwise calculated artifice that defines and overwhelms the film's production design .,the film's stagecrafts are intimate and therefore bolder than the otherwise calculated artifice that defines and over whelms the film's production design .,1,True
it's refreshing to see a romance this smart .,it 's refresh ing to see a romance this sm art .,1,True
"in the end , the film feels homogenized and a bit contrived , as if we're looking back at a tattered and ugly past with rose-tinted glasses .","in the en d , the fi lm feel s homogenized and a b it contried , @s if we're looking back at a t@ttered and ugly past with rsoe-tinted glass es .",0,True
it's like an all-star salute to disney's cheesy commercialism .,it's lik e an all-star salute to disney's chee sy co mmercialism .,0,True
"dazzles with its fully-written characters , its determined stylishness ( which always relates to characters and story ) and johnny dankworth's best soundtrack in years .","d@zzles with its fu1ly-written characters , its determin ed styishness ( whi ch alwa ys rela tes to characters and stoy ) a nd j ohnny dankworth's best soundtrack 1n years .",1,True
a gripping documentary that reveals how deep the antagonism lies in war-torn jerusalem .,@ grippi ng documenary tha t rveeals how d eep the anagonism lies in w@r-torn jerusalem .,1,True
"all in all , a great party .","all in all , a great part y .",0,True
"a reminder that beyond all the hype and recent digital glitz , spielberg knows how to tell us about people .","a reminer that beyond all the hype and recent digital glitz , spielberg knows how to tell us about people .",1,True
"this version's no classic like its predecessor , but its pleasures are still plentiful .","ths versions no classic like its predecessor , but i ts p leasures are $till pleniful .",1,True
"time literally stops on a dime in the tries-so-hard-to-be-cool "" clockstoppers , "" but that doesn't mean it still won't feel like the longest 90 minutes of your movie-going life .","time l iterally sto ps on a dime in the tries-so-hard-to-be-cool "" clockstoppers , "" but that doesn't mean it still won't feel like the longest 90 mintes 0f your movie-going life .",0,True
"infidelity drama is nicely shot , well-edited and features a standout performance by diane lane .","infi delity drama is ncely shot , well-edit ed @nd features a standou t perform ance by diane lane .",1,True
"what's most offensive isn't the waste of a good cast , but the film's denial of sincere grief and mourning in favor of bogus spiritualism .","wh at's most offen sive isnt the wase of a good cast , but th3 flim's denial of sin cere grief @nd mourning 1n favor of bogu s spiritualism .",0,True
"how on earth , or anywhere else , did director ron underwood manage to blow $100 million on this ?","h ow on erth , 0r anywh ere els e , did diector ro n underwood manag e to blow $100 million on this ?",0,True
lacks the inspiration of the original and has a bloated plot that stretches the running time about 10 minutes past a child's interest and an adult's patience . but it also has many of the things that made the first one charming .,lac ks the inspiration of the original and has a bloa ted plot that stretches the running time about 10 minutes past a child's interest and an adult's patience . but it also has many of the things that made the firt one charming .,0,True
"like schindler's list , the grey zone attempts to be grandiloquent , but ends up merely pretentious -- in a grisly sort of way .","li ke sch indler's li st , th e gry zon e attempts to be graniloquent , but end s up m erely pretenti ous -- 1n a grisl y sor t 0f way .",0,True
"every now and again , a movie comes along to remind us of how very bad a motion picture can truly be . frank mcklusky c . i . is that movie !","every now and again , a movie comes along to remind us of how very bad a motion picture can truly be . frank mcklusky c . i . 1s t hat movie !",1,True
"fails to satisfactorily exploit its gender politics , genre thrills or inherent humor .","fa ils to satisfactorily exploit its gender politics , genre thrills or inherent humor .",0,True
"the angst-ridden , affluent slacker characters are more grating than engaging .","the angst-ridd en , affluent s lacker characters ar e more gating th an en gaging .",0,True
"its use of the thriller form to examine the labyrinthine ways in which people's lives cross and change , buffeted by events seemingly out of their control , is intriguing , provocative stuff .","1ts u se of the th riller form to examine the layrinthine was in which peole's liv es cross and change , buffeted by even ts seemingly out of teir control , is intr iguing , provoative stff .",1,True
the solid filmmaking and convincing characters makes this a high water mark for this genre .,the slid filmmaking and convi ncing charaters m@kes this a hgh water mak for this genre .,1,True
"ryosuke has created a wry , winning , if languidly paced , meditation on the meaning and value of family .","ryo suke ha s ceated @ wr y , w inning , if langidly paced , medit ation on the meaning and v alue of family .",1,True
plays like a bad blend of an overripe episode of tv's dawson's creek and a recycled and dumbed-down version of love story .,pays lik e a b@d ble nd of an overripe episod e of tv's dawson's creek and a recyled and d umbed-down version of love story .,0,True
"enough is not a bad movie , just mediocre . the performances are so overstated , the effect comes off as self-parody .","e nough 1s n ot a b@d mov ie , jus t medio cre . the performances a re so overstated , th e effect c omes 0ff @s self-paro dy .",0,True
". . . very funny , very enjoyable . . .",". . . vry f unny , v ery ejoyable . . .",1,True
"an energizing , intoxicating documentary charting the rise of hip-hop culture in general and the art of scratching ( or turntablism ) in particular .","@n energizi ng , into xicating docum entary c harting t he rise 0f hip-ho p culture in general and the art of scratching ( or turntablism ) in particular .",1,True
"jirí hubac's script is a gem . his characters are engaging , intimate and the dialogue is realistic and greatly moving . the scope of the silberstein family is large and we grow attached to their lives , full of strength , warmth and vitality . .","jir í hub@c's scrip t 1s @ ge m . h1s charac ters @re engagin g , intimate and the dial ogue is reali stic and greatly mov ing . the scop e of the silberstein f@mily is larg e @nd we grow attac hed to their liv es , full of strength , warmth and vitality . .",1,False
"sometimes this modest little number clicks , and sometimes it doesn't .","sometimes ths modes t lit tle numbr cicks , an d sometimes it doesn't .",0,False
"about as enjoyable , i would imagine , as searching for a quarter in a giant pile of elephant feces . . . positively dreadful .","aout as enjoyable , i woul d imagine , as searching for a quarter in a giant pi le 0f ele phant f eces . . . positively dreadful .",0,True
a little weak -- and it isn't that funny .,a littl e wek -- and it isnt that funny .,0,True
"from beginning to end , this overheated melodrama plays like a student film .","from beginnin g to end , t his overheate d melodr ama plays like a student fi lm .",0,True
"just another disjointed , fairly predictable psychological thriller .","jus t another d isjointed , fairly predctable psychological thriller .",0,True
'like a child with an important message to tell . . . [skins'] faults are easy to forgive because the intentions are lofty . ','l ike a chi ld with an i mportant m essage to tell . . . [skins'] faults @re easy to forgive because t he intentions a re lofty . ',1,True
"a graceless , witless attempt at mating some like it hot with the wwii espionage thriller .","@ graceess , witl ess att empt at mating so me l ike it h0t wit h the wwii espionage thiller .",0,True
the best film of the year 2002 .,th3 bes t film of the year 2002 .,1,True
"does a good job of establishing a time and place , and of telling a fascinating character's story .","does a go od job of establishing a time and place , and 0f telling a f@scinating character's sory .",1,True
"if you thought tom hanks was just an ordinary big-screen star , wait until you've seen him eight stories tall .","1f yo u thoug ht tom h@nks w@s ju st an ordnary bigs-creen sta r , wait unti l you' ve see n h1m eigh t stori es t@ll .",0,True
"at its best , it's black hawk down with more heart . at its worst , it's rambo- meets-john ford .","@t its best , it's black hawk down with more heart . @t its worst , it's rambo- meets-john ford .",1,True
it treats ana's journey with honesty that is tragically rare in the depiction of young women in film .,1t trea ts an's jo urney with ho nesty that is t ragically r@re in the d epiction of young women in film .,1,True
"very well made , but doesn't generate a lot of tension .","ver y well made , bu t doesn't generate a lot of te nsion .",0,True
a deep and meaningful film .,a de ep @nd meani ngful film .,1,True
it's one thing to read about or rail against the ongoing - and unprecedented - construction project going on over our heads . it's quite another to feel physically caught up in the process .,it's one ting to read about or rail against the ongoing - and unprecedented - construction project going on over our heads . it's quite another to feel physically caught up in the process .,0,True
kapur's contradictory feelings about his material result in a movie that works against itself .,k apur's contrad ictory feeli ngs about h is m@terial res ult in a movi e th@t wor ks aainst itse lf .,0,True
"terminally bland , painfully slow and needlessly confusing . . . the movie , shot on digital videotape rather than film , is frequently indecipherable .","terminal ly blan d , p@infully sow an d needlessl y confus ing . . . the mvie , sht 0n dgital vdeotape r@ther tha n film , is frequen tly indeci pherable .",0,True
no telegraphing is too obvious or simplistic for this movie .,n0 teleg raphing is t0o obv ious 0r si mplistic fo r this movie .,0,True
the gags that fly at such a furiously funny pace that the only rip off that we were aware of was the one we felt when the movie ended so damned soon .,th e g@gs that fly at such a furiousl y funny pace that the only rip off that we were aware of was the one we felt when the movie ended so d amned soon .,0,True
"feels at times like a giant commercial for universal studios , where much of the action takes place .","fees at times like a giant commerc ial for universal studios , where much of the action takes pace .",0,True
"mr . deeds is not really a film as much as it is a loose collection of not-so-funny gags , scattered moments of lazy humor .","mr . dee ds is n0t really a fim @s much as 1t is a loos e collection of not-so-funny ggs , scatered m oments of laz y huor .",0,True
"godard has never made a more sheerly beautiful film than this unexpectedly moving meditation on love , history , memory , resistance and artistic transcendence .","godad has never mad e a more s heerly beatiful film than this unex pectedly movi ng meditati on on love , hist ory , memory , resista nce and artistic transcendence .",1,True
with its parade of almost perpetually wasted characters . . . margarita feels like a hazy high that takes too long to shake .,wit h its parade of almost perpetually wased characters . . . margarita fees like a hazy high that takes t0o lon g to sh ake .,0,True
"over-the-top and a bit ostentatious , this is a movie that's got oodles of style and substance .","over-the-top and a bit ostentatious , this is a movie that's got o odles 0f style and substance .",1,True
"bursting through the constraints of its source , this is one adapted- from-television movie that actually looks as if it belongs on the big screen .","bursting through the constraints of its source , this is one adapted- from-tel evision movie that actually looks as if it be longs on the big screen .",0,True
it asks nothing of the audience other than to sit back and enjoy a couple of great actors hamming it up .,1t ass nthing of t he audence oher tha n to si t b@ck and enj oy @ cople of grat acto rs hamming 1t up .,0,False
"if you are an actor who can relate to the search for inner peace by dramatically depicting the lives of others onstage , then esther's story is a compelling quest for truth .","1f y0u are an act or w ho can relate to the search for inner peace by dramatically dep icting the lives of others onstage , t hen esth er's story is @ com pelling quest for truth .",1,True
about as big a crowdpleaser as they possibly come .,abut @s big a crowdleaser as tey po ssibly come .,0,True
a solid film . . . but more conscientious than it is truly stirring .,a so lid film . . . but more conscientious than 1t 1s trul y stirring .,1,True
"at a time when we've learned the hard way just how complex international terrorism is , collateral damage paints an absurdly simplistic picture .","at a time when we've learned the hard way just how complex international terrorism is , coll ateral d amage paints @n absu rdly simp listic pictur e .",0,True
"a surprisingly flat retread , hobbled by half-baked setups and sluggish pacing .","@ surprisingly fla t ret read , h obbled by h@lf-baked seups and suggish pa cing .",0,True
"what is 100% missing here is a script of even the most elemental literacy , an inkling of genuine wit , and anything resembling acting .","what is 100% missing here is a script of even the most elemental literacy , an inkling of genuine wit , and anything resem bling acting .",0,True
it's neither as romantic nor as thrilling as it should be . but it offers plenty to ponder and chew on as its unusual relationship slowly unfolds .,its neither as romantic nor as thrilli ng as it should be . but it o ffers plenty to ponder an d chew on as its unusual relatio nship sowly unfol ds .,1,True
morvern rocks .,mor vern rocks .,1,True
"and if you appreciate the one-sided theme to lawrence's over-indulgent tirade , then knock yourself out and enjoy the big screen postcard that is a self-glorified martin lawrence lovefest . if you are willing to do this , then you so crazy !","an d if you appreciate the one-sided theme to lawrence's over-indulgent tirade , then knock yourself out and enjoy the big screen postcard that is a self-glorified martin larence lovefest . if you are willing to do this , then you so crazy !",0,True
"the country bears has no scenes that will upset or frighten young viewers . unfortunately , there is almost nothing in this flat effort that will amuse or entertain them , either .","th3 county bear s h@s n0 s cenes that will up$et 0r frigten young vewers . unfortunately , th ere is al most not hing 1n t his fl at efort that will @muse or entertai n t hem , eithe r .",0,True
"ensemble movies , like soap operas , depend on empathy . if there ain't none , you have a problem .","ensemble movies , lik e $oap o peras , depend on empathy . 1f there ain't none , y ou hav e a problem .",0,True
"long before it's over , you'll be thinking of 51 ways to leave this loser .","long before it's over , you'll be thinking of 51 ways to leave tis l oser .",0,True
a compelling motion picture that illustrates an american tragedy .,@ co mpelling m otion picture t hat ilustrates an american trag edy .,1,True
"the x potion gives the quickly named blossom , bubbles and buttercup supernatural powers that include extraordinary strength and laser-beam eyes , which unfortunately don't enable them to discern flimsy screenplays .","the x potion gives the quickly named blossom , bubbles and buttercup supernatural powers that include extraordinary strength and laser-beam eyes , which unfortunately don't enable them to discern flimsy s creenplays .",0,True
"a shame that stealing harvard is too busy getting in its own way to be anything but frustrating , boring , and forgettable .","@ shme tha t steali ng h@rvard 1s t oo bus y gettin g in 1ts o wn w@y to be anythig bu t frustraing , borin g , a nd forget table .",0,False
"in a 102-minute film , aaliyah gets at most 20 minutes of screen time . . . . most viewers will wish there had been more of the "" queen "" and less of the "" damned . ""","1n a 102-mniute fil m , aa liyah gts at most 20 minu tes of screen time . . . . most viewers will wish there had been more of the "" queen "" and les s of the "" damned . """,0,True
ferrara directs the entire film with the kind of detachment that makes any given frame look like a family's custom-made christmas card .,ferraa di rects the entire film with the kind of detachment that makes any given frame look like a family's custom-made christmas card .,1,True
"as a movie , it never seems fresh and vital . it never plays as dramatic even when dramatic things happen to people . it labours as storytelling .","as a movie , it never seems fresh and vital . it never plays as dramatic even when dramatic things happen to people . it labours as storytellin g .",1,True
first-time director joão pedro rodrigues' unwillingness to define his hero's background or motivations becomes more and more frustrating as the film goes on .,f1rst-time d irector joã o pero rodrig ues' unwillin gness to define his hero's background or motivations b ecomes mo re and more frustrating @s th e film goes 0n .,0,True
winds up feeling like lots of other quirky movies that try to score hipness points with young adults .,winds up feeli ng like lots of other quirky movies that try to score hipness points with young adults .,0,True
you don't have to know about music to appreciate the film's easygoing blend of comedy and romance .,yo u don't have to know about music to appreciate the flm's easyg oing bl end of comedy and romance .,1,True
vampire epic succeeds as spooky action-packed trash of the highest order .,v@mpire ep ic suceeds as spo oky action-packed tr ash 0f the highest order .,1,True
"while it has definite weaknesses -- like a rather unbelievable love interest and a meandering ending -- this '60s caper film is a riveting , brisk delight .","while it has defin ite w eaknesses -- like a r@ther unb elievable l ove interest and a meanderi ng en ding -- t his '60s c@per fil m 1s a riveting , bri sk del ight .",1,True
eckstraordinarily lame and severely boring .,eckstraordin arily l ame and s everely bori ng .,0,True
"often overwrought and at times positively irritating , the film turns into an engrossing thriller almost in spite of itself .","often overwrought and at times positively irrit ating , the film turns into @n engrossing thriller almost in spite of itse lf .",0,True
"boy oh boy , it's a howler .","boy oh boy , it's a how ler .",0,True
"made-up lampoons the moviemaking process itself , while shining a not particularly flattering spotlight on america's skin-deep notions of pulchritude .","mad-up lam poons th3 moviemaking pro cess itself , whie shining a not p@rticularly fla ttering sp otlight on amerca's ski-deep notions of pulchritude .",1,True
"on its icy face , the new film is a subzero version of monsters , inc . , without the latter's imagination , visual charm or texture .","0n its icy f@ce , the new film is @ subzero version of monsters , inc . , without t he latters imagination , vi sual cha rm or texture .",1,True
"a real winner -- smart , funny , subtle , and resonant .","@ re al winne r -- s mart , funy , sub tle , @nd re sonant .",1,True
insufferably naive .,insuf ferably n@ive .,0,True
"obvious , obnoxious and didactic burlesque .","obviou s , obn oxious an d dida ctic bur lesque .",0,True
a mimetic approximation of better films like contempt and 8 1/2 .,a mimetic approximation of bett er films like contempt and 8 1/2 .,1,True
"<em>ash wednesday</em> is not edward burns' best film , but it is a good and ambitious film . and it marks him as one of the most interesting writer/directors working today .","<3m>ash wedn esday</em> 1s not edward burn$' best flm , but 1t 1s a good a nd amb itious fil m . @nd it m@rks hi m as one of the m ost interesting write/rdirectors working t oday .",1,True
michel piccoli's moving performance is this films reason for being .,michel pi ccoli's mo ving perfo rmance is t his films reason for being .,1,True
"[dong] makes a valiant effort to understand everyone's point of view , and he does such a good job of it that family fundamentals gets you riled up .","[ong] makes a valiant effort to understand everyone's point of view , and he does such a good job of it that family fundamentals gets you riled up .",0,True
calculated swill .,ca lculated $will .,0,True
"from the choppy editing to the annoying score to 'special effects' by way of replacing objects in a character's hands below the camera line , "" besotted "" is misbegotten","from the cho ppy edting to the annoyig score to 'special effects' by way of replacing objects in a character's hands below the camera line , "" be sotted "" is misbegott en",0,True
[a] real pleasure in its laid-back way .,[a] r eal pleasu re in its laid-bak way .,1,True
"apparently , romantic comedy with a fresh point of view just doesn't figure in the present hollywood program .","a pparently , romantic comedy with a fresh point of view just doesn't figure in the present hollywood program .",0,True
"a recent favourite at sundance , this white-trash satire will inspire the affection of even those unlucky people who never owned a cassette of def leppard's pyromania .","a re cent f avourite at sundance , this white-trash satire will inspire the affection of even those unlucky people who never owned a cassette of def leppard's pyromania .",1,True
director boris von sychowski instead opts for a routine slasher film that was probably more fun to make than it is to sit through .,dir ector bor is von sychowki instead opt s for a rou tine slasher film that was prob ably more fun to make than it is to s it through .,0,True
"the screenplay , co-written by director imogen kimmel , lacks the wit necessary to fully exploit the comic elements of the premise , making the proceedings more bizarre than actually amusing .","th3 screen play , c-owritten by director imgen kimel , lacs th3 wit necessary to fully exploit the comic elements of th3 premise , making the proceedings more bzarre th@n actuall y amusi ng .",0,True
"it's all stitched together with energy , intelligence and verve , enhanced by a surplus of vintage archive footage .","it 's all stitc hed together wi th energy , intelligence @nd v erve , enhanced by a surplus of vintage archive footage .",1,True
dignified ceo's meet at a rustic retreat and pee against a tree . can you bear the laughter ?,dignified ceo's m eet at a rustic r etreat and pee against a tree . can you bear the lauhter ?,1,True
"if h . g . wells had a time machine and could take a look at his kin's reworked version , what would he say ? 'it looks good , sonny , but you missed the point . '","if h . g . wells had a time machine and could take a look at his kin's reworked version , what would he say ? 'it looks go od , sonny , but you missed the point . '",1,True
has something to say . . . but it is a statement and issue worthy of a much more thoughtfulness and insight than a melodramatic and wholly predictable thriller .,has something to say . . . but it is a statement and issue worthy of a much more thoughtfulness and insight than a melodrmatic and whlly predctable thriller .,0,True
on the right track to something that's creepy and effective . . . it's just going to take more than a man in a bullwinkle costume to get there .,0n the right track to something that's creepy and effective . . . it's just going to take more than a man in a bullwinkle costume to get there .,1,True
"a movie more to be prescribed than recommended -- as visually bland as a dentist's waiting room , complete with soothing muzak and a cushion of predictable narrative rhythms .","a movie more to be prescribed than recommended -- as visually bland as a dentist's waiting room , complete with soothing muzak and a cushion of predictable nar rative rhythms .",1,True
a woman's pic directed with resonance by ilya chaiken .,@ woman's p ic directed with reson ance by ily a chaiken .,1,True
not since ghostbusters has a film used manhattan's architecture in such a gloriously goofy way .,no t since ghostbusters has a film used manhattan's architecture in such a gl oriously goo fy way .,1,True
"for a film that celebrates radical , nonconformist values , what to do in case of fire ? lazily and glumly settles into a most traditional , reserved kind of filmmaking .","f or a film that celebrates radical , nonconformist values , what to do in case of fire ? lazi ly and glumly settles into @ most traditional , reserved kid of filmmaking .",1,True
the mothman prophecies is best when illustrating the demons bedevilling the modern masculine journey .,t he mo thman pro phecies 1s b est whe n illustrating the demons bedev illing the modern m@sculine journey .,1,True
"critics need a good laugh , too , and this too-extreme-for-tv rendition of the notorious mtv show delivers the outrageous , sickening , sidesplitting goods in steaming , visceral heaps .","critics need a good laugh , too , and this too-extreme-for-tv rendition of the notorious mtv show delivers the outrageous , sickeing , sidesplitting goods in steaming , visceral heaps .",0,True
an uneven look into a grim future that doesn't come close to the level of intelligence and visual splendour that can be seen in other films based on philip k . dick stories .,an une ven look into a grim future that doesn't come close to the level of intelligence and visual splendour that can be seen in other films based on philip k . dick stories .,0,True
one thing you have to give them credit for : the message of the movie is consistent with the messages espoused in the company's previous video work .,on e thi ng you have to give them credit for : the message of the movie is consistent with the messages espoused in the company's previous video work .,0,True
"there's not much more to this adaptation of the nick hornby novel than charm -- effortless , pleasurable , featherweight charm .","there's no t much more to this adaptation of the nick hor nby novel than charm -- e ffortless , pleasur able , featherw eight charm .",1,True
"a sensitive , modest comic tragedy that works as both character study and symbolic examination of the huge economic changes sweeping modern china .","@ sensit ive , modest com ic trage dy th@t works as bo th cha racter stud y @nd s ymbolic examination of the hu ge economc c hanges sweping modrn chi na .",1,True
"a thoughtful , provocative , insistently humanizing film .","a thou ghtful , provo cative , insistently hum@nizing film .",1,True
""" juwanna mann ? "" no thanks . wewannour money back , actually .",""" j uwanna mann ? "" n0 thanks . wewannour mone y bac k , ac tually .",0,True
"it's hard to fairly judge a film like ringu when you've seen the remake first . many of the effective horror elements are dampened through familiarity , [yet] are worthwhile .","it's hard to fairly judge a film like ringu when you've seen the remake first . many of the effective horror elements are dampened through familiarity , [yet] a re worthwhile .",0,True
"it's just disappointingly superficial -- a movie that has all the elements necessary to be a fascinating , involving character study , but never does more than scratch the surface .","it's j ust disappointin gly supericial -- a movie that has all the elements necessary to be a fascinating , involving character study , but never do es more than scatch th e sur face .",0,True
"though the violence is far less sadistic than usual , the film is typical miike : fast , furious and full of off-the-cuff imaginative flourishes .","tho ugh the violence is far less sadistic than usual , the film is typical miike : fast , furious and full of off-the-cuff imaginative flou rishes .",1,True
. . . a bland murder-on-campus yawner .,. . . @ blan d murderon-campus y@wner .,0,True
both damning and damned compelling .,both d amning and damned c ompelling .,1,True
"dialogue-heavy and too cerebral for its own good -- or , at any rate , too cerebral for its racy subject matter .","dialogue-havy a nd to o cerebr al f0r its own good -- 0r , at any r@te , too cerebral fo r its r@cy subj ect matter .",0,True
"who is the audience for cletis tout ? anybody who enjoys quirky , fun , popcorn movies with a touch of silliness and a little bloodshed .","who 1s the audi ence for cl etis tout ? anybo dy wh o e njoys qui rky , fun , popcorn movi es with @ touch of silliness an d a little bloodshed .",1,True
sade is an engaging look at the controversial eponymous and fiercely atheistic hero .,sad e 1s an enga ging loo k at the controversial eponymous and fiercely atheistic hero .,1,True
deserves high marks for political courage but barely gets by on its artistic merits .,deserves high marks for political courage but ba rely gets by on its artistic meits .,0,True
it's a fanboy 'what if ? ' brought to life on the big screen .,it's a faboy 'wat 1f ? ' brought to life on the big screen .,0,True
the gantzes' interviews tend to let the guys off the hook .,the g@ntzes' intervi ews ten d to let the guys o ff the hook .,0,True
"as green-guts monster movies go , it's a beaut .","as green-guts mnster movies go , it's a b eaut .",0,True
"hip-hop has a history , and it's a metaphor for this love story .","h ip-hop has a history , a nd i's a metaph or f or this love sto ry .",1,True
"unlike most teen flicks , swimming takes its time to tell its story , casts mostly little-known performers in key roles , and introduces some intriguing ambiguity .","un like most teen flicks , swimming takes its time to tell its story , casts mostly little-known performers in key rols , @nd introduces some intrig uing ambi guity .",1,True
makes an aborbing if arguable case for the man's greatness .,maks an aborbing if arguable case for the man's greatness .,1,True
"a truly moving experience , and a perfect example of how art -- when done right -- can help heal , clarify , and comfort .","@ t ruly moing experie nce , and @ perfec t example 0f h ow @rt -- wh en do ne rig ht -- c@n help heal , clarify , and comfort .",1,True
it's hard to imagine that even very small children will be impressed by this tired retread .,it's h@rd to imagine that even very small children will be impressed by this tir ed re tread .,0,True
"not so much a movie as a picture book for the big screen . this isn't my favorite in the series , still i enjoyed it enough to recommend .","n0t $o much a movie as a picture book for the big screen . thi s isn't my favorite in th3 seris , sill i enjoy ed it enugh t0 recommend .",0,True
"it's a setup so easy it borders on facile , but keeping the film from cheap-shot mediocrity is its crack cast .","it's a setup so easy it borders on facile , but keeping the film from cheap-shot medio crity is its crak cast .",0,True
this overproduced piece of dreck is shockingly bad and absolutely unnecessary . hmmmmight i suggest that the wayward wooden one end it all by stuffing himself into an electric pencil sharpener ?,tis ov erproduced piee of derck is shocki ngly b@d and absolutely unecessary . hmmm might i suggest that the wayward wooden one end it all by stuffing himself into @n e lectric penci l sharpene r ?,0,True
"though howard demonstrates a great eye as a director , this southern gothic drama is sadly a tough sit , with an undeveloped narrative and enough flashbacks and heavy-handed metaphors to choke a horse -- or at least slow him down to a canter .","thoug h h oward demonstrtes a great eye @s a director , thi s southern gothic drama is sadly a toug h sit , wi th an undevel oped narrati ve a nd enough flashba cks an d heavyh-anded metaphors to choke a hore -- or @t last slw him dwn t0 a canter .",0,False
""" i blame all men for war , "" [the warden's daughter] tells her father . the movie is about as deep as that sentiment .",""" 1 blame a ll men f0r war , "" [te warden's daghter] tells her fathr . the mvie is about @s deep @s that senti ment .",0,True
a sobering and powerful documentary about the most severe kind of personal loss : rejection by one's mother .,@ soberin g an d poweful dcumentary @bout t he mot sevee kind of persoal loss : rejection by on's m other .,1,True
"nine queens is not only than a frighteningly capable debut and genre piece , but also a snapshot of a dangerous political situation on the verge of coming to a head .","nine quens is no t only than a frighteningly c@pable debut and genre piece , but also a snapshot of a d@ngerous politicl situation on t he verge of coming to a head .",1,True
"there's a persistent theatrical sentiment and a woozy quality to the manner of the storytelling , which undercuts the devastatingly telling impact of utter loss personified in the film's simple title .","there's a persistent theatrical sentiment and a woozy quality to the manner of the storytelling , which undercuts the devastatingly telling impact of u tter loss personified in the film's simple title .",0,True
rarely have i seen a film so willing to champion the fallibility of the human heart .,rarly have i seen a film so willing to champion the fallibility of the human heart .,1,True
"the people in abc africa are treated as docile , mostly wordless ethnographic extras .","the people in a bc africa are treate d as doile , mostl y wordles ethnog raphic extas .",0,True
quitting offers piercing domestic drama with spikes of sly humor .,quitting offers pier cing domestic drama with spikes of sly humor .,1,True
a documentary to make the stones weep -- as shameful as it is scary .,@ documenary to make the stones w eep -- as shameful as it is sca ry .,1,True
there is only so much baked cardboard i need to chew .,th ere 1s onl y $o much b@ked cardboar d i ne ed to chew .,0,True
norton is magnetic as graham .,nor ton is magnetic as graham .,1,True
that it'll probably be the best and most mature comedy of the 2002 summer season speaks more of the season than the picture,that it'll probab ly be the best and most mature comedy of the 2002 summer season speaks more of the season than the picture,0,True
nothing is sacred in this gut-buster .,n othing is s acred in this gut-buster .,0,True
"although it bangs a very cliched drum at times , this crowd-pleaser's fresh dialogue , energetic music , and good-natured spunk are often infectious .","althugh it bangs a very cliched drum at times , this crowd-please's fresh dialogue , energetic music , @nd goo d-natured spunk are often infecti ous .",1,True
"the film is just a big , gorgeous , mind-blowing , breath-taking mess .","the film is just a big , gorgeous , mind-blwing , bre ath-taking m ess .",0,True
"the story itself it mostly told through on-camera interviews with several survivors , whose riveting memories are rendered with such clarity that it's as if it all happened only yesterday .","the story itself it mostly told through on-camera interviews with several survivors , whose riveting memories are rendered with such clarity that it's as if it all happened only yesterda y .",0,True
like leafing through an album of photos accompanied by the sketchiest of captions .,like le afing through an album of photos accompanied by the sk etchiest of captions .,0,True
"despite its lavish formalism and intellectual austerity , the film manages to keep you at the edge of your seat with its shape-shifting perils , political intrigue and brushes with calamity .","despite it s lavih formal ism @nd intellectua l austeri ty , th e fil m m anages t0 kee p you at the edge of yur seat with its shape-shifti ng peils , political intrigue and brushes with calamity .",1,True
"a thoroughly enjoyable , heartfelt coming-of-age comedy .","@ tho roughly ejoyable , heartfel t coming-of-age comedy .",1,True
"its maker , steven spielberg , hasn't had so much fun in two decades , since he was schlepping indiana jones around the globe in search of a giant misplaced ashtray .","its m@ker , steven spielberg , hasn't h@d so much fun in two decades , sinc e he was schlepping indiana jones around the globe in search of @ giant misplaced ashtray .",0,True
a movie that reminds us of just how exciting and satisfying the fantasy cinema can be when it's approached with imagination and flair .,@ mo vie tat r eminds u$ of ju$t ho w exciting and sa tisfying the fantasy cinema can be when it's approached with imaginati on and f lair .,1,True
suffocated at conception by its munchausen-by-proxy mum . punish the vehicle to adore the star .,suff ocated at conception by its munchausen-by-proxy mum . punish the vehicle to adore the star .,0,True
"impostor can't think of a thing to do with these characters except have them run through dark tunnels , fight off various anonymous attackers , and evade elaborate surveillance technologies .","impos tor c@n't think of a t hing to do with these characters exept have them ru n through dark tunnel s , figt off v@rious anonymo us attackers , and evde elaborate surveillance technologies .",0,True
"it's not original , and , robbed of the element of surprise , it doesn't have any huge laughs in its story of irresponsible cops who love to play pranks .","it's n ot ori ginal , a nd , robbed of the e lement of surpris e , 1t doesn 't h@ve an y huge l aughs in it s st ory of irresponsible cops who lo ve t0 pla y pranks .",0,True
mib ii is a movie that makes it possible for the viewer to doze off for a few minutes or make several runs to the concession stand and/or restroom and not feel as if he or she has missed anything . that's because relatively nothing happens .,m ib ii is a movi e tht m@kes it possble for the vieer to d oze o ff for @ f3w minuts or make sever al run s to the concesson stan d and/or restroom a nd not feel as if he or she has missed anyting . tht's be cause relatvely nothig h@ppens .,0,False
it's easy to love robin tunney -- she's pretty and she can act -- but it gets harder and harder to understand her choices .,i t's eay to love robin tunney -- she's pretty and she can act -- but it gets harder and harder to unde rstand her choices .,1,True
"the actors are simply too good , and the story too intriguing , for technical flaws to get in the way .","th e actors are siply t0o good , and the st ory too intriguing , for technical flaws to get in th3 way .",0,True
"by the time you reach the finale , you're likely wondering why you've been watching all this strutting and posturing .","by the time you reach the finale , you're likely wondering why you've been watching all thi s strutting an d posturig .",0,True
"for his first attempt at film noir , spielberg presents a fascinating but flawed look at the near future .","for his first attempt at film noir , spielberg presents a fascinating but flawed look at the near fu ture .",1,True
get out your pooper-scoopers .,g3t 0ut your pooper-sc oopers .,0,True
a cautionary tale about the folly of superficiality that is itself endlessly superficial .,a cautionary tale about the folly of superfici ality that is itself endle ssly superfiial .,0,True
"sinks into the usual cafeteria goulash of fart jokes , masturbation jokes , and racist japanese jokes .","sins ito the us ual c afeteria gulash of frt j okes , masturbatio n jokes , @nd racist j@panese jok es .",0,True
"while some of the camera work is interesting , the film's mid-to-low budget is betrayed by the surprisingly shoddy makeup work .","while som e of the camera work is interesting , the film's mid-to-low budget is betrayed by the surprisingly sho ddy m@keup wo rk .",0,True
"despite besson's high-profile name being wasabi's big selling point , there is no doubt that krawczyk deserves a huge amount of the credit for the film's thoroughly winning tone .","despite besson's high-profile name being wasabi's big selling point , there is no doubt that krawczyk deserves a huge amount of the credit for the film's thorougly winning to ne .",1,True
"as social exposé , skins has its heart in the right place , but that's not much to hang a soap opera on .","as social exp osé , skins has its heart in the right place , but that's not mu ch to h ang a soap op era on .",0,True
"a different kind of love story - one that is dark , disturbing , painful to watch , yet compelling .","a differen t k ind of love story - one tat 1s da rk , distur bing , p@inful to w@tch , y3t compe lling .",1,True
the charms of the lead performances allow us to forget most of the film's problems .,th3 ch@rms of the l ead p erformances allw u$ to forge t m ost of the films pr oblems .,1,True
"combining quick-cut editing and a blaring heavy metal much of the time , beck seems to be under the illusion that he's shooting the latest system of a down video .","combining quick-cut editin g and a blaring heav y m etal much of the time , beck seems to be under the illusion that he's sho oting the latest s ystem of a down video .",0,True
"a wry , affectionate delight .","@ wr y , af fectionate deight .",1,False
"with lines that feel like long soliloquies -- even as they are being framed in conversation -- max is static , stilted .","wih lin es that fe el like long soliloquie s -- even as they are being framed in conversat ion -- m@x 1s stat ic , sti lted .",0,True
you have no affinity for most of the characters . nothing about them is attractive . what they see in each other also is difficult to fathom .,you have n0 affinity for most of the characters . nothing about them is attractive . what they see in each other also is dfficult to fath om .,0,True
"though nijinsky's words grow increasingly disturbed , the film maintains a beguiling serenity and poise that make it accessible for a non-narrative feature .","tough nijinsy's words grow increasingly disturbe d , the film maintains a beguili ng sereni ty a nd poi se that m ake 1t accessible for a non-narrative feature .",1,True
the kind of nervous film that will either give you a mild headache or exhilarate you .,the knd of n ervous film that will either give you a mld head ache or exhilara te you .,0,True
"mr . goyer's loose , unaccountable direction is technically sophisticated in the worst way .","mr . goyer's loose , unaccountable direction is technically sophisticated in the wor st way .",0,True
the film lapses too often into sugary sentiment and withholds delivery on the pell-mell pyrotechnics its punchy style promises .,th3 film lapses too often into sugary sentiment and withholds delivery on the pell-mell pyrotechnics its punchy styl e promises .,1,True
insanely hilarious ! i haven't laughed that hard in years !,insanel y hil arious ! i havn't laughed tat hard in years !,1,True
the emotions are raw and will strike a nerve with anyone who's ever had family trauma .,the emoions are r@w @nd will strik e a nerve with anyone who's ever had family trauma .,1,True
"madonna has made herself over so often now , there's apparently nothing left to work with , sort of like michael jackson's nose .","m@donna h@s m@de heself over so oten now , there 's aparently nohing left to work with , sort of like mihael jackson 's n ose .",0,True
it's like going to a house party and watching the host defend himself against a frothing ex-girlfriend . you don't want to call the cops . you want to call domino's .,it' s l ike g oing to a houe par ty and watchin g the h ost defe nd himself against a frothig ex-girlfriend . you do n't want to call the cops . you want to call domino's .,0,True
"not only is undercover brother as funny , if not more so , than both austin powers films , but it's also one of the smarter , savvier spoofs to come along in some time .","n ot only is undercover brother as funny , if not more so , than both austin pow ers fils , b ut it's also on e 0f t he smarter , savvier spoofs to come along in some time .",1,True
"the movie certainly has its share of clever moments and biting dialogue , but there's just not much lurking below its abstract surface .","th3 movie crtainly has its share of clever moments and bit ing dialogue , but there's just not much lurking below its a bstract surface .",1,True
like other great documentaries . . . this goes after one truth ( the ford administration's complicity in tearing 'orphans' from their mothers ) and stumbles upon others even more compelling .,like other great documentaries . . . this goes after one tr uth ( the ford administraton's complicity in tearing 'orphans' fro m their mothers ) and stumbles up on others even more compelling .,1,True
"the problem is the needlessly poor quality of its archival prints and film footage . the images lack contrast , are murky and are frequently too dark to be decipherable .","t he p roblem 1s the needlesly por q uality of its achival print s a nd film fotage . th3 i mages l ack c ontrast , ar e mury a nd a re frquently t0o dark to be d ecipherable .",0,False
simply doesn't have sufficient heft to justify its two-hour running time .,simp ly d oesn't hae suff icient h eft to jstify its two-hour runnin g tim e .,0,True
fans of the modern day hong kong action film finally have the worthy successor to a better tomorrow and the killer which they have been patiently waiting for .,f@ns of the modern day hong kong action film f inally have the worthy successor to a better tomorrow and the killer which t hey have been p atiently wait ing for .,1,True
"it does give a taste of the burning man ethos , an appealing blend of counter-cultural idealism and hedonistic creativity .","1t does gve @ t aste of the bur ning m@n et hos , @n ap pealing blend of counter-cultural ide alism and h edonistic creativity .",1,True
"if the plot seems a bit on the skinny side , that's because panic room is interested in nothing more than sucking you inand making you sweat .","if the pot seem s a bit on the skinny side , that's because panic room is interested in nothing more tha n sucking you in and m@king you swe at .",0,True
the observations of this social/economic/urban environment are canny and spiced with irony .,th e observa tions of ths socialeconomic/urban envionment @re c@nny an d spic ed w ith ir ony .,1,False
"for its seriousness , high literary aspirations and stunning acting , the film can only be applauded .","for its seriousness , high litera ry aspirations and stu nning acting , the fim can only b3 applauded .",1,True
consider the film a celluloid litmus test for the intellectual and emotional pedigree of your date and a giant step backward for a director i admire .,consider the film a celluloid litmus test for the intellectual and emotional pedigree of your date and a giant step backward for a director i admi re .,1,True
an involving true story of a chinese actor who takes up drugs and winds up in an institution--acted mostly by the actual people involved .,an involving true story of a chinese actor who takes up drugs and wi nds up in an institution--acted mostly by the actual people involved .,0,True
"mostly , [goldbacher] just lets her complicated characters be unruly , confusing and , through it all , human .","mostl y , [goldba cher] ju st lets her cmplicated characters be unuly , c onfusing and , throu gh it a ll , hu man .",0,True
"a miraculous movie , i'm going home is so slight , yet overflows with wisdom and emotion .","@ mi raculous movie , i'm going home 1s so sl ight , y3t over flows with wisdom @nd emo tion .",1,True
"comes across as a relic from a bygone era , and its convolutions . . . feel silly rather than plausible .","comes across as a relic from a bygone era , and its convolutions . . . fe el si lly rather than plausible .",0,True
"this odd , poetic road movie , spiked by jolts of pop music , pretty much takes place in morton's ever-watchful gaze -- and it's a tribute to the actress , and to her inventive director , that the journey is such a mesmerizing one .","ths odd , poe tic r oad move , spik ed by jolts of p op mu$ic , pretty much t@kes pla ce in morton' s ever-wathful ga ze -- an d i t's a tribute to t he actress , and to her inventive director , that the jour ney 1s such a mesmeriz ing one .",1,True
"hey everybody , wanna watch a movie in which a guy dressed as a children's party clown gets violently gang-raped ? i didn't think so .","h ey everyb ody , wan na wat ch a mov ie in wh ich a g uy dresse d as a childr en's paty clow n gets volently g ang-raped ? i ddn't tink so .",0,True
it's not too fast and not too slow . it's not too racy and it's not too offensive . it's not too much of anything .,it 's not t0o fast an d not too slow . it's not t0o racy and it's not to o offensive . it's not too much of anythi ng .,0,True
"it extends the writings of jean genet and john rechy , the films of fassbinder , perhaps even the nocturnal works of goya .","it extends the writings of jean genet and john rechy , the films of fassbinder , perhaps even the nocturnal wor ks of goya .",1,True
a bore that tends to hammer home every one of its points .,a b ore that te nds to hammer home every one of its points .,0,True
occasionally amateurishly made but a winsome cast and nice dialogue keeps it going .,occas ionally amateurishly made but a winsome cast and nice dialogue keps it going .,1,True
"meyjes's movie , like max rothman's future , does not work .","meyjes 's mov ie , lik e m@x rothman's futre , does n0t work .",0,True
"hardly a masterpiece , but it introduces viewers to a good charitable enterprise and some interesting real people .","hardly a masterpiece , but it introdu ces viewers to a good charitable enterprise and some interesting real people .",1,True
"it's weird , wonderful , and not necessarily for kids .","it's weird , wond erful , @nd not necessarily for kids .",1,True
"jae-eun jeong's take care of my cat brings a beguiling freshness to a coming-of-age story with such a buoyant , expressive flow of images that it emerges as another key contribution to the flowering of the south korean cinema .","ja e-eun jeo ng's t@ke c@re of my c@t bri ngs @ b eguiling fre shness to @ coming-of-age s tory with su ch a buoyant , expressive flo w of images that it emerges @s a nother key contribution t0 the flowering of t he south korean cinema .",1,False
"the smash 'em-up , crash 'em-up , shoot 'em-up ending comes out of nowhere substituting mayhem for suspense .","th3 sma sh 'emup , cash 'e-mup , sohot 'emu-p e nding com es o ut of nowher e substituting mayhem f0r su spense .",0,False
"much has been written about those years when the psychedelic '60s grooved over into the gay '70s , but words don't really do the era justice . you have to see it .","much has been written about those years when the psychedelic '60s grooved over into the gay '70s , but words don't really do the era justice . you have to s ee it .",0,True
this version incarnates the prophetic book in a way even its exacting author might admire .,this version incarnates the prophetic book in a way even its exacting author might ad mire .,1,True
"dazzling and sugar-sweet , a blast of shallow magnificence that only sex , scandal , and a chorus line of dangerous damsels can deliver .","dazzling and sugar-sweet , a blast of shallow magnificence that only sex , scandal , and a chorus lie of dangerous damsels can deliv er .",1,True
"a gorgeously strange movie , heaven is deeply concerned with morality , but it refuses to spell things out for viewers .","a gorgeously strange movie , heaven is deeply concerned with morality , b ut it refuses to spell things out for viewers .",0,True
"this is a great subject for a movie , but hollywood has squandered the opportunity , using it as a prop for warmed-over melodrama and the kind of choreographed mayhem that director john woo has built his career on .","this is a great subject for a movie , but hollywood has squandered the opportunity , using it as a prop for warmed-over melodrama and the kind of choreographed mayhem that director john woo has built his career 0n .",0,True
"armed with a game supporting cast , from the pitch-perfect forster to the always hilarious meara and levy , like mike shoots and scores , doing its namesake proud .","a rmed with a gme supporting cast , from the pitch-perfect forster to the always hilarious meara and levy , like mike shoots and scores , doing its namesake proud .",0,True
the actors must indeed be good to recite some of this laughable dialogue with a straight face .,th e actors must indeed be good to rec ite some of this lughable dialogue with a straight face .,0,True
a sugar-coated rocky whose valuable messages are forgotten 10 minutes after the last trombone honks .,a s ugar-coated rocky whose valuable messages are forgotten 10 minutes after the last trombone honks .,0,True
"viewed on its own terms , treasure planet is better-than-average family entertainment , but true fans of the stevenson's novel will likely prefer disney's more faithful 1950 live-action swashbuckling classic .","vie wed on its own terms , treasure planet is better-than-average family entertainment , but true fans of the stevenson's novel will likely prefer dis ney's more f@ithful 1950 lie-action swashbuckl ing c lassic .",1,True
"although sensitive to a fault , it's often overwritten , with a surfeit of weighty revelations , flowery dialogue , and nostalgia for the past and roads not taken .","a lthough sensitive to a fault , it's often overwritten , wi th a surfeit of weighty revelations , flowery dialogue , and nostalgia for the past and roads not taken .",0,True
"this movie feel more like a non-stop cry for attention , than an attempt at any kind of satisfying entertainment .","th is movie fe el more like a nons-top cry f0r attention , than an att empt at a ny kin d 0f s atisfying entertainment .",0,True
"what saves it . . . and makes it one of the better video-game-based flicks , is that the film acknowledges upfront that the plot makes no sense , such that the lack of linearity is the point of emotional and moral departure for protagonist alice .","what saves it . . . and makes it one of the better video-game-based flicks , is that the film acknowledges upfront that the plot makes no sense , such that the lack of linearity is the point of emotional and moral departure f or protagonist alice .",1,True
the reason this picture works better than its predecessors is that myers is no longer simply spoofing the mini-mod-madness of '60s spy movies .,the reason this picture works better than its predecessors is that myers is n0 l onger smply spoofin g the m1ni-mod-madness 0f '60s spy movies .,0,True
"further proof that the epicenter of cool , beautiful , thought-provoking foreign cinema is smack-dab in the middle of dubya's axis of evil .","further proof that the epicenter of cool , beautifu l , thought-provoking foreign cinema is sack-dab in the middle of dubya's axis of evil .",1,True
i liked this film a lot . . .,i liked this film a 1ot . . .,0,True
imagine a scenario where bergman approaches swedish fatalism using gary larson's far side humor,ima gine a scenari o where b ergman approaches swedish fatalism using gary larson's far sid e humor,0,True
an intelligently made ( and beautifully edited ) picture that at the very least has a spark of life to it -- more than you can say for plenty of movies that flow through the hollywood pipeline without a hitch .,@n intell igently made ( an d bea utifully edited ) picture that at th3 very least h as a spark of life to it -- more than you can say for plenty of movies that flow through the hollywood pipeline without a hitch .,1,True
the film tunes into a grief that could lead a man across centuries .,th3 film tuns into a g rief that cold lead a man across centuri es .,1,True
"filled with low-brow humor , gratuitous violence and a disturbing disregard for life .","fille d with low-brow h umor , gratuitous violence and a disturbing disregad for life .",0,True
"say this for the soundtrack , it drowns out the lousy dialogue .","s ay t his for th3 soundtrac k , 1t drows o ut th e lou sy dialog ue .",0,True
tsai may be ploughing the same furrow once too often .,ts ai may be ploughing the same furrow once too often .,1,True
"in my opinion , analyze that is not as funny or entertaining as analyze this , but it is a respectable sequel .","in my opinion , analyze that is not as funny or entertaining as analyze this , but it is a respectable seq uel .",0,True
what better message than 'love thyself' could young women of any size receive ?,wht better messae tha n 'lve t hyself' could young women of any size receive ?,0,True
i was sent a copyof this film to review on dvd . for free . i still want my money back .,1 wa s s ent a c opyof this fil m to reiew on dvd . for free . i still want my mney back .,0,True
the cumulative effect of the relentless horror on parade numbs the movie's power as a work of drama .,the cumuative effct of the relen tless horror on parade numbs the movie's power as a work of drama .,1,True
"although trying to balance self-referential humor and a normal ol' slasher plot seemed like a decent endeavor , the result doesn't fully satisfy either the die-hard jason fans or those who can take a good joke .","althou gh tryi ng to b@lance self-referentia l hmuor an d a normal 0l' s lasher plt seeed 1ike a decent endea vor , the resul t doe sn't fully satisfy either the die-hrd jaso n fans 0r tose who can take a good joke .",0,False
toward the end sum of all fears morphs into a mundane '70s disaster flick .,tow ard the en d sum of all fear s morhs into a mund@ne '0s disaste r flick .,0,True
"you can feel the heat that ignites this gripping tale , and the humor and humanity that root it in feeling .","yo u can feel t he hea t tha t ignits t his gr ipping t ale , and the humor and humanity that root it in feeling .",1,True
"fails in making this character understandable , in getting under her skin , in exploring motivation . . . well before the end , the film grows as dull as its characters , about whose fate it is hard to care .","fals in ma king this character under standable , in getting under h3r skin , in explring motiva tion . . . well before the en d , the film gows as dull as its characte rs , aout wose fate 1t is har d t0 care .",0,False
"seeing seinfeld at home as he watches his own appearance on letterman with a clinical eye reminds you that the key to stand-up is to always make it look easy , even though the reality is anything but .","seing seineld at home as he watches his own appearance on letterman with a clinical eye reminds you that the key to stand-up is to always make it look easy , even though the reality is anythi ng but .",0,True
"an energetic , violent movie with a momentum that never lets up .","an energeti c , violent movie with @ momentum tht never lets up .",1,True
"the movie is a desperate miscalculation . it gives poor dana carvey nothing to do that is really funny , and then expects us to laugh because he acts so goofy all the time .","th3 m ovie is a des perate miscalculatio n . 1t gives po or d@na carve y nothing to do that is really funny , and the n expects us to laugh becaus e h3 act s so goofy all th e tim e .",0,True
"seldahl's barbara is a precise and moving portrait of someone whose world is turned upside down , first by passion and then by illness .","seldahl' s babara 1s a prec ise @nd movi ng por trait 0f someo ne w hose wold is turne d up$ide do wn , first by passion an d then by ill ness .",1,True
"trivial where it should be profound , and hyper-cliched where it should be sincere .","trivial where it should be profound , and hype-rcliched where it should be sincere .",0,True
set in a 1986 harlem that doesn't look much like anywhere in new york .,s et in a 19 86 h arlem that d oesn't look much like anywhere in new york .,0,True
a seriocomic debut of extravagant promise by georgian-israeli director dover kosashvili .,@ seriocom ic dbut of extravagan t promis e by georgian-isreali direct or dover kosashvili .,1,True
what makes it worth watching is quaid's performance .,what makes it w orth watching is qu aid's perormance .,1,True
"an inconsequential , barely there bit of piffle .","@n inco nsequential , barly t here bi t of piff le .",0,True
"if you're burnt out on it's a wonderful life marathons and bored with a christmas carol , it might just be the movie you're looking for . it depends on how well flatulence gags fit into your holiday concept .","if you're burnt out on it's a wonderful life marathons and bord with a christmas carol , it might just be the movie you're looking for . it depends on how we ll flatulence gags fit into your holiday concept .",0,True
it is great summer fun to watch arnold and his buddy gerald bounce off a quirky cast of characters .,it is great summ er fun to watch arnold and his buddy gerald bounce off a quirky cast of characters .,1,True
"haneke keeps us at arm's length . guided more by intellect than heart , his story flattens instead of sharpens .","h@neke kee ps u$ at arm's length . guided more by intellect than heart , his story flattens instead of sharpens .",1,True
"there's no question that epps scores once or twice , but it's telling that his funniest moment comes when he falls about ten feet onto his head .","there 's n0 qu estion that eps scoes once 0r twie , but it's telling that hi s funni est mome nt cmes whn h3 falls abou t t en fet o nto h is h ead .",0,True
the story the movie tells is of brian de palma's addiction to the junk-calorie suspense tropes that have all but ruined his career .,th e stor y the movie tells is of brian de pala's addition to the jnk-calorie sus pense tropes that have all but ruin ed h is c@reer .,0,True
"passion , lip-synching , tragedy , and lots of really really high notes . for me , this opera isn't a favorite , so it's a long time before the fat lady sings .","pa ssion , lip-synching , tragedy , and lots of really really high notes . for me , this opera isn't a favorite , so it's a long time before the fat lady sings .",1,True
"bigelow offers some flashy twists and turns that occasionally fortify this turgid fable . but for the most part , the weight of water comes off as a two-way time-switching myopic mystery that stalls in its lackluster gear of emotional blandness .","bigelow offer s s ome flash y twist s and turns that occasionally fortify this tu rgid fable . but for the most part , the weight of water comes off as a two-way time-switching myopic mystery that stalls in its lackluste r gear of emotional bl andness .",0,True
"for those of us who respond more strongly to storytelling than computer-generated effects , the new star wars installment hasn't escaped the rut dug by the last one .","fo r those of us who respond more strongly to storytelling tha n computer-generated effects , the new star wars installment h@sn't escap ed the ru t d ug by the last one .",0,True
schindler's list it ain't .,schin dler's l ist 1t an't .,0,False
"even though we know the outcome , the seesawing of the general's fate in the arguments of competing lawyers has the stomach-knotting suspense of a legal thriller , while the testimony of witnesses lends the film a resonant undertone of tragedy .","een thouh we know the outcome , the seesawing of the general's fate in the arguments of competing lawyers has the stomach-knotting susp ense of a legal thriller , while the testimony of witnesses lends the film @ reson ant undertone of tragedy .",1,True
"that rare movie that works on any number of levels -- as a film of magic and whimsy for children , a heartfelt romance for teenagers and a compelling argument about death , both pro and con , for adults .","t hat r are movie tat work s on any number of levels -- as a film of magic and whimsy for children , a heartfelt romance for teenagers and a compelling argument about death , both pro and con , for adults .",1,True
"city by the sea is the cinematic equivalent of defensive driving : it's careful , conscientious and makes no major mistakes . but what saves lives on the freeway does not necessarily make for persuasive viewing .","ciy by the sea is the cinematic equivalent of defensive driving : it's careful , conscientious and makes no major mistakes . but what saves lives on the freeway does not necessarily make for persuasive viewing .",1,True
an elegant and sly deadpan comedy .,@n eleg ant a nd $ly de adpan cmedy .,1,False
i don't even care that there's no plot in this antonio banderas-lucy liu faceoff . it's still terrible !,1 don 't eve n c@re that tere's n0 pl ot in this antonio banderas-lucy liu faceoff . it's still terrile !,0,True
"belongs to daniel day-lewis as much as it belongs to martin scorsese ; it's a memorable performance in a big , brassy , disturbing , unusual and highly successful film .","belon gs to dan iel d@y-lewis as much @s it belongs to m artin scorsese ; it's a memorabl e p erformance in a big , b rassy , di sturbing , unusual and hi ghly succ essful film .",1,True
"as much as i laughed throughout the movie , i cannot mount a cogent defense of the film as entertainment , or even performance art , although the movie does leave you marveling at these guys' superhuman capacity to withstand pain .","as much as i laughed throughout the movie , i cannot mount a cogent defense of the film as entertainment , or even performance art , altough th e movie d oes leave you marvelng at these guys' super human capacity to withstand pain .",0,True
"a summary of the plot doesn't quite do justice to the awfulness of the movie , for that comes through all too painfully in the execution .","a summ ary of the plt doesn't quite d0 justice to the awfulne ss of the movie , for that comes through all to o painfully in the excution .",0,True
"if festival in cannes nails hard- boiled hollywood argot with a bracingly nasty accuracy , much about the film , including some of its casting , is frustratingly unconvincing .","1f festiv al in c@nnes nails hard- boiled hollywood arg ot with a bracingly naty accuacy , much about the film , including some of its c@sting , 1s fru stratingly un convincing .",0,True
the result is an 'action film' mired in stasis .,the result is an 'act ion fim' mird in stasis .,0,True
"it's a tour de force , written and directed so quietly that it's implosion rather than explosion you fear .","it's a tour de force , written and di rected so quietly that i t's implosion rather than explosion you fer .",1,True
arnold's jump from little screen to big will leave frowns on more than a few faces .,arnold's j ump from little screen to big will leav e frwns on more than a few f@ces .,0,True
a good thriller .,@ god thriller .,1,True
"i have no problem with "" difficult "" movies , or movies that ask the audience to meet them halfway and connect the dots instead of having things all spelled out . but first , you have to give the audience a reason to <b>want</b> to put for that effort , and "" i","1 hav e n0 p roblem with "" dificult "" moies , 0r movies that ask the audience t0 meet t hem halfway and conect the dos intead 0f haing th ings a ll spelled 0ut . but firs t , you have t0 give the audience @ reason to <b>want </b> to put for that efort , and "" i",0,False
"'si bien no logra desarrollarse como un gran drama , tampoco es tan superficial como muchas cintas que pecan de pretenciosas y que resultan totalmente banales . '","' si bien no logra desarrollarse como un gran drama , tampoco es tan superficial como muchas cintas que pecan de pretenciosas y que resultan totalmente banales . '",1,True
"it's got all the familiar bruckheimer elements , and schumacher does probably as good a job as anyone at bringing off the hopkins/rock collision of acting styles and onscreen personas .","it's g ot all the familiar bruckheimer elements , and schumacher does probably as good a job as anyone at bringing off the hopkins/rock collison of acting styles and onscreen personas .",0,True
