original_text,adversarial_text,original_label,num_perturbed,attack_sucessful
RT @kitcoskjones: im soooo over having a bitch it aint EVEN funny lbs....,RT @kitcoskjones: im soooo over having a crab it aint EVEN funny lbs....,1,2,True
I say we all do a big fat line of meth after the finale...come on you pussies :P #GoodbyeBreakingBad,I sa y we all do a big fat line of meth after the finale...come along you pusses :P #GoodbyeBreakingBad,1,16,True
Watching #Steelers colts getting blinded by the Steelers uniys look like bunch of bumblebees,Wathing #Stelers colts getting blinded by the Ste elers uniys look like bunch of bmblebees,0,5,True
Can Charlie Crist pull one over on Rick Scott? Well he did pull one over on #floridaprimary dems tonite. #TPOT #Election2014,Can Ch@rlie Cri st pull one over on Rick Sc ott? Well he did pull one over on #floridaprimary dem s tonite. #TPOT #Election2014,0,6,True
"""@angelenagoley: 10 sex positions http://t.co/nt3PABMWsm http://t.co/JmHZ8Sczf0""naw this what u call fucking the soul outta bitch &#128557;","""@angelenagoley: 10 sex positions http://t.co/nt3PABMWsm http://t.co/JmHZ8Sczf0""naw this what u call fucking the soul otta bit ch &#128557;",1,13,False
@KiaraSmallzz lmaoo &#128514;&#128149;I think I want this bitch YA me tiene cansada but thanks &#128536;wait hold up ... Who u fighting &#128563;,@KiaraSmallzz lmaoo &#128514;&#128149;I think I want this b itch YA me t iene cansad a but thanks &#128536;wait cargo deck up . .. World Health Organization u fighti ng &#1285 63;,1,13,True
RT @AP_Noticias: #&#218;LTIMAHORA El republicano Charlie Baker elegido gobernador de Massachusetts. #Election2014 #APracecall http://t.co/qkbWQ&#8230;,RT @AP_Noti cias: #&#218;LTIMAHORA E1 republicano Charie Baker ele gido g obernador de Massachusetts. #Election2014 #Pracecall http://t.co/qkbWQ&#8230;,0,8,False
"RT @LauraBehnke: #Yankees fans having flashbacks! RT @WCCORosen: @LauraBehnke You remember THIS Phil Hughes! It's already 4 to 0, still no &#8230;","RT @LauraBehnke: #Ynkees f ans having flashbacks! RT @WCCORosen: @LauraBehnke You remember THIS Phil Hugh es! It' s already 4 to 0, still no &#8230 ;",0,6,True
Damn Charlie Wilson is still around?,Damn Charie Wi lson is shut up @round?,0,6,False
"Always wanted to fuck that bitch, thank you god I fucked that bitch","Always wanted to fuck that bitch, thank you god I fucked that bitch",1,13,False
"RT @MindOnSuccess_: My mother be on some trash man &#128514; I ask her EVERYDAY, you need/ want some money? She say ""Naw I'm good!"" But come payday&#8230;","RT @MindOnSuccess_: My mothe r be on some tra sh m@n &#128514; I ask her EVERYDAY, you need/ want some money? S he say ""Naw I'm good!"" But come payday&#8230;",0,8,True
"I didn't know my nig G-Eazy had reached a million views on one of his songs, haha that's crazy","I ddn't know my nig G-E@zy had reached a million vies on one of his songs, haha that 's crazy",0,7,True
@CBSThisMorning @charlierose @NorahODonnell tx trash your show was a disgrace this AM engaging w @MittRomney disrespecting the President,@CBSThisMorning @charlierose @NorahODonnell tx tr@sh your sh ow was a shame t his AM engaging w @MittRomney disrespcting th e Presiden t,0,13,True
I openly admit to being the level of white trash that will drive across town to the gas station with free hot dogs &amp; half price drinks.,I openly admit to being the level of white trash that will drive across town to the ga s station with free hot dog s &amp; half price drinks.,0,2,True
RT @wittybigtwittys: I use the word cunt very loosely,RT @wittybigtwittys: I use the word cun t very loosely,1,1,True
@sportsdude53 haha not you. Just getting shit from everyone else when my second favorite team is the redlegs.....,@sportsdude53 h@ha not you. Just getting shi t from everyone else when my second favorite team is the redlegs.....,1,2,True
You're like a lucky leprechaun with a charmed day on your hand... More for Gemini http://t.co/2nx6NlOxOe,You're like a lucky lepr echaun with a charmed day on your hand... More for Gemi ni http://t.c0/2nx6NlOxOe,0,4,True
but shawty you not a bitch you the one I get money wid,but shawty you not a bit ch you the one I get money wid,1,2,True
RT @BurgerKing: Chicken Fries. @Oreo Shake. Perfection. http://t.co/PdiGLRbhJZ,RT @BurgerKing: white-livered F ries. @Or eo Shake. Perfection. http://t.co/PdiGLRbhJZ,0,3,True
Not a word on Jihadi stream about the Kurdish female suicide bomber in Kobane. That story undermines their mythology on several levels.,Not a word on Jhadi s tream about the Kurdish f emale suicide bomber in Kobane. That story undermines their mythology on several l evels.,0,4,True
"RT @Allan_Son: I got gatorades, Twinkies, rice puddings, Pringles, and cookies &#128525;&#128555;","RT @Allan_Son: iodin go t gatoades, Twinkies, rce puddi ngs, Pringles, and cookie s &#128525;&#12855;",0,8,False
Some hoes that tweet just make me mad lol,Some h0es that tweet just make me mad lol,1,1,True
Keep those away frm Charlie Day RT @JhonenV: Just once in my life I'd like for someone's favorite part of my body to be my disgusting knees.,Keep those away f rm Ch@rlie Day RT @JhonenV: Just once in my 1ife I'd like for someone's f@vorite part of my body to be my disgusting knees.,0,11,True
@ElyssaJankowski @ComedyTextings haha she a stupid hoe,@ElyssaJankowski @ComedyTextings haha she a stupid ho e,1,1,True
Fuck dat bitch,Fuck dat b itch,1,3,False
"One of my favorite songs. ""There's a man on the shoreline with a white parakeet trying to make his bird go home."" http://t.co/bQ3CBIPk6s","One of my favorite son gs. ""There's a man on the shoreline with a white parakeet trying to make his chick go home."" http://t.co/bQ3CBIPk6s",0,2,True
S/O to my Luu's. These are down bitches! Don't fuck with them.,S/O to my Luu's. These are down bitc hes! Don't fuck with them.,1,11,False
This niggga said I be branding bitches &#128569;&#128514;&#128514;&#128514;&#128514;&#128527;,This niggga said I be branding bit ches &#128569;&#128514;&#128514;&#128514;&#128514;&#128527;,1,1,True
got my bitch in her whip coming to pick me up,got my bith in her whip coming to pick me up,1,1,True
RT @K1mb0Slyc3: Me too! &#8220;@WhatsAshirt: Defiantly going to see that new planet of the apes tonight&#8221;,RT @K1mb0Slyc3: M3 t0o! &#8220;@Wh@tsAshirt: Defiantly goin g to assure th@t raw plaet of th e aps tonght&#8221;,0,14,True
After tonight&amp;&amp; many more nights to come!! I will show you what a cold hearted bitch can do!!! #donefeedup #solo,After tonight&amp;&amp; many more nights to com!! I will show you what a cold hearted bitc h can do!!! #donefeedup #solo,1,3,True
Aint no hoe in blood,Aint no h oe in blood,1,2,True
Hahahaa so people can't parent differently...? Twitter is fuckin trash ahahahha http://t.co/b6koSBMzBz,Hahahaa so people can't parent differently...? Twitter is fucki n trash ahahahha http://t.co/b6koSBMzBz,1,2,True
anybody want any sugar maple saplings? I have about 50 popping up in Heidi's hillbilly beach. me and emm's planted two Friday.,anybody want any su gar maple saplings? I have about 50 popping up in Heidi's hillilly b each. me and emm's planted two F riday.,0,5,True
RT @hilaryde92: Always a fat bitch in the handicap spot but never a dude in a wheelchair.,RT @hilaryde92: Always a fat squawk in the handicap spot but never a dude in a wheelchair.,1,2,True
"I named my penis ""The Truth"" because bitches can't handle it.","I named my penis ""The Truth"" because bitche s can't handle it.",1,2,True
RT @JesusMVela: &#8220;@Enriquuee_: @JesusMVela @wigga32 fucking pussy that's why&#8221; exactly. Let me @ the nigga @RyanMattheww7 were talking about &#8230;,RT @JesusMVela: &#8220;@Enriquuee_: @JesusMVela @wigga32 fucking pussy that's why&#8221; exactly. Let me @ the nigga @RyanMattheww7 were talking about &#8230;,1,15,False
"@Blackman38Tide Ha bitch, I'm pickin' up beach babes left n right on the West Coast http://t.co/lDXNpohLyD","@Blackman38Tide Ha bitc h, I'm pickin' up beach baes left n right on the West Coast http://t.co/lDXNpohLyD",1,3,True
@gezus__ you gunna let that bitch do you like that?,@gezus__ you gunna let that b itch do you like that?,1,1,True
"""@kazooook: We actin like it's the 7th day @WesGodLaFlare http://t.co/s9gMtEvpaT""
&#128123;spook","""@kazooook: We actin like it' s the 7 th day @WesGodLaFlare http://t.o/s9gMtEvpaT"" &#128123;spok",0,5,True
&#8220;@coltscommunity @Pacers @nflcolts @indystar #CHUCKSTRONG #GoldSwagger http://t.co/6q5wm3VU&#8221; thats awesome &#127936;+&#127944;=&#128077;&#128076;&#9757; #hoosiers,&#8220;@coltscommu nity @Pacers @nf lcolts @indystar #CHUCKSTRONG #GoldSwagger http://t.co/6q5wm3VU&#8221; thats aweso me &#127936;+&#127944;=&#128077;&#1280 76;&#9757; #hoosiers,0,5,False
RT @kamaalrkhan: Sir @ArvindKejriwal career tho apka waise bhi khatam ho chukka. You have become new Amar Singh so try for publicity #Kejr&#8230;,RT @kamaalrkhan: Sir @ArvindKejriwal caree r tho apka waise bhi khatam ho chukka. You have become new Amar Singh so try for publicity #Kejr&#8230;,0,2,True
@josh_sclafani You're also a better little bitch,@josh_sclafa ni You're also a better little bit ch,1,3,True
iggy wanna be black so bad. ur a white widow hoe,iggy wanna be black so bad. ur a white widow h oe,1,2,True
"RT @goodmanwood: Rise+Rhyme #snowpatricksday @busboysandpoets: ON in the AM! Wear your green, dance a jig &amp; sing a lively tune w/ me!
http:&#8230;","RT @goodmanwood: Rise+Rhyme #snowpatricksday @busboysandpoets: ON in the AM! fag your green, dance a jig &am; sing a lively tune w/ me! http:&#8230;",0,3,True
I'm with 3 bitches &amp; 2 of em mix,I'm with 3 bitc hes &amp; 2 of em mix,1,2,True
"He died for a reason RT @ShyThugg: ""@viaNAWF: I didn't follow you back cuz you fat, bitch. Foh large hoe."" Jesus ain't pleased fam","He di ed for a reason RT @ShyThugg: ""@viaNAWF: I didn't follow you back cuz you ft, btch. Foh large he."" Jesus ain't pleased fam",1,6,True
Parsons trash,Parsons tr@sh,0,1,True
"Tell them hoes ""I'm all friended out""","Tell them ho es ""I'm all friended out""",1,1,True
"RT @Factsionary: Pink ""albino"" dolphins are extremely rare but do exist in the wild. http://t.co/gWyLpgC9lP","RT @Factsionary: Pink ""albin"" dolp hins @re extremel y r@re but d0 be in the wild. http://t.c0/gWyLpgC9lP",0,11,True
@BitchMedia what's up my bitches?! Shout out from your momz in Cali! Keep doin what u do. #loveit,@BitchMedia what's up my bi tches?! Shout out from your momz in Cali! Keep doin what u do. #loveit,1,2,True
"But bitch you gon shave or wax that pussy before I bless it, Foh.","But b itch you gon shave or wax that pusy before I bless it, Foh.",1,3,True
"Do birds have dongs? How do they mate? Help me, I'm an adult who doesn't know how animal sex works!!!","Do birs have dongs? How do they mate? Help me, I'm an adult who doesnt know how animal sex works!!!",0,3,True
#Yankees Pineda needed that 6'7. Great play!,#Yankes Pneda n eeded that 6'7. Grea t plya!,0,5,True
"RT @IllusiveHaven: shhhh&#8230;
wrap yourself around me
let me kiss the bruises on your heart
lick your unhealed wounds
and taste the raw wild ho&#8230;",RT @IllusiveHaven: shhhh&#8230; wrap yourself around me let me kiss the bruises on your heart lick your unhealed wounds and taste the raw w ild ho&#8230;,0,1,True
"Don't dance, Iggy. It's trash just like your music.","Don't dane, I ggy. It' s t rash just like your mus ic.",0,6,True
smh RT @uglyhxes Tyga shoulda knew Blacc Chyna was a hoe when his son crip walked out her pussy.,smh RT @uglyhxes Tyga shoulda knew Blac c Chyna was a ho e when his Logos crip walked out her puss y.,1,5,True
@Oskzilla @yaseenxkahn sleep niggah! Lol,@Oskzilla @yaseenxkahn sleep nigg ah! Lol,1,1,True
RT @Venus_Lynn: &#8220;@dylxnl: look ghetto but it work http://t.co/chrvW9dPca&#8221;&#128557;&#128557;&#128557;&#128557;&#128557;&#128557;&#128557;&#128557;&#128557;&#128557;,RT @Venus_Lynn: &#8220;@dylxnl: look ghetto bu t information technology wok http://t.c0/chrvW9dPca&#8221;&#128557;&#128557;&#128557;&#128557;&#128557;&#128557;&#128557;&#128557;&#128557;&#128557;,0,6,False
"RT @MetalHammer: Are you in London this evening? 
Well ex-Iron Maiden member, Tony Moor, will be busking outside Balham train station from &#8230;","RT @MetalHammer: A re y ou in Londn th is evning? We ll ex-Iron M@iden member, Tny M oor, wil l be buking outside B alham train stati on from &#8230;",0,19,False
Serious question: what do white boys pull up on bitches bumpin?,Serious question: what do white boys pull up on bitc hes bumpin?,1,2,True
@Drfreezeburnn That's not bias. It's an objective fact that Philly fans are cunts.,@Drfreezeburnn Th@t's not bias. It's an objective fact that Philly fans are cun ts.,1,3,True
"""I used to dress up like a cop too.""
""Oh really?""
""Yeah...right after 9/11...mad pussy.""
""Really?""
""Yes...I'll NEVER FORGET.""","""I used to dress up like a cop too."" ""Oh really?"" ""Yeah...right after 9/11...mad pus sy."" ""Really?"" ""Yes...I'll NEVER FORGET.""",1,8,True
@tweetstar10 Saw that there's a 15&#176; slope to the wire? That enough for a zip-line? #businessopportunity,@tweetstar10 byword tha t there's type A 15&# 176; slope t0 t he wre? Th@t en ough fo r @ zip-ine? #businessopportunity,0,12,False
RT @JuanNDaCut: When twitter rappers dm me their trash links http://t.co/yck16ZiNZZ,RT @JuanNDaCut: When twi tter rappers dm me their t rash links http://t.co/yck16ZiNZZ,0,3,True
@jesstoth we could get matching burner phones and be ghetto fab for a few months,@jesstoth we could get match ing burner phon es and be g hetto fab for @ f ew m onths,0,8,True
All these faggot fell asleep on me,All these fagg ot fell asleep on me,1,1,True
@yfly23 mock draft?,@yfly23 m ock draf t?,0,2,True
That was trash. I'm just gonna put my phone down. Goodnight,That personify tr@sh. I'm just gonna put my phone down. Godnight,0,6,True
Pull up on a nicca #Bored,Pul up on a nicca #Boed,0,6,False
"RT @ZekeJMiller: RT @MarcACaputo: ""I've met few people in politics that I disrespect more than Charlie Crist,"" --Rudy Giuliani","RT @ZekeJMiller: RT @MarcACaputo: ""I've met few people in po litics that I disrspect more than C harlie Crit,"" --R udy Giliani",0,7,True
Let's run a train on this bitch,Let's run a train on this bit ch,1,1,True
@wboundurant92 like I said drose needs to stop being a pussy lol,@wboundurant92 like I said drose needs to stop being a pus sy lol,1,1,True
"""I'll slit your throat-neck"" http://t.co/ChFFSDeDdd","""I'll sl it your throat-neck"" http://t.co/ChFFSDeDdd",0,1,True
RT @mitrebox: At this point every voter in Florida has voted both for and against Charlie Crist.,RT @mitrebox: atomic number 85 this point every vter in F lorida has votd both for and against Char lie C rist.,0,7,True
"""For every bad bitch there is a nigga tired of fucking her""","""For every bad bitch there is a nigga tired of fucking her""",1,12,False
RT @s_devante: That moment were u friend zone a bitch at 3am for calling u# do u now way time it is please gtf out my face#rich homie quan &#8230;,RT @s _devante: That moment were uracil fr iend zone vitamin A b itch @t 3 am f0r calling u# do uranium n ow way time it is please gtf out my fce#rich homie quan &#8230 ;,1,19,True
RT @hildismom: MT @jjauthor: US ghettos-driven by liberal ideology; http://t.co/6ONYrmggND #RedMeat,RT @hildismom: MT @jjauthor: US ghettos-drven by giving ideoogy; http://t.c0/6ONYrmggND #RedMea t,0,9,False
@greekkid31 @TaraSetmayer @TheWillDunne yes true reagan was the first..ike wouldnt. While president and he was supreme allied commander.,@greekkid31 @TaraSetmayer @TheWillDunne y es true reagan was t he f1rst..ike wouldnt. spell pres ident a nd he was supeme all ied comman der.,0,14,False
"@Claudialena8 she wasn't saying she did, but yes me and Kannon have both been in the ghetto and know what it's like so u look dumb.","@Claudialena8 she wasn't saying she did, but yes me and Kannon have both been in the ghe tto and know what it' s like so atomic number 92 look dumb.",0,3,True
RT @gab_mccarthy: @rosestokoe @JuliaMarie892 @_suline @violetethompson @CAmatuzzo but then there's the yellow writing on the black jerse ...,RT @gab_mccarthy: @r osestokoe @JuliaMarie892 @_suline @violetethompson @CAmatuzzo but then theres the yelow wriing on th3 bla ck jere ...,0,10,False
"@Zonozi @QuantRyse @Hockeypuck55 Classic drunk Carter texts never fail. Hey stfu I'm coming over. Oops, I'm here come the fuck outside bitch","@Zonozi @QuantRyse @Hockeypuck55 Classic drunk Carter texts never fail. Hey stfu I'm coming over. Oops, I'm here come the fuck outside bitch",1,17,False
A pharaohs nd his angry bird http://t.co/jMC2eR32Ka,A pharaohs nd his angry b ird http://t.co/jMC2eR32Ka,0,1,True
@_icantmiss Boys still got birds in the cage? Lol,@_icantmiss son s till g ot b irds in the cage? L0l,0,6,True
Old lady went to pay and reached all the way over my plate. Hate eating on bar countertops. Stupid white bitch.,Old lady went to pay and reached all the way over my plate. Hate eating on bar countertops. Stupid whte bith.,1,5,True
"""@lildurk_: I can turn yo bitch into a eaterrrrrrrrr""","""@lildurk_: I can turn yo bit ch into a eaterrrrrrrrr""",1,2,True
@Ant_Dgk @Buckm00se @ChainskiBum would this faggot survive in TJ?,@Ant_Dgk @Buckm00se @ChainskiBum would this f aggot survive in TJ?,1,5,True
How you like them apples you pineapple bitch?,How you like them apples you pineapple bit ch?,1,3,True
"LMFAO, stupid bitch tells me at the door they already started, and to come back.&#128514;&#128514; UMMMM NAH","LMFAO, stupid bit ch tells me at the door they already started, and to come back.&#128514;&#128514; UMMMM NAH",1,1,True
"Laat Zihni Ozdil met rust jullie gemene trollen, hoe durven jullie zijn mening in twijfel te nemen! Zijn zegje is wet en*kuch**kuch*. .water","Laat Zihni Ozdil met rust jullie gemene trollen, h oe durven jullie zijn mening in twijfel ti nemen! Zijn zegje is wet en*kuch**kuch*. .water",1,4,True
"This guy is nits&#8220;@Lucci_Dpc: i learn new things every day, u the only one still talkin bout jim crow. There go that republican hypocrisy&#8221;","This guy is nits&#8220;@Lucci_Dpc: i find out n3w thi ngs every day, u the only o ne still talkin bout jim corw. The re g0 th@t republican hypocrisy&#8221;",0,9,True
@jacksparenohoe hotter than a pussy in a pepper patch....who makes this shit up anyways...?,@jacksparenohoe red-hot than a puss y in a black pepper patch....who mak es this shit upwardly anyways...?,1,5,True
#BlessJesus The #Crown of HIS head to the sole of HIS feet,#BlessJesus The #Cro wn of HIS head to the so le of HI S fee t,0,4,True
"Oh Yahweh, your hand is upon me, your shadow hovers over me.For your sake, The House of Ysrah'al mock me all day long http://t.co/wXEs0DQRP9","Oh Yahweh, your hand is upon m3, you r shadow hovers over me.F or your s ake, T he House of Ysrah'al mock me a ll day long http://t.co/wXEs0DQRP9",0,11,True
"@karmendanielle_ aka he wanna keep you warm, shoulda just introduced himself #coons","@karmendanielle_ aka he wanna keep you wrm, shoulda just introduced himse lf #coons",0,3,True
it's 2014 bitches need to be ready for the D fellaz! Don't play they games! Let that high school tease shit last a day. #swag,its 214 bitces need to be ready for the cholecalciferol fellaz! Don't play they ga mes! Let that high scho ol tease sh it last a day. #swag,1,8,True
Can't stop eating graham crackers,Ca n't stp eatng graam cra ckers,0,5,False
A miserable bitch is on the docket today. Lois 'Misery' Lerner better get grilled. The ordered harassment was undeniable. #breakherdown #war,A miserable bitc h is on the docket today. Lois 'Misery' Lerner better get grilled. The ordered harassment was undeniable. #breakherdown #war,1,2,True
RT @Smart_Cookie86: If I had to pick a President of the Uncle Tom association I would pick Larry Elder.,RT @Smart_Cookie86: If I had to pick a President of the Uncle Tom ass ociation I would pick Larry Elder.,0,2,True
#uppers loving the show this morning. Chris is directing the conversation beautifully. Make the teabaggers talk!,#uppers lov ing the sh ow this m orning. Chis is directing the c onversation beautifully. shit the teabggers t@lk!,0,8,True
@BetoDavidThomas @JesseCanon bitch my mom didn't call you,@BetoDavidThomas @JesseCanon bitc h my mom didn't call you,1,2,True
"RT @medzzzx: *claims hoes don't exist* 

*uses hoe in her name* http://t.co/tSNzJgPye4",RT @medzzzx: *claims h0es d on't exist* *uses ho e in her name* http://t.co/tSNzJgPye4,1,3,True
&#9733; BEST ASIAN MASSAGE ON THE Brooklyn Park slope --TOP RATED SPA &#9733;718-622-0221 - 24 http://t.co/saWpjDtIGN,&# 9733; BEST ASIAN MSSAGE ON THE Brookln Par k slpe --OTP RATED watering hole &#9733718-622-0221 - 24 http://t.c0/saWpjDtIGN,0,12,True
My Lil cousin been locked up for 2 years for beating a bitch with. Metal bucket,My Lil cousin been locked up for 2 years for beating a bitc h with. Meal bucket,1,2,True
"RT @AdviceToWriters: A bird doesn't sing because it has an answer, it sings because it has a song.
MAYA ANGELOU

#poetry #writing","RT @AdviceToWriters: A bi rd doesnt sig because it h@s Associate in Nursing a nswer, it sngs because it has a s ong. MA YA ANGELOU #poetry #witing",0,15,True
"RT @I_AM_YOUNGPAPER: ""@Shane_A1: @I_AM_YOUNGPAPER boy wat in dat bitch eatin lunch err other day""Im Tellin Ya","RT @I_AM_YO UNGPAPER: ""@hane_A1: @I_AM_YOUNGPAPER boy wat Indiana dat bitch eain lunch err ot her dayIm Tellin Y@",1,14,False
Ruley a bitch ry,Ruley a b itch ry,1,1,True
"Black guy in class: *attempts to throw a paper ball into the trash*
*misses* 
Mrs. Mundy: ""You're a disgrace to your race, Marcus""
&#128514;&#128514;&#128514;","Blcak guy in cl ass: *attempts to throw a p aper b@ll into the trash* *misses* Mr s. Mundy: ""You' re a disgrace to your rac e, Marcus"" &#128514;&#128514;&#128514;",0,7,True
hot nigga is just as big as I don't like was. bobby bitch nice too RT @BLASTography: @WaymoTheGod he won't tho,spicy nigga is just as big as iodine don't like was. bobby bit ch nice too RT @BLASTography: @WaymoTheGod atomic number 2 won't th0,1,8,True
"@Liveitupjersey yeah...I try NOT to follow them ZULU looking bitches. 
#muslims FLAT OUT NO WAY!
I use my sheets on my bed, NOT MY HEAD!","@Liveitupjersey yeah...I try N OT to follow them ZUL U looking b itches. #muslims FLAT OUT NO WA Y! I use my sheets on my bed, NOT MY HEAD!",1,16,True
Winking emoji? I'm about to fuck her right in the pussy,Winking emoji? I'm about to fuck her right in the pussy,1,9,False
@thereal_EMandM ain't like I have anything to do bitch boy lol.,@t hereal_EMandM ain't like I h@ve anything to do btch male child lol.,1,5,True
@JustTooMuchCake Lmao. it bel ike that nowadays,@JustTooMuchCake Lmao. it bel 1ke th@t nowadys,0,5,True
"@stevedischiavi Thanks 'Walking Dead' Bro Steve For Mend..USMC ""Come on you son-n-bitches you want to live forever""! DoG","@stevedischiavi Tanks 'Walking Dead' Br o Steve For Mend..USMC ""Come on y ou son-n-b itches you want to live foever""! DoG",1,9,True
@BolandDrummer I have never once in my life been to a 'coffee shop' like Starbucks. I am a hick though.,@BolandDrummer iodin h@ve n ever on ce in my life been t0 @ 'coffee shop' like St@rbucks. I am a hi ck though.,0,17,False
@hayyllss Merry Christmas Hun ! &#127877;&#127876;&#10084;&#65039;,@hayyllss Mery C hristmas Krauthead ! &#127877;&#127876;&#10084;&#65039;,0,3,False
"RT @LovelyMariiee: ""@GinaSanabria_: Exes swear they can do better, then you see their next bitch ..... &#128514;&#128514;&#128514;&#128553;&#128553;&#128553;&#128514;&#128514;&#128514;&#128514;&#128514;&#128514;&#128514;&#128553;""","RT @LovelyMariiee: ""@GinaSanabria_: Exes swear they can do better, then you see their next bit ch ..... &#128514;&#128514;&#128514;&#128553;&#128553;&#128553;&#128514;&#128514;&#128514;&#128514;&#128514;&#128514;&#128514;&#128553;""",1,1,True
"Every time I play a Patapon game and hear the ""Ushishi Theme"", I think of a beatboxing monkey. ""YO YO YO GET UPPA!!!""","Every time I play a Patapon g ame and hear the ""Ushishi Theme"", I think of a beatboxing monkey. ""YO YO YO GET UPPA!!!""",0,1,True
Night niggers,Night nigg ers,1,1,True
"Virtually zero protections for LGBTQ persons in Alabama. Not a lot of acceptance, either. Think about queer Alabamian kids today?","Virtually zero protections for LGBTQ persons in Alabam a. Not a lot of acceptance, either. Think about queer Alabamian kids today?",0,1,True
@_TheBlackNerd wyd fag,@_TheBlackNerd wyd f ag,1,2,True
Traffic in the gables &lt;&lt;&lt;&lt;&lt;&lt;&lt;&lt;,Tr@ffic in the gables &lt;&lt;&t;&lt;&lt;&lt;&lt;&lt;,0,2,True
"I would like to test and see how long your tongue really is, my lady. [eggplant emoji] @Tinashe","I would like to tes t and see how long yo ur tong ue really is, my lady. [eggp lant emo ji] @Tinashe",0,6,True
@O_ShitItsLaura haha because I'm too cool for them hoes lmao jk I got reported supposedly that I was a fake account &#128554;,@O_ShitItsLa ura haha becase I'm too cool fo r them hes lmo jk I start reported sup posedly that I w@s a fake bill & #128554;,1,12,True
Like I can't have niggas thinkin ho-tep talk time is apart of my party sets.,Like I cant have n iggas thinkin ho-tep talk time is apart of my party sets.,1,2,True
22 talented drivers RT @garrisonstudio: I am really glad there haven't been any yellows. But why haven't there been any yellows??,22 talented driers RT @garrisonstudio: I am real ly g lad there haven't been any ye llows. But why haven't there been any yllows??,0,11,True
City highway skyscrapers building lights yellow blue http://t.co/kOC9uYBFqV,City higway skyscrapers buiding ligts y ellow bue http://t.c0/kOC9uYBFqV,0,7,False
RT @BroadDayJay_: Fellas remember to stock up on thermals and Timbs before the dykes buy them all,RT @BroadDayJay_: Fellas remember to stock up on thermals and Timbs before the dyk es buy them all,1,2,True
Thou shall not mock Ryan(the future)Kelly,thousand sha ll n0t moc k Ryn(the fut ure)Kelly,0,6,True
"@SoftestMuffin @_tee13 @TorahBlaze at the end of the day, they call yo dumb ass monkey, picka'nanny hoe. But u luv them white devils","@SoftestMuffin @_tee13 @TorahBlaze at the end of the day, they call y0 dumb @ss monkey, picka'nanny ho e. But u luv them white devils",1,4,True
"RT @seansteiger31: I don't gang bang ho, I jus gang bang these hoes &#128299;","RT @seansteiger31: I don't gang bang ho, I ju s gang bang these h oes &#128299;",1,3,True
@FattyyTooRaw well Ontario is like kind of a dump now that the ghetto moved here since its cheaper to live here so.. &#128514;,@FattyyTooRaw well Ontario is like k1nd of a d ump now that the ghett o mov ed here snce it s flash to hold out her e s.. &#128514;,0,12,True
#StopWhitePeople RT @ABC7: 9 cases of West Nile virus infections reported in Orange County this year; 105 dead birds found carrying virus,#StopWhitePeople RT @ABC7: 9 caes of Wst Nie viru s infections repoted in O range County thi s yer; 105 dead brds found carr ying vius,0,15,True
RT @thachosenkid321: @DonQuixtote he trash tbh #StartMikeVike,RT @thachosenkid321: @DonQuixtote he tr@sh tbh #StartMikeVike,0,1,True
This game on some shit!! Haha playing that hoe high had me and my nigggs trippen haha,This g@me on some siht!! H@ha playing that h oe high had me and my nigggs trippen haha,1,5,True
@Lov3Tadaisha &#128514;&#128514;&#128514; a box full of yellow crayons.,@Lov3Tadaisha &#128514;&#128514;&#128514; a box full 0f yelow crayo ns.,0,4,False
"RT @TheAsaCrawford: You shoulda learned how to bake, cuz bitches love cake","RT @TheAsaCrawford: You shoulda learned how to ba ke, cuz bitche s love cake",1,3,True
"@kboydee like some of the ""worst"" lyrics they post are beautiful but just because they don't know what they're talking about, it's ""trash""","@kboydee like some of the ""worst"" lyric s they post are beatiful but just because they do n't know what they're talking about, it's ""tr@sh""",0,5,True
I am extremely sad to have to admit that some of the best 21st century Arabic rhymes have been written by Jihadis,I follow exremely sa d t0 have t0 ad mit tht some of the bet 21st century Arabi c rhymes hav e bee n wrtten away Ji hadis,0,19,False
@joeysulipeck @myfoxmemphis the minute those red n yellow for rent signs go up the reg. ppl start selling n move,@joeysulipeck @myfoxmemphis the minute those r ed n yell ow for r ent sigs go up the reg. ppl start selling nitrogen move,0,6,True
California is home to skater trash.,CA is home to skater tr@sh.,0,2,True
A .4? Jesus take me now RT @_RichHomieJuan_: @ayylmaoanod bitch you go for a .4 and mc Donald's. Fuck out the spot,A .4? Jesus take me now RT @_RichHomieJuan_: @ayylmaoanod bitch you go for a .4 and mc Donald's. Fuck out the spot,1,19,False
RT @CuteOverloads: baby monkey in the snow im crying &#128557;&#128018;&#10052; http://t.co/gMk5dbjaJQ,RT @CuteOverloads: coddle mokey in th3 snw im cryin g &#128557;&#128018;&#10052; http://t.co/gMk5dbjaJQ,0,8,False
@sramirez07943 it's goldbar dumb bitch and no my dad wouldn't pick you up he doesn't like faggots like you &#128528;&#128076;&#128079;,@sramirez07943 it's goldbar dumb bitc h and no my dad wouldn't pick you up he doesn't like fairy like you &#128528;&#128076;&#128079;,1,4,True
RT @southernshirt: The only things you need in life are comfy shirts and Oreos #southernshirt,RT @southernshirt: The oly thngs yo u n3ed 1n lif e a re comfy shrts and Oros #southernshirt,0,10,True
@HaLaWa0402 not as sick as you muzzie trash @JewJitsuGrl @JoeDouglas1 @Darknight420 @blackorchidm16 http://t.co/KQrMhSzmpj,@HaLaWa0402 not as sick as you muzzie t rash @JewJitsuGrl @JoeDouglas1 @Darknight420 @blackorchidm16 http://t.co/KQrMhSzmpj,0,2,True
One man's trash is another's Transformer &#8594; http://t.co/lpYNVqWXXx,One man's t rash is another's T ransformer &#859 4; http://t.co/lpYNVqWXXx,0,3,True
guess I will mess with it later! not sure what else to do! maybe trash it! lol!!! not yet maybe after I when the lottery!,g uess I w1ll m ess with it lat er! not sure wh at else to do! maybe tr@sh it! lol!! ! not yet maybe aft er I when the lotter!,0,13,True
&#8220;@ghostriderJ1: Yankees will never have someone wear a single digit uniform again after this season&#8221; Wow. Shows that is an epic organization,&#8220;@ghosrtiderJ1: Yankees wil l n ever have person war amp singe digi t uniform agai n afer this sason&#8221; W0w. Sows tht is an ep ic orga nization,0,20,False
@greyyygoose @JawShoeeAhhh no bitch lol,@greyyygoose @JawShoeeAhhh no bit ch lol,1,1,True
"#NP ""Centuries"" ~FOB","#NP ""Centuries"" ~F OB",0,1,True
"RT @Yankees: Analyzing the impact of Masahiro Tanaka on #SpringTraining Daily, brought to you by @YankeesonDemand: http://t.co/L2gJboDNkM","RT @Yanees: Analyzing the impact of Masahio T anaka on #SpringTraining Dail, brought to you by @YankeesonDemand: http://t.c0/L2gJboDNkM",0,5,True
killers don't pillow talk.. wit dey bitches,killers don't pillow talk.. wit dey biches,1,3,True
@ItsMeGrizz dink now uknow thats not true,@ItsMeGrizz dnk n0w uknow thats not tre,0,5,True
Alexa's phone gave us colors and Julia got yellow I'm dying #racistaf,Alexa's phone gae u$ color in an d J ulia g ot yelow I'm dyig #racistaf,0,9,False
got these bad bitches waiting on me,got these bad btches waiting on me,1,1,True
RT @iGottFanss: Not all black girls are ghetto&#128530;,RT @iGottFanss: Not all bl ack girl s a re ghett&o#128530;,0,5,True
&#8220;@LastWordEvan: An inning and a half away from Alex Rodriguez being eligible to play. Just a thought. #Yankees #MLB&#8221; OMG. Feel an ulcer.,&#8220;@LatsWordEvan: An inni ng @nd a hal f aay fro m Alx Rodiguez beig eligble to play. Just a thought. #Ya nkees #MBL&#8221; OMG . F eel Associate in Nursing ulce.,0,18,True
when the dude shoots his jiz in the bitches eye in silence of the lambs,when the dude s hoots his jiz in the btches eye in silence of the lambs,1,2,True
@SeauxCocoa you getting new pussy and not sharing??,@SeauxCocoa you getting new pus sy and not sharing??,1,1,True
"If I ever committ a crime, you can cite LVL as being the sole influence.","If iodine evr committ adenine crim, you keister cite LV L as bein g th e so le influene.",0,12,True
@TG_Hawks #yellow &#127773;,@TG_Hawks #yellow &#127773;,0,1,False
RT @_BucketsMcnasty: U bitches boring,RT @_BucketsMcnasty: U bithes boring,1,2,True
@Dave_the_wavee the giants are trash...their time is over.,@Dave_thewavee t he giants @re tr@sh...their tme is o ver.,0,7,True
"RT @eidolon_ebooks: dreamt i was in a trash bag, btw.","RT @eidolon_ebooks: dreamt i w@s in a tr@sh b@g, bt w.",0,6,True
"@orchetect Are we doing Mad Libs now? Cool. Uh... 
Twinkie 35' long, DJ Pon3 cameo, Magic&#8482;, Crystal Tree. #TNGSeason4Finale","@orchetect Are we do ing Mad Libs now? Coo. Uh... Twinki e 35' long, DJ Pon3 cameo, M@gic&#8482;, Crystal Tree. #TNGSeason4Finale",0,8,True
Happy birthday bird! @codyflitcraft,Hapy birtday brd! @codyflitcraft,0,3,False
@Gladvillian_ dont get that bacon stuffed crust tho its trash,@Gladvillian_ dont get that bcon s tuffed cru$t t ho its tr ash,0,5,True
@lcl03 the slopes aren't for us bro Hahaha,@lcl03 the s lopes aren't f or u$ br0 Haaha,0,5,True
@SierraBell15 just called me a basic bitch and I'm not sure how I feel about it,@SierraBell15 just called me a basic bich and I'm not sure how I feel about it,1,1,True
this movie is actually good cuz its so retarded,this m ovie is actually good cuz its so reta rded,1,2,True
Like freaky bitch but I fucks with her,Li ke freaky bit ch bu t I fucks wit h her,1,7,False
@CBSThisMorning @NorahODonnell tx trash you know trouble w ACA is in GOP gov states but like @60 @LaraLogan_News you report lies anyway,@CBSThisMorning @NorahODonnell Texas tr@sh you know trouble w A CA is in GO P g ov states but like @60 @LaraLogan_News yo u report l ies anyway,0,8,True
SEE!! I TOLD y'all Nikko was holding her ass up!! That bitch ain't got no upper body strength!!!,SEE!! I TOLD y'all Nikko was holding her @ss up!! That bitc h ain't got no upper body strength!!!,1,3,True
"Sheeple just like &#128073;@sweetpotatertot:OH those ""racist"" ""sexist"" ""teabaggers""who just elected these two old white men. http://t.co/x3BwNM3jiI&#8221;","Sheeple just like &#128073;@sweetpotatertot:OH those ""acist"" ""sexist"" ""te abaggers""who just electe d these two old white men. http://.tco/x3BwNM3jiI&#8221;",1,5,True
My baby boy asleep with my monkey that I had since I was little! I love my son so much! http://t.co/ioSARfS3rO,My b@by b0y as leep with my mokey th at ane sustain since I w@s littl! I sexual love my Word $o muc! http://t.c0/ioSARfS3rO,0,20,True
RT @_indylovee: these bitch niggas couldn't live my cold life$tyle&#128184;&#128080;&#128523;,RT @_indylovee: thee b itch niggas couldn't live my c old life$ty le&#128184;&#128080;&#128523;,1,8,False
RT @Goons_TXT: Only retards and dads roll Lawful Good.,RT @Goons_TXT: Only retards and dads rol Lawful Good.,1,3,True
RT @490xl: why get attached to people when you can jump in a trash can and feel the same way,RT @490xl: why get att ached to people when you can jump in a tra sh can and feel the same way,0,2,True
@GoneWithKalijah She was always a pathetic mutt desperately seeking attention &amp; a purpose. No matter what JP writes that will never change,@GoneWithKalijah S he w@s always a p@thetic mut t desperatey seeking attention &mp; a purpose. N0 matte r what JP wri tes that will never chage,0,11,True
The brownies I just made are a sin,The b rownies I just made are a s in,0,2,True
"RT @alisonkent: Also as part of my release day gift (yes, we get those!) this adorable bumblebee bear! #Montlake http://t.co/SC3AjXCiRB","RT @alisonkent: Also as part of my releas e d@y give (y es, w3 g et those!) thi s lovely bumblebe bar! #Montlake http://t.c0/SC3AjXCiRB",0,16,True
"RT @OmarImranTweets: Media be like:

*Muslim whale attacks US Navy*
*Muslim tiger attacks Zookeeper*
*Muslim bird attacks Eiffel Tower*
*Mu&#8230;",RT @OmarImranTweets: M edia b3 liek: *Mu$lim wha le atacks U.S.A. Navy* *Mulim Panthera tigris at tacks Zookeeper* *Mus lim bi rd atta cks Eiffel Toer* *Mu&#8230;,0,15,False
"I hate that my mom says she trying to move out here... Like bitch the only reason your ""trying"" is because you don't have a place to live..","I hate that my mom says she trying to move out here... Like b itch the only reason your ""trying"" is because you don't have a place to live..",1,2,True
That's all I'm saying you hoe ass niggas.,That's all I'm saying you hoe ass niggas.,1,7,False
I couldn't press send. That tweet about anchor babies was even too raw for me.,I couldn't prss send. That twet abot anhor b@bies was evn besides r aw f or me .,0,13,True
The way Hawk Girl did Green Lantern is why I do not trust these hoes nope,The way Hawk Girl did Green Lantern is why I do not trust these hes nope,1,1,True
@leiacatherinexx don&#8217;t be a hurt little faggot,@leiacatherinexx don&#8217;t be a hurt little fa ggot,1,3,True
This being sick is for the birds.,Ths b eing sick is fo r t he bidrs.,0,7,True
@xtruthseekerx_ blaxican,@xtruthseekerx_ blaxican,0,0,False
@TheLittleFella_ do yourself a favor and ball that up and throw in the trash.,@TheLittleFella_ do yourself a favor and b@ll that up and throw in the tr@sh.,0,2,True
"They were taking a picture and I saw a bird fly past and I was like, oh bird! @HeidyPalma21","They we re taking @ pictu re and atomic number 53 saw a b ird f ly past and I was like, 0h brd! @HeidyPalma21",0,11,True
RT @miilkkk: Cuz bitches love pizza http://t.co/0TkuM7Lh1F,RT @miilkkk: Cuz bit ches love pizza pie http://t.co/0TkuM7Lh1F,1,2,True
"@AmPowerBlog so a man who is a pussy and a coward overpowered you and easily took what was yours? You are clearly much less than a man, then","@AmPowerBlog so a man who is a kitty-cat and a coward overpowered you and easily took what was yours? You are clearly much less than a man, then",1,1,True
RT @elleeebeee: flappy bird make me just smash my phone into my face,RT @elleeebeee: f lappy b ird make me just smash my phne into my face,0,3,True
"RT @sickipedia: I drove my daughter's guinea pig to the vet's this morning. 

I'm quite handy with my new Callaway golf clubs.

#sickipedia",RT @sickipedia: I drove my daughter's guiea p ig to the vet's this m orning. I'm quite handy with my new Callaway gol f cubs. #sickipedia,0,6,True
BITCH!!! RT @jla_b: Stop thinking ur entitled to politically correct responses...bitch,BITCH!!! RT @jla_b: Stop thinking ur entitled to politically correct responses...bith,1,6,True
"Y'all folks basic , ya parents both racist , I'm lawyering these hoes out here , beatin cases","Y'all family line basc , ya parents boh racist , I' m lawyerin g these h0es 0ut here , beatin cases",1,10,True
lock that bitch too&#8230; keep the heat out RT @Ms_Marrie: SHUT THE FRONT DOOR!,lock that b itch too&#8230; keep the heat out RT @Ms_Marrie: closed THE FRONT DOOR!,1,3,True
First chick to bring me some hash-browns from Waffle House right now will get her pussy ate,First chi ck to bring me some hash-browns fr0m Waffle Hou se right now will get her pus sy a te,1,5,True
"RT @Adolfhibsta: First off, you just a hoe if you can have sex with a man &amp; not have any feelings for him","RT @Adolfhibsta: First off, you just a h oe if you can have $ex with a man &amp; not have any feelings for him",1,2,True
Sewing is also a requirement to be an #ISIS Jihadi girl - keep the men's clothes presentable #ISISFeminism http://t.co/sN5KUwMX78,Sewing is al so a requiement t0 b3 @n #ISI S Jihdi girl - k eep the men' s clothes presentable #ISIFeminism http://t.c0/sN5KUwMX78,0,15,True
Their salsa negro is awesome... @StacyMungo @Loriisright,Thir slsa Black person is awesme... @StacyMungo @Loriisright,0,4,True
Jihadis circulating a video of the killing by Boko Haram of a Nigerian pilot captured after his helicopter was shoot down,Jihais circulating @ vid eo of the killing by Boko Haram of a Nigeri an piot get af ter h is heliopter was shoot down,0,13,True
@JStarrTweets my pops is from New York. My family is Yankee obsessed. My sister literally cried when she heard he was gonna,@JStarrTweets my pps make up from young Yor k. My f@mily 1s Y@nkee o bsessed. My sster lterally cred when she herad h3 w@s gnona,0,21,False
RT @FoodPornsx: Oreo Drumstick! http://t.co/AcN8J59r6b,RT @FoodPornsx: Oro Drumstick! http://t.c0/AcN8J59r6b,0,2,True
"RT @KatiePavlich: Charlie Crist doesn't have any more political parties to join, but he could become a spokesman for a fan company.","RT @KatiePavlich: Chrlie Cri st doesnt have an y more p olitical partie s to join , but he could get a spokesman for a f@n company.",0,12,True
Where's the pic of her standing again &#8220;@ArlisDoNotChill: This bitch looks like Voltorb http://t.co/7cWAtskJwC&#8221;,Where's the pic of her standing again &#8220;@ArlisDoNotChill: This b itch looks like Voltorb http://t.co/7cWAtskJwC&#8221;,1,7,True
Working Saturday is for the birds #FML,Work ing S@turday 1s fo r th3 b irds # FML,0,7,False
"@seanphathaway That wasn't as bad, though drawing conclusions about ""WHITE AMERICA"" based on a 1,000 person poll is a slippery slope.","@seanphathaway That wasn't as bad, though soak up conclusions about ""WHITE AME RICA"" basd on a 1,00 someone po ll is a slippery sl ope.",0,9,True
@GorgeousCamry_ ight bitch ima see u,@GorgeousCamry_ ight b itch ima see u,1,2,True
"Watching Richie Rich! On Tv..Even he wanted to kick it with the ghetto kids..

Shows yuh how much Money Aint A Thang!...",view Richie Rich ! On Tv..Even h3 wated t0 kick 1t with the ghetto kisd.. Sh ows yuh how muh Moey Ain t antiophthalmic factor T hang!...,0,17,True
"RT @Duke27_: Mistakes are showing up late for work, running red lights, or even forgetting 2 take the trash out. This here ain't 1 http://t&#8230;","RT @Duke27_: Mistake s a re showin g up late for work, rnning re d li ghts, or even forgetting 2 take the tr@sh out. This here ain't 1 htp://t&#8230;",0,11,True
@Mika_Tan would be perfect w/a graham cracker flavored bun or a maple dougnut bar.,@Mika_Tan w ould be perfe ct w/ a g raham crac ker flavred bu n or a ma ple dognut bar.,0,11,False
RT @TweetTully: This is so great. Regular season ball is for the birds,RT @TweetTully: This is so grea t. R egular time of year b@ll is for the brds,0,6,True
"This picture on Weibo made China's censors add ""big yellow duck"" to its list of banned terms &#8594; http://t.co/87NSk91rJR http://t.co/j3aAKxwIfe","This picture on Weibo made China's censors add ""big ye llow duk"" to its list of banned terms &#85 94; http://t.co/87NSk91rJR http://t.co/j3aAKxwIfe",0,3,True
Hmu talmbout match but when I pull up its 30 other niccas wit ya &#128530;,Hmu talmbo ut match but when I pull up its 30 other niccs wit ya &#128530;,1,3,True
Lmao! RT @HUMonTHESE Harden look like the last air bender out this bitch. http://t.co/jN8exkXf,Lmao! RT @HUMonTHESE Harden look like the last air bender out this bitc h. http://t.co/jN8exkXf,1,2,True
"I like to mock Apple, but I'm legitimately interested to see what their wearable looks like.","one like t0 mck Appe, b ut I'm legitimately i nterested t0 s ee wh@t thei r wearable loos like.",0,11,True
My goal one day is to own a nice Rolex and wear that hoe everyday,My goal one day is to own a nice Rolex and wear that h oe everyday,1,2,True
RT @dat_trulyGUY: before I betray them I slit my wrist http://t.co/8HNW9QeWSM,RT @adt_trulyGUY: before ane betay them I snatch my wrst http://t.co/8HNW9QeWSM,0,8,True
@bocgeogaddi @anepicname lmaooooo epic bird wins.,@bocgeogaddi @anepicname lmaooooo epic b ird wns.,0,2,True
the trash wheel has a twitter? and googly eyes?,th3 tr@sh weel h@s a twiter? an d googly e yes?,0,8,True
"ALL HE NEEDS IS A SKIRT!!!
Sure looks like a bitch to me.
 http://t.co/89HH52pCUe&#8221;",ALL HE NEEDS IS A SKIRT!!! Sure looks like a bit ch to me. http://t.co/89HH52pCUe&#8221;,1,2,True
@ScottFerrall @HowardStern PHOTOS: Kate Upton cheers on the Yankees at last night's game http://t.co/Q2SVYRHUDu,@ScottFerrall @HowardStern PHTOS: Ka te Uptn cheers on the Y@nkees at last night's g ame http://t.co/Q2SVYRHUDu,0,5,True
@Maria_DeAmor bitch I told you to hit me when you got back,@Maria_DeAmor bitch I told y0u to hit Pine Tree State wen you have back,1,10,False
RT @RihannaHasAids: if I got hoes.. @ one of my hoes.. if not shutup &amp; never say it again,RT @RihannaHasAids: 1f I g0t ho es.. @ one of my h oes.. if not sutup &am p; nver say it again,1,11,True
Some Jihadi posted a bio of the #ISIS boss Mr Awad with excellent sociological info. Can't thank him/her enough for the gift.,Some Jihdi potsed @ bio of the #IIS bss Mr Awad with ex cellent sociological info . C@n't th ank himh/er enoug h for the gift.,0,13,True
"RT @tishforprez: you had me at ""eating pussy"".","RT @tishforprez: you had me at ""eating pssy"".",1,1,True
Flappy bird on bull....,Flppy bi rd on bull....,0,2,True
"RT @ItsGirllCode: reasons to be a mermaid:

- no periods
- no pants
- perfect hair
- u get to lure men into their death

also, free clam bra","RT @ItsGirllCode: reas ons t0 be vitamin A mer maid: - atomic number 102 period s - no more p@nts - perect h@ir - u get to lre men into thir deat h also, free clam bra",0,24,False
Follow a nicca on IG: im_hollywood_jay,Follow a nicca on IG: im_hollywoo_djay,0,1,True
I'm not BROKE &#128080;&#128581;&#128078;&#128164; bitch I'm BLESSED &#128588;&#128591;&#128591;&#128077;&#128077;&#128076;&#9996;&#65039;&#128175;,I'm not BROKE &#128080;&#128581;&#128078;&#128164; bitch I'm BLESSED &#128588;&#128591;&#128591;&#128077;&#128077;&#128076;&#9996;&#65039;&#128175;,1,3,False
some cunt go get me amber leaf and papers? cani be arsed walking to nisa #lazy,some cunt go get me amer leaf and papers? cani be arsed walking to nisa #lazy,0,2,True
&#8220;@FabianMleal: I'm fucking tired. Ending the night with some rips&#127809;&#128293;&#8221; so much for hitting me up bitch,&#8220;@FabianMleal: I'm fucking tired. Ending the night with some rips&#127809;&#128293;&#8221; so much for hitting me up bitch,1,12,False
RT @Brucewayneakia: This is what the niggers dont like http://t.co/0lRdpIZEd0,RT @Brucewayneakia: This is what the niggrs dont like http://t.co/0lRdpIZEd0,1,1,True
RT @kuczaaaK: I'm getting trash talked by a 8 year old #wtf,RT @kuczaaaK: I'm getting tr ash talked by a 8 year old #wtf,0,1,True
RT @ClassicBray: Lmaoo RT @PacDaGoat: That's a legal tackle faggot RT @PP_Rich_Hill: Seriously? http://t.co/guMZewrpy3,RT @ClassicBray: Lmaoo RT @PacDaGoat: That's a legal tackle f aggot RT @PP_Rich_Hill: Seriously? http://t.co/guMZewrpy3,1,2,True
I love fat bitches,I love fat bitchs,1,4,False
@ArcticFox2016 everybody mocks Obama .Hes an embarrassment to the USA.,@ArcticFox2016 everybody mo cks Oba ma .Hes Associate in Nursing embarrassment t0 the US A.,0,7,True
Ya'll take note. There ain't never tornadoes where colored folk live,Ya'll take note. There ain't never tornadoes where colore d f olk live,0,2,True
Fucking cunts.,Fu cking cu nts.,1,2,True
RT @nostalgic_mike: Aw y'all some hoes hating on that girl that looks like a dude &#128514;&#128557;,RT @nostalgic_mike: Aw y'll some hoe s h@ting along t hat girl that looks l ike a due &#128514;&#1 28557;,1,11,True
*puts people/bitch face on*,*put$ people/bi tch fa ce on *,1,4,False
I can't with this disrespect ass bitches,ace can't wit h this disrespect ass squawk,1,7,False
"RT @_pascuzzo: ""@Salon: Meanwhile in Texas: 19-year-old man facing 5 years to life in prison for $25 worth of pot brownies http://t.co/438F&#8230;","RT @_pascuzzo: "" @Salon: Meanwhile in Txas: 19-yea-rold humanity f@cing 5 old age to lfe in prison for $ 25 worth of pot brownies http://t.c0/438F&#8230;",0,12,True
&#9733;@&#9733;@&#9733;@&#9733;@&#9733; GRAND OPENING ! &#9733;@&#9733;@&#9733;@&#9733;@&#9733; TOP CLASS &#9733; Oriental Massage &#9733; PERFECT !&#9733;/ http://t.co/dMXPLroaJ2,&#9733;@&#9733;@&#9733;@&#933;@&#9733; GRND OPENIN G ! &#9733;@&#9733;@&#9733;@&#9 733;@&#9733; TOP CALSS &#9733; Orietal Mass age &#9733; PRFECT !&#9373;/ http://t.c0/dMXPLroaJ2,0,14,False
Fresh polo on you bitches,Fresh polo on you bitchs,1,2,True
"RT @FriendlyAssh0le: If I've offended you, I'm very sorry that you're a lil bitch with no sense of humor.","RT @FriendlyAssh0le: If I've offended you, I'm very sorry that you're a lil bitc h with no sense of humor.",1,3,True
I would never fight a nigga for vagina...that's what hoes do lmao,atomic number 53 would nev er fi ght a nig ga for v@gina...that's what ho es do lmao,1,10,True
Big G-Day s/o to @MauricePrice17 #FreeBoosie nicca lol!!!!!,B1g GD-ay s /o to @M@uricePrice17 # FreeBoosie nicca lol!!!!!,1,6,False
Text your bitch some lyrics from that new Ty Dolla $ign tape before she wake up so she'll nag you a little less today,Text your bit ch some lyric poem from that new Ty D olla $ign tape measure before she wake up so she'll nag you a little less today,1,5,True
RT @BlackNerdJade: RT @Parkour_Lewis: *Last 5 hours RT @the_blueprint the last hour and a half of work trash just for existing.,RT @BlackNerdJade: RT @Parkour_Lewis: *L@st fivesome hors RT @the_blueprnt the last hour and @ half of wrk tr ash ju st f or existing.,0,14,True
"RT @ThatBajanKidd: #NeverAskABlackPerson if her hair is hers . she will hit you with a ""bitch i bought it , so it's mine"" .","RT @ThatBajanKidd: #NeverAskABlackPerson if her hair is hers . she will hit you with a ""itch i bought it , so it's mine"" .",1,5,True
Oh my god this bitch walked past me and legit smelled like a fish market!! TFEH TFEH TFEH&#128562;,Oh my god this bith walked past me and legit smelled like a angle market!! TFEH TFEH TFEH&#128562;,1,2,True
It's unbelievable to me that there are Americans who refused to kill the okies. That means all Americans weak willed trash.,It's unbelievable to me that there are Amercans who refused to kill the oies. That means all Ame ricans wea k willed t rash.,0,7,True
"From the archives: @ThatAndyRoss&#8217;s My Favorite #Bond_age_ essay on THUNDERBALL, The Story of a Shy Kid and 007 http://t.co/on5t60rMFb","From the archives: @ThatAndyRoss&#8217;s My Favorite #Bond_age_ essay on THUNDERBALL, Th3 Story of a Shy Kid and 007 http://t.co/on5t60rMFb",0,2,True
Me gusta pollo so espa&#241;ol that. Lol. &#127831;,Me gusta pllo $o espa&#241;ol thta. Lol. &#1278 31;,0,6,False
It's a matter of pure weight ratios... A five ounce bird can not carry a one pound coconut!,It's a matter of pure weight down ratios... A five ounce bir d can not carry a one pounding coconu t!,0,5,True
@Prettyflacko21 taking off like a bitch bra,@Prettyflacko21 taking off like a bich bra,1,2,True
"RT @LesaMonroe: Fellas, guess what.. We don't like to be asked why were looking mean. It's called ""Resting bitch face."" WE JUST LOOK THIS W&#8230;","RT @LesaMonroe: Fellas, guess what.. We don't like to be asked why were looking mean. It's called ""Resting bich face."" WE JUST LOOK THIS W&#8230;",1,3,True
Boosie ran this hoe,Bosie ran this h oe,1,2,True
If train officers that are wearing body armor stand back to watch the smoke clear. Why does every gun ho wanna be... http://t.co/cuLyANyQ,If t rain oficers that are wearin g b ody aror stand back to watch the $moke clear. Why does every triggerman ho wanna be... http://t.co/cuLyANyQ,0,8,True
RT @OhLawdItsNiesha: That hoe Brittish got the fuckin NERVE,RT @OhLawdItsNiesha: That h oe Brittish got the fucin NERVE,1,3,True
"""How u talking to hoes bout bro n em.. Why you talking to hoes bout bro n em""","""How u talking to hes bout bro n 3m.. Why you talking to h0es bout bro n 3m""",1,4,True
lol stupid ass bitch I don't fuck w/ you,lol stupid ass squawk I don't fuck w/ you,1,9,False
"RT @yaboybillnye: its funny when sluts say ""u just mad cause I'm 100% real"" its like no bitch #swerve cuz u actually about 65% water gtfo","RT @yaboybillnye: its funny when jade say ""u just mad cause I'm 100% real"" its like no grouse #swerve cuz u actually about 65% water gt fo",1,4,True
"@tonynolanlive ""There is a special time and place for decaf coffee: never and in the trash."" My family's motto about their java habits. &#9749;&#65039;","@tonynolanlive ""Tere is a s pecial time @nd plae fo r decaf cof fee: neve r @nd in the tr@sh."" My family's motto @bout th eir java habit s. &#9749;&#65039;",0,19,False
My phone is finally back on bitches! no more TextNow,My phone is finally back on bitche s! no more TextNow,1,2,True
"old fellas water froze in that funeral home. he got it unthawed and wants me to help get his pump going again, that place spooks me man..boo","old fellas wate r froze in that funeral hoe. he got it unthawed and wants me to help oneself get h1s pu mp going again, that place spoks me ma n..boo",0,8,True
Beyonc&#233; more of a hipster bitch wit no hips these days,Beyonc&#233; more of a hipster bith w it no hips these days,1,4,True
"Hey, you, bitch in the mini-van. Stop riding my ass. You have no power in your vehicle, just stop already.","Hey, you, b itch in the mini-van. Stop riding my a ss. You have no power in your vehic le, just stop already.",1,9,True
"RT @215potter: Grown men, wearing jerseys with other grown men's name on them..

Don't forget your fucking pom poms.","RT @215potter: Grown men, wearing jeseys with other grown men's name on them.. Dont forget your fuckig p om poms.",1,5,True
"""I'm comparing KFC to the pussy"" @MaxOn_MaxOff5","""I'm comparing KFC to the p ussy"" @MaxOn_MaxOff5",1,1,True
RT @Cajun_peach: Because humans aren't delicious ho RT @peta: Smarter than dogs AND your 3-year-old child. So why EAT them? http://t.co/eRT&#8230;,RT @Cajun_peach: Because world aren 't delicious h0 RT @pea: Smar ter than dgs AN D your 3-ye ar-old chil. So why E AT tem? http://t.c0/eRT&#8230;,0,17,False
&#8220;@RaleighBeougher: dumb beaner&#8221; http://t.co/r0hABEQhSu,&#8220;@R@leighBeougher: dumb benaer&#8221; http://t.co/r0hABEQhSu,1,3,False
"&#8220;There is a time &amp; a place 4 decaf coffee. Never &amp; in the trash."" http://t.co/ZVJROXgNDQ&#8221; #MommyMonday humor via @JenerationPR &amp; @theskimm","&#8220;Thre is a time &amp; axerophthol plce 4 dcaf coffee. Nev er & amp; 1n th e t rash."" http://t.co/ZVJROXgND&Q#8221; #MommMonday huor v1a @JenerationPR &@mp; @theskimm",0,19,True
Like a skinny model boney bitch,Like a skinny model boney b itch,1,2,True
No I don't love these hoes and FUCK these niggas Fuckem,No I don't love these hoes and FUCK these niggas Fuckem,1,10,False
Whoooooaaa no chill savage &#8220;@CantBeLocal: Here monkey monkey http://t.co/wmZ8s3j6iG&#8221;,Whoooooaaa no more chil svage &#8220;@C@ntBeLocal: Here mo nkey m onkey http://t.c0/wmZ8s3j6iG&#8221;,0,7,True
"RT @winkSOSA: ""@AintShitSweet__: ""@Rakwon_OGOD: Nigga messed with the wrong bitch &#128557;&#128514;https://t.co/5mNXKVAYot"" &#128557;&#128557;&#128557;&#128557;&#128514;&#128514;&#128557;&#128557;&#128514;&#128514;&#128514;&#128514;&#128514;&#128514;&#128514;""@Th_Real_Esco","RT @winkSOSA: ""@AintShitSweet__: ""@Rakwon_OGOD: Nigga messed with the wrong bitch &#128557;&#128514;https://t.co/5mNXKVAYot"" &#128557;&#128557;&#128557;&#128557;&#128514;&#128514;&#128557;&#128557;&#128514;&#128514;&#128514;&#128514;&#128514;&#128514;&#128514;""@Th_Real_Esco",1,7,False
"RT @BobKlap: Asked Betances before the game if he&#8217;d like to be a starter again someday. &#8220;If the Yankees ever asked me, I would. But I&#8217;m a r&#8230;","RT @BobKlap: As ked Betances before the g ame if h3&#8217;d like t0 be a starter again someday. &#8220;If the Y@nkees ever asked me , I wuld. Bu t I&#8217m a r&#8230;",0,11,True
@danifreshh some weird local ghetto school haha,@danifreshh s ome wird lo cal gheto shool haha,0,6,False
RT @NuteIla: when I die on flappy bird http://t.co/HKNUTfDVJZ,RT @NuteIla: whe n I buy the farm 0n flppy bir d http://t.c0/HKNUTfDVJZ,0,8,True
&#8220;@ImToBlame: Bruh RT @PriscoCBS: Trent took the yellow path http://t.co/1XxGuKtjp8&#8221;&#128514;&#128514;&#128514;&#128514;,&#8220;@ImToBlame: Bruh RT @PriscCBS: Trent took t he yell ow p@th http://t.co/1XxGuKtjp8&#8221;&#128514;&#128514;&#128514;&#128514;,0,6,False
RT @Elisaa_Martinez: Happy birthday cotton picker lol @1NOnlyDirtyMike,RT @Elisaa_Martinez: Hppy birthdy co tton pic ker lol @1NO nlyDirtyMike,0,7,False
RT @RTGIFS: DOMINIQUE Made Larry bird do a 360 lmaooo http://t.co/Vs6e3Z0C2u,RT @RTGIFS: DOMINIQUE Made Larry bir d do a 360 lmaooo http://t.co/Vs6e3Z0C2u,0,1,True
"@SophieRo3 if only there was a medal for that: ""we hate fags, but we won't kill them"" medal. Thank u for the privilege to let fags live.","@SophieRo3 if only there was a medal for that: ""we hate fgas, but we won't kill them"" medal. Thank uracil for the privilege to let fas live.",1,3,True
@mandaxll2963 yellow is even better,@mandaxll2963 yellw 1s evn bett er,0,4,False
"tell the hating niggah 
stfu",tell the hat ing nigah stu,1,3,True
@SteveStockmanTX stockboy U should talk. U tweet lies and childish shit about Obama.youre very unqualified. You only appeal to dumb rednecks,@SteveStockmanTX stockboy uracil should talk. uranium tweet lies and chidish shi t about Obama.youre very unqualified. You only appeal to dumb rednecks,1,6,True
#Fact females that tweet ALL the dayum day r hoes that need attention #ijs #wontgetme,#Fact female person that tweet ALL the dayum day r h oes that need attention #ijs #wontgetme,1,2,True
@JukeJuke_9 shit he prolly is other than that everybody else trash,@JukeJuke_9 s hit he prolly 1s other than that everybody else trash,1,4,True
Confusing circumstances seem to get in the way of your high ho... More for Virgo http://t.co/nrAAI6dhVx,Confusing circumstances seem to get in the way of your high h0... More for Virgo http://t.co/nrAAI6dhVx,1,1,True
I'm just matching grams wit my fam bitch,I'm just matching grams wit my fam bith,1,1,True
And now Jihadis bragging about a massive bombing in Sadr city in Baghdad. #Iraq #onslaught,And straight off Jihais bragging @bout @ m@ssive bmbing in Sadr cty in Baghdad. #Iaq #onslaugt,0,11,True
RT @wvjoe911: Gov Rick Scott Refuses To Debate Charlie Crist Because Of A Small Fan http://t.co/hKMfPnRukU,RT @wvjoe911: G0v R ick S cott R efuses To argument Charlie Cri st Because Of A Smll F@n http://t.c0/hKMfPnRukU,0,10,True
"@intrepidokie nice lie #teabagger. Just because you want to see it doesn't make it real. Like Reagan was a conservative, another huge lie","@intrepidokie nce 1ie #teabagge r. Just because you want to see it d oesn't make it real . Like Reagan w@s a conserv ative, another huge lie in",0,9,True
@TheIronPony You rebel. Next you'll be ripping mattress tags off. It's a slippery slope.,@TheIronPony You reel. future yo'll be ripping mattress t ags of. Its a slppery slpe.,0,10,True
RT @ccancel14: Miserable bitches talk the most shit &#128514;&#9996;&#65039;,RT @ccancel14: Miserable bit ches talk the most sit &#128514;&#9996;&#65039;,1,2,True
RT @Lamont21225_: &#128514;&#128514;&#128514; this bitch playing volleyball in Timberland's &#128553;&#128514;Edmondson Kids &#128517;&#128514; http://t.co/M4jtNGEJTH,RT @Lamont21225_: &#128514;&#128514;&#128514; this bitch playing volleyball in Timberland's &#128553;&#128514;Edmondson Kids &#128517;&#128514; http://t.co/M4jtNGEJTH,1,6,False
*after BO1 RT @TheGodWriter_: @iDocLyfe Bruh lol I retired after mw2 because everything was trash afterwards.,*after BO1 RT @TheGodWriter_: @iDocLyfe Bruh lol I retired after mw2 because everything was tra sh afterwards.,0,3,True
"RT @SportsNation: So, Yanks have signed Brian McCann &amp; Jacoby Ellsbury. Rumor has it, they still want Robinson Cano, Babe Ruth, Miguel Cabr&#8230;","RT @SportsNation: So, Yaks have sgned Brian Mc Cann &mp; Jacoby Ellbury. Rumor has it, they still want Robinson Cao, Babe Ru th, M iguel Cabr&#8230;",0,9,True
She unfollowed me after I said I cried watching dawn of the apes lmaooooooo,She u nfollowed me after I sai d I crie d watching dawn of the aps lmaooooooo,0,5,True
dblite works like a charm in OpenWrt Arduino Yun with full test coverage. The gyp version would rarely made in there https://t.co/4JRj1Ezc1S,dblite wrks like a charm in OpenWrt Arduino Yun with full tes t co verage. The gyp vrsion would r@rely made in there https://t.co/4JRj1Ezc1S,0,6,True
RT @SoTrippyWhit: &#8220;@laaaeee: I swear to god Whitney is a Regina George. &#128128; http://t.co/bttoCzQK5S&#8221; wow im a bitch &#128123;,RT @SoTrippyWhit: &#8220;@ laaaeee: I $wear to idol Eli Whitney is angstrom unit Reg ina George. &# 128128; http://tco/bttoCzQK5S&#8221; w ow im @ bitch &#128123 ;,1,14,False
Nothing good on TV and the @Yankees are eating their balls 3 innings in. Great.,Nothing good on TV and the @Y@nkees are eatig thei r balls 3 inning s in. Great.,0,6,True
Let the jig commence http://t.co/pqvJiEvqZa,Let the ji g commence http://t.co/pqvJiEvqZa,0,1,True
"RT @TheDrugTribe: New Years resolution: smoke more weed, make more money, fuck more bitches","RT @TheDrugTribe: New Years resolution: smoke more weed, make more money, fuck more bitches",1,12,False
RT @radiomaru: nerds are cool because they get really judge-y about other nerds being passionate about things they aren't passionate abo ...,RT @radiomaru: nerds @re co ol becase thy get re ally j udge-y @bout othe r nrds being passinate about th ings th ey aen't passionate abo . ..,0,16,False
RT @tolkienproverb: Fairy tale does not deny the existence of sorrow and failure...,RT @tolkienproverb: F@iry t@le doe s not dny the existence of sorrow and failure...,0,5,True
"RT @JoeBudden: She&#8217;s not a hoe cuz she had sex before bro, lol","RT @JoeBudden: She&#8217s non a ho e c uz she had sex ahead bro, 1ol",1,12,True
"RT @ImNotTwitFamous: Big Sean is 5'7 and 159 pounds, yet he calls everyone lil' bitch. You the lil' bitch Sean, you the lil' bitch","RT @ImNotTwitFamous: Big Sean is 5'7 and 159 pounds, yet he calls everyone lil' bitch. You the lil' bitch Sean, you the lil' bitch",1,17,False
Niggas go crazy over bitches now a days &#128541; like calm yo happy ass down,Niggas go craz y over squawk now a Clarence Shepard Day Jr. &#128541; like calm yo happy ass down,1,14,False
Alibaba / Jack Ma: Gotta love a guy who beat Meg Whitman's albino ass back to the US. Freakin' commie genius.,Alibaba / sea dog M a: Gott a lov e a bozo World Health Organization beat Meg Whitma's albino as s back to t he US. Freakin' comie genius.,1,13,True
"Im just a young niggah out here chasing ins, til im in the driver seat of my benz","Im just a young nig gah out here chasing ins, til 1m in the device driver seat of my ben z",1,6,True
RT @Yankees: The @EmpireStateBldg shines its lights in #Yankees pinstripes in honor of Derek Jeter. #FarewellCaptain http://t.co/3fp2pg85MB,RT @Yanke es: The @EmpireStateBldg shines its light s in #Yankes pins tripes in ho nor of De rek Jter. #FarewellCaptain http://t.c0/3fp2pg85MB,0,8,True
#TRUTH RT @notashley: David is the Charlie Brown of #Scandal,#TRU TH RT @notashley: D@vid is the Cha rlie Brow n of #Sc@ndal,0,5,True
RT @EmmGoldLA: Don't be mad at me for telling FACTS be embarrassed at urself for acting like a bitch,RT @EmmGoldLA: Don't be mad at me for telling FACTS be embarrassed at urself for acting like a b itch,1,2,True
Be trippin when I call you hoe but bitch you know I talk like Dat! -- @1future voice,Be trippin when I call you h oe but bich you know I talk like Dat! -- @1future voice,1,4,True
@CsSalazar15 wetback &#128513;&#128514;&#128514;&#128514;&#128514;&#128557;,@CsSalazar15 we tback &#128513;&#128514;&#128514;&#128514;&#128514;&#128557;,1,1,True
@RAEPaelMunturo @WorldStarFunny aye sae en feeld kawkin dyke,@RAEPaelMunturo @WorldStarFunny @ye sae en feeld kawkin dy ke,1,3,True
RT @anilkohli54: @mediacrooks so the ball did roll down the slope &amp; found a natural spot @madhutrehan defending brother &amp; the scumbag @sard&#8230;,RT @anilkohli54: @mediacrooks so the b@ll did rll down the s lope &mp; found @ n@tural spo t @madhutrehan defendig brothe r &apm; the scumbag @sard&#8230;,0,11,True
"@DinoLich Don't yell at me, I love both of the evolutionary lines. @ClaudiaVice despises the trash buddies.","@DinoLich Dn't yell at me, I love both of the evolutionary lines. @ClaudiaVice despises the meth buddies.",0,2,True
Early bird gets the worm.... #GoGetIt,E arly b1rd gets th e wor m.... #GoGetIt,0,5,False
Daaamn lmao right back to them old ways RT @KingTralle Look at this hoe ass nigga covering Wiz face you hoe http://t.co/lpPToFmj5R,Daaamn lma o ri ght b ack to tem honest-to-god was RT @KingTralle Lok astatine this h0e tail end nigga co vering W iz facial expression y0u h0e http://.tco/lpPToFmj5R,1,20,False
"&#8220;@IAmClatonBigsby: Bout to ride my horse, to come fuck yo bitch.&#8221;Ooh @ em tho","&#822;0@IAmClatonBigsby: Bout to ride my horse, to come f uck yo b1tch.&#8221;Ooh @ em tho",1,11,True
"You always buy me colored goldfish when my stash is low, and you are a constant inspiration to me and&#8230; http://t.co/nCPd8uSljf","Yo u aways steal me coloed goldish when my stash is lo, and y ou @re amp constan t inspirtion to m3 and&#8230; http: //t.co/nCPd8uSljf",0,15,True
Yall bitches only muslim when yall hair fucked up ctfu stop that youngs!!,Yall bit ches only Islamic when y all hair fuced up ctfu stop that youngs!!,1,7,True
Jameis tweet RT @MrCOOK_ Fuck her right in the pussy,Jameis tweet RT @MrCOOK_ Fuck her right in the pussy,1,8,False
@suchy_monster you make me feel all warm and fuzzy inside &#128522; #youCANsitwithus,@suchy_monster you mae m3 fee l @ll wrm @nd fzzy inide &# 128522; #youCANsitwithus,0,10,False
I'd kill a bitch to be able to cuddle right now. Ugh. Sucker for the stupid shit. I swear.,I'd kill a bich to be able to c uddle right now. Ugh. Sucker for the stupid shi. I swear.,1,3,True
A Yankee win makes any day better.,A Y@nkee w1n makes any da y bet ter.,0,6,True
RT @gferguson8: @MSoltan18 @WBDyllon_ @KoredeB9 Messi is trash,RT @gferguson8: @MSoltan18 @WBDyllon_ @KoredeB9 Messi is tr@sh,0,2,True
Not true RT @_Kimchanel_: Every man has hoes #bye,Not true RT @_Kimchanel_: Every man has h oes #bye,1,1,True
RT @AdamSchein: Great job by the Yankees giving Brian Cashman a new contract. The haters are just wrong. CC: @ChrisCarlinSNY,RT @AdamSchein: Great job by the Y ankees giving Brian Cashman a new contract. The haters are just wrong. CC: @ChrisCarlinSNY,0,1,True
"@richarddeitsch yeah,but the cripple not getting up clean helped the call out...wouldn't have been fair either way","@richarddeitsch yeah,but the cripple n0t getting up clean hlped the call out...would't have been f@ir ether agency",0,9,True
@1SonofYahweh no wonder you run nose first for yo real nigger &amp; white devil massah's or any man pointing at another to convince u he is less,@1SonofYahweh no wonder you run nose first for yo real ni gger &amp; white devil massah's or any man pointing at another to convince uranium he is less,1,4,True
RT @FallonTonight: Jimmy and @BillyJoel's two-man doo-wop performance just went live on YouTube! https://t.co/NGzhImyvSF #FallonTonight htt&#8230;,RT @FallonTonight: J immy a nd @BillyJoel's two- man do-owop peformance jus t wnt live on YuTube! https://t.coNGzhImyvSF #F@llonTonight htt#8230;,0,14,True
RT @xenakix2243: Feeling the crisp fall wind spinning around me and watching the colorful leaves fall like rainbow colored raindrops slowly&#8230;,RT @xenakix2243: F eeling the crisp f@ll roll spinning just about me and wathing the colorful leavs f all like rainbow c olored raindrops sloly&#8230;,0,11,True
"RT @OfficiallyIce: RT @Manatti23: ""I fucked your bitch cause she gave me a boner, she went down twice like Adrien Broner..."" #FreckBars","RT @OfficiallyIce: RT @Manatti23: ""I fucked yo ur bich suit $he gve Maine @ bone, $he went dwn twi ce li ke Adrien Broner..."" #FreckBars",1,17,True
RT @BasedZae: When lil b said &#8220;Word around town that I aint got no bitches? what?! Thats a damn lie nigga my nuts is my witness&#8221; http://t.c&#8230;,RT @BasedZae: When li l B complex said &#8 220;Word ar ound town tat I a int go t no bitc hes? what ?! Thats a damn l ie nigg a my nuts is my witness&#822; http://t.c&#8230;,1,19,True
"If she makes a good sandwhich and she give a good blowy, wife dat hoe up. That way you can eat while she eatting","If she makes a good sandwhich and she give a good blowy, wife dat h oe up. That way you can feed while she eatting",1,3,True
The Guy got excited when he saw Oreo cookie crusts. He thought I was making pie. He was bummed when he realized it was cheesecake.,Th e Gu y go t excit ed when he interpret Oro cokie crusts. He though t iodine was do pe. He w as bummed whe n he realizd it w@s ch eesecake.,0,23,False
Lmao redskins turnin up,Lao redskis turnin upwardly,0,3,False
"""@CeleyNichole: @white_thunduh how come you never bring me food"" i dont have a car retard","""@CeleyNichole: @white_thunduh how come you never bring me food"" i dont have a car ret ard",1,1,True
OMGGGGG...!!!! Nigga said Jerry ... black bitch.,OMGGGGG...!!!! Nigga said Jerry ... black bitch.,1,5,False
Girls be looking for reasons to do hoe shit,Girls be looking for reasons to do ho e sht,1,3,True
"@HobsonDarlene #BlessJesus Amos 3:3 Can two walk together, unless they are agreed? #DifferentLevels","@HobsonDarlene #BlessJesus Ams 3:3 Can two wak together, unless they a re ageed? #DifferentLevel s",0,7,True
"""I dont even need a picture of tamar, that bitch is beat in every picture""&#128514;&#128557;&#128514;&#128514;&#128514;","""I dont even need a picture of tamar, that bitc h is beat in every picture""&#128514;&#128557;&#128514;&#128514;&#128514;",1,1,True
The bird is the word. #EsuranceSave30,Th3 b1rd 1s th e wrd. #EsuranceSave30,0,5,True
"Chaber Books: BRAGADAYJAH 24 http://t.co/bTMLYNNKZp: Nimrod the Cushite, first king of the earth. See Bragadayjah 24","Chaber Boos: BRAGADAYJAH 24 http://t.c0/bTMLYNNKZp: Nimrd t he Cushite, first k ing of the eart. S3e Bragadayjah 24",0,10,True
RT @SneakerPics23: Oreo 6's http://t.co/Jx9DD9oahY,RT @SneakerPics23: O reo 6's http://t.c0/Jx9DD9oahY,0,2,True
Julius Peppers still seems retarded.,Julius Peppe rs still seems retarded.,0,1,True
@slings_x_arrows bitches are gonna make it rain on me,@slings_x_arrows b itches are gonna make it rain on me,1,1,True
What manner of black folk take their kids riding in the ghetto to point out misplaced youth and victimized &amp; cursed brethren and say:,What manner of blac k fol k t ake teir kds riing in the ghe tto to p oint out miplaced yo uth and victimized &mp; cursed brethren and say:,0,11,True
"@Pacman_Dre_SB I said something to you gorilla, stop listening to monkey music","@Pacman_Dre_SB I said something to you gorlla, st op listenin g t0 mo nkey musi c",0,10,False
"RT @RussOnPolitics: GOP nominee for #MAgov Charlie Baker's ""fisherman story"" falls apart. He deserves an Oscar for his play crying. http://&#8230;","RT @RussOnPolitics: G OP nomnee for #MAgov Charle Baker's ""fishermn stoy"" fall s apart. atomic number 2 deserve s Associate in Nursing Osca r for his play crying. http://&8230;",0,15,True
RT @GottaPHILMe: &#128128;&#128128; RT &#8220;@VersaceSilk: When you and your boys discover a hoe https://t.co/fbfR8trToY&#8221;,RT @GottaPHILMe: &1#28128;&#128128; RT &#8220;@VersaceSilk: Wh3n you and your boys expose a hoe https://t.co/fbfR8trToY&#8221;,1,5,True
RT @fatguythe: *sings Careless Whisper to broken 7 year old flip flop on the way to the trash,RT @fatguythe: *s ings Careless Whisper to broken 7 year old flip flop on the way to the tr@sh,0,2,True
RT @YunGMiGo: &#128557;&#128557;&#128557;&#128514;&#128514;RT @Shane_A1: I done went wit a hoe before frfr so who am I to judge,RT @YunGMiGo: &#128557;&#128557;&#128557;&#128514;&#128514;RT @Shane_A1: I done went wit a ho e ahead frfr so World Health Organization am I to judge,1,4,True
Oh shit its still light out.. I've been in this bitch too long &#128565;,Oh shi t its still li ght out.. I've been in this bich too long &#128565;,1,3,True
Only white trash watch football.,Only white tr@sh wtch fotball.,0,4,True
Regular joes rockin tha boat that's us redneck yacht clubbb&#9728;&#127926;,R egular joes rockn tha boat that' s uracil cracker yacht clubbb&#9728;&#127926;,0,7,False
"I have to stop using ""bitch"" so often in my everyday conversations","I have to stop using ""bitc h"" so often in my everyday conversations",1,1,True
"RT @TheDouch3: Bitches tweeting ""relationship goals"" w/no man, job, or real desire to stop being a hoe or partying every weekend. Jus a iPh&#8230;","RT @TheDouch3: Btches twe eting ""relations hip goals"" w/ no man, job, operating theatre real desire to stop being a hoe operating room partying every weekend. Ju$ @ iPh&#8230;",1,9,True
I turn Cassey to a nasty hoe Rihanna to a classy hoe,I turn Cassey to a nasty h oe Rihan na to a classy h0e,1,3,True
RT @Kevin_McAdams: Stop being a little bitch and #fuckherrightinthepussy,RT @Kevin_McAdams: Stop being a little bith and #fuckherrightinthepussy,1,5,True
"RT @Fit4LifeMike: @Whitecholo23 @chanelisabeth true i need to sleep to make them Gainz bruh!! So all the hoes stay Mirin ;p 
Alright, later&#8230;","RT @Fit4LifeMike: @Whitecholo23 @chanelisabeth true i need to nap to make them Gainz bruh!! So all the h oes stay Mirin ;p Alright, later&#8230;",1,2,True
"RT @DamierGenesis: i live for street glory and I die for ghetto fame. respect all, fear none my pride is everything....","RT @DamierGenesis: atomic number 53 live on for s treet gory and one die for gheto f ame. respct all, far none my pide is everything....",0,13,True
"RT @alicia_garcia3: ""That's why God made brownies. To replace boys.""","RT @alicia_ garcia3: ""That's wherefore God made br ownies. To put back boy.""",0,9,False
"After Kuroda gave it his all putting up career numbers but getting no run support, the Yankees don't deserve to get into the World Series","Afte r Kuroda gave it his all putting up care er numbes but getting no r un suppor, the Y@nkees don' t deserv e to get into the Wold Sries",0,11,True
Her pussy clean but she dance dirty..,Her p ussy clean but she dance dirty..,1,1,True
"@Ronnie2K not just @Pharrell gave 2k a trash non-basketball soundtrack, y'all still have problems with servers &#128530;","@Ronnie2K not just @Pharrell gave 2k a tr@sh non-baske tball soun dtrack, y'@ll still have problems wi th servers &#128530;",0,6,True
i just realized me and @DirkAlisic have been talking shit to each other nonstop for the past 48 hours. stop texting me bitch.,i just realized me and @DirkAlisic have been talking sh it to each other nonstop for the past 48 horus. stop texting me bit ch.,1,4,True
"First thing she wit ya, next minute she against ya, like that hoe from the clippers","First thing she wit y@, next minute she against y@, like that h oe from the clippers",1,4,True
"RT @MiSSKathEVO: #NoFilter I been getting money I ain't worried 'bout a ho, No matter the occasion I'ma always get the dough &#128539; http://t.co/&#8230;","RT @MiSSKathEVO: #NoFilter I been getting money I ain't worried 'bout a ho, No matter the occasion I'ma always get the do ugh &#128539; http://t.co/&#8230;",0,1,True
"RT @vntonx: ""suck my duck""

thot: ""lol looks like ur autocorrect changed dick to duck""

""i meant what i said bitch"" http://t.co/K9LV3mfX1m","RT @vntonx: ""suck my duck"" thot: ""lol looks like ur autocorrect changed d ick to duck"" ""i meant what i said b itch"" http://t.co/K9LV3mfX1m",1,4,True
Omg this bitch was standing and humming a very deep and annoying tone the whole time she was at the counter wtf.,Omg this bitc h was standing and humming a very deep and annoying ton e the whole time she was at the counter wtf.,1,2,True
This is really for @BrianStann RT @JimDaves: @WesDurham Exploding giant yellow ducks. You&#8217;ll appreciate this: http://t.co/SpOhTpl8uV,This is real ly for @BrianStann RT @JimDaves: @WesDurham explode gia nt yelow ducks. You&#8217;ll appeciate ths: http://t.c0/SpOhTpl8uV,0,8,True
"""@Stephenwildboy: Chilling &#128069;&#8482; http://t.co/mik3iPNle6"" sexy scally lad","""@Stephenwildboy: Chillng &#128069;&#8482; http://t.co/mik3iPNle6"" sex y scally 1ad",0,3,True
Shut up bitch i wasn't gonna roast.,Shut up b itch i wasn't gonna roast.,1,2,True
&#8220;@avelindner: if he has a girlfriend don't be a hoe and text him yanno who u r &#128519;&#8221;,&#8 220;@avelindner: if he has a girlfriend don't equal a hoe and text h1m yanno who u radius &#128519;&#8212;,1,6,True
"A homeless dog living in a trash pile gets rescued, and then does something amazing! Please share. http://t.co/SzpStdxmn6 via @youtube","A ho meless do g livng in a tr@sh pile gets resuced, and then does something amazing! Please share. http://t.c0/SzpStdxmn6 vi a @you tube",0,8,True
I am such a pussy&#128514;&#127770;,I am such a pu$sy&#128514;&#127770;,1,1,True
I'm with another nigga bitch &#128514;&#128514;,I'm w ith another nigga bit ch &#128514;&#128514;,1,4,False
No cuz redskins are dumpster juice RT @trackinBlackKev: game of the week. still the best rivalry in sports,No cuz rdskins are dumpster juie RT @trackinBlackKev: g ame of the w eek. still the best rivaly in s ports,0,9,True
&#8220;@garytiffany_: Make the most of what you have.&#8221; Don't tell me what to do bitch,&#8220;@garytiffany_: Make the most of what you have.&#8221; Don't tell me what to do bich,1,13,True
@Rosaalbae @iH8TvvitterHoes faggot but you sent me hella nudes. Hmmmm,@Rosaalbae @iH8TvvitterHoes fagot but you sent me hel la ndes. Hmmmm,1,3,True
@ashley_smith20 colored contacts,@ashley_smith20 colored contacs,0,1,True
@kaylonnnnn then who are you to call me trash &#128522;,@kaylonnnnn then who are you to call me tr@sh &#128522;,0,1,True
"So I already don't fuck with dude, but I be nice. And I'm humoring him. but this bitch crossed a line.

""First of motherfucking all...""","So I already don't make love with dude, but I be nice. And I'm humoring him. but this bit ch crossed a line. ""First of motherfucking all...""",1,3,True
diet coke trash,det coke t rash,0,3,True
@AlexSchnider niiice my nigga schinder pullin hoes,@AlexSchnider niiice my nigga schinder pullin h oes,1,3,False
RT @Drewmking: @Joely_Poly @Victoria_Finae he plays for the Yankees right?,RT @Drewmking: @Joely_Poly @Victoria_Finae h3 plays f or t he Y ankees right?,0,5,True
I don't want a bitch that a nigga already had I want sumn new ... Or a runner it's too easy nigga I accept the challenge,I dont want a bit ch that a jigaboo already had I want sumn new ... Or a runnr it's too easy n igga I accept the challenge,1,8,True
RT @FoodPornsx: Oreo ice cream. ~ http://t.co/thrkAobdVj,RT @FoodPornsx: O reo i ce ceam. ~ http://t.c0/thrkAobdVj,0,6,False
&#8220;@HeyKeifer: Golden Oreos &#128016; regular Oreos &#128686;&#8221; YES!!!,&#8220;@H eyKeifer: Golden Oros &#1 28016; regular Or eos &# 128686;&#8221; YES!!!,0,5,False
RT @YungFree504: Mannn let bosh hoe ass hit that 3,RT @YungFree504: Mannn let bosh h oe @ss hit that 3,1,3,True
RT @VinceSports: Best #CollegeGameday sign ever! The Dak-ness is spreading! Charlie Murphy's True Hollywood Stories. #ChappelleShow http://&#8230;,RT @VinceSports: B est #CollegeGameday sig n ever ! T he Dak-ness is spreding! Charle M urphy's True H ollywood Sto ries. #Chappell eShow http://&#8230;,0,11,False
"RT @___Jazsy: If a bitch tweeting about a nigga and he saying he don't mess with her , He's lying&#128533; That bitch ain't tweeting for nothing &#128527;","RT @___Jazsy: If a bitch tweting abo ut group A nigga and h3 expression h3 don't mess with h er , H's lying&#128533; Tht bitc h ain't nip for nothng &#128527;",1,22,False
@nataleovrerytng hoes these days,@nataleovrerytng h oes these days,1,1,True
Flo is a bad bitch,Flo is a bad b itch,1,1,True
"Not sure why #teabaggers would care about Nelson Mandela, being that he's one of 'them' if you know what I mean. #teaparty #tcot","Not sure why #teabaggers would c@re about Nel son Mandela, being that he's one of 'them' if you know what ane mean. #eaparty #cot",0,6,True
RT @madi_judkins: When you look like trash and someone compliments you http://t.co/FzuXlPCMpV,RT @madi_judkins: When you loo k like tra sh an d someone compiments y ou http://t.c0/FzuXlPCMpV,0,9,True
"RT @amazingatheist: America is like a drunken redneck flailing his fists around, raving incoherently. He's kind of funny, but also you'r ...","RT @amazingatheist: U.S.A. is like a drnken r edneck flailing h1s fists around, mouth off incoherently. He's kind of funny , but also you'r ...",0,7,True
Hell yeah that bitch gon' go ham,Hell yeah that btch gon' go ham,1,2,True
RT @syd_renae: @2014Alyssa I have a pink fuzzy one &amp; a silky silver one. Bathrobes are a wonderful thing &#128129;&#128526;&#128525;,RT @syd_ren ae: @2014lyssa I h@ve a pnk fuzy one &amp; a sily silver 0ne. Bathr obes @re a wonderul thnig &#128129;&# 128526;&#128525;,0,17,True
@Yankees probably time to put this twitter feed to bed #nyy,@Y@nkees p robably time to put th is t witter f eed t0 be d #yy,0,9,True
"Re: Alexander Skarsgard, my roommate has declared: ""He's a sexy albino lizard. i dont know how that's sexy, but it kinda is.""","Re: Alexa nder Skarsgard, my roommte has decl ared: ""He's a s exy alino lizard. 1 dont know how tht's sex y, but it sort of is.""",0,10,True
"@FemsHaveBallz have u spent significant time in ANY ghetto, or witnessed the years of terrorism committed by police in the Black community?","@FemsHaveBallz have u sp ent significant time in ANY gheto, 0r witnessed t he year of terrorim committed past p olice in the Blak commun ity?",0,18,True
"RT @JareerKassis: If there was an invisible celestial judge who killed those who spew hate on Palestinians, celebrities &amp; politicians would&#8230;","RT @JareerKassis: If there was an invsible celes tial juge who killed those who spew hate on Palestinians, celebrities &@mp; poliicians would&#8230;",0,6,True
If I see another bitch with a rolly bag ima diesel that bitch,If I see another b itch with a rolly bag ima diesel that bitc h,1,4,True
"My nig been talking bout what he gonna be for Halloween since July, to excited!","My nig been talking bout what he gnna be for H@lloween since July, to exited!",0,7,True
Caleb's a dick and Hanna's a bitch I hate them both now &#128554;&#128545;&#128545;&#128545;,Caleb's a di ck and Hanna's a bitc h I hate them both now &#128554;&#128545;&#128545;&#128545;,1,2,True
Sources say that Charlie Crist is on the phone with Rick Scott as I type this to concede.,Surces say that Charie C rist is on the phne with R ick Sc ott as I tpe this to cocede.,0,9,True
"RT @AChosenWord: Of rain showers
&amp; weepy fog
of soft light
&amp; cool touch
of wild wind
that carry music of birds
who cease to soar;
this feel&#8230;",RT @AChosenWord: Of r@in shower s &@mp; weepy fog of so ft ligt &amp; c ool t ouch of crazy win d that carry mus ic of bi rds who ce ase to sor; this f3el&#8230;,0,16,True
Some Douche cubs redneck cubs fan freaked out asking if bites..... No you bloody BERK!!! He's like the&#8230; http://t.co/ulc6CMVtki,Some Douche cubs r edneck cubs fan freaked out asking if bites..... No you bloody BERK!!! He's like the&#8230; http://t.co/ulc6CMVtki,0,1,True
RT @alec_tiano: @Vinnyrants Happy birthday fag boy,RT @alec_tino: @Vinnyrants Happy birthday f ag male child,1,3,True
"RT @Garin: ""A day without laughter is a day wasted."" 

~Charlie Chaplin","RT @Garin: ""A d@y without laughter is a daytime wastd."" ~Charle Cha plin",0,10,False
"RT @Oreo: Woah, the depth of this Ollusion is unreal. #Ollusions http://t.co/fuiVThvZyN","RT @reo: Woah, the de pth of this Ollusion is unreal. #Ollusions http://t.c0/fuiVThvZyN",0,3,True
@AyyMartt bitch where you been,@AyyMartt bit ch where you been,1,1,True
RT @FunnySayings: &#8220;you&#8217;re a bitch&#8221; that&#8217;s new information thanks,RT @FunnySayings: &#8220;y0u&#8217;re a bicth&#8221; that&#8217;s new data tanks,1,4,True
@brianabrazilian oh... my phone is some trash! but you knew that!,@brianabrazilian oh. .. my sound is some tr@sh! but yo u kew that!,0,6,True
RT @CP24: Reports say female victim was shot while waiting for an Oreo McFlurry,RT @CP24: account s ay fem ale vicim was fool away whi le wating fo r an Oro McFlurry,0,12,True
"SOO guys those tweets are bullshit. Be you.. And if the bitch ""is to stupid what she wants"" then she not stupid It's that she doesn't want u","SOO guys those tweets are bullshit. Be you.. And if the bitc h ""is to stupid what she wants"" then she not stupid It's that she doesn't want u",1,4,True
Looks as if Federal Gun Laws to be proposed this week lack #AWB. Hope the #media and #antigun crowd choke on crow.,Loos as if Federal Gun L@ws to be proposed this week miss #AWB. Ho pe the #mdia and #antigun bunch coke on crw.,0,10,True
RT @lilduval: Maaan these hoes be photoshopping RT @007M_H: @lilduval damn you suppose to be that nigga. How you get catfished,RT @lilduval: Maaan thse ho es be photoshopping RT @007M_H: @li lduval damn y0u suppose to be tha t n igga. How you ge t c@tfished,1,15,True
"No one has even eaten a Twinkie in, like, decades.","No one has even e aten a T winkie in, like, decades.",0,2,True
hahaha my girl just popped on a bitch like a Molly haha,hahaha my girl just popped on a b itch like a Molly haha,1,1,True
@mingtong007 you still are a cunt,@mingtong007 you still are a cu nt,1,1,True
Then bitches gon fuck just because money long .,Then bit ches gon fu ck just because money long .,1,3,True
RT @MrPerfect_22: Most of these niggas go broke for these hoes !!,RT @MrPerfect_22: Most of these niggas go broke for these hoes !!,1,11,False
&#8220;@Goldmind___: Smoke good weed with a bad bitch&#8221;&#128079;,&#8220;@Goldmind___: Smoke good wee d with a bad b1tch&#8221;&#128079;,1,6,True
You can expect me to be a total bitch towards you now yet again.,You can expect me to be a total bit ch towards you now yet again.,1,1,True
@GrizzboAdams @wyattnuckels fuck you bruh you didn't show up fucking pussy,@GrizzboAdams @wyattnuckels fuck you bruh you didn't show up fucking pussy,1,9,False
"you know what they say, the early bird gets the worm. *puts gummy worms in your morning coffee*","y ou know wh at the y sy, the eary bir d gets the wor m. *puts gummy worm s in you r sunrise coffe*",0,12,True
"Rev. Charlie Rangel: What Unions Stand For Are &#8220;Spiritual Damn Things&#8221;&#8230; LIKE INFLATABLE RATS. 

 http://t.co/2nmrLDvIgB",Re. Charl ie R angel: What Union s Stand For Are &#8220;Spirital Damn Things&#8221;&#8230; LIKE INLATABLE RTS. http://t.co/2nmrLDvIgB,0,8,True
@NFLonFOX Random thought - If a bird crossing the path of a FG try were impacted by ball causing it to deflect off course. Re-kick or miss?,@NFLonFOX R andom though t - If @ bir d cr ossing the p@th of a FG essay were imacted by b@ll causig 1t t0 defect o ff curse. Re-kick 0r m1ss?,0,23,True
@TheMayorMatt @Frizzle18 I like where ur domes at #smart,@TheMayorMatt @Frizzle18 1 like where ur doms @t #smar t,0,5,True
@georgiathenewsa @Rosaalbae your tits may be better looking but her face makes you like a Asian or Latina tranny #facts,@georgiathenewsa @Rosaalbae your tts may be better looking but her face makes you like a Asian or Lati na tranny #facts,1,2,True
"RT @alex_gtz13: Cause I'm as free as a bird now, and this bird you can not change &#127926;","RT @@lex_gtz13: Cause I'm as free @s a boo now, and this bi rd yo u lav n ot change &#12926;",0,11,True
@KxRxSxB haha alright well you gotta get here and see this bitch haha you'll scare the shit outta him I already have,@KxRxSxB h@ha alright well you gotta get here and see this crab haa you'll scare the s hit outta him I already have,1,5,True
My bf @iamthedannibal loves crows. Thought he might enjoy the last tweet!,My bf @iamthedannibal lov es cro ws. Th ought he m ight ejoy th e lst twee!,0,11,False
RT @wwwobert_: New avi thanks to b Oreo,RT @wwwobert_: N ew av i tha nks t0 b O reo,0,7,False
&#8220;@Tom_2Times: Making weed brownies tonight&#8221; goin slide me a batch relo,&#8220;@T0m_2Times: M aking weed brownies tonig ht&#8221; goi n slide me a batch relo,0,4,True
Big Red and fat squaw ...lol my hubby is so funny!! #insidejoke,Big Red and f@t squaw .. .lol my hbby is so f unny!! #insidejoke,0,4,True
@THEHermanCain @redskins I'm not a liberal &amp; I support changing the name. It transcends standard political grandstanding.,@THEHermanCain @reskins I'm n0t a l iberal &@mp; I suppor t ch anging the name . information technology transcends sandard politial grandstanding.,0,12,True
RT @LilReese300: @trippygalll @StoneCold__ bum ass bitch u look like a hype Thot ass u a hot ready dirty ho &#128514;,RT @LilReese300: @trippygalll @StoneCold__ bum ass bitch u look like a hype Thot ass u a hot ready dirty ho &#128514;,1,17,False
LMAOOOOOOO RT @DontCallMeKyrie *Record Scratches* RT @chinitaaah_: Damn Twitter famous bitches out hea strippin!? &#128557;&#128557; http://t.co/BLrN8dzyA3,LMAOOOOOOO RT @DontCallMeKyrie *Record Scratches* RT @chinitaaah_: Damn Twitter famous bi tches out hea strippin!? &#128557;&#128557; http://t.co/BLrN8dzyA3,1,3,True
One of the world's most prominent Jihadi forums just got shut down &#8594; http://t.co/9vafK90DOU,One of the world's most prominent Jihad i forums just got shut down &#8594; http://t.co/9vafK90DOU,0,1,True
"Hold all your ghetto labeled and endorsed vodka brands, you can rum me silly any day. 

#ShiverMeTimbers","Ho ld all you r g hetto labeled and endorsed vodka brands, yo u nates rum me s illy any da. #ShiverMeTimbers",0,10,True
RT @BasedPaco: The NFL is very equal this season everybody showed glimpses of being trash,RT @BasedPaco: The N FL is very eual this seson everybody sh owed glimpses of being tr@sh,0,6,True
Karma is a bitch,Karma is a bich,1,1,True
@Rene_gadeCowboy Of course. I was being bitch. Learned from my mom how to make a guy feel like he's 1 foot tall.,@Rene_gadeCowb oy Of course. iodin wa s bein g bi tch. Learned frm my m om h0w to make a guy fel lke he's 1 foot tal.,1,15,True
Breakfast fried chicken jerk chicken Tater tots white rice nd press yellow rice nd beans Mac nd cheese http://t.co/Usz8gJnZl0,Breakfast fr ied chicken jerk chick en Tater tots white rice nd press yellow ri ce nd bean plant Mac nd chese http://t.co/Usz8gJnZl0,0,6,True
Fuck these hoes im gone &#9996;&#65039;,Fck these h oes im gone &#9996;&#6 5039;,1,4,True
@derek_gatewood it's not ghetto you fool.,@dere_kgatewood it's no t ghetto yo u f ool.,0,4,True
RT @PatVPeters: Texas ranchers: Terrorists reportedly caught at border; feds clam up http://t.co/1vynD9zbpH,RT @PatVPeters: Texa s ranchers: T errorists r eportedly caught at b order; feds buck up http://t.co/1vynD9zbpH,0,5,True
@Conrad_MLG im goin now so be expecting to get slept faggot,@Conrad_MLG im goin now so be expecting to get slept faggo t,1,2,True
"&#8220;@iTweet4UglyPpl: &#8220;@KirbyMouf: No one wants an ugly nigga, so you've got him all to yourself. No more stressing over hoes&#8221; &lt;-&#8221; lies !","&#8220;@iTweet4UglyPpl: &#8220;@KirbyMouf: No one w@nts Associate in Nursing ug ly niga, so you've g0t him whole to yurself. no more more stre ssing ov er hoes&#8221; &lt;-&#821; lies !",1,19,False
RT @L3tsVibe: Keys open doors when them keys is albino,RT @L3tsVibe: K eys ope n do ors when them key fruit is albno,0,5,True
RT @xDSmooth: I asked @1BookieG what's the definition of a preppy white girl and this niggah said Starbucks,RT @xDSmooth: I asked @1BookieG what's the definition of a preppy white girl and this nigah said Starbucks,1,2,True
RT @Baseball_Photos: A 17 year old girl once struck out Babe Ruth and Lou Gehrig back to back and was banned from baseball for it #Yankees &#8230;,RT @Basball_Photos: angstrom 17 year old girl 0nce struck out Babe Ru th @nd Lou G ehrig b ack to back and was banned fr0m baseball f or it #Yankees &8230;,0,10,True
"@caritoguey 02' Charcoal 7s are pre-owned, no sole wear or scuffs Size 10.5, Cherry 12's DS size 11.5","@caritoguey 02' Charcoal 7s a re pre-ow ned, no sol e war 0r s cuffs Size 10. 5, Chrry 12 's DS size 115",0,11,False
RT @DedePayton: On the low RT @mzlola_bunny: They're really looking for the next bitch to smash,RT @DedePayton: along the low RT @mzlola_bunny: They're really loo king fo r the next bit ch to smash,1,9,True
Fuck this fuckin bitch and her stupid analysis bullshit,Fck this fucki n btch and her stupid depth psychology bullshit,1,9,False
RT @ThatsFoodPorn: Oreo Donut http://t.co/obytemi3Ed,RT @ThatsFoodPorn: Oro Do nut http://t.c0/obytemi3Ed,0,3,True
some call me the song bird of my generation,som e cal m3 t he song b1rd of my gneration,0,9,False
The republican teabaggers hate this but screw em. http://t.co/6iutHYvhQm,The republica n teabaggers hate this but screw em. http://t.co/6iutHYvhQm,0,2,True
"Shy singer surprises and melts Simons heart: http://t.co/RbCWsvvdJY 

This was so damn beautiful! I almost cried!!",S hy singe r surprises and mlts Simons hert: http://t.c0/RbCWsvvdJY T his w@s so bloody beautful! I most cried!!,0,12,True
@McKinseey the grass is greener on the other side of the fence of course it's also a soggy septic field,@McKinseey the dope is greener on the other side of the fence of course it' s also a sogg y septi c field,0,4,True
"' Nah I ain't no hoe niggah , no bitch niggah , rich Niggah with the shits Niggah Getchu chipped niggah .","' Nah I ain't no hoe niggah , no bitch niggah , rich Niggah with the shits Niggah Getchu chipped niggah .",1,17,False
remember when the dude who played young ned followed my youtube channel. this was when i actually used my youtube for more than favorites,remember when the dude who plaed yo ung ned followed my youtube channel. this was when i actually used my youtube for more than favorites,0,2,True
RT @TinyTino842: @triple6em96 I call all women bitches get over it,RT @TinyTino842: @triple6em96 I call all women btches get over it,1,2,True
"Can't wait till I get my full appetite back. Only ate a half ghetto sandwich. No lettuce, no nothing.","Can't wit t ill I get my full phase of the moon appetite b ack. Oly consume a haf ghetto sandwich. no more lettuce, n0 noting.",0,17,False
"When people label their name on there ghetto nano&lt;&lt;&lt;&lt;&lt; 

@StephyRae7",When people l abel their name on there ghetto nano&lt;&lt;&lt;&lt;&lt; @StephyRae7,0,2,True
RT @ImNeverChillin: You bitches are so inconsiderate smh http://t.co/EInVs4YqpF,RT @ImNeverChillin: You bithes ar e so inconsiderate smh http://t.co/EIn Vs4YqpF,1,5,True
"RT @VandTRailroad: #DidYouKnow: The Comstock Lode was a boon 4 @VirginiaCity as it grew 2 20,000 ppl &amp; became 1 of the largest &amp; wealthiest&#8230;","RT @VandTRailroad: #DidYouKnow: The Comstock Lode was a b oon 4 @VirginiaCity as it grew deuce 20,00 ppl &am; became single of the big &amp; wealtheist&#8230;",0,17,True
Fucking pussy bruh lol,Fu cking pus sy br uh lol,1,3,True
&#8220;@WavyGodd: I don't like a ghetto female&#8221;&#128567;&#128078;,&#8220;@WavyGodd: I do't like @ getto f3male&#8221;&#128567;&#128078;,0,6,False
I'm hooked on monkey phonics.,I'm hooked 0n mokey phonics.,0,2,False
"""@MotherJones: 10 birds your grandkids may never see, thanks to climate change http://t.co/XqmXHkAsWt http://t.co/RbITeGRnhm"" #Climate","""@MotherJones: 10 birs you r grandkids m ay never see, t hanks to clima te change http://t.co/XqXHkAsWt http://t.coRbITeGRnhm"" #limate",0,8,True
RT @rcooley123: Bill Maher mocks gullible America for missing the real enemy http://t.co/ApnsVg35Uf,RT @rcooley123: pecker Mahe r mocks gullible America for missing the real e nemy http://t.co/ApnsVg35Uf,0,4,True
Got to 18 on flappy bird...,Got to 18 on flppy bir.d..,0,2,True
"@vivaalakatyy &#128514;&#128514;&#128514;&#128514;&#128514; oh my gosh why are so so cute?!
FA LA LA LA LA LA LA LA LA bitch &#128536;",@vivaalakatyy &#128514;&#128514;&#128514;&#128514;&#128514; oh my gosh why are so so cute?! FA LA LA LA LA LA LA LA LA bitc h &#128536;,1,4,True
"RT @KyleKallgren: You know how in superhero stories the best insult for superheroes dumb mooks can come up with is ""do-gooder?"" #whiteknight","RT @KyleKallgren: You know how in superhero storie s the best insult for superheroes dumb mooks can come up with is ""do-gooder?"" #whiteknight",0,1,True
"Note: Khorasan is the old Arabic name for parts of Iran, Afghanistan. Not an invention of modern Jihadis. #justsayin","Not: Khorasan is the 0ld Ar@bic name f or parts of Iran, Afg hanistan. N ot @n invention of mdern Jihais. #justsayin",0,14,True
Sometimes I feel like being really nice to everyone then I'm just like wait you're all bitches anyway soooo,Sometimes I feel like being really nice to everyone then I'm just like wait you're all bitchs anyway soooo,1,2,True
"&#8220;@Banqq_Jayy: ""@1Jayee: &#8220;@ItsKeeJay: I can't remember all the girls I've smashed &#128563;&#128584;&#8221; On God.&#128588;""hoe shit&#8221; Not technically, it takes &#9996;&#65039;.","&#822;0@Banqq_Jayy: ""@1Jayee: &#822;0@ItsKeeJay: I can't remember al l th3 gi rls I've $mashed & #128563;&#128584;&#8221; On God.&#128588 ;""hoe shit&#8221; Not technically, it ta kes &#9996;&#65039;.",1,13,False
@Salondotcom @FoolishReporter I can tell from this tweet that you're a twat.,@Salondotcom @FoolishReporter I can tell from this tweet that you're a t wat.,1,2,True
Slap the bitch is fun...didnt know beer wasnt that bad,Slap the bit ch is fun...didnt know beer w asnt that bad,1,2,True
@LilBTheBiggsGod @Abbey_Kirkland two birds with one stone Biggs.,@LilBTheBiggsGod @bbey_Kirkland two b irds wit h one stone Bigs.,0,4,True
@Midnight_Snacka bitch I don't want yo fat ass following me hoe,@Midnight_Snacka bitch I don't want yo fat ass following me hoe,1,10,False
@RuizMaria15 you let me know then lol I'll go over and kill all them hoes,@RuizMaria15 you let me know then lol I'll go over and kill all them h0es,1,1,True
"Aint this a bitch,! The power out from this shit.","Aint this a bich,! The power out from this sht.",1,3,True
RT @jenebooks: I feel a lot of ppl trash talking indie for all sounding the same but i think any genre you're not v into tends to sound th &#8230;,RT @jenebooks: I feel a lot of ppl tra sh talking indie for all sounding the same but i think any genre you 're not five into tends to s ound th &#8230 ;,0,6,True
@ClicquotSuave the new nip dropped today rii?,@ClicquotSuave the raw ni p put down toay rii?,0,5,False
I have no clothes that make me look like a redneck but I tried my best &#128514;,I have no clot hes that make m3 look like a cracker but I try my best &#128514;,0,7,True
When mfs tell you who you talk to and it ain't true..like no bitch!,When mfs tell you who you talk to and it ain't true..like no btch!,1,4,True
@holmes0786 only if its yellow cake &amp; chocolate frosting,@holmes0786 only if 1ts yellw cke &apm; burnt umber frsting,0,8,False
Why the fuck are the @Yankees throwing batting practice tonight? Holy shit...,Why the fuc k are the @Yankees throwing batting practice tonight? holy place shit...,1,4,True
RT @JohnBishop100: Top tip of the day - if you want to be inconspicuous at an Elbow gig - don't wear a yellow jacket!! http://t.co/KQYiZmZb,RT @JohnBishop100: Top tip of the day - if you want to be inconspic uous at Associate in Nursing Ebow g1g - don't war a yellw j acket!! http://t.c0/KQYiZmZb,0,10,True
RT @Dino_FooL: Ima catfish a bitch with fake arms,RT @Dino_FoL: Im a cat fish a b itch wit h fake arms,1,8,True
@b_shiznitt wanted me to let everyone know he downloaded the whole Acoustic Justin Bieber album #fag,@b_shiznitt wanted me to let everyone know he downloaded the whole Acoustic Justin Bieber album #ag,1,1,True
"I would went in on that ref hell, with a post game interview saying he called me sad and trash.","I would went in on that ref hell, with a post g@me interview saying he called me sad and t rash.",0,2,True
"""@gurl_Im_Angie: @ItsKiaraaaa @WestYourMajesty I'm not even shy stfu"" kikis mom: Hi angelique 
Angelique: Smiles *Dips cracker in soup*","""@gurl_ImA_ngie: @ItsKiaraaaa @WestYourMajesty I'm not even shy stfu"" kikis mom: Hi angelique Angelique: Smiles *Dips cacker in soup*",1,5,True
Conan Obrien needs to get a life with that $80 million..monkey food maybe.,Conn Obrien neds to fuck off a li fe with that $80 mi llion..monkey foo d m@ybe.,0,9,True
Embrace it. Love it. Flip this group of mine runoff water colored turds off and make a pick.,Embrace it. Love it. F lip this g roup of mine runoff wate r clored turds off and make a pick.,0,4,True
RT @TEL1967: Darn trash man he beat me to the good stuff again. http://t.co/vdDJQ4l0mg,RT @TEL1967: Darn tr@sh m@n he beat me to the good stuff again. http://t.c0/vdDJQ4l0mg,0,3,True
Fuk dat bitch lol @dropolo voice,Fuk dat bitc h lol @dropolo voice,1,4,True
Where the hoes at...,Where the h oes at...,1,1,True
RT @ItsFoodPorn: Oreo Ice Cream Cake http://t.co/Qpde1L6zAi,RT @ItsFoodPorn: O reo meth Cram Cak e http://t.co/Qpde1L6zAi,0,4,True
Monkey see monkey doo,Mon key se e m onkey do o,0,4,False
Step Up All In was so horrible that bitch went straight to dvd &#128514;&#128514;&#128514;,Step Up All In was so horrible that btch went straight to dvd &#128514;&#128514;&#128514;,1,1,True
I actually get on with Erin and think she's really nice bit you're so two faced and bitch about her all the time... #nasty,I actually get on with Erin and think she's really nice bit you're so two faced and bit ch about her all the time... #nasty,1,2,True
@kimcampano &#128553;&#128557;&#128557; bitches needa take notes,@kimcampano &#128553;&#128557;&#128557; bitches needa take notes,1,2,False
&#8220;@JukeJuke_9: Lance Stevenson gone leave Indiana&#8221; he trash anyway,& #8220;@JukeJuke_9: Lance Steve nson go ne leave Indana&#8221; h3 tr@sh a nyway,0,7,False
RT @BlackNerdJade: RT @fivefifths: Hell wrong with yall? RT @TwanTargaryen: Pecan pie AND sweet potato pie trash. http://t.co/hH50P5pytX,RT @BlackNerdJade: RT @fivefifths: Hell wrong with y@ll? RT @TwanTargaryen: Pcan Proto-Indo European AND s weet potto Proto-Indo European tash. http://t.co/hH50P5pytX,0,7,True
Nah @PrimeTimeLewis really the man at BG breh nigga got random bitches at the bar coming up to me like I attend the university this is crazy,Na h @PrimeTimeLewis truly the man @t BG breh nigga g ot radom grouse atomic number 85 the bar co ming up t0 Pine Tree State like I atend th3 university tis is cr@zy,1,23,True
RT @TasteMyGayness: That moment the pussy too good &amp; u gotta slow that stroke down! https://t.co/R4fLDz5SiN,RT @TasteMyGayness: That moment the puss y too good &amp; u gotta slow that stroke down! https://t.co/R4fLDz5SiN,1,1,True
@JacobbBacker @fucktyler Tyler isn't shit faggot go listen to some real music,@JacobbBacker @fucktyler Tyler isn't s hit fa ggot go listen to some real medicine,1,3,True
"#metal only, honkies!","#metal only, ho nkies!",0,2,True
"That last tweet was just song lyrics. I don't really like bad bitches, I like pretty chicks. Bad bitches cheat too easily and too often","That last tweet was just sog lyrics. I don't really like bad bitces, I like pretty chicks . Bad bit ches cheat too easily and too often",1,7,True
RT @CHlLDHOODRUINER: taking out the trash at night http://t.co/UhXTOgP4jZ,RT @CHlLDHOODRUINER: taking out the tr@sh at night http://t.co/UhXTOgP4jZ,0,1,True
REPUBLICANS TAKE MASSACHUSETTS GOVERNORSHIP: Coakley Conceds Gov. Race To Charlie Baker&#8230;. http://t.co/unfdQCQHyK,REPUBLICANS TAKE MASSACHUSETTS GOVERNORSHIP: C oakley Conceds G0v. R@ce To Ch arlie B@ker&#8230;. http://t.c0/unfdQCQHyK,0,8,True
RT @zippy1981: @voretaq7 from a TDD POV linux is just a mock for the kernel of the GNU/HURD system.,RT @zippy1981: @voretaq7 f rom a TDD POV linux 1s just type A mo ck f or the kernel of the GNU/HURD system.,0,8,True
Cheer up Charlie.,Ceer upward Carlie.,0,3,False
@TheTrackMamba gator bait &#128010;&#128548;,@TheTrackMamba gatr tantalise &#128010;&#128548;,0,2,False
This white bitch dressed as the devil at my job. Oh the irony lol,This white b itch dressed as the devil at my job. Oh the irony lol,1,1,True
Stop rt'ing Celtics trash please,Stop rt'ing Celtics scum please,0,2,True
I laugh at this bitch,I laugh at this bit ch,1,1,True
These hoes get thick n fat confused way more than often!!!!!!!!,These h oes get thick n fatten confused way more than often!!!!!!!!,1,3,True
&#8220;@PrettyxEyes: FYI http://t.co/R9JUoT4bGQ&#8221; my favorite type of bitches.,&#8220;@PrettyxEyes: FYI http://t.co/R9JUoT4bGQ&#8221; my favorite type of bithes.,1,5,True
@GarciaC28 those nudes were trash &#128514;&#128514;&#128514;&#128557;&#128557;&#128557;&#128557;,@GarciaC28 those n udes w ere tr@sh &#128514;&#128514;&#128514;&#128557;&#128557;&#128557;&#128557;,0,3,True
"@MarieJoseGMH @DWB666 @seahopke @zenterrorist86 tegenwoordig weet je ook al niet wat voor vlees je eet,voor je t weet is t zebra of een aap","@MarieJoseGMH @DWB666 @seahopke @zenterrorist86 tegenwoordig wet j3 0ok @l ni et w at voo r vlees j3 eet,voor j3 t w3et 1s t zbra of een aa p",0,15,True
RT @harrryaf: being a good citizen picking up trash (: http://t.co/PMFR5eopwO,RT @harrryaf: being @ g ood citizen pcking up tr@sh (: http://t.c0/PMFR5eopwO,0,7,True
f u tumblr bc my blog is black &amp; white but there's so many great colored things I could reblog fml,f atomic number 92 tumbl r bc my blog is black &amp; white but there's so many great c olored things I could reblog fm l,0,4,True
RT @BlasianBytch: @graceishuman @rhiannonrevolts yellow face and it's a no.,RT @BlasianBytch: @graceishuman @rhiannonrevolts yelow f@ce and it' s a no.,0,3,True
"@Morning_Joe If NBC has elected you to be a spokesman for NBC they are in a lot of trouble. I and friends will no longer watch NBC trash

1",@Moring_Joe If NBC h@s elected y ou to be a spokesmn for NBC t hey a re atomic number 49 a lo t of trouble. I @nd friends wi ll no longe r w@tch NB C tr@sh i,0,17,True
"""@thebravebird: #YoureNotMyType if my fade is perpetually fresher than yours."" That's a real ass bitch rite there","""@thebravebird: #YoureNotMyType if my f@de 1s perpetua lly fresher tan yours. "" That's @ real ass bich rite three",1,14,False
"""Is that an albino Mexican?""
""No dad, he's Asian.""","""Is that Associate in Nursing alino M exican?"" ""No d ad, he's Asian.""",0,8,False
I'm sick as fuck... this shit is for the birds,I'm honk as fuck... this sit equal f0r th3 birds,1,9,False
&#128027;=&#128176;&#128184; &#8220;@GOALSminded: its true that the early bird.. gets the worm first!&#8221;,&#128027;=&#128176;&#128184; &#8220;@GOALSminded: its tre that the ear ly b ird.. gets th e wrm firs!t&#8221;,0,7,True
RT @Opatz1: Fuck michelle obama. That monkey doesnt belong in the white house,RT @Opatz1: F uck michelle obama. That monkey doesnt belong in the white house,1,2,True
@MyButtSweats ay nigguh so when ya coming back,@MyButtSweats ay nigg uh so when ya coming back,1,1,True
This. Good. #pricklypear #shiner http://t.co/clfJKT4IZ4,This. God. #pricklyear #siner http://t.c0/clfJKT4IZ4,0,4,True
These hoes ain't loyal RT @ArzySauced: @ItsNotHarold man thats the realest shirt i seen tonight. A chick with a flip phone robbed me,These h oes ain't loyal RT @ArzySauced: @ItsNotHarold man thats the tangible shirt i seen tonight. A chick with a flip phon e robbed me,1,3,True
Stop giving these hoes half azz Dick plow it deep make her scream nd cream http://t.co/hwBWj9ui,Stop giving these h oes half azz peter plow it deep make her scream nd cr eam http://t.co/hwBWj9ui,1,3,True
@ImpactParasite just fuckin roasted this faggot,@ImpactParasite just fukcin roasted this fggot,1,3,True
RT @NaturalBadAssss: Phat pussy is the best pussy &#128526;,RT @NaturalBadAssss: Phat pussy is the best pussy &#128526;,1,7,False
Fat ass hoe holding up the machine,Fat @ss h oe holding up the machine,1,3,True
&#128514;&#128557; I have to explore the pussy out there @Austin__321 http://t.co/GER0IPaBPA,&#128514;&#128557; I have to explore the p ussy out there @Austin__321 http://t.co/GER0IPaBPA,1,7,True
Man arrested after 40 opened nip bottles of vodka found in car http://t.co/VtusSbGHbR,Man arresed after 40 opened ni p botles of vodka found in c@r http://t.co/VtusSbGHbR,0,5,True
RT @KerstinAnn_22: &#8220;@XxDopenessxX: This bitch is too real LOOOOOOL http://t.co/JTSNtWPLwR&#8221; yaga !!!!&#8221;&#8221; &#128514;&#128514;&#128514;&#128514;&#128514;&#128514;&#128514;&#128514;,RT @KerstinAnn_22: &#8220;@XxDopenessxX: This bitch is too real LOOOOOOL http://t.co/JTSNtWPLwR&#8221; yaga !!!!&#8221;&#8221; &#128514;&#128514;&#128514;&#128514;&#128514;&#128514;&#128514;&#128514;,1,10,False
I hate when people organize plans and you end up reaching the destination before them...bitch don't ask me if I'm here,I hate when peop le organize plans and you end up reaching the destination before them...bitc h don't ask me if I'm here,1,7,True
just noticed some trash on my notification page i had to clean up,just no ticed some tr@sh on my notificatio n pge i throw to clen up,0,9,True
This niggah know wassup,This nigg ah know wassup,1,1,True
"You mad cuz I was in the van with yo bitch
With both hands on her tits",You m ad c uz I represent in the van with yo grouse With both ha nds along h er tits,1,17,False
@SSickStory Lester tried to eat your bird,@SSickStory Leste r tried to e at you r bi rd,0,4,True
@Brenddan_ wow!!! Are you comin back up here? &#128514;&#128514;&#128514;&#128514; they some bitch niggas,@Brenddan_ wow!!! Are you comin back up here? &#128514;&#128514;&#128514;&#128514; they some bitch niggas,1,8,False
What time jamboree start Thursday. So I ca smile for the ugly hoes. &#128514;&#128128;,What time jamboree start Thursday. So I ca smile for the ugly hos. &#128514;&#128128;,1,1,True
@mightyfar they need to stop picking up UFCs trash though and build up there own fighters more.,@mightyfar thy ned to stop break up up UFCs tr@sh thoug h and build up there o wn figh ters mre.,0,9,True
"RT @TheDouch3: Most overused hoe excuses
1. It's just lyrics
2. My friends party so I party 
3. Men do it too
4. And vice versa
5. I was yo&#8230;",RT @TheDouch3: Most overused ho e excuses 1. It's just lyric poem 2. My friends party so I party 3. military personnel do it too 4. And vice versa 5. I was yo&8#230;,1,5,True
@treagle05 early bird gets the worm tomcat,@treagle05 ea rly bir d gets t he wor m tomcat,0,5,True
Pillow talkin to your hoe hatin on a nigga you might lose ya chick like that !!!!!,Pillow talkin to your hoe hatin on a nigga you might lose ya chick like that !!!!!,1,15,False
Kentucky Fried cater to da white folk. No colored menu,Kentcky Freid cater to d@ white fol k. No coloed men u,0,6,True
RT @LHT_519: when ya side hoe playing too much &amp; all you want is head /// https://t.co/7eALhuTA02,RT @LHT_519: when ya sid e h oe plaing too much &amp; altogether you want is head /// http$://t.co/7eALhuTA02,1,6,True
&#8220;@prettycha305: Group chat bitches we call yall undercover Feds &#128110;&#128110;&#128110; watching everybody&#8221;,&#8220;@prettycha305: Group chat b itches we call yall undercover Feds &#128110;&#128110;&#128110; watching everybody&#8221;,1,2,True
Chill bitch we ain't in love,Chill bit ch we ain't in love,1,1,True
RT @beethetranny: can we please stop talking about how some scumbag faggots mugshot is sexy? you dumb whores.,RT @beethetranny: can we please stop talking about how some scumbag fa ggots mugshot is sexy? you dum b w hores.,1,4,True
"@thetoddshow 
Y'all ain't gots no colored folk on da show. I tinks dats be racist and shit #TheToddShow",@thetoddshow Y'all ain't gots no col ored folk on district attorney show. I tinks da ts be racist and shit #TheToddShow,1,4,True
RT @emilyBOOMBOOM: Its 3am. And your man is with his other bitch. A computer. And you really cannot fucking compete.,RT @emilyBOOMBOOM: I ts 3 am. And yor humans 1s wih h is early bich. A computer. And y ou real ly can not fucking c ompete.,1,19,False
This 8 yr old on #masterchefjunior made my chicken look like trash.,This 8 yr old on #masterchefjunior made my chicen look like tr@sh.,0,2,True
"@QVC strawberry shortcake. Stacked with whipped cream, yellow spunge-cake, &amp; sliced #strawberries freshly picked from the farm w/ my kids.","@QVC strawberry shortcake. Stacked wth whi pped ceam, yell ow spunge-cake, &apm; slicd #strawberries freshly picked f rom t he farm w/ my k ids.",0,11,True
@sippey That's where birds came from.,@sippey That's wh ere brids cme fr0m.,0,5,True
RT @StayyeGolden: &#8220;@vivalakristia: Everybody that's still on Facebook ghetto or pregnant idc.&#8221;accurate,RT @StayyeGolden: &#8220;@vivalakristia: Everybody that's st ill on Facebook ghetto or pregnant idc.&#822 1;accurate,1,2,True
When Jake was mad happy and hugged muscle faced Renee Russo at the end of 1 I was like yeah them bitches bout to win it all!!!,When Jake was mad happy and hugged muscle faced Renee Russo at the end of 1 I was like yeah them bitc hes bout to acquire it all!!!,1,3,True
"RT @pop_ruth: I'm a little teapot short and Irish 
@onedirection artist of the year #AMAs
#EMABiggestFans1D http://t.co/9O1zfvlezV",RT @popruth: I' m a little teapo t sho rt @nd Irish @onedirection artist of the year # AMAs #EMABiggestFans1D http://t.co/9O1zfvlezV,0,9,True
@Mana_Lynn I smiled first and then you mugged . So of course ima mugg back. Can't bitch out lol,@Mana_Lynn I smiled first and then you mugged . So of course ima mugg back. Can't bit ch out lol,1,3,True
"All these afternoon groups are trash besides the Bubba, Keegs and Furyk group #TheMemorialTournament","All these afteroon groups a re tr@sh besides the Bubba, Keegs and Furyk grou p #TheMemorialTournament",0,5,True
RT @Comp10Tx: Rihanna really is trash,RT @Comp10Tx: Rihnna real ly 1s tr@sh,0,5,True
"@DarthMaverick7 @Xcntrik @religulous @chrispyosh Rather than believe that there was a man who was the very definition of good, u mock it.","@DarthMaverick7 @Xcntrik @religulous @chrispyosh Rather than believe that there was a man w ho was the vry definiti on of good, u mck it.",0,6,True
RT @Yannapyt: it ain't nothing to cut that bitch off &#127908;&#127911;,RT @Yannapyt: it ain't nothing to cut that bitc h off &#127908;&#127911;,1,1,True
"#porn,#android,#iphone,#ipad,#sex,#xxx, | #SmallTits | Small tits ghetto whore fucking with not her stepdad http://t.co/Ay6gRNTOUw","#p0rn,#android,#iphone,#ipad,#sex,#xxx, | #Smallits | Sm@ll ti ts ghetto who re fcking with n0t h3r stepdad http://t.co/Ay6gRNTOUw",1,11,True
"RT @Slanguage: Stop flattering yourself, bitch. The only fan you have is on your ceiling.","RT @Slanguage: Stop flattering yourself, btch. The only fan you have is on your ceiling.",1,1,True
Pretty muthafucka pull up in this bitch like,Petty muthafucka pull in up Hoosier State ths b itch lik e,1,8,False
that bitch looked wierd !&#128514;,that bit ch looked wierd !&#128514;,1,1,True
@StunningStina their tortillas are trash though.,@StunningStina thei r tortillas are tr@sh though.,0,2,True
That front flip was trash. That's how I front flip into the swimming pool and land on my back every time.,That fr ont flip was tr@sh. Thats how unity f ront flip into the swimming p ool and la nd on my back every time.,0,7,True
Already more yellows than the last 2 years combined #IndyCar #Honda200,Already more ye llows than the last 2 year s combined #IndyCar #Honda200,0,2,True
This 103 weather is a bitch,This 103 weather is a b itch,1,2,True
Its funny how these hoes will be texting yo phone all day and then 3 days later have a boyfriend &#128514;,Its funny how these hos will be txting yo pone all day and then 3 days later have a boyfriend &#128514;,1,3,True
we don't pay hoes... we don't save hoes,we don't pay h oes... we don't save h oes,1,4,True
I sho do miss my Uncle Tom,iodin s ho do mis s my Unce T om,0,7,False
Shy girls &gt;&gt;,S hy girls &gt;g&t;,0,3,True
Use to trap them birds now I'm fly like a birdddd,Use to tr@p t hem birs n ow I'm fl y like a birdddd,0,7,True
I never seen a Asian or Chinese bitch pregnant ..shit I throught they kids just spawn like call of duty &#128514;&#128557;,I never seen a Asian or Chinese crab meaning ..sht I throught they kids just spawn like call of du ty &#128514;&#128557;,1,7,True
Bet Charlie Strong has contacted Ridley,B3t Chrlie Str ong h@s contacted Ridley,0,4,True
Brackin in da bity boolin wit sum bitches straight bleedin,Brackin in da bity boolin wit sum crab straight bleedin,1,2,True
@Inkedup_Tiny ^___^ still should've walked over and said something pussy,@Inkedup_Tiny ^___^ still should've walked over and said something pu ssy,1,1,True
"Baby I'll whisper Vietnamese to you all soft like, ""ching... chong ting o long....""","pamper I'll whisper Vietnamese to yo u all s oft like, ""ching... chong tig type O lon g....""",0,6,True
RT @AC_Hussle: Bron pregame speeches be so trash though lmao,RT @AC_Hu$sle: Br on pegame speeches be so tra sh tho ugh lmao,0,6,True
Jihadi John has struck again. Prayers with the victims' families. What is the #bounty on His head? Time 4 him 2 meet allah,Jhadi J0hn has struck again. Payers with the victims' families. What is the #bounty on H1s hed? T ime 4 h im 2 come across a llah,0,12,True
@BlackManUSA @chrislhayes well that's some cracker jack secret service work there. jfk anyone?,@BlackManUSA @chrislhayes well tht's some crac ker jck secre t se rvice work there. jfk anyone?,0,5,True
"RT @robertbevan77: It's like The Walking Dead, but with less Carl and more talking birds. ZOMBIE ATTACK!!! http://t.co/UOCsPyksSC http://t.&#8230;","RT @robertbevan77: It' s like The Walikng Daed, but with less Crl and more mouth bidrs. ZOMBIE ATTCK!!! http://t.c0/UOCsPyksSC http://t.&#820;",0,11,True
RT @domhowx: You know you're ugly when an ape was chosen as a man crush and you've never been http://t.co/DWPs7b4xJU,RT @domhowx: You know yo u're ugly when an @pe was chosen as a ma n crush and you've never been http://t.c0/DWPs7b4xJU,0,4,True
Video: Charlie Baker campaign team denies contacting Gov. Patrick for meeting http://t.co/qHrA6OalRR,Video: Cha rlie B@ker campa ign tea m denies contacting Go. Patrick for meeting http://t.c0/qHrA6OalRR,0,7,True
Will you sell that pussy for me ?,Will you sell that p ussy for me ?,1,1,True
"""It's the dykes"" -hunter dyke with a dyke http://t.co/LGtw3AWMeh","""Its the dkes"" -hunter dyk e with a dye http://t.co/LGtw3AWMeh",1,4,True
Lol ike Turner http://t.co/8yNqYYaOjo,L0l ike Tuner http://t.c0/8yNqYYaOjo,0,4,True
"@TheRealTahiry lmao, your just a dumb hoe that budden made popular, please stop, your irrelevant and no one cares about you slut.","@TheRealTahiry lmao, your just a dumb h oe that budden made popular, please stop, your irrelevant and no one cares about you sut.",1,2,True
Webbie to retarded,Webbie to re tarded,1,1,True
"Dad: Why are your eyes so red? Son: I smoked weed, Dad. Dad: Don't lie to me, you were crying because you are a faggot.","Dad: Why are your eyes so red? S0n: I smoke d wed, Dad. Dad: Don't lie to me, you were crying because you are a fa ggot.",1,5,True
I could b out here like some of these chicks...in the streets slingin pussy for a couple dollars but im not,I could b out here like some of these chicks...in the streets slingin pussy for a couple dollars but im not,1,20,False
"RT @babyjaypops: ""@BreadTruckkBri: Why everybody sayin I don't listen &#128557;&#128514;&#128557;""u don't bitch u gone learn one day","RT @babyjaypops: ""@BreadTruckkBri: W hy ev erybody sa yin ace d on't lis ten &#128557;&#128514;&#128557;""u don't bitch u gone get a line single 24-hour interval",1,12,False
I've told those bitches at the dentist about my gums receding for the past fuckin year and now they wanna warn me about it,I've told those bitces atomic number 85 t he dentist abut my gums receding fo r t he pat fuckin ye ar and today th3y wa nna warn Maine or so 1t,1,19,False
"@DRSlaten I view hackers on the same level as shoplifters - bitch slapped into the lake and held until drowning. Harsh, but yeah. Hate.","@DRSlaten I view hackers on the same level as shoplifters - bitc h slapped into the lake and held until drowning. Harsh, but yeah. Hate.",1,11,True
"@KellenDaniel along with the French blue and Buggs bunny VIIs, and the Oreo IVs. @LaJethroJenkins","@KellenDaniel on with the Frnch bue a nd Buggs b unny VIIs, @nd t he O reo IVs. @LaJethroJenkins",0,10,True
@NotReallyGRyan think its cause she saw me doing biceps &#128527;&#128557;&#128514; lmao jk im still a bitch !&#128077;,@NotReallyGRyan thik information technology campaign s he sa w Maine d oing biceps &#128527;&#128557;&#128514; lmao jk im $till a bit ch !&128077;,1,13,True
&#128563; RT @UBoyRock17: &#128557;&#128557;&#128557; these hoes selfish,&#128563; RT @UBoyRock17: &#128557;&#128557;&#128557; these hoes selfish,1,2,False
@Lvl_7_Eevee @UnicornCowboy @hisorraya I just wanted brownies man,@Lvl_7E_evee @UnicornCowbo y @hisorraya I just wnted brownis m an,0,6,False
#Ebola is a great metaphor for how #GOP #teaparty policies eat off of vital organs until the host dies. #Tcot #teabaggers,# Ebola is a great metaphor for how #GP #teapart y polici es e at off of vital organs until the hos t des. #Toct #teabagge rs,0,9,True
He's a pretty damn good actor. But as a gay man it's awesome to see an openly queer actor given the lead role for a major superhero film.,He's a pretty damn good a ctor. But as a gay man it's awesome to see an openly queer acto r given the lead role for a major superhero flm.,0,4,True
"Col. Sanders, Part 2: ""...and those sons of bitches&#8212; they dragged it out and extended it and watered it down that I&#8217;m so goddamn mad!""","Col. Sanders, Part 2: ""...and those sons of b itches&#8212; they dragged it out and extended it and watered it down that I&#8217;m so goddam n mad!""",1,6,True
RT @Kyle_Lippert: If you buy tickets for Transformers 3D they just lock you in an aluminum trash can and toss you from an overpass into rus&#8230;,RT @Ky1e_Lippert: If you buy tikets fo r Transformers 3D the y just lock yo u in an a luminum tr@sh c@n and toss you from an ovrpass into rus&#8230;,0,11,True
&#9733;@&#9733;@&#9733;@&#9733;@&#9733; GRAND OPENING ! &#9733;@&#9733;@&#9733;@&#9733;@&#9733; TOP CLASS &#9733; Oriental Massage &#9733; PERFECT !&#9733;/ http://t.co/ydZYr4dVS4,&#973;@&#9733;@&#9733;@&#9733;@&#9733; GRAN D OPENNG ! &#9733;@&# 9733;@&#9733;@&#9733;@&#9733; TO P CL ASS & #9733; Orientl Massage &#97 33; P ERFECT !&#9733;/ http://t.c0/ydZYr4dVS4,0,13,True
If you not lickin toes you a basic bitch.. And I can't fuck with a basic bitch,If you not lickin toes you a basic bitch.. And I can't fuck with a basic bitch,1,17,False
RT @ooxlexx: I can't stand to be around ghetto girls.&#128134;,RT @ooxlexx: I cn't stand up t0 b3 @round g hetto girls.&#128134;,0,9,False
"People love to touch my hair ""ooo is this real?"" Yes bitch is yours?","People love to touch my hair ""ooo is this real?"" Yes bich is yours?",1,2,True
#HappyColumbusDay !!!! If is wasn't for #America.................#KarlMarx would never have thought of sharing #colonialism with #injuns !!!,#HappyColumbusDay !! !! If is wasn't f or #America.................#KarlMarx would n ever h@ve thought of saring #colonialism with #i njuns !!!,0,6,True
Yo can you guys stop being little bitches just know everything happens for a reason of your meant to be you will be &#128079;,Yo can you guys stop being little bi tches just know everything happens for a reason of your meant to be you will be &#128079;,1,2,True
RT @rose_shayna1: Never cared about how another bitch saw me. I know who I am,RT @rose _shayna1: Never ca red about h ow another bitc h $aw me . I k now wh0 single am,1,13,True
"RT @KapreceSun: where my 2 favorite jiggers at? @S_hawn24, @Satisfied_x ? &#128514;&#128514;&#128514; https://t.co/unNm233mFQ","RT @KapreceSun: where my 2 fa vorite jiggers at ? @S_hawn24, @Satisfied_x ? &#128514;&#128514;&#12 8514; https://t.co/unNm233mFQ",0,5,True
Brownies brownies brownies,Br ownies browines brownis,0,3,False
RT @_MindAtEase: Fuck twerking bitch can you cook,RT @_MindAtEase: sleep with twerking bit ch can you cook,1,4,True
You know a bitch mad when she throw her drink &#128514; now she got to find another nigga to buy her another one,You know a btch mad when she throw her dri nk &#128514; now she got to find another coon to buy her another one,1,3,True
@ImSooooMad guess who's eating cracker b without you,@ImSooooMad guess who's eat ing cracker b without you,1,1,True
Saw my dog humpin this female dog the other day. Now the female is waiting outside my door for a quick hook up. My dog gets bitches!,Saw my hot dog humpin this female dog the other day. Now the femal e is waiting outside my door for a quick hook up. My d og gets bitc hes!,1,7,True
She know my ex bitch she think she got next she fucced a gang of niggas threw that pussy off dec !,She know my ex bitch she think she got next she fucced a gang of niggas threw that pussy off dec !,1,19,False
"RT @UrbanEngIish: ""I'm grown"" = Let me be a hoe in peace.","RT @UrbanEngIish: ""I'm grown"" = Let me be type A hoe 1n peace.",1,2,True
"""@HBMostDope: @1Jayee @PipinHoes used to send that bitch up""","""@HBMostDope: @1Jayee @PipinHoes used to send that btch up""",1,1,True
And my mom was really getting me a car smh hoe f u for dat,And my mom was really getting me a c ar sm h ho e f u for dat,1,5,True
@nhatty_ice49ers thank you jackass zebras,@nhatty_ice49ers thank you jackas s zebras,0,2,False
Nipple banana monkey!,Nippl e banan a mokey!,0,3,False
"Welcome to the family, Mia Meli! #new #puppy #adorable #cute #fluffy #mutt #mybaby #girl http://t.co/a27C1XueZP","Welcome to the faily, M1a Meli! #new #pupy #ado rable #ute #f luffy #mutt #mybaby # girl http://t.co/a27C1XueZP",0,7,True
@Linnlondon1 I want some clams on the half shell :-) http://t.co/uFCAjNNQTZ,@Linnlondon1 I want some cl ams on the half sh ell :-) http://t.co/uFCAjNNQTZ,0,2,True
&#8220;@muhlackk: I'm Trynna find a bitch with a fat ass&#8221;,&#8220;@muhlackk: I'm Trynna find a bitch with a fat ass&#8221;,1,8,False
"Sad that girls look up to Kim so much. Like damn she got famous from being a hoe, and making sex tapes. We need to find better role models.","Sad that girlfriend look up to Kim so much. Like damn she got famous from being a ho e, and making $ex tapes. We need to find better role models.",1,5,True
RT @nebuladallas: i still live with hope that one day a hot rich boy will fall in love with me even though im trash,RT @nebuladallas: i still live with hoe that one day a hot rich son will f@ll in love with me even though im tr@sh,0,13,True
I can't sleep so ima watch Spongebob and eat crackers and peanut butter,I can't seep so i ma w@tch Spongebob and e at crack ers and p eanut b utter,0,8,True
@Meeeesh1395 my fuckin mom is a bitch. Like she aint even payin for it. Dylan is and he said its fine.,@Meeeesh1395 my fucikn mom is a btch. Like she aint even payin for it. Dylan is and he said its fine.,1,2,True
"@Ken_GTH nahh , whatever you are spook or spic, I still don't like you . Good day","@K3n_GTH nahh , whatever you a re s pook or spic, I still d on't like you . serious day",0,7,True
The solution is simple : buy a bitch,The solution is simple : buy a bitch,1,7,False
"@KingLuger carne asada, Gallo pinto, tajadas verde, queso frito and a salad With milca","@KingLuger car ne asada, G@llo pito, tajadas verde, queso frito a nd a slad Wth milca",0,7,True
"RT @BowDownn_Bitch: Nine times outta ten the bitch using them same unclean brushes on all ten of her clients. I can't with you ""beat faced""&#8230;","RT @BowDownn_Bitch: Nine times outta ten the bitch using them same unclean brushes on all ten of her clients. I can't with you ""beat faced""&#8230;",1,21,False
timbs straight trash though,timbs straight tras h though,1,2,True
She sounded like a bird crowing,Sh3 souned lke @ b1rd crowing,0,5,False
&#8220;@gmail_candy: It don't matter where we at this nigga always tryna holla at a bitch &#128514;&#128514; @tranSactionRAP&#8221; where. y'all. at?,&#8220;@gm@il_candy: It don't matter where we at this nig ga always tryna holla @t a bit ch &#128514;&#128514; @tranSactionRAP&#8221; where. y'all. at?,1,9,True
Jose Soto: Reflections of a former gay teabagger http://t.co/XtMMuzyK,Jose Soto: Reflections of a former ga y teabagger http://t.co/XtMMuzyK,1,1,True
@hazelinaaax3 @olivia_hrbek @kristiexox3 fuck Olive that bitch,@hazelinaaax3 @olivia_hrbek @kristiexox3 fuck Olive that bitch,1,2,False
Fairy Tale Hat - free crochet pattern for child and adult at http://t.co/0lRaBLMHB2 http://t.co/99zVbmYVe9,Fary Tale Ha t - f ree cochet pattern f or child @nd adult at http://t.co/0lRaBLMHB2 http://t.co/99zVbmYVe9,0,6,True
@GroteSmurf0 @illMartino @SvensTweet @KangUcup3 goh d AnoniemeAso meeting heeft weer pauze.Nog steeds niet bij hoofdstuk:hoe haal ik m'n ID?,@GroteSmurf0 @illMartino @SvensTweet @KangUcup3 goh d AnoniemeAso meeting heeft weer pauze.Nog steeds niet bi j hoofdstuk:hoe haal ik m'n ID?,0,1,True
how you insecure but a hoe? TF,how you i nsecure but a he? TF,1,2,True
Bad bitches is the only thing that i like,Bad b itches is the only thing that i like,1,1,True
That ass so retarted it belongs on a short yellow bus.&#127825;&#128652;,That a ss so retarted it belongs on a short yellow bus.&#127825;&#128652;,1,2,True
Are poor little guinea pig died :(,Are poor little gu inea pig died :(,0,2,True
@JustDoItSlow &#128530;FOREVER 21 hoes,@JustDoItSlow &#128530;FOREVER 21 h oes,1,1,True
Don't follow the astros they said. They're trash they said. Well now look at them #astros,Dn't follow the astro s they sai. They're tr@sh they sadi. Well now look at them #a stros,0,6,True
I'm known around Tampa as the ugly kid with no hoes,I'm known around Tampa as the ugly kid with no h oes,1,1,True
RT @TyDunne: Have to go with the slant pass to your outside linebacker in that situation.,RT @TyDunne: Have to go with the sant cash in one's chips to yo ur ou tside linebacker in that situatio.,0,6,True
"@realDonaldTrump he looks like reg. Memphis,tn. trash! we got them everywhere.","@realDonaldTrump he loks like r eg. Memphis,tn. tr@sh! w3 g0t them everywhe re.",0,7,True
"@EyeOnPolitics @chrisloesch As long as its not one of those ""special brownies"" right?","@EyeOnPolitics @chrisloesch As lon g as its not one of those ""spcial bownies"" r ight?",0,6,True
Almost cussed dis bitch out at mcdonalds talmbout da register down so dey can't serve us..umm bitch give us da food fa free den &#128530;,Almost cussed dis b itch out @t mcdonalds ta lmbout district attorney register down so d3y can't serve u$..umm b itch founder us district attorney food fa rid den &#12853 0;,1,16,True
"@chvrlesGoldie like Hov said ""we all ghetto b"" lol","@chvrlesGoldie like Hov sai d ""w3 a ll ghetto b"" l ol",0,6,True
"Okay, so maybe not every in #LosAngeles is evil. But I would 80% of the people I've encountered have been trash, another 10% barely human.","Oka y, so maybe not every in #LosAngeles is eil. But iodin would 80 % of the peole I've encountered have b3en tr@sh, another 10 % bare ly hu man.",0,11,True
Yup RT @Durags4Eva: Egg nog trash rap,Yup RT @Durags4Eva: Eg g n og tr@sh r@p,0,6,False
I wonder how many Yankee fans are hurt that Derek Jeter is out until after the all star break lmao &#128514;,single wonder how many Yakee f ans are hurt that D erek J eter is out until after the all str break lmao &#128514;,0,7,True
"@wbpictures no, i do not wish to spend $40+ to go to a filthy theatre and watch a fuzzy screen with bad sound. #ANNABELLE","@wbpictures no, i do not wish to spend $40+ to go to a f ilthy theatre and watch a f uzzy sc reen with bad s ound. #ANNABELLE",0,4,True
RT @Joan_Rivers: Charlie Sheen will star in a new sitcom as an anger management therapist. So what's next? Casey Anthony as the owner of ...,RT @Joan_Rivers: Charie S heen leave sar in a raw s itcom @s Associate in Nursing angr ma nagement therapis. So wh at's next? Csey A nthony @s th3 ow ner of . ..,0,22,False
@AceAlford_23 double up on this game bitch,@AceAlford_23 double up on this game b itch,1,1,True
"RT @bakedbrotatoes: *spits out animal cracker*
This doesn't even taste like hippo.",RT @bakedbrotatoes: *spits out ani mal cracker* This d oesn't even taste like hippo.,0,2,True
"@JunDishes elissa would call me trash, vile, etc.!","@JunDishes elissa would call me tr@sh, vil e, etc.!",0,2,True
"@matty_2_fatty fuck you bitch, where's my sleeve","@matty_2_fatty fuck you bitch, where's my sleeve",1,5,False
"RT @PluggedInPiff: @ThoughtsOfRandy stop following ""bad bitches"" and ya won't get spammed","RT @PluggedInPiff: @ThoughtsOfRandy stop following ""bad bit ches"" and ya won't get spammed",1,2,True
Double Stuff Oreos mane say,Doule Stfuf Oros ma ne s ay,0,5,False
You will never get a &#128141;&#128142; if you don't know how to cook &#127831;&#127830;&#127837;&#127844;&#127835;&#127829; for ya man fr atleast not from a nigga like me. Slackin ass bitches,Y0u w ill nevr arrive a &#128141;&#128142; if y0u don't know h0w to prepare &#127831;&#127830;&#127837;&#127844;&#127835;&#127829; for ya man fr atleast not from a nigga like me. Slackn nooky bi tches,1,20,False
RT @Rajput_Ramesh: Friends a Proud Hindu n ShivSainik brother shri Ramesh Jadhav was murdered by Jihadis plz help trend #RameshJadhav http:&#8230;,RT @Rajput_Ramesh: Friends axerophthol Poud H indu n Shivainik brother s hri Ramesh Jadhav was m urdered by Jihad is plz help cut #RameshJadhav http:&#8230;,0,12,False
Am I wrong fa laughin at dem niccas on 1st 48 who be cryin n the interrogation room,Am I wrong fa laughin at dem ni ccas on 1st 48 who be cryin n the interrogation room,1,1,True
&#8220;@ResiDimples: I heard thigh gaps is a way of telling if a bitch pussy is loose.&#8221; What?? http://t.co/OSjVJZJXCg,&#8 220;@ResiDimples: I haerd second joint gaps is a way of telling if a bitc h p ussy is loose.&#8221; What? ? http://t.co/O SjVJZJXCg,1,8,True
@usweekly that old cunt needs to sit down,@usweekly that old cun t needs to sit down,1,1,True
"RT @PlMPCESS: In the fashion world ""urban"" definitely means ""stolen from black people"" it's ghetto on us, and urban on them haha http://t.c&#8230;","RT @PlMPCESS: In the f ashion world ""urb@n"" definitely means ""stolen from black people"" i t's gh etto on us, and urb an on them haha http://t.c&#8230;",0,5,True
I keep these hoes in check until they bounce,I keep these h oes in check until they bounce,1,1,True
"Jon Jones just lost all my respect, turned down a fight like a bitch, hope he loses his next fight now, @JonnyBones","Jon Jones just lost all my respect, turned down a fight like a bich, hope he loses his next fight now, @JonnyBones",1,1,True
@zt0mm lucky monkey,@zt0mm lcky money,0,2,True
RT @F1abraham: Crew of women hillbillies &amp; gangsters w/the director #ItsAWRAP @AxemanTheMovie @JostonTheney @RachelEReilly &#9992;&#65039;&#127916;&#127909; http://t.co&#8230;,RT @F1abraham: Crew of women hill billies &amp; g angsters w/the director #ItsAWRAP @AxemanTheMovie @JostonTheney @RachelEReilly &#9992;&#65039;&#127916;&#127909; http://t.co&#8230;,0,3,True
With the birds i share this lonely view..,Wit h the b irds i shre thi s loely v1ew..,0,7,True
Zack still questions my love for Oreos lol,Zac k $till questons my l ove fo r Or eos lol,0,8,False
RT @RayyyZoR: I call this the 100gram sugar delight or a Heart Attack. It's a #PopTart #Twinkie &amp; a #HoneyBun http://t.co/s6ZnLVlvLI,RT @RayyyZoR: I cal this the 100gram sugar delight 0r a H eart Attak. It 's a #PopTart #Twnkie &amp; a #HoneyBun http://t.c0/s6ZnLVlvLI,0,11,True
Sixten just shoved like 8 Oreos down his throat,Sixten just shoved like 8 Oros down his throat,0,1,True
RT @MarcACaputo: BREAKING: Charlie Crist files emergency motion for a mulligan.,RT @MarcACaputo: BREAING: Ch@rlie Cist files hand brake question f or a mulligan.,0,8,False
He may be the President but that doesn't necessarily mean he's in the sole position of power in regard to making such decisions.,He may be the Pre sident but that doesnt necessarily mean he's in the so le p osition of powe r in regard to making such decisio ns.,0,6,True
"Drake T.I&#8220;@MsBTxo &#8220;@_sirhampton_ 3 Stacks, Kendrick RT @xHollywoodCourt: Name a rapper that alot of people like...but you think is trash&#8221;&#8221;","Dr ake T.I&#8220;@M$BTxo &#820;@_sirhampton_ ternion Stacks, Kendrik RT @xHolywoodCourt: Name @ r@pper that a lot of pe ople like..but you mean represent trsah&#8221;&#8221;",0,16,True
"""I found a new way to chug you have to open your mouth alot"" #shitallysays","""I found a new way to c hug you have to open your mouth alot"" #shitallysays",0,2,True
@mr_republicann chik fil a. hipotle is trash and taco bell will give you the runs,@mr_epublicann chik fil a. hiotle is tr@sh an d tac o bel l wll g ive y ou t he ru ns,0,11,True
&#8220;@KarynHalpin: Where do all the foreskins go when they circumcise a guy?&#8221; the Foreskin Fairy takes them after you put them under your pillow,&#8220;@K@rynHalpin: Where d0 a ll th3 foreskins go wh3n th3y circumcis e a guy?&#8221; t he Foreskn Fairy takes the m afterwards y ou pu t them under your pil low,0,17,True
coon RT @HumbleTeej: &lt;fills coffee up halfway&gt; &lt;uses 11 Irish cremes to fill other half&gt;,nigga RT @HumbleTeej: &l t;fills coffee upwardly halfway&gt; &lt;uses 11 Irish people cemes t0 f ill other half&gt;,0,9,True
@Corey_D_23 damn bro.. ps4 trash lol,@Corey_D_23 damn bro.. ps4 tra sh lol,0,3,True
Ion know why this bitch insists on telling me where she be going now. Idgaf about chu bitch like damn.,Ion know why this bitch insists on telling me where she be going now. Idgaf about chu bitch like damn.,1,19,False
If u not talking bout money or weed bitch I don't even wanna talk to you.,If uracil not talking but money or weed bich I don't even wanna talk to you.,1,5,True
@Dre_Day200 bitch,@Dre_Day200 bitch,1,1,False
@PCMag Overpriced complete trash. Not even debatable.,@PCMag Overpiced complete tr@sh. Not even debatable.,0,2,True
Life aint shit but bitches and money,Life aint shi t but squawk and money,1,2,True
"@Chrisworldpeace So I guess that makes us blacks double niggers, huh?","@Chrisworldpeace So I guess that makes us b lacks double nigg ers, huh?",1,2,True
I like my bitches bad wit a Lil attitude,I like my bitchs bad wit a Lil attitude,1,1,True
Doug Martin trash,Doug Mrtin tr@sh,0,2,True
When see u an oldhead rocking a Bruce Lee top with a durag on in the park randomly giving a group of street niggas a ghetto karate class,When see u an oldhead rocking a Bruce Lee top with a durag on in the park randomly giving a group of street nigger a ghetto karat e class,0,2,True
RT @ShamarGotHoes: J Cole ain't trash... Period.,RT @ShamarGotHoes: J Coe ain't t rash... Period.,0,4,True
"Seriously, reading 'thriller' like books spook me more than most horror movies. 
#bookgeek","Seriously, re ading 'thriller' like book s spok me more than most h orror movies. #bookgeek",0,5,True
they're not playing Charlie Strong's soft don't run up the score mentality. They're playing this guy. http://t.co/sqEdBgU34k,they're not plaing Charl ie Strong's sft dont run up the scoe menality. They're playin g this gu. http://t.c0/sqEdBgU34k,0,9,True
RT @NoBeeetch: @Ugh_Sickoe @thuggchelseaa aye bitch http://t.co/7NIebl9xQr,RT @NoBeeetch: @Ugh_Sickoe @thuggchelseaa aye bith http://t.co/7NIebl9xQr,1,2,True
"Nah fuck em bitter heat bitches ""@YeIIowbang: Funny seeing heat and bulls fans get along lol""","Nah fu ck em bitter heat bitchs ""@YeIIowbang: Funny seeing h eat and bulls fans get along lol""",1,8,True
i need one of these around the world twitter bitches cause these local facebook hoes aint cuttin it lol,1 motivation one of tese arou nd the public twitter squawk cuase thee l ocal facebo ok hoes ait cuttin it lol,1,18,False
RT @WhitePeopleTalk: &#8220;KOBE&#8221; as they shoot a piece of paper into the trash,RT @WhitePeopleTalk: &#82 20;KOBE&#8221; adenine t hey shoot a tack together of p@per into th e tra sh,0,10,True
@Iemonaids done that spell check we know you meant fat liberal Dyke feminist Nazi bitches,@Iemonaids do ne t hat piece c heck we make love you think fat liberal Dyke feminist Nazi bi tches,1,13,False
Bitches make me happy. RT @AsaAkira: Material objects make bitches happy #iPhone6 http://t.co/d1TbYtc7QB,Bitches make me happy. RT @AsaAkira: Material objects make bithes happy #iPhone6 http://t.co/d1TbYtc7QB,1,3,True
Wicked Oreo,Wic ked O reo,0,2,False
Idk how bitches trust other bitches sooo easily. I still have the same friends.,Idk how bitches swear othr squawk sooo easily. ane $till h@ve th3 same fri ends.,1,14,False
@FreddyAmazin ratchet looking nigger,@FreddyAmazin ratchet looking ni gger,1,2,True
@1stBlock_Rody yu ah hoe,@1stBlock_Rody yu ah ho e,1,2,True
@hxhsharingan666 did you make an animal cracker taco,@hxhsharingan666 did you make an a nimal cracker tac o,0,2,True
&#9733; BEST ASIAN MASSAGE ON THE Brooklyn Park slope --TOP RATED SPA &#9733;718-622-0221 - 24 http://t.co/6ZUxaQeaVL,&#9733 ; BEST ASIAN MASS AGE ON THE Broklyn Prk slo pe --TP RATED watering hole &#9733718-622-0221 - twenty-four http://t.c0/6ZUxaQeaVL,0,13,True
"RT @UnicornCowboy: @UglyNi99ah pepsi and cheerios
smashin on these hoes
got me blue in the taco
bae thinks of me flaco
errybody frontin
jus&#8230;",RT @UnicornCowboy: @UglyNi99ah pepsi and cheerio s smashin on these hes got me blue in the taco bae thinks of me flaco err ybody frontin jus&#830;,1,5,True
"RT @misskaee__: ""@MrDavidRoss: How do you cheat on this ? &#128530;&#128564; http://t.co/wOgXy8wjIW""

She's just like any other female with a pussy so who &#8230;","RT @misskaee__: ""@MrDavidRoss: How do you cheat on this ? &#128530;&#128564; http://t.co/wOgXy8wjIW"" She's just like any other female with a p ussy so who &#8230;",1,2,True
"RT @AtlasSmugged: women only play casual game like Kim K game &amp; anger bird. They don't play real games, like Male Power Fantasy 2 or Jingoi&#8230;","RT @AtlasSmugged: cleaning woman only play casual g ame like Kim K g@me &amp; ange r brd. They don 't play real game, like M@le Powr F@ntasy 2 or Jingoi&#8230;",0,11,True
RT @BoutCrazed: The best way to make a hillbilly do something is to tell him he can't do it.,RT @BoutCrazed: Th e best way to bring in @ hillbill y do somehing is to tell him h3 can' t do 1t.,0,18,False
416 we know ya bitch @kendricklamar,416 we know ya bitc h @kendricklamar,1,1,True
"RT @intelwire: Significant number of US tweets were Americans flipping the bird to IS. UK, not so much.","RT @intelwire: Significant number of US twets were Americans flipping the b ird to IS. U K, not so much.",0,4,True
U still fuck with your old bitch? &#8212; Disrespectful like shit http://t.co/CEYCDVZ4w5,U st ill fuck wit h y our o ld bit ch? &8212; Disrespectful lik e sh it http://t.c/oCEYCDVZ4w5,1,12,False
@YungIll314 everybody in Dot Mob/O-Red/Mickey Factz when you battled Clips he wore some ancient hong kong shit + 2 different colored hi-tops,@YungIll314 everybody in Dot Mob/O-Red/Mickey Factz when you battled Clips he wore some ancient hong kong motherfucker + 2 different colored hi-tops,0,1,True
&lt;&lt;&lt;when it's yellow outside,&1t;&lt;&lt;when it' s yell ow o utside,0,4,True
@i2ose is it full of niggers,@i2ose is it full of n iggers,1,1,True
Tonight starts the road the Super Bowl for the @Browns! Here we go brownies here we go! WOOF WOOF #Browns2014Draft,Tonight starts the rad the S uper Bo wl for the @B rowns! Here we go bownies here we go! WO OF WOO F #Browns2014Draft,0,7,True
@prime3_time whoooo?? Lemme find out a bitch run u haha,@prime3_time whoooo?? Lemme fi nd out a b itch turn tail uranium h@ha,1,5,True
RT @Chayeezy: When a bitch got you fucked up but you devoted your life to the Lord so you gotta stand there like you aint mad http://t.co/7&#8230;,RT @Chayeezy: When a bitch got you fucked up but you devoted your life to the Lord so you gotta stand there like you aint mad http://t.co/7&#8230;,1,25,False
Has anyone ever purchased baseball field dirt? I really want dirt from @Yankees Stadium for my grandfather's grave. #weirdtweets,Has anyone ever purchased basebal f ield d irt? I really want dir t from @Y@nkees S tadium for my grandfather's grave. #weirdtweets,0,6,True
RT @kj_feliciano: @vivalamarley yea dem hoes crazy,RT @kj_feliciano: @vivalamarley yea dem h0es crazy,1,1,True
RT @FreeTopher: That black pussy have nigga sayin anything #AHSFREAKSHOW,RT @FreeTopher: That black kitty-cat have n igga sayin anything #AHSFREAKSHOW,1,2,True
RT @jfkirtley: Reds haven't lost a series at Yankee Stadium since 1961 World Series #76 #08 #12,RT @jfkirtley: Res haven't lost a seris at Yank S tadium since 1961 World Ser ies #76 #08 #12,0,5,True
Honestly if the most hoodiest ratchet bitch asked me to her prom I'm in dere,Honestly if the most hoodiest ratchet bit ch asked me to her pr om I'm in dere,1,3,True
"""@UberFacts: 15 sad TV character deaths we're still bitter over... http://t.co/uLclFUF8nC http://t.co/1RXYQOOsM0""ned stark was the man","""@UberFacts: 15 s ad TV cha racter deaths we're sti ll bittr ove.r.. htp://t.co/uLclFUF8nC http://t.c0/1RXYQOOsM0""ned stak was t he m an",0,12,False
"I tell u this tho, if/when u nigger women start getting cornrows again...mannn just don't do it","I tell u this tho, if/when u ngger w omen $tart getting cornrows again...mannn just don't do it",1,5,True
Free wop,Free w0p,0,2,False
"Bitches know they bitches, bitch.","Bitches know they bitches, bitch.",1,5,False
"WIB plays next Fri (5-16-14)at the Silverdome Ballroom(21+) in Neillsville,WI with Charlie Parr &amp; Hobo Nephews of Uncle Frank! Tickets 15$","WI B plas next Fr i (5-16-14) at the Siverdome Ballr oom(21+) in Neillsville,WI with Charle Pa rr &amp; Ho bo Nephews of Unle F rank! Tickets 15$",0,13,True
RT @WFANTrades: Don't know how you Yankees fans listen to Kay every night. Absolutely brutal. Just nonsensical blah blah blah blah. Radio n&#8230;,RT @WFANTrades: Don 't know how you Yank fans listen to Kay every night. Absolutely brutal. Just nonsensical blah blah blah blah. R@dio n&#8230;,0,3,True
@rhythmixx_ why you gotta hoe me like that,@rhythmixx_ why you gotta h oe me like that,1,1,True
Gansitos are ATG beaner candy,Gansitos are ATG baner candy,1,1,True
RT @DeAdJAkE: Shermans all bark and no bite fuck that bitch,RT @DeAdJAkE: Shermans all bark and no bite fuck that bitch,1,8,False
@smokeabluntdgaf @Haiimbreanna You guys don't get evolution do you? You only share a common ancestor with apes.,@smokeabluntdgaf @Haiimbreanna You guy s don't get evolutin do you? You only portion out a comm on ancestor with aeps.,0,6,True
"RT @AIanHangover: If I've ever offended you, im sorry..

.

.

.

.

.

.

.

.

.

.

that you're a sensitive lil bitch.","RT @AIanHangover: If I've ever offended you, im sorry.. . . . . . . . . . . that you're a sensitive lil bitch.",1,12,False
"I hate ""chunky"" pasta sauce. KEEP PESKY VEGETABLES WAY FROM ME","atomic number 53 hate ""chuny"" pata sace. KEP PSKY VE GETABLES WAY FROM ME",0,11,False
@Bullskickass I've decided that #BullsNation are retarded. #love,@Bullskickass I've decided that #BullsNation are retar ded. #love,1,1,True
Nah Electric Fairy Tale seems cool but I'd rather buy some drugs with that money,Nah Electic faggot Tale seems cool but I'd rather buy some do drugs with that money,0,3,True
This Uncle Tom mother fucking wants to invoke 3/5 a man in his speech? Dude you ain't white no matter how much... http://t.co/3yrcyC9ezc,This Uncle Tom mother fuking wants to invoke 3/5 a man in his speech? Dude you ain't white no matter how much... http://t.co/3yrcyC9ezc,1,1,True
"RT, If You Agree!
#NorthKorea says #barackobama looks like;
""A monkey, who belongs in an African zoo"" 
ROFL! http://t.co/tooV1uty6h","RT , If You Agee! #NorthKorea say s #b arackobama looks like; ""A monky, who belongs in an A frican z oo"" ROFL! http://t.c0/tooV1uty6h",0,10,True
Oh man. This could be a serious first ever Chanel bag contender RT @evachen212 grape-colored Chanel bags http://t.co/q8ShjIFv,Oh m@n. This coud b3 a se rious f irst of all time Chanel b@g contender RT @evachen212 grape-col ored Ch anel bags http://t.c0/q8ShjIFv,0,14,True
"RT @Sydhinton922: If your boy breaks up with you and has a new girlfriend a couple days later, then there was something you didn't know abo&#8230;","RT @Sydhinton922: If your son brea ks up with yo u and has a ne w girlfriend a coupe day s late r, then there w@s so mething you ddn't know @bo&#8230;",0,17,True
@CBSThisMorning @charlierose racist @NorahODonnell tx trash enjoy your high along with gop win a substitute for racist @MittRomney loss!,@CBSThisMorning @charlierose r@cist @NorahODonnell tx trah enjoy your high along with g op wi n a substitute for racist @MittRomney lo ss!,0,7,True
I picked Welbeck for my team. I have to be some kind of cunt yes,I picked Welbeck for my team. I have to be some kind of c unt yes,1,2,True
This world needs a build a bitch workshop,This world needs a build a bit ch workshop,1,1,True
I need a cowboy killer and a cold one about now. @mr_dtb probably too tired tho to get down.&#128541;,I need a cowby kill er and a low temperature one about now. @r_dtb probably too tired t ho t0 get down.&#128541;,0,7,True
@_James_Kirby_ @mflury30 back off ya queer bag,@_James_Kirby_ @mflury30 back off ya quee r bag,1,1,True
"""Bae"" sounds like such a ghetto word. Use something else","""B@e"" sonds like such @ ghe tto wrod. U$e something e lse",0,9,True
All I want is cheesy bread and brownies &#128523;,A ll 1 wat 1s chesy bred an d pixie &#128523;,0,8,False
That was not good times! Starting the mickey mouse club soon!,That w@s not g0od tiems! St@rting the mikey mose clu b sono!,0,8,True
RT @lyvvvm: I'm such a bitch lmao I really just say what's on my mind though can't help it,RT @lyvvvm: I'm such a bit ch lmao I really just say what's on my mind though can't help it,1,2,True
@Kummar_King I volunteer to be guinea pig and help test it out &#128527;&#128587;,@Kummar_King I volunter to b3 ginea p ig a nd help te st information technology ou t &#128527;&#128587;,0,9,True
@joeylattime @Mawson38 @ameriC00N thats just me rooting against a team I hate not banwagoning u retard u have a different favorite,@joeylattime @Mawson38 @ameriC00N thats just me rooting against a team I hate not banwagoning u retard atomic number 92 have a different favorite,0,1,True
"RT @JuanNDaCut: Porn ads be convincing af...""click here and 30 bitches will appear in your bed"" you DAMN RIGHT ima click that shit nigga","RT @JuanNDaCut: Porn ads b3 convincing af...""click here and 30 bit ches will appear 1n yur bed"" you D AMN RIGHT ima click that s hit nigga",1,21,False
Light skin niggah &#128514;,Light scrape ni ggah &#128514;,1,2,True
@joshmtz1199 bitch I'm starving!,@joshmtz1199 b itch I'm starving!,1,1,True
RT @BryanHoch: Just 113 days until Yankees pitchers and catchers report.,RT @BryanHoch: J ust 113 days until Y@nkees pitcher s an d c@tchers r eport.,0,9,False
Nannie bitch don't talk to that hoe with ha extra bs ass @lilmenifee__ &#128514;&#128514;&#128514;&#128553;&#9996;&#65039;&#128175;&#128079;&#128581;&#128078;,Nannie crab don't talk to that ho e with ha extra bs @ss @lilmenifee__ &#128514;&#128514;&#128514;&#128553;&#9996;&#65039;&#128175;&#128079;&#128581;&#128078;,1,4,True
Ayyyyy I'm sipping on a free slurpee and seeing The Front Bottoms tonight. I'm a happy clam.,Ayyyyy I'm sipping on a f ree slurpee and seeing The F ront Bottoms tonight. I'm a happy cla.,0,3,True
"""@Tmacc_GFG: &#8220;@tizzimarie: No slushes &#128549;&#8221;hoes nasty anyway fam""&#128564;","""@Tmacc_GFG: &#8220;@tizzimarie: No slushes &#128549;&#8221;h0es nasty anyway fam""&#12 8564;",1,3,True
"RT @DonnieWahlberg: Happy #BLUBLOODS Friday! 

Off to @CBSNews to sit down with the gang on CBS This Morning!

Join us in the 8 o'clock ho&#8230;",RT @DonnieWahlberg: Hap py #BLUBLOODS Fridy! Off to @CBSNews to s it down with the gang on CBS This Mornnig! Join u$ in the 8 o'clock ho&#820;,0,9,True
This no beef thing is for the birds!!!,This n0 bee f th ing 1s fo r the birs!!!,0,7,True
I'm not really a phone kinda guy.. I actually hate talking on the phone &amp; texting kinda trash to me also.,I'm not really a ring kida guy.. I actually hate talking on the phon e &amp ; texting knda tr@sh to m3 also.,0,11,True
@urbasicyabish nigor??,@urbasicyabish nigor??,0,0,False
They come out Charlie Sheen... They come out coupe machine @wontgetme_22,T hey come out Chrlie Shee.n.. T hey come out cupe machine @wontgetme_22,0,9,False
Nobody cares you fucking fag damn you bring bitches water even though youre thirsty as fuck &#128514;&#128514;&#128514; #fucknigga,Nobody cares you fucking fag damn you bring bitches water even though youre thirsty as fuck &#128514;&#128514;&#128514; #fucknigga,1,16,False
' Bitch caught a body about a week ago ! Fuck with us and we get to tweekin hoe ! Run up on that niggah get to... http://t.co/av9YPjtwxn,' Bitch caught a body about a week ago ! Fuck with us and we get to tweekin hoe ! Run up on that niggah get to... http://t.co/av9YPjtwxn,1,27,False
RT @AlexPappas: Rick Scott Refuses To Appear On Debate Stage Because Charlie Crist Has An Illegal Electronic Fan http://t.co/qTPeHb2seX via&#8230;,RT @AlexPappas: R ick Sc ott R efuses To Appear On Deba te Stae Because Ch@rlie Cris t Has An Illegal Electronic F an http://t.co/ qTPeHb2seX v1a&#8230;,0,11,True
She tried to get you to rob the Wop but now the bitch in critical,She tried to get you to rob the Wop but now the bit ch in critical,1,2,True
WATCH: Excited ISIS Jihadis Getting Their Yezidi Sex Slaves On 'Distribution Day' http://t.co/n9ExnuVhKs #tcot #lnyhbt #pjnet #tgdn #gop,WTCH: Excted ISI S Jiha dis Gettin g Thir Yezidi sexual activity Slaves On 'Distribution Day' http://t.co/n9xnuVhKs #tct #l nyhbt #pjnet #tg dn #gop,0,13,False
Friendly advice to western reporters in Kobane: don't advertise your location. Jihadis are tracking u &amp; consider u a high-prize target #ISIS,Friendl y advice to horse opera reporters in Kobane: d on't advertise yo ur locatio. Jhadis are tracking uranium &amp; consider u a high-priz e t@rget #IIS,0,13,True
@Pepper_Redbone @Yankees @Mets I miss NYC!! Nashville needs a pro AL team. The closest is KC or Tampa. That's pretty bad. The south is NL.,@Peppr_Redbone @Yanke es @Mts I miss NYC !! Nasville need s a pro Heart of Dixie t eam. T he skinny is kilohertz or T@mpa. Tha t's pr etty bad. T he suth 1s N L.,0,24,False
No wonder these ppl that call themselves niggas &amp; thugs able to convince their hoes false ideas about men like me in our intellectual dress,No wonder these ppl that call themselves coon &amp; goon able to convince their ho es fal se ideas about men like me in our intellectual clothes,1,5,True
RT @Adrian1_knowsu: @0124jessi haha lml wrd no nah de pussy shit lol &#128514;&#128514;,RT @Adrian1_knowsu: @0124jessi haha lml wrd no nah de slit s hit lol &#128514;&#128514;,1,2,True
@BNightengale @FeinsandNYDN Time for Ranger scouts to head out and watch some Yankee prospects. #rangers,@BNightengale @FeinsandNYDN Time for Ranger scouts to head out and wa tch some Yanee prospects. #r@ngers,0,4,True
@iStricer You are hairy like a monkey. : P,@iStricer You are ha iry like a monkey. : P,1,1,True
@SFGiants trash smh game rigged bumgarner took roids,@SFGiants tr@sh smh g@me rigged bumgarner tok roids,0,4,True
RT @TomBradysEgo: Might have a better chance if we put some trash cans out there.,RT @TomBradysEgo: Might have a better chance if we put some tras h butt out there.,0,2,True
RT @markiiejay: You got niggas &amp; i got bitches,RT @markiiejay: Yo u got niggas &map; i g0t grouse,1,8,False
!!!!&#8220;@selfiequeenbri: cause I'm tired of you big bitches coming for us skinny girls!!&#8221;,!!!!&#8220;@selfiequeenbri: cause I'm tired of y0u b1g biches coming for us s kinny girls!!&#8221;,1,9,True
"RT @SweetiePaii: RT if you listen to these bands &#128522;

A7X
PTV
SWS
ATL
BVB
ADTR
BMTH
YMAS
FOB
AA
Blink 182
TDG
SS
FIR
MCR

Follow me &amp; everyon&#8230;",RT @SweetiePaii: RT if you listen to these band s &#128522; A7X PT V SW S ATL BVB ADTR BMTH YMS FOB AA Blink 182 TDG SS FIR MCR Follow me &amp; everyon&#8230;,0,8,True
@Things4FLppl Yankees like Florida State; not Floridians.,@Things4FLppl Y@nkees like Floria St@te; n ot Fl oridians.,0,6,False
@bijoudulcet geminis rule hoe. &#128524;,@bijoudulcet geminis rule ho. &#128524;,1,1,True
"""@MaxMayo77: http://t.co/XpSC3makgJ"" sexy lad with hot soles and arches.","""@MaxMayo77: http://t.c0/XpSC3makgJ"" sex y 1ad with ho t soles and a rches.",0,5,True
"RT @SportsCenter: For the last time, The Captain takes the field at Yankee Stadium. http://t.co/c9TI4FkSkn","RT @SportsCener: For the last time, The Captan takes the fied at Y@nkee St adium. http://t.c0/c9TI4FkSkn",0,6,True
RT @GOLDBONEQUEEN: Stevie J turned a hoe &#128111;into a Housewife&#128129;&#128141;&#128142; and Nikko turned a Housewife&#128582; into a hoe&#128111;&#128111;&#128131;&#9757; !!I swear this shit can happen,RT @GOLDBONEQUEEN: Stevie J turned a hoe &#128111;into a Housewife&#128129;&#128141;&#128142; a nd Nikko turned a Housewife&#128582; i nto a hoe&#128111;&#128111;&#128131;&#9757; !!I swear this shit can happen,0,2,True
"Apparently I got chunky for my bday. Worse bday present ever. Lol. 
#diettime",Apparentl y I go t low-set f or my bdy. Wrse bdy presnt e ver. Ll. #diettime,0,12,False
"&#8220;@noLove_moreLOUD: Shorty name is "" Masika"" and y'all surprised she a hoe.&#8221;&#128514;","&#8220;@noLove_moreLOUD: Shorty name is "" Masika"" and y'all surprised she type A h0e.&#8221;&#128514;",1,4,True
@lilthickgawdess salty pussy,@lilthickgawdess salty pu ssy,1,1,True
"@yawlknow @HoskinsTy96 ""all of these rednecks and none of them can keep the fire lit"" &#128514;&#128514;","@yawlknow @HoskinsTy96 ""all of these r ednecks and none of them can keep the fire lit"" &#128514;&#128514;",1,1,True
I'm not the type to fight no bitch over a nigga im the type to say fucc that &amp; take his Bitch &#9995;&#128514;&#128527;,I'm not the type to fight no bitch over a nigga im the type to say fucc that &amp; take his Bitch &#9995;&#128514;&#128527;,1,22,False
Ugh like I hate when my momma get to talking all proper like bitch stfu.,Ugh like I hate when my momma get to talking all proper like crab s tfu.,1,2,True
@BookoutBj That's ghetto for super duper! It's the current generations best complement.,@BookoutBj That's ghtto f or sup er duper! Its the cur rent generations bet complement.,0,7,True
Anyone want some absolutely amazing and deliciously fresh perfect monkey bread? &#128586;&#128584;,Ayone deficiency some absoluely a mazing a nd deliciously fr esh perfec t mo nkey brea d? &#128586;&#128584;,0,10,True
"#porn,#android,#iphone,#ipad,#sex,#xxx, | #Desi | paki http://t.co/XxcdQvzI9t","#porn,#androi d,#iphone,#ipad,#sex,#xxx, | #D esi | pak i http://t.co/XxcdQvzI9t",0,3,True
RT @X_LexiiSoUnique: All I see down my TL is naked white bitches &#128064;&#128064;&#128064;&#128584;,RT @X_LexiiSoUnique: All I see down my TL is naked white bi tches &#128064;&#128064;&#128064;&#128584;,1,3,True
All these Hoes fuckin ! But they don't wanna seem like a hoe you gotta hit them ona D LO !,All thee hoe fukin ! just they don't wana seem l ike a h oe y0u gotta off them 0na ergocalciferol LO !,1,16,True
#NowPlaying : Great White - Once Bitten Twice Shy on #1069TheArrow - http://t.co/R5wuXA9jB6,#NwPlaying : Grat White - Once Biten Twice Shy on # 1069TheArrow - http://t.co/R5wuXA9jB6,0,7,True
"@gerfingerpoken2 His job as US Prez, to protect us is throw in trash..Ebola ER at our cost Daniel, both money &amp; lives! DoG","@gerfingerpoken2 H1s j0b as U Prez , to protect u$ make up hold 1n tr@sh..Ebola atomic number 68 @t 0ur co st Daniel, both moey &amp ; l ives! D0G",0,21,False
"RT @lowcountry_luv: Attack animals, last house on the left by the lake, and she got colored eyes...we should have known.! Lol","RT @lowcountry_luv: set on anials, live on huse on th e l eft by t he lake, @nd $he get down coored 3yes...we should hve known.! Lol",0,20,True
&#193;lbum de fotos: csitaly: [TS3]Fairy Tail - Satan Soul Mirajane Strauss made with The Sims 3. Happy... http://t.co/b4i8EiMux2,&#193; lbum de fot os: csitaly: [TS3]Fairy Tail - Stan somebody Mrajane Strauss made with The Sms 3. H@ppy... http://t.c0/b4i8EiMux2,0,11,False
Ok so not all the shows on Cartoon Network are complete trash. Stevm Universe is awwwwwesomeeeeee,alright so not all the shows on Caroon N etwork a re coplete tr@sh. Stevm Univese is awwwwwesomeeeeee,0,7,True
"RT @funnyorfact: Real friends don't get offended when you call them bitch, hoe or slut. They smile and call you something more offensive..","RT @funnyorfact: Real friends don't get offended when you call them bitc, hoe or slt. They smile and call you something more offensive..",1,4,True
But rich is a light skin coon. So it's expected.,But rich is a liht $kin coon. So it' s expcted.,0,6,True
&#8220;@Fly_Air_Walker: Everybody entitled to they own opinion tho.&#8221; Not that bitch she need to shut up &amp; sit the fuck down,&#8220;@Fly_Air_Walker: Everybody entitled t0 tey own opi nion tho.&#8221 ; Not that bitch she need to shut up &map; sit t he do it d own,1,20,False
Gab and Bri both fell asleep on me. #hoes,Gab and Bri both fell asleep on me. #hes,1,1,True
Long yellow.,L0ng yell ow.,0,2,False
