original_text,adversarial_text,original_label,num_perturbed,attack_sucessful
RT @kitcoskjones: im soooo over having a bitch it aint EVEN funny lbs....,RT @kitcoskjones: 1m soooo over having a squawk it aint EVEN funny lbs....,1,2,True
I say we all do a big fat line of meth after the finale...come on you pussies :P #GoodbyeBreakingBad,I say we all do a big fatten up line of meth after the finale...come on you pussies :P #GoodbyeBreakingBad,1,1,True
Watching #Steelers colts getting blinded by the Steelers uniys look like bunch of bumblebees,Watching #Stee lers colts getting blinded by the Steeler s uniys look like bunch of bumb lebees,0,3,True
Can Charlie Crist pull one over on Rick Scott? Well he did pull one over on #floridaprimary dems tonite. #TPOT #Election2014,Can Ch arlie Cr ist pll one over on Rick Scot? Well h3 di d pll one over on #floridaprimary dems tonite. #TPOT #Election2014,0,9,True
"""@angelenagoley: 10 sex positions http://t.co/nt3PABMWsm http://t.co/JmHZ8Sczf0""naw this what u call fucking the soul outta bitch &#128557;","""@angelenagoley: 10 wind up psitions http://t.co/ nt3PABMWsm http://t.c0/JmHZ8Sczf0""naw ths what atomic number 92 call fuckig the s oul outta bitch &#128557;",1,9,True
@KiaraSmallzz lmaoo &#128514;&#128149;I think I want this bitch YA me tiene cansada but thanks &#128536;wait hold up ... Who u fighting &#128563;,@KiaraSmallzz lma oo &#128514;&#128149;I think I want this bitch YA Pine Tree State tiene cansada but thanks &#128536;wait hold up ... Who u fighting &#128563;,1,2,True
RT @AP_Noticias: #&#218;LTIMAHORA El republicano Charlie Baker elegido gobernador de Massachusetts. #Election2014 #APracecall http://t.co/qkbWQ&#8230;,RT @AP_Noticas: #&#218;LTIMAHORA E1 republicano Charle Baker elegio gobernadr de Massachusetts. #Electi on2014 #APracecll http://t.co/qkbWQ&#8230;,0,8,False
"RT @LauraBehnke: #Yankees fans having flashbacks! RT @WCCORosen: @LauraBehnke You remember THIS Phil Hughes! It's already 4 to 0, still no &#8230;","RT @LauraBehnke: #Yan kees f@ns having flashbacks! RT @WCCORosen: @LauraBehnke You remember THIS Phil Hughes! It's already 4 to 0, still no &#8230;",0,2,True
Damn Charlie Wilson is still around?,Damn Ch@rlie Wil son is still around?,0,3,True
"Always wanted to fuck that bitch, thank you god I fucked that bitch","Always wanted to f uck that bich, thank you god I fuckd that bit ch",1,4,True
"RT @MindOnSuccess_: My mother be on some trash man &#128514; I ask her EVERYDAY, you need/ want some money? She say ""Naw I'm good!"" But come payday&#8230;","RT @MindOnSuccess_: My mothe r be on some trash man &#128514; I ask her EVERYDAY, you need/ want some money? She say ""Naw I'm good!"" But come payday&#8230;",1,1,True
"I didn't know my nig G-Eazy had reached a million views on one of his songs, haha that's crazy","I didn 't know my nig G-Ea zy had reached a million views on one of his songs, haha that's crazy",1,2,True
@CBSThisMorning @charlierose @NorahODonnell tx trash your show was a disgrace this AM engaging w @MittRomney disrespecting the President,@CBSThisMorning @charlierose @NorahODonnell tx tras h your show was a disgrace this AM engaging w @MittRomney disrespecting the President,0,3,True
I openly admit to being the level of white trash that will drive across town to the gas station with free hot dogs &amp; half price drinks.,I openly admt to being th3 even out of w hite tr@sh that will d rive ac ross town to the gas staton with free hot dogs &amp; half price drinks.,0,10,True
RT @wittybigtwittys: I use the word cunt very loosely,RT @wittybigtwittys: I use the word cun t very loosely,1,1,True
@sportsdude53 haha not you. Just getting shit from everyone else when my second favorite team is the redlegs.....,@sportsdude53 haha not you. Just getting s hit from everyone else when my second favorite team is the redlegs.....,1,2,True
You're like a lucky leprechaun with a charmed day on your hand... More for Gemini http://t.co/2nx6NlOxOe,Yo u're like a lucky lepechaun with a charmed day on yo ur hand.. More for Gemini http://t.co/2nx6NlOxOe,0,4,True
but shawty you not a bitch you the one I get money wid,but shawt y you not a squawk you the one I get money wid,1,2,True
RT @BurgerKing: Chicken Fries. @Oreo Shake. Perfection. http://t.co/PdiGLRbhJZ,RT @BurgerKing: Chic ken F ries. @Oeo Shae. Perfecton. http:/t.co/PdiGLRbhJZ,0,7,False
Not a word on Jihadi stream about the Kurdish female suicide bomber in Kobane. That story undermines their mythology on several levels.,Not a word 0n Jihdi stream aout the Kurdish femae suicide bomber in Kobane. That stoy undermines their mythology on several leves.,0,9,True
"RT @Allan_Son: I got gatorades, Twinkies, rice puddings, Pringles, and cookies &#128525;&#128555;","RT @Allan_Son: I g0t gatorades , Twinkies, rce puddings, Pringles, and cooies &#128525;&1#28555;",0,8,False
Some hoes that tweet just make me mad lol,Some hoes that twe et just make me mad lol,0,1,True
Keep those away frm Charlie Day RT @JhonenV: Just once in my life I'd like for someone's favorite part of my body to be my disgusting knees.,Kee p those away f rm Chrlie D@y RT @JhonenV: Just once in my lif e I'd like for someone's favorite part of my b0dy to be my disgusting knees.,0,8,True
@ElyssaJankowski @ComedyTextings haha she a stupid hoe,@ElyssaJankowski @ComedyTextings haha she a st upid h0e,1,2,True
Fuck dat bitch,F uck d at bit ch,1,3,True
"One of my favorite songs. ""There's a man on the shoreline with a white parakeet trying to make his bird go home."" http://t.co/bQ3CBIPk6s","One of my f avorite sons. ""There's antiophthalmic factor ma n on the shoreline with @ whte parakeet trying to make his bird go hmoe."" http://t.co/bQ3CBIPk6s",0,8,True
S/O to my Luu's. These are down bitches! Don't fuck with them.,S/O to my Luu's. These personify down bitches! Don't have intercourse with them.,1,11,False
This niggga said I be branding bitches &#128569;&#128514;&#128514;&#128514;&#128514;&#128527;,This niggga said I be branding bitc hes &#128569;&#128514;&#128514;&#128514;&#128514;&#128527;,1,1,True
got my bitch in her whip coming to pick me up,got my bitc h in her whip coming to pick me up,1,1,True
RT @K1mb0Slyc3: Me too! &#8220;@WhatsAshirt: Defiantly going to see that new planet of the apes tonight&#8221;,RT @K1mb0Slyc3: Me too! &#822 0;@WhatsAshirt: Defiantly going to get word that new plnet 0f the apes tonight&#8221;,0,5,True
After tonight&amp;&amp; many more nights to come!! I will show you what a cold hearted bitch can do!!! #donefeedup #solo,After tonight&amp;&amp; m any more than nights to com e!! I will show you what a cold hearted bitch can do!!! #donefeedup #solo,1,3,True
Aint no hoe in blood,Ai nt no h oe in bl ood,1,3,True
Hahahaa so people can't parent differently...? Twitter is fuckin trash ahahahha http://t.co/b6koSBMzBz,Hahahaa so people can' t parent differently...? Twitter is fuckin trash ahahahha http://t.co/b6koSBMzBz,1,1,True
anybody want any sugar maple saplings? I have about 50 popping up in Heidi's hillbilly beach. me and emm's planted two Friday.,anybody want an y s ugar maple saplings? I have about 50 popping up in Heidi's hillbilly beach. me and emm's planted two Friday.,0,2,True
RT @hilaryde92: Always a fat bitch in the handicap spot but never a dude in a wheelchair.,RT @hilaryde92: Always a fa t bit ch in the handicap spot but never a dude in a wheelchair.,1,2,True
"I named my penis ""The Truth"" because bitches can't handle it.","I named my penis ""The Truth"" because bitces c an't handle it.",1,2,True
RT @JesusMVela: &#8220;@Enriquuee_: @JesusMVela @wigga32 fucking pussy that's why&#8221; exactly. Let me @ the nigga @RyanMattheww7 were talking about &#8230;,RT @JesusMVela: &#8220;@Enriq uuee_: @JesusMVela @wigga32 fucking pu$sy th at's why&#2821; exctly. Let Maine @ the nigga @RyaMattheww7 were talking ab out & #8230;,1,10,True
"@Blackman38Tide Ha bitch, I'm pickin' up beach babes left n right on the West Coast http://t.co/lDXNpohLyD","@Blackman38Tide Ha bitc h, I'm pickin' up bea ch baes left n right on the West Coast http://t.co/lDXNpohLyD",1,3,True
@gezus__ you gunna let that bitch do you like that?,@gezus__ you gunn a let that btch do you like that?,1,2,True
"""@kazooook: We actin like it's the 7th day @WesGodLaFlare http://t.co/s9gMtEvpaT""
&#128123;spook","""@kazooook: We actin wish its th3 seventh twenty-four hour period @WesGodLaFlare http://t .co/s9gMtEvpaT"" &#128123;spook",0,9,False
&#8220;@coltscommunity @Pacers @nflcolts @indystar #CHUCKSTRONG #GoldSwagger http://t.co/6q5wm3VU&#8221; thats awesome &#127936;+&#127944;=&#128077;&#128076;&#9757; #hoosiers,&#8220;@coltscommuniy @Pacers @nflcolts @indystar #CHUCKSTRONG #GoldSwagger http://t.co/6q5wm3VU&#8221; th ats amazing &#127936;+&#127944;=&#128077;&#128076;&#975; #hoosiers,0,5,False
RT @kamaalrkhan: Sir @ArvindKejriwal career tho apka waise bhi khatam ho chukka. You have become new Amar Singh so try for publicity #Kejr&#8230;,RT @kamaalrkhan: S1r @ArvindKejriwal c@reer th o apka waise bhi khatam atomic number 67 chukka. You have become new Amar Singh so try for publicity #Kejr&#8230;,0,4,True
@josh_sclafani You're also a better little bitch,@josh_clafani You're also a beter lit tle bit ch,1,5,True
iggy wanna be black so bad. ur a white widow hoe,iggy wanna be black so bad. ur a white widow h oe,1,3,True
"RT @goodmanwood: Rise+Rhyme #snowpatricksday @busboysandpoets: ON in the AM! Wear your green, dance a jig &amp; sing a lively tune w/ me!
http:&#8230;","RT @goodmanwood: Rise+Rhy me #snowpatricksday @busboysandpoets: ON in the AM! Wear yur gr een, d@nce a jig &amp; sing a lively tune w/ me! http:&#8230;",0,4,True
I'm with 3 bitches &amp; 2 of em mix,I'm with 3 bit ches &amp; 2 of em mix,1,1,True
"He died for a reason RT @ShyThugg: ""@viaNAWF: I didn't follow you back cuz you fat, bitch. Foh large hoe."" Jesus ain't pleased fam","H3 ded for a reason RT @ShyThugg: ""@viaNAWF: I did'nt folow y0u back cuz you ft, btch. Foh lar ge hoe."" Jesus ain't pleased fam",1,11,True
Parsons trash,Parsons tr@sh,0,1,False
"Tell them hoes ""I'm all friended out""","Tell them h oes ""I'm al l friended out""",1,2,True
"RT @Factsionary: Pink ""albino"" dolphins are extremely rare but do exist in the wild. http://t.co/gWyLpgC9lP","RT @Factsionary: Pink ""albno"" dlphins @re extremely rare b ut do live in the wild. http://t.co/gWyLpgC9lP",0,5,True
@BitchMedia what's up my bitches?! Shout out from your momz in Cali! Keep doin what u do. #loveit,@BitchMedia what's up my bit ches?! Sohut out from your momz in Ca li! Keep doin what u do. #loveit,1,4,True
"But bitch you gon shave or wax that pussy before I bless it, Foh.","But btch you g0n shave or wax that pusy before I bless it, Foh.",1,4,True
"Do birds have dongs? How do they mate? Help me, I'm an adult who doesn't know how animal sex works!!!","Do b irds have dongs? How do they mate? Hep me, I'm an adult who doesn't know how animal sex works!!!",0,2,True
#Yankees Pineda needed that 6'7. Great play!,#Y@nkees Pinda nee ded tat 6'7. Gr eat pay!,0,6,True
"RT @IllusiveHaven: shhhh&#8230;
wrap yourself around me
let me kiss the bruises on your heart
lick your unhealed wounds
and taste the raw wild ho&#8230;",RT @IllusiveHaven: shhhh&#8230; wrap yorself more or less me let m3 kiss the bruises on your heart lick your unhealed wounds and taste the raw wild ho&#8230;,1,4,True
"Don't dance, Iggy. It's trash just like your music.","Do n't dane, Igy. I t's tr@sh just like your music.",0,5,True
smh RT @uglyhxes Tyga shoulda knew Blacc Chyna was a hoe when his son crip walked out her pussy.,smh RT @uglyhxes Tyga shoulda knew Blcc Chyna was a ho e when his son crip walked out her pusy.,1,5,True
@Oskzilla @yaseenxkahn sleep niggah! Lol,@Oskzilla @yaseenxkahn sleep ni ggah! Lol,1,1,True
RT @Venus_Lynn: &#8220;@dylxnl: look ghetto but it work http://t.co/chrvW9dPca&#8221;&#128557;&#128557;&#128557;&#128557;&#128557;&#128557;&#128557;&#128557;&#128557;&#128557;,RT @Venus_Lynn: &#8220;@dylxnl: loo k ghetto b ut 1t work http://t.c0/chrvW9dPca&#8221;&#128557;&#128557;&#128557;&#128557;&#128557;&#128557;&#128557;&#128557;&#128557;&#128557;,0,4,True
"RT @MetalHammer: Are you in London this evening? 
Well ex-Iron Maiden member, Tony Moor, will be busking outside Balham train station from &#8230;","RT @MetalHammer: Are you in British capital this evening? Well ex-Iron Maid en member, Tony Moor, will be busking outside Balham train station from &#8230;",0,2,True
Serious question: what do white boys pull up on bitches bumpin?,Serious question: what do white boys pull up on bitchs bumpin?,1,1,True
@Drfreezeburnn That's not bias. It's an objective fact that Philly fans are cunts.,@Drfreezeburnn Tht's not bias. I's an objective fact that Philly fans are c unts.,1,3,True
"""I used to dress up like a cop too.""
""Oh really?""
""Yeah...right after 9/11...mad pussy.""
""Really?""
""Yes...I'll NEVER FORGET.""","""I used to dress up like a cop too."" ""Oh really?"" ""Yeah..r.ight after 9/11...mad pussy."" ""Really?"" ""Yes...I'll NEVER FORGET.""",1,3,True
@tweetstar10 Saw that there's a 15&#176; slope to the wire? That enough for a zip-line? #businessopportunity,@tweetstar10 Saw that there's @ 15&#17 6; slope to t he wire? That en ough f or a zip-line? #businessopportunity,0,7,True
RT @JuanNDaCut: When twitter rappers dm me their trash links http://t.co/yck16ZiNZZ,RT @JuanNDaCut: When twitte r rappers decimetre me their trash links http://t.co/yck16ZiNZZ,0,3,True
@jesstoth we could get matching burner phones and be ghetto fab for a few months,@jesstoth we could get matching brner phones and be ghetto fab for a few months,0,1,True
All these faggot fell asleep on me,All these fagg ot fell asleep on me,1,1,True
@yfly23 mock draft?,@yfly23 m ock draf?,0,2,False
That was trash. I'm just gonna put my phone down. Goodnight,That live trah. I'm jst gonna put my call down. Goodnight,0,8,True
Pull up on a nicca #Bored,Pull up on a ncca #Bored,1,1,True
"RT @ZekeJMiller: RT @MarcACaputo: ""I've met few people in politics that I disrespect more than Charlie Crist,"" --Rudy Giuliani","RT @ZekeJMiller: RT @MarcACaputo: ""I've met few pe ople in poliics tht single contempt more than Charie Crist,"" --Rudy Giuliai",0,12,True
Let's run a train on this bitch,Let's run a train on this bit ch,1,1,True
@wboundurant92 like I said drose needs to stop being a pussy lol,@wboundurant92 like I said droe needs to stop being a pu ssy lol,1,2,True
"""I'll slit your throat-neck"" http://t.co/ChFFSDeDdd","""I'll s lit your thr0at-neck"" http:/ /t.co/ChFFSDeDdd",1,3,True
RT @mitrebox: At this point every voter in Florida has voted both for and against Charlie Crist.,RT @mitrebox: At this pont ev ery votr in Flor ida has vote boh fo r and agaist Charlie Cris.,0,11,True
"""For every bad bitch there is a nigga tired of fucking her""","""For every bad squawk there is a niga tired of f ucking h3r""",1,4,True
RT @s_devante: That moment were u friend zone a bitch at 3am for calling u# do u now way time it is please gtf out my face#rich homie quan &#8230;,RT @s_devnte: That moment exist uranium fried zone antiophthalmic factor bit ch @t 3am f0r calling u# do u now way time it 1s please gtf out my face#rich homie quan &#8230;,1,11,True
RT @hildismom: MT @jjauthor: US ghettos-driven by liberal ideology; http://t.co/6ONYrmggND #RedMeat,RT @hildismom: MT @jjauthor: u ghetto s-driven by li beral ieology; http://t.c0/6ONYrmggND #R edMeat,0,9,False
@greekkid31 @TaraSetmayer @TheWillDunne yes true reagan was the first..ike wouldnt. While president and he was supreme allied commander.,@greekkid31 @TaraSetmayer @TheWillDunne yes tue reagan comprise the f1rst..ike wouldnt. W hile pres ident @nd he w@s sureme allied commander.,0,10,True
"@Claudialena8 she wasn't saying she did, but yes me and Kannon have both been in the ghetto and know what it's like so u look dumb.","@Claudialena8 she wasn't saying she di d, but yes me and Kannon have both been in the ghetto and know what it's like so atomic number 92 look dumb.",1,3,True
RT @gab_mccarthy: @rosestokoe @JuliaMarie892 @_suline @violetethompson @CAmatuzzo but then there's the yellow writing on the black jerse ...,RT @gab_mccarthy: @osestokoe @JuliaMarie892 @_suline @violetethompson @CAmatuzzo but th3n theres the yellw writi ng on th3 bla ck jere ...,0,10,False
"@Zonozi @QuantRyse @Hockeypuck55 Classic drunk Carter texts never fail. Hey stfu I'm coming over. Oops, I'm here come the fuck outside bitch","@Zonozi @QuantRyse @Hockeypuck55 Classic druk James Earl Carter textual matter never fail . Hey stfu I'm coming over. Oops, I'm here come the fuck outside bitch",1,5,True
A pharaohs nd his angry bird http://t.co/jMC2eR32Ka,A pharaohs nd his agry bid http://t.cojMC2eR32Ka,0,6,False
@_icantmiss Boys still got birds in the cage? Lol,@_icantmiss male child sti ll g0t bidrs in th e cage? L ol,0,7,True
Old lady went to pay and reached all the way over my plate. Hate eating on bar countertops. Stupid white bitch.,Old lady went to pa y and reached all the way over my plate. Hate eating on bar countertops. Stupid white bitch.,1,3,True
"""@lildurk_: I can turn yo bitch into a eaterrrrrrrrr""","""@lildurk_: I can turn y0 b itch into a eaterrrrrrrrr""",1,2,True
@Ant_Dgk @Buckm00se @ChainskiBum would this faggot survive in TJ?,@An_Dgk @Buckm00se @ChainskiBum would this fa ggot pull round 1n TJ?,1,4,True
How you like them apples you pineapple bitch?,How you like them orchard apple tree you pineapple bitc h?,1,2,True
"LMFAO, stupid bitch tells me at the door they already started, and to come back.&#128514;&#128514; UMMMM NAH","LMFAO, stupid squawk tells me atomic number 85 the door they already started, and to come back.&#128514;&#128514; UMMMM NAH",1,3,True
"Laat Zihni Ozdil met rust jullie gemene trollen, hoe durven jullie zijn mening in twijfel te nemen! Zijn zegje is wet en*kuch**kuch*. .water","Laat Zihni Ozdil met eat jullie gemene trollen, h0e durven jullie zijn mening in twijfel te nemen! Zijn zegje is wet en*kuch**kuch*. .water",1,2,True
"This guy is nits&#8220;@Lucci_Dpc: i learn new things every day, u the only one still talkin bout jim crow. There go that republican hypocrisy&#8221;","This guy is nits&#8220;@Lucci_Dpc: i le arn new things every day, u the only one still talkin bout jim crow. There go that republican hypocrisy&#8221;",0,1,True
@jacksparenohoe hotter than a pussy in a pepper patch....who makes this shit up anyways...?,@jacksparenohoe hoter tan a pusy in a black pepper patch....who makes this shit upwardly anyways...?,1,5,True
#BlessJesus The #Crown of HIS head to the sole of HIS feet,#BlessJesus The #Crown of HIS head to the so le of HIS f eet,0,3,True
"Oh Yahweh, your hand is upon me, your shadow hovers over me.For your sake, The House of Ysrah'al mock me all day long http://t.co/wXEs0DQRP9","Buckeye State Yahweh, your hand 1s upo n me , yur shadow hovers over m3.For your sake , Th3 home of Ysrah'al mock m3 all day long http://t.co/wXEs0DQRP 9",0,17,True
"@karmendanielle_ aka he wanna keep you warm, shoulda just introduced himself #coons","@karmendanielle_ aka he wanna keep you wa rm, shoulda just introduced himsel f # coons",0,3,True
it's 2014 bitches need to be ready for the D fellaz! Don't play they games! Let that high school tease shit last a day. #swag,it's 2 014 b itches need to be ready for the D fellaz! Don't play they games! Let that high school tease shit last a day. #swag,1,2,True
Can't stop eating graham crackers,Can't stop eatig graam cracker s,0,4,True
A miserable bitch is on the docket today. Lois 'Misery' Lerner better get grilled. The ordered harassment was undeniable. #breakherdown #war,A miserable bich is on the docket today. Lois 'Misery' Lerner better get grilled. The ordered harassment was undeniable. #breakherdown #war,1,1,True
RT @Smart_Cookie86: If I had to pick a President of the Uncle Tom association I would pick Larry Elder.,RT @Smart_Cookie86: If I h ad t0 pick a President 0f the Uncle turkey cock association I would pick Larry Elder.,0,4,True
#uppers loving the show this morning. Chris is directing the conversation beautifully. Make the teabaggers talk!,#uppers loving the show this morning. Chri s is directing the conversation beautifully. Make the teabaggers talk!,1,1,True
@BetoDavidThomas @JesseCanon bitch my mom didn't call you,@BetoDavidThomas @JesseCanon bith my mom din't call you,1,2,True
"RT @medzzzx: *claims hoes don't exist* 

*uses hoe in her name* http://t.co/tSNzJgPye4",RT @medzzzx: *claims h0es dno't e xist* *uses h0e in her name* http://t.co/tSNzJgPye4,1,4,True
&#9733; BEST ASIAN MASSAGE ON THE Brooklyn Park slope --TOP RATED SPA &#9733;718-622-0221 - 24 http://t.co/saWpjDtIGN,&#9733; BEST ASIAN MA SSAGE ON THE Broolyn Park slop e --TOP RATED watering hole &#9733;718-622-0221 - 24 http://t.co/saWpjDtIGN,0,4,True
My Lil cousin been locked up for 2 years for beating a bitch with. Metal bucket,My Lil cousin been locked up for 2 years for beating a bitc h with. Metal bucket,1,1,True
"RT @AdviceToWriters: A bird doesn't sing because it has an answer, it sings because it has a song.
MAYA ANGELOU

#poetry #writing","RT @AdviceToWriters: A brd doesn't babble out because it has an answer, it s ings becase it has a song. MYA ANGELOU #poetry #writing",0,6,True
"RT @I_AM_YOUNGPAPER: ""@Shane_A1: @I_AM_YOUNGPAPER boy wat in dat bitch eatin lunch err other day""Im Tellin Ya","RT @I_AM_YOUNGPAP ER: ""@Sh@ne_A1: @I_AM_YOUNGPAPER b oy w@t atomic number 49 digital audiotape bitch eatin l unch err oth er d@y""Im Tellin Y@",1,10,True
Ruley a bitch ry,Ruley a bitc h ry,1,1,True
"Black guy in class: *attempts to throw a paper ball into the trash*
*misses* 
Mrs. Mundy: ""You're a disgrace to your race, Marcus""
&#128514;&#128514;&#128514;","Bl ack guy in clas: *attempts to throw a p aper ball into the trash* *misses* Mrs. Mundy: ""You're a disgrace to your race, Marcus"" &#128514;&#128514;&#128514;",0,3,True
hot nigga is just as big as I don't like was. bobby bitch nice too RT @BLASTography: @WaymoTheGod he won't tho,hot nigga is just as big as I do n't like was. bobby bith nice too RT @BLASTography: @WaymoTheGod he won't tho,1,2,True
"@Liveitupjersey yeah...I try NOT to follow them ZULU looking bitches. 
#muslims FLAT OUT NO WAY!
I use my sheets on my bed, NOT MY HEAD!","@Liveitupjersey yeah...I try NOT to follow them ZULU looking bitches. #muslims FLA T OU T NO WAY! I use my sheets on my bed, NOT MY HEAD!",0,2,True
Winking emoji? I'm about to fuck her right in the pussy,Winking emoj? I'm about to shtup her right in the puss y,1,3,True
@thereal_EMandM ain't like I have anything to do bitch boy lol.,@thereal_EMandM ain't like I have anything to do bit ch b oy lol.,1,2,True
@JustTooMuchCake Lmao. it bel ike that nowadays,@JustTooMuchCake Lmao. it bel President Eisenhower that nowadays,0,1,True
"@stevedischiavi Thanks 'Walking Dead' Bro Steve For Mend..USMC ""Come on you son-n-bitches you want to live forever""! DoG","@stevedischiavi Thanks 'Walking Dead' Br0 Steve For Mend..USMC ""Come on you son-n-itches y0u want to live forever""! DoG",1,5,True
@BolandDrummer I have never once in my life been to a 'coffee shop' like Starbucks. I am a hick though.,@BolandDrummer I hae never once 1n my lie been to a 'coffee shop' like S tarbucks. I amplitude modulation a hick though.,0,10,True
@hayyllss Merry Christmas Hun ! &#127877;&#127876;&#10084;&#65039;,@hayyllss Mery Christms Hun ! &#127877;&#127876;&#10084;&#65039;,0,3,False
"RT @LovelyMariiee: ""@GinaSanabria_: Exes swear they can do better, then you see their next bitch ..... &#128514;&#128514;&#128514;&#128553;&#128553;&#128553;&#128514;&#128514;&#128514;&#128514;&#128514;&#128514;&#128514;&#128553;""","RT @LovelyMariiee: ""@GinaSanabria_: Exes swear t hey can do b etter, then you see their next bich ..... &#128514;&#128514;&#128514;&#128553;&#128553;&#128553;&#128514;&#128514;&#128514;&#128514;&#128514;&#128514;&#128514;&#128553;""",1,3,True
"Every time I play a Patapon game and hear the ""Ushishi Theme"", I think of a beatboxing monkey. ""YO YO YO GET UPPA!!!""","Every time I ply a Patapon gam e and hear the ""Ushishi Theme"", I think of a beatboxing monkey. ""YO YO YO GET UPPA!!!""",0,2,True
Night niggers,Night n iggers,1,1,True
"Virtually zero protections for LGBTQ persons in Alabama. Not a lot of acceptance, either. Think about queer Alabamian kids today?","Virtually zero protections for LGBTQ persons in Al abama. Not a lot of acceptance, either. Think about queer Alabamian kids today?",0,1,True
@_TheBlackNerd wyd fag,@_TheBlackNerd wy d fa g,1,2,True
Traffic in the gables &lt;&lt;&lt;&lt;&lt;&lt;&lt;&lt;,Taffic in t he gables &1t;&lt;&lt;&lt;&lt;&lt;&lt;&lt;,0,4,False
"I would like to test and see how long your tongue really is, my lady. [eggplant emoji] @Tinashe","I would like to t est and see how long your tongue really is, my lady. [eggplant emoji] @Tinashe",0,1,True
@O_ShitItsLaura haha because I'm too cool for them hoes lmao jk I got reported supposedly that I was a fake account &#128554;,@O_ShitItsLaura haha because I'm too cool for them hoes lmo jk I got reported supposedly that I was a fake account &#128554;,1,1,True
Like I can't have niggas thinkin ho-tep talk time is apart of my party sets.,Like I cn't have n1ggas thinkin h-tep talk time is apart of my party sets.,1,3,True
22 talented drivers RT @garrisonstudio: I am really glad there haven't been any yellows. But why haven't there been any yellows??,22 talented dirvers RT @garrisonstudio: 1 make up realy gld there haven't bee n an y yellws. But why haven't there been @ny yelows??,0,12,True
City highway skyscrapers building lights yellow blue http://t.co/kOC9uYBFqV,City hihway skyscrapers buiding lighs yelow down in the mouth http://t.co/kOC9uYBFqV,0,7,False
RT @BroadDayJay_: Fellas remember to stock up on thermals and Timbs before the dykes buy them all,RT @BroadDayJay_: Fellas remember to sto ck up on thermals and Timbs before the d ykes buy them all,1,2,True
Thou shall not mock Ryan(the future)Kelly,Thou shall n0t moc k Ry@n(the future)Kelly,0,5,True
"@SoftestMuffin @_tee13 @TorahBlaze at the end of the day, they call yo dumb ass monkey, picka'nanny hoe. But u luv them white devils","@SoftestMuffin @_tee13 @TorahBlaze at the end of the day, they call y0 dum b screw monkey, picka'nanny hoe. But u luv them white devils",1,5,True
"RT @seansteiger31: I don't gang bang ho, I jus gang bang these hoes &#128299;","RT @seansteiger31: I don 't pack bng h0, I j us gang bang these h0es &#128299;",1,6,True
@FattyyTooRaw well Ontario is like kind of a dump now that the ghetto moved here since its cheaper to live here so.. &#128514;,@FattyyTooRaw well Ontario is like kin d of a dump now that the ghetto moved here since its cheaper to live here so.. &#128514;,1,2,True
#StopWhitePeople RT @ABC7: 9 cases of West Nile virus infections reported in Orange County this year; 105 dead birds found carrying virus,#StopWhitePeople RT @ABC7: 9 caes 0f Wst Nle vius infections repored in Ornge County this yer; 105 dead b irds found carryin g computer virus,0,15,True
RT @thachosenkid321: @DonQuixtote he trash tbh #StartMikeVike,RT @thachosenkid321: @DonQuixtote he t rash tbh #StartMikeVike,0,2,True
This game on some shit!! Haha playing that hoe high had me and my nigggs trippen haha,This game on some $hit!! Haha playing that h oe high had me and my nigggs trippen haha,1,3,True
@Lov3Tadaisha &#128514;&#128514;&#128514; a box full of yellow crayons.,@Lov3Tadaisha &#128514;&#128514;&#128514; a box wide-cut of yllow cr@yons.,0,4,False
"RT @TheAsaCrawford: You shoulda learned how to bake, cuz bitches love cake","RT @TheAsaCrawford: You shoulda learned how to b@ke, cuz bitche s love cake",1,2,True
"@kboydee like some of the ""worst"" lyrics they post are beautiful but just because they don't know what they're talking about, it's ""trash""","@kboydee like some of the ""wrst"" lyrics they post are beautiful but just because they don't know what they're talking about, it's ""trash""",0,2,True
I am extremely sad to have to admit that some of the best 21st century Arabic rhymes have been written by Jihadis,I equal extrem ely $ad to have to admit th@t some of the best 21st century Arabic rhymes have been written by Jihadis,0,6,True
@joeysulipeck @myfoxmemphis the minute those red n yellow for rent signs go up the reg. ppl start selling n move,@joeysulipeck @myfoxmemphis the moment t hose r3d nitrogen yelow for rent s igns go up the reg. ppl start selling n move,0,7,True
California is home to skater trash.,Califo rnia equal hom e t0 skater tr@sh.,0,5,False
A .4? Jesus take me now RT @_RichHomieJuan_: @ayylmaoanod bitch you go for a .4 and mc Donald's. Fuck out the spot,A .4? Jesus take me now RT @_RichHomieJuan_: @ayylmaoanod bith you go for a .4 and mc Donald's. Fuc k out the spot,1,2,True
RT @CuteOverloads: baby monkey in the snow im crying &#128557;&#128018;&#10052; http://t.co/gMk5dbjaJQ,RT @CuteOverloads: bay money 1n th e $now im cryin g &#128557;&#128018;&#10052; http://t.co/gMk5dbjaJQ,0,8,False
@sramirez07943 it's goldbar dumb bitch and no my dad wouldn't pick you up he doesn't like faggots like you &#128528;&#128076;&#128079;,@sramirez07943 1t's goldbar dmb btch and no my dada wouldn't pick y0u up he doen't like faggots like you &#128528;&#128076;&#128079;,1,7,True
RT @southernshirt: The only things you need in life are comfy shirts and Oreos #southernshirt,RT @southernshirt: The only things you need in life are comfy shits and Ores #southernshirt,0,2,True
@HaLaWa0402 not as sick as you muzzie trash @JewJitsuGrl @JoeDouglas1 @Darknight420 @blackorchidm16 http://t.co/KQrMhSzmpj,@HaLaWa0402 not as sick as you muzzie tr@sh @JewJitsuGrl @JoeDouglas1 @Darknight420 @blackorchidm16 http://t.c0/KQrMhSzmpj,0,4,True
One man's trash is another's Transformer &#8594; http://t.co/lpYNVqWXXx,On3 man's tr@sh is another's Tansformer &#894; http://t.c0/lpYNVqWXXx,0,6,False
guess I will mess with it later! not sure what else to do! maybe trash it! lol!!! not yet maybe after I when the lottery!,judge I will mss wth information technology later! not su re what els e to d o! maybe t rash it! lol!!! not yet maybe after I when the lottery!,0,9,True
&#8220;@ghostriderJ1: Yankees will never have someone wear a single digit uniform again after this season&#8221; Wow. Shows that is an epic organization,&#8220;@ghostriderJ1 : Yankees wil l neer have soeone w3ar @ sigle diit uniform agan after this seasn&#8221; Wo. Shows th at is Associate in Nursing epic organ ization,0,17,True
@greyyygoose @JawShoeeAhhh no bitch lol,@greyyygoose @JawShoeeAhhh no b itch lol,1,1,True
"#NP ""Centuries"" ~FOB","#N P ""Centuries"" ~FOB",0,2,False
"RT @Yankees: Analyzing the impact of Masahiro Tanaka on #SpringTraining Daily, brought to you by @YankeesonDemand: http://t.co/L2gJboDNkM","RT @Y ankees: Analyzing th3 impact of Masahro Taaka 0n #SpringTraining Daily, brought to you by @YankeesonDemand: http://t.co/L2gJboDNkM",0,7,True
killers don't pillow talk.. wit dey bitches,killers don't pillow talk.. wit de y b itches,1,3,True
@ItsMeGrizz dink now uknow thats not true,@ItsMeGrizz drop shot now uknow thats non true,0,3,True
Alexa's phone gave us colors and Julia got yellow I'm dying #racistaf,Alexa's phone gave us colrs and Julia got yellw I'm dying #racistaf,0,4,True
got these bad bitches waiting on me,got these bad bitces waiting on me,1,1,True
RT @iGottFanss: Not all black girls are ghetto&#128530;,RT @iGottFanss: Not all black gir ls are gh3tto&#128530;,1,2,True
&#8220;@LastWordEvan: An inning and a half away from Alex Rodriguez being eligible to play. Just a thought. #Yankees #MLB&#8221; OMG. Feel an ulcer.,&#8220@LastWordEvan: An innng @nd a hlf away from Alex Rodiguez beng eligile to play. Just a thought. #Yankees #ML&#8221; OMG. Feel an ulcer.,0,8,True
when the dude shoots his jiz in the bitches eye in silence of the lambs,when the dude shoo ts his jiz in the btches eye in silence of the lambs,1,2,True
@SeauxCocoa you getting new pussy and not sharing??,@SeauxCocoa you getting new puss y and not sharing??,1,1,True
"If I ever committ a crime, you can cite LVL as being the sole influence.","If I ever committ a crme, you can cite LV L as being the so le influence.",0,3,True
@TG_Hawks #yellow &#127773;,@TG_Hawks #yellow &#12 7773;,0,1,False
RT @_BucketsMcnasty: U bitches boring,RT @_BucketsMcnasty: U btches boing,1,2,True
@Dave_the_wavee the giants are trash...their time is over.,@Dave_the_waee the giants @re tr@sh...their time is over.,0,6,True
"RT @eidolon_ebooks: dreamt i was in a trash bag, btw.","RT @eidolon_ebooks: dreamt i was in a trash b@g, btw.",0,1,True
"@orchetect Are we doing Mad Libs now? Cool. Uh... 
Twinkie 35' long, DJ Pon3 cameo, Magic&#8482;, Crystal Tree. #TNGSeason4Finale","@orchetect Are w3 diong disturbed L ibs now? Col. Uh.. Twinkie 35' long, disk-jockey Pon3 cameo, Ma gic&#8482;, Crystal Tre. #TNGSeas on4Finale",0,13,True
Happy birthday bird! @codyflitcraft,glad birhday b ird! @codyflitcraft,0,3,False
@Gladvillian_ dont get that bacon stuffed crust tho its trash,@Gladvillian_ dont get that Roger Bacon block cust tho i ts t rash,0,6,True
@lcl03 the slopes aren't for us bro Hahaha,@lcl03 the slpes aren't f or u$ bro Ha haha,0,5,True
@SierraBell15 just called me a basic bitch and I'm not sure how I feel about it,@SierraBell15 just called me a basic bit ch and I'm not sure how I feel about it,1,2,True
this movie is actually good cuz its so retarded,this movie is actually good cuz its so retard ed,0,1,True
Like freaky bitch but I fucks with her,Like freaky bitch but I piece of tail with her,1,7,False
@CBSThisMorning @NorahODonnell tx trash you know trouble w ACA is in GOP gov states but like @60 @LaraLogan_News you report lies anyway,@CBSThisMorning @NorahODonnell tx tr@sh you hump trouble double-u AC A is in GO P g0v staes but like @6 0 @LaraLogan_News you report lies at any rate,0,12,True
SEE!! I TOLD y'all Nikko was holding her ass up!! That bitch ain't got no upper body strength!!!,SEE!! I TOLD y'all Nikko was holding her as s up!! That btch ain't got no upper body strength!!!,1,3,True
"Sheeple just like &#128073;@sweetpotatertot:OH those ""racist"" ""sexist"" ""teabaggers""who just elected these two old white men. http://t.co/x3BwNM3jiI&#8221;","Sheeple just like &#128073;@sweetpotatertot:OH those ""racist"" ""sexist"" ""teab aggers""who just elected these two old white men. http://t.co/x3BwNM3jiI&#8221;",1,1,True
My baby boy asleep with my monkey that I had since I was little! I love my son so much! http://t.co/ioSARfS3rO,My b aby son aslee p wth my muck around that I had snce I was little! I love my s on so much! http://t.co/ioSARfS3rO,0,12,True
RT @_indylovee: these bitch niggas couldn't live my cold life$tyle&#128184;&#128080;&#128523;,RT @_indylovee: these b itch nigags couldn't live my cold life$tyle&#128184;&#128080;&#128523;,1,2,True
RT @Goons_TXT: Only retards and dads roll Lawful Good.,RT @Goons_TXT: Onl y retards @nd dads ro ll Lawful Good.,0,3,True
RT @490xl: why get attached to people when you can jump in a trash can and feel the same way,RT @490xl: why get affiliated to people when you can jump in a tra sh can and feel the same way,0,2,True
@GoneWithKalijah She was always a pathetic mutt desperately seeking attention &amp; a purpose. No matter what JP writes that will never change,@GoneWithKalijah She was aways ampere p@thetic mtt deperately seeking attetion & amp; a prpose. N0 mtter what JP writes that leave never ch ange,0,15,True
The brownies I just made are a sin,The bro wnies I just mde are a $in,0,6,True
"RT @alisonkent: Also as part of my release day gift (yes, we get those!) this adorable bumblebee bear! #Montlake http://t.co/SC3AjXCiRB","RT @alisonkent: A lso as pat 0f my releae d@y gi ft (ye s, we get those !) th is aorable bumblebe bear! #Montlake http://t.c0/SC3AjXCiRB",0,16,True
"RT @OmarImranTweets: Media be like:

*Muslim whale attacks US Navy*
*Muslim tiger attacks Zookeeper*
*Muslim bird attacks Eiffel Tower*
*Mu&#8230;",RT @OmarImranTweets: Meia be like: *Musim whae atacks US Navy* * Muslim tger attacs Zookeeper* * Muslim bird attacks Eiffel Towe* *Mu&#8230;,0,9,True
"I hate that my mom says she trying to move out here... Like bitch the only reason your ""trying"" is because you don't have a place to live..","one hate that my mom says she trying to move out here... Like bit ch the only reason your ""trying"" is because you don't have a place to live..",1,4,True
That's all I'm saying you hoe ass niggas.,That's all I'm saying you h oe @ss nigg as.,1,3,True
I couldn't press send. That tweet about anchor babies was even too raw for me.,I couldn't press send. That t weet about achor babes was even too unsanded for me.,0,5,True
The way Hawk Girl did Green Lantern is why I do not trust these hoes nope,The way Hak Girl did Green Lantern is why I do not trust these hoes nope,0,2,True
@leiacatherinexx don&#8217;t be a hurt little faggot,@leiacatherinexx don&#8217;t equal a hurt little fa ggot,1,3,True
This being sick is for the birds.,This being sic k is for t he brids.,0,3,True
@xtruthseekerx_ blaxican,@xtruthseekerx_ blaxican,0,0,False
@TheLittleFella_ do yourself a favor and ball that up and throw in the trash.,@TheLittleFella_ do yourself a favo r and b@ll that up and throw in the trash.,0,3,True
"They were taking a picture and I saw a bird fly past and I was like, oh bird! @HeidyPalma21","They were taking a pictre and I saw @ bir d f1y past and I was like, oh bird! @HeidyPalma21",0,4,True
RT @miilkkk: Cuz bitches love pizza http://t.co/0TkuM7Lh1F,RT @miilkkk: Cuz bitche s love pizza http://t.co/0TkuM7Lh1F,1,1,True
"@AmPowerBlog so a man who is a pussy and a coward overpowered you and easily took what was yours? You are clearly much less than a man, then","@AmPowerBlog so a man who is a p ussy and a coward overpowered you and easily took what was yours? You are clearly much less than a man, then",1,1,True
RT @elleeebeee: flappy bird make me just smash my phone into my face,RT @elleeebeee: f lappy b ird make me just smash my phone into my face,0,2,True
"RT @sickipedia: I drove my daughter's guinea pig to the vet's this morning. 

I'm quite handy with my new Callaway golf clubs.

#sickipedia",RT @sickipedia: I drve my daughter's guina cop to the vet's this mornin. I'm q uite handy with my new Callaway golf cubs. #sickipedia,0,9,True
BITCH!!! RT @jla_b: Stop thinking ur entitled to politically correct responses...bitch,B ITCH!!! RT @jla_b: finish thinking ur enti tled to politically cor rect responses...itch,1,7,True
"Y'all folks basic , ya parents both racist , I'm lawyering these hoes out here , beatin cases","Y'all folks basic , y@ parents both racist , I'm lawyerng these hoes o ut hre , beatin cases",1,9,True
lock that bitch too&#8230; keep the heat out RT @Ms_Marrie: SHUT THE FRONT DOOR!,lock that bitc h too&#8230; keep the heat extinct RT @Ms_Marrie: SHUT THE FRONT DOOR!,1,2,True
First chick to bring me some hash-browns from Waffle House right now will get her pussy ate,First chick to bring me some hash-browns fom Waffle House right now will get her pussy ate,0,1,True
"RT @Adolfhibsta: First off, you just a hoe if you can have sex with a man &amp; not have any feelings for him","RT @Adolfhibsta: First off, you just a hoe if you can have se x with a man &amp; not have any feelings for him",1,1,True
Sewing is also a requirement to be an #ISIS Jihadi girl - keep the men's clothes presentable #ISISFeminism http://t.co/sN5KUwMX78,Sewing equal aso a requrement t0 be Associate in Nursing #I SIS Jihadi girl - kep the men's room clothes presentable #ISISFminism http://t.c0/sN5KUwMX78,0,14,True
Their salsa negro is awesome... @StacyMungo @Loriisright,The ir sals a nero 1s aweso me... @StacyMungo @Loriisright,0,5,False
Jihadis circulating a video of the killing by Boko Haram of a Nigerian pilot captured after his helicopter was shoot down,Jih adis circulating a video 0f the killing by Boko Haram of a Ngerian p ilot captured after his helicopter was shoot down,0,10,True
@JStarrTweets my pops is from New York. My family is Yankee obsessed. My sister literally cried when she heard he was gonna,@JStarrTweets my pops is from New York. My f amily is Y@nkee obsessed. My sister literally cried when she heard he was gonna,0,3,True
RT @FoodPornsx: Oreo Drumstick! http://t.co/AcN8J59r6b,RT @FoodPornsx: Oro Drumstick! http://t.c0/AcN8J59r6b,0,3,False
"RT @KatiePavlich: Charlie Crist doesn't have any more political parties to join, but he could become a spokesman for a fan company.","RT @KatiePavlich: Carlie Crist doesn't hae any more politi cal paries t0 join, simply he culd beome a spokesman fo r a f an compay.",0,20,True
Where's the pic of her standing again &#8220;@ArlisDoNotChill: This bitch looks like Voltorb http://t.co/7cWAtskJwC&#8221;,Where's the pi c of her standi ng again &#8220;@ArlsDoNotChill: This bitch loo ks like Voltorb http://t.co/7cWAtskJwC&#8221;,1,5,True
Working Saturday is for the birds #FML,Working Saurday is fo r the brds #FML,0,4,True
"@seanphathaway That wasn't as bad, though drawing conclusions about ""WHITE AMERICA"" based on a 1,000 person poll is a slippery slope.","@seanphathaway That wasn't as bad , t hough drawng conclusions about ""HITE AMERICA"" bsed on a 1,000 person pll is a slippery slope.",0,7,True
@GorgeousCamry_ ight bitch ima see u,@GorgeousCamry_ ight bich 1ma see u,1,2,True
"Watching Richie Rich! On Tv..Even he wanted to kick it with the ghetto kids..

Shows yuh how much Money Aint A Thang!...",Watching Richie Rich! On Tv..Ev3n he wanted to kick it with the ghetto kids.. Shows yuh how much Money Aint A Thang!...,0,1,True
"RT @Duke27_: Mistakes are showing up late for work, running red lights, or even forgetting 2 take the trash out. This here ain't 1 http://t&#8230;","RT @Duke27_: Mistkes are prove upwardly late for wokr, runnig r3d ligts, 0r eve forget 2 take the trah out . This hre ain't 1 http://t&#8230;",0,17,True
@Mika_Tan would be perfect w/a graham cracker flavored bun or a maple dougnut bar.,@Mika_Tan wuld b3 pefect w/ a grah am cacker season bu n or a m@ple doug nut bar.,0,11,False
RT @TweetTully: This is so great. Regular season ball is for the birds,RT @TweetTully: This is so great. Regular seaso n b@ll is for the doll,0,3,True
"This picture on Weibo made China's censors add ""big yellow duck"" to its list of banned terms &#8594; http://t.co/87NSk91rJR http://t.co/j3aAKxwIfe","This picure 0n Weibo mae China's censors @dd "" big y ellow dck"" to its name of bann ed ters &# 8594; http://t.co/87NSk9rJR http://tc.o/j3aAKxwIfe",0,16,True
Hmu talmbout match but when I pull up its 30 other niccas wit ya &#128530;,Hmu talmbot match but when I pull up i ts 30 other nicas w it ya &#128530;,1,4,True
Lmao! RT @HUMonTHESE Harden look like the last air bender out this bitch. http://t.co/jN8exkXf,Lmao! RT @HUMonTHESE Harden look like the last air bender out this bitc h. http://t.co/jN8exkXf,1,2,True
"I like to mock Apple, but I'm legitimately interested to see what their wearable looks like.","I like to mck Appl, simply I'm legitimately intereted to check wht their wearable lo oks like.",0,9,True
My goal one day is to own a nice Rolex and wear that hoe everyday,My goal one day is to own a nice Rolex and wea r that ho e everyday,1,2,True
RT @dat_trulyGUY: before I betray them I slit my wrist http://t.co/8HNW9QeWSM,RT @d@t_trulyGUY: before I betray them I slit my wrist http://t.co/8HNW9QeWSM,1,2,True
@bocgeogaddi @anepicname lmaooooo epic bird wins.,@bocgeogaddi @anepicname lmaooooo epic bi rd wins.,0,1,True
the trash wheel has a twitter? and googly eyes?,the trsh wheel has a twitter? and googly eye s?,0,4,True
"ALL HE NEEDS IS A SKIRT!!!
Sure looks like a bitch to me.
 http://t.co/89HH52pCUe&#8221;",ALL HE NEEDS IS A SKIR!!! Sure looks like a bit ch to me. http://t.co/89HH52pCUe&#8221;,1,2,True
@ScottFerrall @HowardStern PHOTOS: Kate Upton cheers on the Yankees at last night's game http://t.co/Q2SVYRHUDu,@ScottFerrall @HowardStern POTOS: Kae Upotn cheers on the Yanke es at last night's g ame http://t.co/Q2SVYRHUDu,0,5,True
@Maria_DeAmor bitch I told you to hit me when you got back,@Maria_DeAmor bitch 1 told y0u to h1t Maine when y0u g ot game,1,10,False
RT @RihannaHasAids: if I got hoes.. @ one of my hoes.. if not shutup &amp; never say it again,RT @RihannaHasAids: if ace got hose.. @ one 0f my hos.. if not shutup &amp; never say it again,1,5,True
Some Jihadi posted a bio of the #ISIS boss Mr Awad with excellent sociological info. Can't thank him/her enough for the gift.,Some Jiadi brand a bio of the #ISIS boss Mr Awad with excellent sociological info. Can't thank him/her enough for the gift.,0,2,True
"RT @tishforprez: you had me at ""eating pussy"".","RT @tishforprez: you had me at ""eati ng pusy"".",1,2,True
Flappy bird on bull....,Flappy brd 0n bu ll....,0,4,False
"RT @ItsGirllCode: reasons to be a mermaid:

- no periods
- no pants
- perfect hair
- u get to lure men into their death

also, free clam bra","RT @ItsGirllCode: reason to be @ memaid: - atomic number 102 perods - no pnats - perfect hair - u g et t0 lure men into their death also, free clam bra",0,13,True
Follow a nicca on IG: im_hollywood_jay,Follow a n icca on IG: im_hollywood_jay,1,1,True
I'm not BROKE &#128080;&#128581;&#128078;&#128164; bitch I'm BLESSED &#128588;&#128591;&#128591;&#128077;&#128077;&#128076;&#9996;&#65039;&#128175;,I'm n0t BRKE &#128080;&#128581;&#128078;&#128164; bitch I'm BLESSED &#128588;&#128591;&#128591;&#128077;&#128077;&#128076;&#9996;&#65039;&#128175;,1,3,False
some cunt go get me amber leaf and papers? cani be arsed walking to nisa #lazy,some cun t go get me amber leaf and papers? cani be arsed walking to nisa #lazy,1,3,True
&#8220;@FabianMleal: I'm fucking tired. Ending the night with some rips&#127809;&#128293;&#8221; so much for hitting me up bitch,&#8220;@FabianMle al: I'm fucking tirde. En ding th3 night wi th so me rips&#127809 ;&#128293;&#8221; so much for hitting me astir b itch,1,11,True
RT @Brucewayneakia: This is what the niggers dont like http://t.co/0lRdpIZEd0,RT @Brucewayneakia: This is what the n iggers dont like http://t.co/0lRdpIZEd0,1,1,True
RT @kuczaaaK: I'm getting trash talked by a 8 year old #wtf,RT @kuczaaaK: I'm getting trash talked by a octet year old #wf,1,3,True
RT @ClassicBray: Lmaoo RT @PacDaGoat: That's a legal tackle faggot RT @PP_Rich_Hill: Seriously? http://t.co/guMZewrpy3,RT @ClassicBray: Lmaoo RT @PacDaGoat: Th at's a legal tackle faggot RT @PP_Rich_Hill: Seriously? http://t.co/guMZewrpy3,1,1,True
I love fat bitches,I love fat bitchs,1,1,True
@ArcticFox2016 everybody mocks Obama .Hes an embarrassment to the USA.,@ArcticFox2016 everybody moks Ob@ma .H es an embarrassment to th3 US.,0,8,False
Ya'll take note. There ain't never tornadoes where colored folk live,Ya'll take note. There ain't never tornadoes where coloed f olk live,0,3,True
Fucking cunts.,Fuckig cnuts.,1,2,True
RT @nostalgic_mike: Aw y'all some hoes hating on that girl that looks like a dude &#128514;&#128557;,RT @nostalgic_mike: Aw y'al some hos h@ting along that girl that looks like a dude &#128514;&#128557;,1,4,True
*puts people/bitch face on*,*puts people/btch fae 0n*,1,3,True
I can't with this disrespect ass bitches,I can't with this contempt a ss bit ches,1,3,True
"RT @_pascuzzo: ""@Salon: Meanwhile in Texas: 19-year-old man facing 5 years to life in prison for $25 worth of pot brownies http://t.co/438F&#8230;","RT @_pascuzzo: ""@S@lon: Meanwhile in Teas: 19-year-old man fac ing 5 y ears to life in prison for $25 worth of pot brownies http://t.co/438F&#8230;",0,4,True
&#9733;@&#9733;@&#9733;@&#9733;@&#9733; GRAND OPENING ! &#9733;@&#9733;@&#9733;@&#9733;@&#9733; TOP CLASS &#9733; Oriental Massage &#9733; PERFECT !&#9733;/ http://t.co/dMXPLroaJ2,&#9733;@&#973;@&#9733;@&#9733;@&#9733; GRAN D OPEN ING ! &#9733;@&#9733;@&# 9733;@&#9733;@&#9733; TOP CL ASS &#973; Oiental rub down &#9733; PERFET !&#973;/ http://t.c0/dMXPLroaJ2,0,14,False
Fresh polo on you bitches,Fresh polo on you bi tches,1,1,True
"RT @FriendlyAssh0le: If I've offended you, I'm very sorry that you're a lil bitch with no sense of humor.","RT @FriendlyAssh0le: If I've offended you, I'm very sorry that you're a li l bitch with no sense of humor.",1,1,True
I would never fight a nigga for vagina...that's what hoes do lmao,ane would nver fght a n igga f or vagnia...that's what hes do lao,1,11,True
Big G-Day s/o to @MauricePrice17 #FreeBoosie nicca lol!!!!!,Bi g GD-ay s/o to @MauricePrce17 #FreeBoosie nicca lol!!!!!,1,4,True
Text your bitch some lyrics from that new Ty Dolla $ign tape before she wake up so she'll nag you a little less today,Text your b itch some ly rics from that new Ty Dolla $ign tape before she wake up so she'll nag you a little less today,1,2,True
RT @BlackNerdJade: RT @Parkour_Lewis: *Last 5 hours RT @the_blueprint the last hour and a half of work trash just for existing.,RT @BlackNerdJade: RT @Parkour_Lewis: *Las t 5 hour s RT @hte_blueprint the last hour and a haf of wok tash jst fo r exis ting.,0,18,False
"RT @ThatBajanKidd: #NeverAskABlackPerson if her hair is hers . she will hit you with a ""bitch i bought it , so it's mine"" .","RT @ThatBajanKidd: #NeverAskABlackPerson if her hair is hers . she will hit you with antiophthalmic factor ""bitch i bought it , so it's mine"" .",1,3,True
Oh my god this bitch walked past me and legit smelled like a fish market!! TFEH TFEH TFEH&#128562;,Oh my god this bit ch walked past me and legit smelled like a fish market!! TFEH TFEH TFEH&#128562;,1,1,True
It's unbelievable to me that there are Americans who refused to kill the okies. That means all Americans weak willed trash.,I t's unbelievable to me that there are American s who refused to kill the okies. That means all Americans weak willed trash.,0,3,True
"From the archives: @ThatAndyRoss&#8217;s My Favorite #Bond_age_ essay on THUNDERBALL, The Story of a Shy Kid and 007 http://t.co/on5t60rMFb","From the archives: @ThatAndyRoss&#8217;s My Favorte #Bond_age_ essay on THUNDERBALL, The Story of a Shy Kid and 007 http://t.co/on5t60rMFb",0,5,True
Me gusta pollo so espa&#241;ol that. Lol. &#127831;,Me gusta p0llo so espa&#241;ol th@t. Lol. &#127831;,0,2,True
It's a matter of pure weight ratios... A five ounce bird can not carry a one pound coconut!,It's a matter of pure weght ratios... A fiv e ounce b ird can not carry a one pound coconut!,0,5,True
@Prettyflacko21 taking off like a bitch bra,@Prettyflacko21 taking off like a bit ch bra,1,1,True
"RT @LesaMonroe: Fellas, guess what.. We don't like to be asked why were looking mean. It's called ""Resting bitch face."" WE JUST LOOK THIS W&#8230;","RT @LesaMonroe: Fellas, guess what.. We don' t like to be asked why were looking mean. It's called ""Resting btch face."" WE JUST LOOK THIS W&#8230;",1,2,True
Boosie ran this hoe,Boosie ran this h0e,1,1,True
If train officers that are wearing body armor stand back to watch the smoke clear. Why does every gun ho wanna be... http://t.co/cuLyANyQ,If condition officers that are waring body armr stand back to w@tch the smo ke clear. Why does every gun ho wanna be... http://t.co/cuLyANyQ,0,7,True
RT @OhLawdItsNiesha: That hoe Brittish got the fuckin NERVE,RT @OhLawdItsNiesha: That h0e Brittish got the fucikn NERE,1,3,True
"""How u talking to hoes bout bro n em.. Why you talking to hoes bout bro n em""","""How u talking to ho es b0ut bro n 3m.. Why you talking to hoes bout bro n em""",1,3,True
lol stupid ass bitch I don't fuck w/ you,lo l stupid @ss bit ch I do't love w/ you,1,5,True
"RT @yaboybillnye: its funny when sluts say ""u just mad cause I'm 100% real"" its like no bitch #swerve cuz u actually about 65% water gtfo","RT @yaboybillnye: IT fun ny when slus say ""u just mad c@use I'm 100% real"" its like no bitch #swerve cuz u actually about 65% water gtfo",1,5,True
"@tonynolanlive ""There is a special time and place for decaf coffee: never and in the trash."" My family's motto about their java habits. &#9749;&#65039;","@tonynolanlive ""There is @ specal clip and place fo r decaf cofee: neer and in the tr@sh."" My family's motto @bout their java habits. &#9749;&#65039;",0,9,True
My phone is finally back on bitches! no more TextNow,My phone is finally back on b itches! no more TextNow,1,1,True
"old fellas water froze in that funeral home. he got it unthawed and wants me to help get his pump going again, that place spooks me man..boo","old fellas wat er froze in that funeral home. he got it unthawed and wants me to help get his pump going again, that place spooks me man..boo",0,1,True
Beyonc&#233; more of a hipster bitch wit no hips these days,Beoync&#233; more of a hipster bich w it no hips these days,1,3,True
"Hey, you, bitch in the mini-van. Stop riding my ass. You have no power in your vehicle, just stop already.","Hey, you, bich in the mini-v an. end riding my ass. Y ou have no power in your vehicle, just stop already.",1,4,True
"RT @215potter: Grown men, wearing jerseys with other grown men's name on them..

Don't forget your fucking pom poms.","RT @215potter: Grown men, wearing island of Jersey with other grown men's name on them.. Don't forget your fucking pom poms.",0,1,True
"""I'm comparing KFC to the pussy"" @MaxOn_MaxOff5","""I'm comparing KFC to the pu ssy"" @MaxOn_MaxOff5",1,1,True
RT @Cajun_peach: Because humans aren't delicious ho RT @peta: Smarter than dogs AND your 3-year-old child. So why EAT them? http://t.co/eRT&#8230;,RT @Cajun_peach: Because humans aren't delicious ho RT @ peta: Sma rter than dogs AND your 3-yea-old child. So why EAT them? http://t.co/eRT&#8230;,0,9,True
&#8220;@RaleighBeougher: dumb beaner&#8221; http://t.co/r0hABEQhSu,&#8220;@RaleighBeougher: dumb bean er&#8221; http://t.co/r0hABEQhSu,1,2,True
"&#8220;There is a time &amp; a place 4 decaf coffee. Never &amp; in the trash."" http://t.co/ZVJROXgNDQ&#8221; #MommyMonday humor via @JenerationPR &amp; @theskimm","&#8220;There is a time &amp; a place 4 de caf coffee. Nev er &amp; in the trash."" http://t.co/ZVJROXgNDQ&#8221; #MommyMonday humor via @JenerationPR &amp; @theskimm",0,4,True
Like a skinny model boney bitch,Like a skinny mo del boney bitc h,1,2,True
No I don't love these hoes and FUCK these niggas Fuckem,No I don 't love these h0es and eff these niggas Fuckem,1,4,True
Whoooooaaa no chill savage &#8220;@CantBeLocal: Here monkey monkey http://t.co/wmZ8s3j6iG&#8221;,Whoooooaaa no thrill savage &#8220;@CantBeLocal: Here monkey mo nkey http://t.co/wmZ8s3j6i G&#8221;,0,5,True
"RT @winkSOSA: ""@AintShitSweet__: ""@Rakwon_OGOD: Nigga messed with the wrong bitch &#128557;&#128514;https://t.co/5mNXKVAYot"" &#128557;&#128557;&#128557;&#128557;&#128514;&#128514;&#128557;&#128557;&#128514;&#128514;&#128514;&#128514;&#128514;&#128514;&#128514;""@Th_Real_Esco","RT @winkSOSA: ""@AintShitSweet__: ""@Rakwon_OGOD: Nigga mssed wih the wong bith &#128557;&#128514;https:// t.co/5mNXKVAYot"" &#128557;&#128557;&#128557;&#128557;&#128514;&#128514;&#128557;&#128557;&#128514;&#128514;&#128514;&#128514;&#128514;&#128514;&#128514;""@Th_Real_Esco",1,5,True
"RT @BobKlap: Asked Betances before the game if he&#8217;d like to be a starter again someday. &#8220;If the Yankees ever asked me, I would. But I&#8217;m a r&#8230;","RT @BobKlap: Ask ed Betances beore th3 g@me if h3&#8217;d lik e t0 be @ strter agan someday. &#8220;If the Yankees always asked me, I would. But I&#8217;m a r&#8230;",0,13,True
@danifreshh some weird local ghetto school haha,@danifreshh some wird lcal ghe tto school ha ha,0,5,True
RT @NuteIla: when I die on flappy bird http://t.co/HKNUTfDVJZ,RT @NuteIla: wh en I d1e 0n flappy bid http://t.c0/HKNUTfDVJZ,0,7,True
&#8220;@ImToBlame: Bruh RT @PriscoCBS: Trent took the yellow path http://t.co/1XxGuKtjp8&#8221;&#128514;&#128514;&#128514;&#128514;,&#8220;@ ImToBlame: Bruh RT @PriscoCBS: Trent took t he yllow p@th http://t.co/1XxGuKtjp8&#8221;&#128514;&#128514;&#128514;&#128514;,0,6,False
RT @Elisaa_Martinez: Happy birthday cotton picker lol @1NOnlyDirtyMike,RT @Elisaa_Martinez: Hppy birtday coton picker lol @1NOnl yDirtyMike,0,7,False
RT @RTGIFS: DOMINIQUE Made Larry bird do a 360 lmaooo http://t.co/Vs6e3Z0C2u,RT @RTGIFS: DOMINIQUE Made Larry bid do a 360 lmaooo http://t.co/Vs6e3Z0C2u,0,1,True
"@SophieRo3 if only there was a medal for that: ""we hate fags, but we won't kill them"" medal. Thank u for the privilege to let fags live.","@SophieRo3 if only there was a medal for th at: ""we hate fag, but we won't kill them"" medal. Thank u for the privilege to let fags live.",0,2,True
@mandaxll2963 yellow is even better,@mandaxll2963 yelow is eve n b etter,0,4,True
"tell the hating niggah 
stfu",tell the hatng nggah sfu,1,3,True
@SteveStockmanTX stockboy U should talk. U tweet lies and childish shit about Obama.youre very unqualified. You only appeal to dumb rednecks,@SteveStockmanTX stockboy uranium should talk. uranium tweet lies and child ish shit about Obama.yore very unqualified. You only appeal to dumb rednecks,1,6,True
#Fact females that tweet ALL the dayum day r hoes that need attention #ijs #wontgetme,#Fact females that tweet ALL the dayum day r h0es that need attention #ijs #wontgetme,1,1,True
@JukeJuke_9 shit he prolly is other than that everybody else trash,@JukeJuke_9 shit he prolly make up other than that everybody else trash,1,1,True
Confusing circumstances seem to get in the way of your high ho... More for Virgo http://t.co/nrAAI6dhVx,Confusing circumstances s eem t0 g3t in the way 0f y our high ho... more than for Virgo http://t.oc/nrAAI6dhVx,0,10,True
I'm just matching grams wit my fam bitch,I'm just matching grams w it my fam bitc h,1,2,True
And now Jihadis bragging about a massive bombing in Sadr city in Baghdad. #Iraq #onslaught,And now Jihais bragging about a massive bobing in Sadr ciy in Baghdad. #Ira q #onslaught,0,4,True
RT @wvjoe911: Gov Rick Scott Refuses To Debate Charlie Crist Because Of A Small Fan http://t.co/hKMfPnRukU,RT @wvjoe911: G0v R1ck Sctt Refues To Debte Chrlie Crist Because Of A Sall Fan htt://t.co/hKMfPnRukU,0,13,True
"@intrepidokie nice lie #teabagger. Just because you want to see it doesn't make it real. Like Reagan was a conservative, another huge lie","@intrepidokie nice lie #teabagg er. Just because you want to see it doesn't make it real. Like Reagan was a conservative, another huge lie",0,1,True
@TheIronPony You rebel. Next you'll be ripping mattress tags off. It's a slippery slope.,@TheIronPony You rebel. Next you' ll be ripping mattress tags off. It's a slippery slope.,1,1,True
RT @ccancel14: Miserable bitches talk the most shit &#128514;&#9996;&#65039;,RT @ccancel14: low-down bithes talk the most shi t &#128514;&#9996;&#65039;,1,3,True
RT @Lamont21225_: &#128514;&#128514;&#128514; this bitch playing volleyball in Timberland's &#128553;&#128514;Edmondson Kids &#128517;&#128514; http://t.co/M4jtNGEJTH,RT @Lamont21225_: &#128514;&#128514;&#128514; this bitch playing volleyball game in Timberland's &#128553;&#128514;Edmondson Kids &#128517;&#128514; http://t.co/M4jtNGEJTH,1,1,True
*after BO1 RT @TheGodWriter_: @iDocLyfe Bruh lol I retired after mw2 because everything was trash afterwards.,*after BO1 RT @TheGodWriter_: @iDocLyfe Bruh lol I retir ed after mw2 because everything was trash afterwards.,0,4,True
"RT @SportsNation: So, Yanks have signed Brian McCann &amp; Jacoby Ellsbury. Rumor has it, they still want Robinson Cano, Babe Ruth, Miguel Cabr&#8230;","RT @SportsNation: So, Yank have siged Bran McCan n &amp ; Jacoby E llsbury. Rumor has it, they still want Robinson Cano, Babe Ruth, Miguel Cabr&#8230;",0,6,True
She unfollowed me after I said I cried watching dawn of the apes lmaooooooo,She unfollowed me after I sai d I cried watching dawn of the apes lmaooooooo,0,2,True
dblite works like a charm in OpenWrt Arduino Yun with full test coverage. The gyp version would rarely made in there https://t.co/4JRj1Ezc1S,dblite act lie amp charm 1n OpenWrt Arduino Yun wih full tst coverag. The gyp version would rarely made in there https://t.co/4JRj1Ezc1S,0,8,True
RT @SoTrippyWhit: &#8220;@laaaeee: I swear to god Whitney is a Regina George. &#128128; http://t.co/bttoCzQK5S&#8221; wow im a bitch &#128123;,RT @SoTrippyWhit: &#8220;@laaaeee: I swer to god Whitney is a Regina George. &#128128; http://t.co/bttoCzQK5S&#8221; wow im a bitch &#128123;,1,6,True
Nothing good on TV and the @Yankees are eating their balls 3 innings in. Great.,Nothing good on TV and th3 @Yankes are eat ther balls 3 innngs in. Great.,0,7,True
Let the jig commence http://t.co/pqvJiEvqZa,Let the j ig commence http://t.co/pqvJiEvqZa,0,1,True
"RT @TheDrugTribe: New Years resolution: smoke more weed, make more money, fuck more bitches","RT @TheDrugTribe: New Yers resolution: s moke more wee, make more moey, lie with more bitche s",1,7,True
RT @radiomaru: nerds are cool because they get really judge-y about other nerds being passionate about things they aren't passionate abo ...,RT @radiomaru: nerds are col becaue they get really judge- y @bout other nerds being passionate about things they aren't passionate abo ...,0,4,True
RT @tolkienproverb: Fairy tale does not deny the existence of sorrow and failure...,RT @tolkienproverb: F@iry tae doe s n0t de ny the existence of sorrow and failure...,0,5,True
"RT @JoeBudden: She&#8217;s not a hoe cuz she had sex before bro, lol","RT @JoeBudden: Sh3&#8217;s not a h0e cuz $he h ad sex be fore br0, lol",1,8,True
"RT @ImNotTwitFamous: Big Sean is 5'7 and 159 pounds, yet he calls everyone lil' bitch. You the lil' bitch Sean, you the lil' bitch","RT @ImNotTwitFamous: Big S ean is 5'7 and 159 pounds, yet he calls everyone lil' bit ch. You the lil' bich Sean, you the lil' b itch",1,5,True
Niggas go crazy over bitches now a days &#128541; like calm yo happy ass down,Ni ggas go crazy over bitces now a days &#128541; like c@lm y0 happy a ss down,1,5,True
Alibaba / Jack Ma: Gotta love a guy who beat Meg Whitman's albino ass back to the US. Freakin' commie genius.,Alibaba / Jak Ma : Gtota love a guy wh0 beat Meg Whitmans albino ass back to the US. Freakin' commie genius.,1,9,True
"Im just a young niggah out here chasing ins, til im in the driver seat of my benz","Im just a yong niggh out here chasing ins, til im in the device driver seat of my benz",1,4,True
RT @Yankees: The @EmpireStateBldg shines its lights in #Yankees pinstripes in honor of Derek Jeter. #FarewellCaptain http://t.co/3fp2pg85MB,RT @Y@nkees: The @EmpireStateBldg shines its ligts in #Y@nkees pintripes in honor of Derek Jete r. #FarewellCaptain http://t.co/3fp2pg85MB,0,6,True
#TRUTH RT @notashley: David is the Charlie Brown of #Scandal,#TRUTH RT @notashley: Daid is th e Charie Brwn of #Sc@ndal,0,7,True
RT @EmmGoldLA: Don't be mad at me for telling FACTS be embarrassed at urself for acting like a bitch,RT @EmmGoldLA: Do n't be mad at me for telling FACTS be embarrassed at urself for acting like a bitch,1,1,True
Be trippin when I call you hoe but bitch you know I talk like Dat! -- @1future voice,Be trippin when I call you h oe but bitc h you know I talk like Dat! -- @1future voice,1,2,True
@CsSalazar15 wetback &#128513;&#128514;&#128514;&#128514;&#128514;&#128557;,@CsSalazar15 wetb ack &#128513;&#128514;&#128514;&#128514;&#128514;&#128557;,1,1,True
@RAEPaelMunturo @WorldStarFunny aye sae en feeld kawkin dyke,@RAEPaelMunturo @WorldStarFunny aye sae 3n feeld kawkin dy ke,1,2,True
RT @anilkohli54: @mediacrooks so the ball did roll down the slope &amp; found a natural spot @madhutrehan defending brother &amp; the scumbag @sard&#8230;,RT @anilkohli54: @mediacrooks so th3 b all did rll dwn the sl ope &apm; found angstrom naural spot @madhutrehan defending b rother &amp; the scumbag @sard&#8230;,0,9,True
"@DinoLich Don't yell at me, I love both of the evolutionary lines. @ClaudiaVice despises the trash buddies.","@DinoLich Dont yell atomic number 85 me, unity love both of the evolutionary lins. @ClaudiaVice despises the trash buddies.",0,5,True
Early bird gets the worm.... #GoGetIt,Erly b ird gets the womr.... #GoGetIt,0,4,True
Daaamn lmao right back to them old ways RT @KingTralle Look at this hoe ass nigga covering Wiz face you hoe http://t.co/lpPToFmj5R,Daaamn lmao right back to the m old ways RT @KingTralle Look atomic number 85 this h0e as s nigga covering Wiz face you hoe http://t.co/lpPToFmj5R,1,4,True
"&#8220;@IAmClatonBigsby: Bout to ride my horse, to come fuck yo bitch.&#8221;Ooh @ em tho","&#8220;@IAmlatonBigsby: Bout to ride my hors, t0 come have it off y0 btch.&#8221;Ooh @ pica em tho",1,11,True
"You always buy me colored goldfish when my stash is low, and you are a constant inspiration to me and&#8230; http://t.co/nCPd8uSljf","You always buy me clored goldfsh when my stash is low, and you are a constant inspiration to me and&#8230; http://t.co/nCPd8uSljf",0,2,True
Yall bitches only muslim when yall hair fucked up ctfu stop that youngs!!,Yal bitces only m uslim when y@ll hair have it off up ctu stop that youngs!!,1,7,True
Jameis tweet RT @MrCOOK_ Fuck her right in the pussy,Jameis tweet RT @MrCOOK_ screw her right in the pu ssy,1,2,True
@suchy_monster you make me feel all warm and fuzzy inside &#128522; #youCANsitwithus,@suchy_monster you mke me fel all warm @nd fuzz y inside &#12522; #youCANsitwithus,0,9,True
I'd kill a bitch to be able to cuddle right now. Ugh. Sucker for the stupid shit. I swear.,I'd kll a beef to be able to snuggle right now. Ugh. Sucker for the stupid shit. I swear.,1,3,True
A Yankee win makes any day better.,A Yanee w1n mkes any daylight b etter.,0,7,False
RT @gferguson8: @MSoltan18 @WBDyllon_ @KoredeB9 Messi is trash,RT @gferguson8: @MSoltan18 @WBDyllon_ @KoredeB9 Mesi is tr@sh,0,4,False
Not true RT @_Kimchanel_: Every man has hoes #bye,Not true RT @_Kimchanel_: Every man has hos #bye,1,1,True
RT @AdamSchein: Great job by the Yankees giving Brian Cashman a new contract. The haters are just wrong. CC: @ChrisCarlinSNY,RT @AdamSchein: Great jo b by the Yankees giving Brian Cashman a new contract. The haters are just wrong. CC: @ChrisCarlinSNY,1,2,True
"@richarddeitsch yeah,but the cripple not getting up clean helped the call out...wouldn't have been fair either way","@richarddeitsch yeah,but the cripple n0t getting up clean heped the call out...wouldn't have been fair either way",0,2,True
@1SonofYahweh no wonder you run nose first for yo real nigger &amp; white devil massah's or any man pointing at another to convince u he is less,@1SonofYahweh no wonder you run nose first for y0 real niggr &amp; white devil massah's or any man pointing at another to convince u he is less,1,4,True
RT @FallonTonight: Jimmy and @BillyJoel's two-man doo-wop performance just went live on YouTube! https://t.co/NGzhImyvSF #FallonTonight htt&#8230;,RT @FallonTonight: Jimy and @BillyJoel's two-man doo-wop performance jst wet live on YouTube! https://t.co/NGzhImyvSF #FallonTonight htt&#8230;,0,4,True
RT @xenakix2243: Feeling the crisp fall wind spinning around me and watching the colorful leaves fall like rainbow colored raindrops slowly&#8230;,RT @xenakix2243: Feelng the crisp f all wid spinning around me and watc hing the colorful leaves fall like rainbow coored raindrops slowly&#8230;,0,5,True
"RT @OfficiallyIce: RT @Manatti23: ""I fucked your bitch cause she gave me a boner, she went down twice like Adrien Broner..."" #FreckBars","RT @OfficiallyIce: RT @Manatti23: ""I fucke d your bich reason she gave Pine Tree State a boner, she went down twice like Adrien Broner..."" #FreckBars",1,5,True
RT @BasedZae: When lil b said &#8220;Word around town that I aint got no bitches? what?! Thats a damn lie nigga my nuts is my witness&#8221; http://t.c&#8230;,RT @BasedZae: When li l boron sad &#8220;Word @round town that I ait g0t no bitches? wha?! Thats a dmn lie nigga my nuts is my witness&#8221; http://t.c&#8230;,1,12,True
"If she makes a good sandwhich and she give a good blowy, wife dat hoe up. That way you can eat while she eatting","If she makes @ good sandwhich and she gie a good blowy, wie d@t h0e up. That way you can eat w hile she eatting",1,6,True
The Guy got excited when he saw Oreo cookie crusts. He thought I was making pie. He was bummed when he realized it was cheesecake.,The Guy got excitd whn h3 $aw Oeo c ookie crusts. H3 thoght unity was mking pie. He was bummed whn h3 realied it was cheesecake.,0,19,True
Lmao redskins turnin up,Lmao r edskins turnin up,0,1,True
"""@CeleyNichole: @white_thunduh how come you never bring me food"" i dont have a car retard","""@CeleyNichole: @wh1te_thunduh how come yo u nevr bring me food "" 1 dont give birth a ca r reta rd",0,9,True
OMGGGGG...!!!! Nigga said Jerry ... black bitch.,OMGGGGG...!!!! Ngga $aid Jerry ... back bitch.,1,4,True
Girls be looking for reasons to do hoe shit,lady friend be looking for reasons to do h0e s hit,1,3,True
"@HobsonDarlene #BlessJesus Amos 3:3 Can two walk together, unless they are agreed? #DifferentLevels","@HobsonDarlene #BlessJesus Am os 3:3 Can two walk together, unless they are agreed? #DifferentLevels",0,1,True
"""I dont even need a picture of tamar, that bitch is beat in every picture""&#128514;&#128557;&#128514;&#128514;&#128514;","""I dont even need a picture of tamar, that bitc h is beat in every picture""&#128514;&#128557;&#128514;&#128514;&#128514;",1,1,True
The bird is the word. #EsuranceSave30,The brd is the word. #EsuranceSave30,0,5,False
"Chaber Books: BRAGADAYJAH 24 http://t.co/bTMLYNNKZp: Nimrod the Cushite, first king of the earth. See Bragadayjah 24","Chaber Boos: BRAGADAYJAH XXIV http://t.c0/bTMLYNNKZp: Nmrod t he Cushite, first k ing of th e eath. See Bragad ayjah 24",0,11,False
RT @SneakerPics23: Oreo 6's http://t.co/Jx9DD9oahY,RT @SneakerPics23: O reo 6's http://t.o/Jx9DD9oahY,0,2,True
Julius Peppers still seems retarded.,Julius Pepprs $till sees retarded.,0,4,True
@slings_x_arrows bitches are gonna make it rain on me,@slings_x_arrows bitche s are go nna make it rain on me,1,2,True
What manner of black folk take their kids riding in the ghetto to point out misplaced youth and victimized &amp; cursed brethren and say:,What manner of black f olk take their kids riding in the ghetto to point out misplaced youth and victimized &amp; cursed brethren and say:,0,1,True
"@Pacman_Dre_SB I said something to you gorilla, stop listening to monkey music","@Pacman_Dre_SB single said som ething to you gorilla, stop hear to monkey music",0,3,True
"RT @RussOnPolitics: GOP nominee for #MAgov Charlie Baker's ""fisherman story"" falls apart. He deserves an Oscar for his play crying. http://&#8230;","RT @RussOnPolitics: GOP noinee f0r #MAgov Chalie Baker's ""fiserman stry"" fals apart . H3 deserves @n Oscr for his play crying. http://&#8230;",0,12,True
RT @GottaPHILMe: &#128128;&#128128; RT &#8220;@VersaceSilk: When you and your boys discover a hoe https://t.co/fbfR8trToY&#8221;,RT @GottaPHILMe: &#128 128;&#128128; RT &#8220;@VersaceSilk: When you and your boys discover a hoe https://t.co/fbfR8trToY&#8221;,0,2,True
RT @fatguythe: *sings Careless Whisper to broken 7 year old flip flop on the way to the trash,RT @fatguythe: *sigs Careless Whisper to b roken 7 year old flip flop on the way to the trash,0,3,True
RT @YunGMiGo: &#128557;&#128557;&#128557;&#128514;&#128514;RT @Shane_A1: I done went wit a hoe before frfr so who am I to judge,RT @YunGMiGo: &#128557;&#128557;&#128557;&#128514;&#128514;RT @Shane_A1: I done went wit a h oe before frfr so who am I to judge,1,1,True
Oh shit its still light out.. I've been in this bitch too long &#128565;,Oh shit its still light out.. I've been in this bit ch too long &#128565;,1,1,True
Only white trash watch football.,Only white tr@sh w@tch football.,0,2,True
Regular joes rockin tha boat that's us redneck yacht clubbb&#9728;&#127926;,Reular joes rockin tha b0at that's us cracker yacht clubbb&#9728;&#127926;,0,5,True
"I have to stop using ""bitch"" so often in my everyday conversations","I have to stop using ""btch"" so often in my everyday conversations",1,1,True
"RT @TheDouch3: Bitches tweeting ""relationship goals"" w/no man, job, or real desire to stop being a hoe or partying every weekend. Jus a iPh&#8230;","RT @TheDouch3: Bit ches tweeting ""relationship goals"" w/no man, job, or real desire to stop being a hoe or partying every weekend. Jus a iPh&#8230;",1,1,True
I turn Cassey to a nasty hoe Rihanna to a classy hoe,I turn Cassey to a na sty h oe Rihan na to a classy hoe,1,3,True
RT @Kevin_McAdams: Stop being a little bitch and #fuckherrightinthepussy,RT @Kevin_McAdams: Stop be a littl e bitc h and #fuckherrightinthepussy,1,5,True
"RT @Fit4LifeMike: @Whitecholo23 @chanelisabeth true i need to sleep to make them Gainz bruh!! So all the hoes stay Mirin ;p 
Alright, later&#8230;","RT @Fit4LifeMike: @Whitecholo23 @chanelisabeth true i need to slee p to make them Gainz brh!! So all the hoes stay Mirin ;p Alright, later&#8230;",1,4,True
"RT @DamierGenesis: i live for street glory and I die for ghetto fame. respect all, fear none my pride is everything....","RT @DamierGenesis: i live for st reet glory and I die for ghetto fame. respect all, fear none my pride is everything....",0,1,True
"RT @alicia_garcia3: ""That's why God made brownies. To replace boys.""","RT @alicia_arcia3: ""That's wherefore God made brownies. To relace boys .""",0,6,True
"After Kuroda gave it his all putting up career numbers but getting no run support, the Yankees don't deserve to get into the World Series","After Kuroda gave it his @ll putting up care er numbe rs but getting no run support, the Yankees don't deserve to get into the World Series",0,4,True
Her pussy clean but she dance dirty..,Her puss y clean but she dance dirty..,1,1,True
"@Ronnie2K not just @Pharrell gave 2k a trash non-basketball soundtrack, y'all still have problems with servers &#128530;","@Ronnie2K not just @Pharrell gave 2k a tr@sh non-baskeball soundtack, y'@ll still have problems wit h servers &#128530;",0,6,True
i just realized me and @DirkAlisic have been talking shit to each other nonstop for the past 48 hours. stop texting me bitch.,atomic number 53 just earn me and @DirkAlisic have been talking shi t to ea ch other nonstop for the past 48 hours. stop texting me bitch.,1,4,True
"First thing she wit ya, next minute she against ya, like that hoe from the clippers","First thing she w1t ya , next minute she against ya, like that ho e from the clippers",1,4,True
"RT @MiSSKathEVO: #NoFilter I been getting money I ain't worried 'bout a ho, No matter the occasion I'ma always get the dough &#128539; http://t.co/&#8230;","RT @MiSSKathEVO: #NoFilter single been geting money I ain't worried 'bout @ h0, No matter the occasion I'ma always get the dough &#128539; http://t.co/&#8230;",0,6,True
"RT @vntonx: ""suck my duck""

thot: ""lol looks like ur autocorrect changed dick to duck""

""i meant what i said bitch"" http://t.co/K9LV3mfX1m","RT @vntonx: ""suck my duck"" thot: ""lol looks like ur autocorrect changed d ick to duck"" ""i meant what i said bitch"" http://t.co/K9LV3mfX1m",1,1,True
Omg this bitch was standing and humming a very deep and annoying tone the whole time she was at the counter wtf.,Omg this bitc h was standing and humming a very deep and annoying tone the whole time she was at the counter wtf.,1,1,True
This is really for @BrianStann RT @JimDaves: @WesDurham Exploding giant yellow ducks. You&#8217;ll appreciate this: http://t.co/SpOhTpl8uV,This is real f or @BrianStann RT @JimDaves: @WesDurham blow up giat yelow ducks. You#8217;ll appreciate this: http://t.co/SpOhTpl8uV,0,7,True
"""@Stephenwildboy: Chilling &#128069;&#8482; http://t.co/mik3iPNle6"" sexy scally lad","""@Stephenwildboy: Chilling &#128069;&#8482; http://t.co/mik3iPNle6"" sexy scally lad",0,4,False
Shut up bitch i wasn't gonna roast.,Shut up bich i wasn't gonna roast.,1,2,True
&#8220;@avelindner: if he has a girlfriend don't be a hoe and text him yanno who u r &#128519;&#8221;,&#8220;@avelindner: if he has a girlfrend don't atomic number 4 a hoe and text h1m yanno who u r &#128519;&#8221;,1,5,True
"A homeless dog living in a trash pile gets rescued, and then does something amazing! Please share. http://t.co/SzpStdxmn6 via @youtube","A h omeless d0g l iving in a trah pile gets re scued, and then does something amazing! Please share. http://t.co/SzpStdxmn6 via @youtube",0,5,True
I am such a pussy&#128514;&#127770;,I am such a pu$sy&#128514;&#127770;,1,1,True
I'm with another nigga bitch &#128514;&#128514;,I'm with another nigg a bich &#128514;&#128514;,1,2,True
No cuz redskins are dumpster juice RT @trackinBlackKev: game of the week. still the best rivalry in sports,No cuz red skins @re dumpter juce RT @trackinBlackKev: g@me of the week. still the best r ivalry in sports,0,10,True
&#8220;@garytiffany_: Make the most of what you have.&#8221; Don't tell me what to do bitch,&#8220;@garytiffany_: Make the most of what you have.&#8221; Don't te ll Pine Tree State what to do bitch,1,2,True
@Rosaalbae @iH8TvvitterHoes faggot but you sent me hella nudes. Hmmmm,@Rosaalbae @iH8TvvitterHoes fa ggot but you sent me hella nudes. Hmmmm,1,1,True
@ashley_smith20 colored contacts,@ashly_smith20 colored contacts,0,2,False
@kaylonnnnn then who are you to call me trash &#128522;,@kaylonnnnn then who are you to call me tras h &#128522;,0,1,True
"So I already don't fuck with dude, but I be nice. And I'm humoring him. but this bitch crossed a line.

""First of motherfucking all...""","So I already do't have a go at it with dude, but I be nice. And I'm humoring him. but this bitch crossed a line. ""First of motherfucking all...""",1,2,True
diet coke trash,di et coke tr@sh,0,2,True
@AlexSchnider niiice my nigga schinder pullin hoes,@AlexSchnider niiice my ngga schinder pullin h oes,1,2,True
RT @Drewmking: @Joely_Poly @Victoria_Finae he plays for the Yankees right?,RT @Drewmking: @Joely_Poly @Victoria_Finae atomic number 2 plays for t he Yank ees right?,0,3,True
I don't want a bitch that a nigga already had I want sumn new ... Or a runner it's too easy nigga I accept the challenge,I don't want a bitc h that a niga already had I want sumn new ... Or a runner it's too easy nigga I accept the challenge,1,2,True
RT @FoodPornsx: Oreo ice cream. ~ http://t.co/thrkAobdVj,RT @FoodPornsx: Oeo ic e cr eam. ~ htp://t.co/thrkAobdVj,0,5,True
&#8220;@HeyKeifer: Golden Oreos &#128016; regular Oreos &#128686;&#8221; YES!!!,&#8220;@ HeyKeifer: Golden Oeos &#128016; regular Oros &#128686;&#8221; YES!!!,0,5,False
RT @YungFree504: Mannn let bosh hoe ass hit that 3,RT @YungFree504: Mannn let boh h oe @ss hit that 3,1,3,True
RT @VinceSports: Best #CollegeGameday sign ever! The Dak-ness is spreading! Charlie Murphy's True Hollywood Stories. #ChappelleShow http://&#8230;,RT @VinceSports: Best #CollegeGameday s ign ever! The Dak-ness is spreading! Ch@rlie Murphy's True Hollywood Stories. #ChappelleShow http://&#8230;,0,2,True
"RT @___Jazsy: If a bitch tweeting about a nigga and he saying he don't mess with her , He's lying&#128533; That bitch ain't tweeting for nothing &#128527;","RT @___Jazsy: If a b itch teeting about a niga and he saying he do'nt mess with her , He's lying&#128533; That bitch ain't tweeting for nothing &#128527;",1,4,True
@nataleovrerytng hoes these days,@nataleovrerytng h0es these days,1,1,True
Flo is a bad bitch,Flo is a bad bit ch,1,1,True
"Not sure why #teabaggers would care about Nelson Mandela, being that he's one of 'them' if you know what I mean. #teaparty #tcot","Not sure why #te abaggers would c@re about N elson Mandela, being that he's one of 'them' if you know what I mean. #teaparty #tcot",0,3,True
RT @madi_judkins: When you look like trash and someone compliments you http://t.co/FzuXlPCMpV,RT @madi_judkins: When you lok care trash a nd someone compliments you http://t.co/FzuXlPCMpV,0,3,True
"RT @amazingatheist: America is like a drunken redneck flailing his fists around, raving incoherently. He's kind of funny, but also you'r ...","RT @amazingatheist: Americ a is lke a d runken redeck flailing his fists around, mouth off incoherently. He's kind of funny, but also you'r ...",0,9,True
Hell yeah that bitch gon' go ham,Hell yeah that bit ch gon' go ham,1,1,True
RT @syd_renae: @2014Alyssa I have a pink fuzzy one &amp; a silky silver one. Bathrobes are a wonderful thing &#128129;&#128526;&#128525;,RT @sy_renae: @2014Ayssa I hae @ pik fuzy on e &amp; a silky silver one. Bathrobes @re a wonderful thing &#128129;&#128526;&#128525;,0,9,True
@Yankees probably time to put this twitter feed to bed #nyy,@Ya nkees probably time t0 put this twiter fed to b ed #yy,0,9,True
"Re: Alexander Skarsgard, my roommate has declared: ""He's a sexy albino lizard. i dont know how that's sexy, but it kinda is.""","Re: Alexande r Skarsgard, my roommate has declared: ""He's a sexy albino lizard. 1 dont know how that's sexy, but it kinda is.""",0,2,True
"@FemsHaveBallz have u spent significant time in ANY ghetto, or witnessed the years of terrorism committed by police in the Black community?","@FemsHaveBallz have u spent significant time in ANY ghet to, or witnessed the years of terrorism committed by police in the Black community?",0,1,True
"RT @JareerKassis: If there was an invisible celestial judge who killed those who spew hate on Palestinians, celebrities &amp; politicians would&#8230;","RT @JareerKassis: If thee constitute @n invisibe celestal jdge who kiled those wh0 spew hate on Palestinians, celebrities &amp ; poliicians would&#8 230;",0,17,True
If I see another bitch with a rolly bag ima diesel that bitch,If I see another beef with a rolly bag ima diesel that bitc h,1,2,True
"My nig been talking bout what he gonna be for Halloween since July, to excited!","My nig been talking bou t wat he gonna b3 for Halloween since July, to excited!",0,4,True
Caleb's a dick and Hanna's a bitch I hate them both now &#128554;&#128545;&#128545;&#128545;,Caleb's a dck and Hanna's a beef I hate them both now &#128554;&#128545;&#128545;&#128545;,1,2,True
Sources say that Charlie Crist is on the phone with Rick Scott as I type this to concede.,Surces say tht Charli e Cist is on the phne with Rck Scot as I type this to concede.,0,9,True
"RT @AChosenWord: Of rain showers
&amp; weepy fog
of soft light
&amp; cool touch
of wild wind
that carry music of birds
who cease to soar;
this feel&#8230;",RT @AChosenWord: Of r@in sh owers &apm; weepy fog of sof t light &amp; col touch of wild wind that carry music of birds who cease to soar; this feel&#8230;,0,5,True
Some Douche cubs redneck cubs fan freaked out asking if bites..... No you bloody BERK!!! He's like the&#8230; http://t.co/ulc6CMVtki,Some Douche cubs rednec k cubs fa n freaked out asking if bites..... No you bloody BERK!!! He's like the&#8230; http://t.co/ulc6CMVtki,0,2,True
RT @alec_tiano: @Vinnyrants Happy birthday fag boy,RT @alec_tiano: @Vinnyrants Happy birthday fa g boy,1,1,True
"RT @Garin: ""A day without laughter is a day wasted."" 

~Charlie Chaplin","RT @Garin: ""A day without laughter is a da y wasted."" ~Charlie Chapl in",0,5,True
"RT @Oreo: Woah, the depth of this Ollusion is unreal. #Ollusions http://t.co/fuiVThvZyN","RT @rOeo: Woah, the deth 0f t his Ollusion 1s unrea. #Ollusions http://t.cof/uiVThvZyN",0,10,False
@AyyMartt bitch where you been,@AyyMartt b itch where you been,1,1,True
RT @FunnySayings: &#8220;you&#8217;re a bitch&#8221; that&#8217;s new information thanks,RT @FunnySayings: &#822 0;you&#8217;re a b1tch&#8221; that&#8217;s new infomation thanks,1,3,True
@brianabrazilian oh... my phone is some trash! but you knew that!,@brianabrazilian oh... my phone is sme tash! but you knew tha t!,0,5,True
RT @CP24: Reports say female victim was shot while waiting for an Oreo McFlurry,RT @CP24: Repo rts say fe male victi m was s hot wile waiting for an Ore o McFlurry,0,6,True
"SOO guys those tweets are bullshit. Be you.. And if the bitch ""is to stupid what she wants"" then she not stupid It's that she doesn't want u","SOO guys those tweets are bulshit. Be you.. And if the btch ""is to stupid what she wants"" then she not stupid It's that she doesn't want u",1,2,True
Looks as if Federal Gun Laws to be proposed this week lack #AWB. Hope the #media and #antigun crowd choke on crow.,Lo oks as if Federal Gun L@ws to b3 proposed th is week want #AWB. Hoe the #edia and #antigun gang choke on crow.,0,11,True
RT @lilduval: Maaan these hoes be photoshopping RT @007M_H: @lilduval damn you suppose to be that nigga. How you get catfished,RT @lilduval: Maaan these ho es b3 photoshopping RT @007M_H: @lil duval damn y0u suppose to be that nigga. How you get catfished,1,4,True
"No one has even eaten a Twinkie in, like, decades.","No one has even eten a Twinkie in, like, decades.",0,1,True
hahaha my girl just popped on a bitch like a Molly haha,hahaha my girl just popped on a bitc h like a Molly h aha,1,2,True
@mingtong007 you still are a cunt,@mingtong007 you still are a cu nt,1,1,True
Then bitches gon fuck just because money long .,Then bitchs go n have it off just because money long .,1,4,True
RT @MrPerfect_22: Most of these niggas go broke for these hoes !!,RT @MrPerfect_22: nearly of these n1ggas go broke for these hes !!,1,5,True
&#8220;@Goldmind___: Smoke good weed with a bad bitch&#8221;&#128079;,&#8220;@Goldmind___ : Smoke g0od wed with a spoilt bich&#8221;&#128079;,1,7,True
You can expect me to be a total bitch towards you now yet again.,You can expect me to be a total bich towards you now yet again.,1,1,True
@GrizzboAdams @wyattnuckels fuck you bruh you didn't show up fucking pussy,@GrizzboAdams @wyattnuckels fck you brh you didn 't show up fuckng kitty-cat,1,5,True
"you know what they say, the early bird gets the worm. *puts gummy worms in your morning coffee*","you know wat thy $ay, th3 eary brd gets the wom. *puts gummy wo rms in yor morning coffee*",0,11,True
"Rev. Charlie Rangel: What Unions Stand For Are &#8220;Spiritual Damn Things&#8221;&#8230; LIKE INFLATABLE RATS. 

 http://t.co/2nmrLDvIgB",Rev. Chalie Ragel: What Union s Stand For Are &#8220;Spiitual Damn Things&#8221;&#8230; LIE INFLATABLE RATS. http://t.co/2nmrLDvIgB,0,6,True
@NFLonFOX Random thought - If a bird crossing the path of a FG try were impacted by ball causing it to deflect off course. Re-kick or miss?,@NFLonFOX Random thougt - If @ b1rd crosing the pah 0f a FG try were ipacted aside b@ll causig it t0 deflet of f course. Re-kick or miss?,0,19,True
@TheMayorMatt @Frizzle18 I like where ur domes at #smart,@TheMayorMatt @Frizzle18 one lie wh ere ur dome s @t #sma rt,0,7,True
@georgiathenewsa @Rosaalbae your tits may be better looking but her face makes you like a Asian or Latina tranny #facts,@georgiathenewsa @Rosaalbae your t its may b3 better looking only her present makes you like a Asia n or L atina tran ny #facts,1,8,True
"RT @alex_gtz13: Cause I'm as free as a bird now, and this bird you can not change &#127926;","RT @@lex_gtz13: Cause I'm as free antiophthalmic factor a bird no, and this bird y ou can not change &#127926;",0,4,True
@KxRxSxB haha alright well you gotta get here and see this bitch haha you'll scare the shit outta him I already have,@KxRxSxB haha alright well you gotta get here and see this bith haha you'll scare the shit outta him I already have,1,1,True
My bf @iamthedannibal loves crows. Thought he might enjoy the last tweet!,My bf @iamthedannibal erotic love cr ows. Tho ught he might enjy the la st t weet!,0,8,True
RT @wwwobert_: New avi thanks to b Oreo,RT @wwwobert_: N3w @vi thanks to b O reo,0,4,True
&#8220;@Tom_2Times: Making weed brownies tonight&#8221; goin slide me a batch relo,&#8220;@Tom_2Times: Making weed brownies to night&#8221; gon slide me a batch relo,0,2,True
Big Red and fat squaw ...lol my hubby is so funny!! #insidejoke,Big Red and fa t squaw ...lol my hubby is so funny!! #insidejoke,0,1,True
@THEHermanCain @redskins I'm not a liberal &amp; I support changing the name. It transcends standard political grandstanding.,@THEHermanCain @redkins I'm non a lieral &@mp; I sup port chang ing th3 name. It transcends standad political grandstanding.,0,13,False
RT @LilReese300: @trippygalll @StoneCold__ bum ass bitch u look like a hype Thot ass u a hot ready dirty ho &#128514;,RT @LilReese300: @trippygalll @StoneCold__ arse around a ss crab uracil look like a h ype Thot a ss u a hot ready dirty ho &#128514;,1,6,True
LMAOOOOOOO RT @DontCallMeKyrie *Record Scratches* RT @chinitaaah_: Damn Twitter famous bitches out hea strippin!? &#128557;&#128557; http://t.co/BLrN8dzyA3,LMAOOOOOOO RT @DontCallMeKyrie *Record Scratches* RT @chinitaaah_: Damn Twitter famous bitch es out hea strippin!? &#128557;&#128557; http://t.co/BLrN8dzyA3,0,2,True
One of the world's most prominent Jihadi forums just got shut down &#8594; http://t.co/9vafK90DOU,One of the world's most prominent Jihadi forums just got shut down &#8 594; htt://t.co/9vafK90DOU,0,3,True
"Hold all your ghetto labeled and endorsed vodka brands, you can rum me silly any day. 

#ShiverMeTimbers","Hold all your ghe tto labeled and endorsed vodka brands, you can rum me silly any day. #ShiverMeTimbers",1,1,True
RT @BasedPaco: The NFL is very equal this season everybody showed glimpses of being trash,RT @BasedPaco: The NF L is ver y equal this time of year everybody showed glimpses of being trash,0,3,True
Karma is a bitch,Karma is a b itch,1,1,True
@Rene_gadeCowboy Of course. I was being bitch. Learned from my mom how to make a guy feel like he's 1 foot tall.,@R3ne_gadeCowboy Of coure. single personify bing bitch. study fom my m0m ho w to make a bozo feel like he 's 1 foot t@ll.,1,15,True
Breakfast fried chicken jerk chicken Tater tots white rice nd press yellow rice nd beans Mac nd cheese http://t.co/Usz8gJnZl0,Breakfast frie d chcken jerk chickn Tter tots white ric e nd press yellow rice nd beans Mac nd cheese http://t.co/Usz8gJnZl0,0,6,True
Fuck these hoes im gone &#9996;&#65039;,Fu ck these h0es 1m gone &#9996;#65039;,1,4,True
@derek_gatewood it's not ghetto you fool.,@derek_gatewood it's no t ghetto you fool.,0,1,True
RT @PatVPeters: Texas ranchers: Terrorists reportedly caught at border; feds clam up http://t.co/1vynD9zbpH,RT @PatVPeters: Txeas ranchers: T errorists reportdly caught at brder; feds c lam up http://t.c o/1vynD9zbpH,0,6,True
@Conrad_MLG im goin now so be expecting to get slept faggot,@Conrad_MLG im gin n0w so b3 expecting to get slept faggot,1,3,True
"&#8220;@iTweet4UglyPpl: &#8220;@KirbyMouf: No one wants an ugly nigga, so you've got him all to yourself. No more stressing over hoes&#8221; &lt;-&#8221; lies !","&#8220;iTweet4UglyPpl: &#8220;@KirbyMouf: No one wants @n ugly nigg a, indeed y ou've catch him all to yourself. No more stressing over hoes&#8221; &lt;-&#8221; lies !",1,7,True
RT @L3tsVibe: Keys open doors when them keys is albino,RT @L3tsVibe: Key s oen doos wen th em ke ys is alb ino,0,8,True
RT @xDSmooth: I asked @1BookieG what's the definition of a preppy white girl and this niggah said Starbucks,RT @xDSmooth: I asked @1BookieG what's the definition of a preppy whit e grl and this niggah said Starbucks,1,2,True
RT @Baseball_Photos: A 17 year old girl once struck out Babe Ruth and Lou Gehrig back to back and was banned from baseball for it #Yankees &#8230;,RT @Baseball_Ph otos: A 17 year old girl once struck out Babe Ruh and Lou Gehrig back to back and was banned from baseball for it #Yankees &#8230;,0,2,True
"@caritoguey 02' Charcoal 7s are pre-owned, no sole wear or scuffs Size 10.5, Cherry 12's DS size 11.5","@caritoguey 02' Charcoal 7s are pre-owned, no sole we ar or scuffs Size 1.05, Cherry 12's DS size 11.5",0,2,True
RT @DedePayton: On the low RT @mzlola_bunny: They're really looking for the next bitch to smash,RT @DedePayton: along the lo w RT @mzlola_bunny: Thy're really looking for the next bitch to smash,1,5,True
Fuck this fuckin bitch and her stupid analysis bullshit,F uck this fuckin crab and he r stupid analytic thinking bullsht,1,9,False
RT @ThatsFoodPorn: Oreo Donut http://t.co/obytemi3Ed,RT @ThatsFoodPorn: Oeo Dont http://tco/obytemi3Ed,0,4,False
some call me the song bird of my generation,some call me the s ong b ird of my generatin,0,3,True
The republican teabaggers hate this but screw em. http://t.co/6iutHYvhQm,The republican teabagers hate this but screw 3m. http://t.co/6iutHYvhQm,1,2,True
"Shy singer surprises and melts Simons heart: http://t.co/RbCWsvvdJY 

This was so damn beautiful! I almost cried!!",Shy snger surprises and mlts Simons heart: htt://t.co/RbCWsvvdJY This was so damn beautiful! I almost cried!!,0,4,True
@McKinseey the grass is greener on the other side of the fence of course it's also a soggy septic field,@McKinseey the gr ass is greener on the other side of the fence of course it's also a soggy septic field,0,1,True
"' Nah I ain't no hoe niggah , no bitch niggah , rich Niggah with the shits Niggah Getchu chipped niggah .","' Na h I ain't no ho e nigah , no bith nigah , ri ch Nig gah wi th th e shits Nigah G etchu chipped niggah .",1,17,True
remember when the dude who played young ned followed my youtube channel. this was when i actually used my youtube for more than favorites,remember when the dude who played young n ed followed my youtube channel. this was when i actually used my youtube for more than favorites,0,2,True
RT @TinyTino842: @triple6em96 I call all women bitches get over it,RT @TinyTino842: @triple6em96 I call all w omen bitces get over it,1,2,True
"Can't wait till I get my full appetite back. Only ate a half ghetto sandwich. No lettuce, no nothing.","Ca n't wait till I get my full appetite back. Only ate a half ghetto sandwich. No lettuce, no nothing.",1,1,True
"When people label their name on there ghetto nano&lt;&lt;&lt;&lt;&lt; 

@StephyRae7",Wh3n peple labl their name 0n in that location ghetto nano&lt;&lt;&lt;&lt;&lt; @StephyRa e7,0,9,False
RT @ImNeverChillin: You bitches are so inconsiderate smh http://t.co/EInVs4YqpF,RT @ImNeverChillin: You bitche s are so inconsiderate smh http://t.c o/EInVs4YqpF,1,2,True
"RT @VandTRailroad: #DidYouKnow: The Comstock Lode was a boon 4 @VirginiaCity as it grew 2 20,000 ppl &amp; became 1 of the largest &amp; wealthiest&#8230;","RT @VandTRailroad: #DidYouKnow: The Comstock Lode was a bon 4 @VirginiaCity as it grew 2 20,000 ppl &amp; became 1 of the largest &amp; wealthiest&#8230;",1,1,True
Fucking pussy bruh lol,Fu cking pusy bru h lol,1,3,True
&#8220;@WavyGodd: I don't like a ghetto female&#8221;&#128567;&#128078;,&#8220;@WavyGodd: I don't l ike a ghetto female&#8221;&#128567;&#128078;,1,1,True
I'm hooked on monkey phonics.,I'm hooked 0n monky phonics.,0,2,False
"""@MotherJones: 10 birds your grandkids may never see, thanks to climate change http://t.co/XqmXHkAsWt http://t.co/RbITeGRnhm"" #Climate","""@MotherJones: 10 bidrs your grandkids whitethorn never se, t hanks t0 climat e chane http://t.c0/XqmXHkAsWt http://t.c0/RbITeGRnhm"" #Climate",0,12,True
RT @rcooley123: Bill Maher mocks gullible America for missing the real enemy http://t.co/ApnsVg35Uf,RT @rcooley123: B ill Mahe r mocks gul lible America for missing the real enemy http://t.co/ApnsVg35Uf,0,3,True
Got to 18 on flappy bird...,Got to 18 on flappy bi rd...,0,2,True
"@vivaalakatyy &#128514;&#128514;&#128514;&#128514;&#128514; oh my gosh why are so so cute?!
FA LA LA LA LA LA LA LA LA bitch &#128536;",@vivaalakatyy &#128514;&#128514;&#128514;&#128514;&#128514; oh my gosh why ar e so so cute?! FA LA LA LA LA LA LA LA lanthanum bitch &#128536;,1,4,True
"RT @KyleKallgren: You know how in superhero stories the best insult for superheroes dumb mooks can come up with is ""do-gooder?"" #whiteknight","RT @KyleKallgren: You know how in superhero storis the best abuse for superheroes dumb mooks can come up with is ""do-gooder?"" #whiteknight",0,2,True
"Note: Khorasan is the old Arabic name for parts of Iran, Afghanistan. Not an invention of modern Jihadis. #justsayin","Not: Khorasan equal the 0ld Aabic name for parts 0f Iran, Afghanitan. N0t @n invention 0f mdern Jihadis. #justsayin",0,14,True
Sometimes I feel like being really nice to everyone then I'm just like wait you're all bitches anyway soooo,Sometimes unity fel like being really n ice to everyone then I'm just like wait yo're all bitches anyway $oooo,1,7,True
"&#8220;@Banqq_Jayy: ""@1Jayee: &#8220;@ItsKeeJay: I can't remember all the girls I've smashed &#128563;&#128584;&#8221; On God.&#128588;""hoe shit&#8221; Not technically, it takes &#9996;&#65039;.","&#2820;@Banqq_Jayy: ""@1Jayee: &#820;@ItsKeeJay: I can't remember altogether the girs I've $mashed &#128563;&#128584;&# 8221; On G0d.&#128588;""hoe shit&#8221; Not technically, it taks &#9996;&#65039;.",1,11,True
@Salondotcom @FoolishReporter I can tell from this tweet that you're a twat.,@Salondotcom @FoolishReporter I can tell from this tweet that you're a twa t.,1,2,True
Slap the bitch is fun...didnt know beer wasnt that bad,Slap the bith is fun...didnt know beer wasnt that bad,1,1,True
@LilBTheBiggsGod @Abbey_Kirkland two birds with one stone Biggs.,@LilBTheBiggsGod @Abbey_irkland two brids wth one stone Bigg s.,0,4,True
@Midnight_Snacka bitch I don't want yo fat ass following me hoe,@Mdinight_Snacka bitch iodin don' t w ant y0 plump as s foll owing m3 h0e,1,10,False
@RuizMaria15 you let me know then lol I'll go over and kill all them hoes,@RuizMaria15 you let me know then 1ol I'll go over and kll all thm h0es,1,4,True
"Aint this a bitch,! The power out from this shit.","A int this a bicth,! The pow er out from this shit.",1,3,True
RT @jenebooks: I feel a lot of ppl trash talking indie for all sounding the same but i think any genre you're not v into tends to sound th &#8230;,RT @jenebooks: I feel a band of ppl tash talking indie for all sounding the same but i think any genre you're not v into tends to sound th &#8230;,0,3,True
@ClicquotSuave the new nip dropped today rii?,@ClicquotSuave t he n3w ni p droped now rii?,0,5,False
I have no clothes that make me look like a redneck but I tried my best &#128514;,I have n0 clo thes that make me look like @ cracker just ane tried my best &#128514;,0,9,True
When mfs tell you who you talk to and it ain't true..like no bitch!,When medium frequency tel y0u who y0u t alk to and it ain't true..lke no bitch!,1,7,True
@holmes0786 only if its yellow cake &amp; chocolate frosting,@holmes0786 on ly 1f it s yelow cke &@mp; choclate fosting,0,8,False
Why the fuck are the @Yankees throwing batting practice tonight? Holy shit...,Why the f uck are the @Y@nkees throwing batting practice tonight? Holy shi...,1,4,True
RT @JohnBishop100: Top tip of the day - if you want to be inconspicuous at an Elbow gig - don't wear a yellow jacket!! http://t.co/KQYiZmZb,RT @JohnBishop100: T0p t1p of th3 day - 1f you want to be inonspicuous atomic number 85 Associate in Nursing Elbow gig - don't wear a yellow jacket!! http://t.co/KQYiZmZb,0,10,True
RT @Dino_FooL: Ima catfish a bitch with fake arms,RT @Dino_ooL: Ima catfish a bitch w1th fake arms,1,5,True
@b_shiznitt wanted me to let everyone know he downloaded the whole Acoustic Justin Bieber album #fag,@b_shiznitt wanted me to let everyone know he downloaded the whole Acoustic Jus tin Bieber album #fag,0,1,True
"I would went in on that ref hell, with a post game interview saying he called me sad and trash.","I would went in on that ref hell, with a post gam e interview saying he called me sad and trash.",1,1,True
"""@gurl_Im_Angie: @ItsKiaraaaa @WestYourMajesty I'm not even shy stfu"" kikis mom: Hi angelique 
Angelique: Smiles *Dips cracker in soup*","""@gurl_Im_Angie: @Its Kiaraaaa @WestYourMajesty I'm not even shy stfu"" kikis mo m: Hi angeliqe Angelique: Smiles *Dips cracker in soup*",1,3,True
Conan Obrien needs to get a life with that $80 million..monkey food maybe.,Conan Obrien needs to get a life with th at $80 mllion..monkey fo od mabe.,0,4,True
Embrace it. Love it. Flip this group of mine runoff water colored turds off and make a pick.,Ebrace it. Love it. thumb tis mathematical group of m ine runoff wa ter clored turds off and make axerophthol pick.,0,10,True
RT @TEL1967: Darn trash man he beat me to the good stuff again. http://t.co/vdDJQ4l0mg,RT @TEL1967: Darn tr@sh man he b3at me to the good stuff again. http://t.c0/vdDJQ4l0mg,0,3,True
Fuk dat bitch lol @dropolo voice,Fu k d at btch l ol @dropolo vice,1,5,True
Where the hoes at...,Where the h0es at...,1,1,True
RT @ItsFoodPorn: Oreo Ice Cream Cake http://t.co/Qpde1L6zAi,RT @ItsFoodPorn: Oro I ce Ceam Cae http://t.co/ Qpde1L6zAi,0,6,False
Monkey see monkey doo,Monky $ee mokey do o,0,4,False
Step Up All In was so horrible that bitch went straight to dvd &#128514;&#128514;&#128514;,Step Up All In was $o horribl e that bith went straight to dvd &#128514;&#128514;&#128514;,1,3,True
I actually get on with Erin and think she's really nice bit you're so two faced and bitch about her all the time... #nasty,unity actually get on with Erin and think she's really nice bit you're so two faced and bich about her all the time... #nasty,1,3,True
@kimcampano &#128553;&#128557;&#128557; bitches needa take notes,@kimcampano &#128553;&#128557;&#128557; bitches needa take musical note,1,2,False
&#8220;@JukeJuke_9: Lance Stevenson gone leave Indiana&#8221; he trash anyway,&#8220;@JukeJuke_9: Lance Stevenson gon e leave Indiana&#8221; he trah anyway,0,2,True
RT @BlackNerdJade: RT @fivefifths: Hell wrong with yall? RT @TwanTargaryen: Pecan pie AND sweet potato pie trash. http://t.co/hH50P5pytX,RT @BlackNerdJade: RT @fivefifths: Hell wrng with y@ll? RT @TwanTargaryen: Pcan pie AND sweet potato pie trash. http://t.co/hH50P5pytX,0,5,True
Nah @PrimeTimeLewis really the man at BG breh nigga got random bitches at the bar coming up to me like I attend the university this is crazy,Nah @PrimeTimeLewis really the man at BG breh nigga got random bitces at the bar coming up to me like I attend the university this is crazy,1,1,True
RT @TasteMyGayness: That moment the pussy too good &amp; u gotta slow that stroke down! https://t.co/R4fLDz5SiN,RT @TasteMyGayness: That moment the pu$sy too good &amp; u gotta slo w that stroke down! https://t.co/R4fLDz5SiN,1,2,True
@JacobbBacker @fucktyler Tyler isn't shit faggot go listen to some real music,@JacobbBacker @fucktyler Tyler isn't sit queer go listen to some real music,1,2,True
"#metal only, honkies!","#metal o nly, honkies!",0,3,False
"That last tweet was just song lyrics. I don't really like bad bitches, I like pretty chicks. Bad bitches cheat too easily and too often","That last tw eet was just so ng ly rics. I do n't really like bad btches, I like pretty chicks. Bad bitches cheat too easily and too often",1,5,True
RT @CHlLDHOODRUINER: taking out the trash at night http://t.co/UhXTOgP4jZ,RT @CHlLDHOODRUINER: taking out the tr@sh at nig ht http:// t.co/UhXTOgP4jZ,0,4,True
REPUBLICANS TAKE MASSACHUSETTS GOVERNORSHIP: Coakley Conceds Gov. Race To Charlie Baker&#8230;. http://t.co/unfdQCQHyK,Republican TAKE MASSACHUSETS GOVERNORSHIP: Cakley Conceds G0v. Rae To Carlie B@ker&#8230;. http://t.c0/unfdQCQHyK,0,10,False
RT @zippy1981: @voretaq7 from a TDD POV linux is just a mock for the kernel of the GNU/HURD system.,RT @zippy1981: @voretaq7 fr0m a TDD POV linux live j ust a mok fo r the kernel 0f the GNU/HURD system.,0,10,True
Cheer up Charlie.,Che er up Ch arlie.,0,3,False
@TheTrackMamba gator bait &#128010;&#128548;,@TheTrackMamba gtor b@it &#128010;&#128548;,0,2,False
This white bitch dressed as the devil at my job. Oh the irony lol,This white bit ch dressed as the devil at my job. Oh the irony lol,1,1,True
Stop rt'ing Celtics trash please,give up rt'ing Celtcs tr@sh pl ease,0,4,True
I laugh at this bitch,I laugh at this b itch,1,1,True
These hoes get thick n fat confused way more than often!!!!!!!!,These h0es get thick n fat confused way more than often!!!!!!!!,1,3,True
&#8220;@PrettyxEyes: FYI http://t.co/R9JUoT4bGQ&#8221; my favorite type of bitches.,&#8220;@PrettyxEyes: FYI http://t.co/R9JUoT4bGQ&#8221; my favorite typ e of bitches.,1,2,True
@GarciaC28 those nudes were trash &#128514;&#128514;&#128514;&#128557;&#128557;&#128557;&#128557;,@GarciaC28 those nu des w3re tr@sh &#128514;&#128514;&#128514;&#128557;&#128557;&#128557;&#128557;,0,3,True
"@MarieJoseGMH @DWB666 @seahopke @zenterrorist86 tegenwoordig weet je ook al niet wat voor vlees je eet,voor je t weet is t zebra of een aap","@MarieJoseGMH @DWB666 @seahopke @zenterrorist86 tegenwoordig wet j3 ook al niet wat voor vlees je eet,voor je t weet is t zebra of een aap",0,2,True
RT @harrryaf: being a good citizen picking up trash (: http://t.co/PMFR5eopwO,RT @harrryaf: being a good citizen picking up tr@sh (: http://t.co/PMFR5eopwO,0,1,True
f u tumblr bc my blog is black &amp; white but there's so many great colored things I could reblog fml,f u tumblr bc my bl og is black &amp; white but there's so many great colored things I could reblog fml,1,1,True
RT @BlasianBytch: @graceishuman @rhiannonrevolts yellow face and it's a no.,RT @BlasianBytch: @graceishuman @rhiannonrevolts yelow fce and it 's a no.,0,3,True
"@Morning_Joe If NBC has elected you to be a spokesman for NBC they are in a lot of trouble. I and friends will no longer watch NBC trash

1",@orning_Joe If N BC h@s eleted yo u to be a spokeman for NB C tey are 1n a 1ot of trouble. I and fr iends will no longer watch NBC trash 1,0,14,True
"""@thebravebird: #YoureNotMyType if my fade is perpetually fresher than yours."" That's a real ass bitch rite there","""@thebravebird: #YoureNotMyType if my fad e is perpetually fresher than yours."" That' s a real as s b itch rite there",1,6,True
"""Is that an albino Mexican?""
""No dad, he's Asian.""","""Is that an al bino Mexica n?"" ""No dad, he's Asian.""",0,3,True
I'm sick as fuck... this shit is for the birds,I'm sick as fck... this shit is for the birds,1,1,True
&#128027;=&#128176;&#128184; &#8220;@GOALSminded: its true that the early bird.. gets the worm first!&#8221;,&#128027;=&#128176;&#128184; &#8220;@GOALSminded: its t rue that t he erly bird.. gets the wom f1rst!&#8221;,0,6,True
RT @Opatz1: Fuck michelle obama. That monkey doesnt belong in the white house,RT @Opatz1: Fu ck michele obama. That monkey doesnt belong in the white house,1,3,True
@MyButtSweats ay nigguh so when ya coming back,@MyButtSweats @y nigguh so when ya coming back,0,3,True
This. Good. #pricklypear #shiner http://t.co/clfJKT4IZ4,This . God. #pricklypar #sh iner http://t.c0/clfJKT4IZ4,0,5,False
These hoes ain't loyal RT @ArzySauced: @ItsNotHarold man thats the realest shirt i seen tonight. A chick with a flip phone robbed me,These h oes ain't loyal RT @ArzySauced: @ItsNotHarold man thats the realest shirt i seen tonight. A chick with a flip phone robbed me,1,4,True
Stop giving these hoes half azz Dick plow it deep make her scream nd cream http://t.co/hwBWj9ui,Stop giving these h0es half azz Di ck plow it deep make her scream nd cream http://t.co/hwBWj9ui,1,2,True
@ImpactParasite just fuckin roasted this faggot,@ImpactParasite just fucki n roasted this fagot,1,3,True
RT @NaturalBadAssss: Phat pussy is the best pussy &#128526;,RT @NaturalBadAssss: Ph at pu$sy is the best pu ssy &#128526;,1,3,True
Fat ass hoe holding up the machine,Fat @ss h0e holding up the machine,1,3,True
&#128514;&#128557; I have to explore the pussy out there @Austin__321 http://t.co/GER0IPaBPA,&#128514;&#128557; I hve to eplore the pus sy 0ut in that location @Austin_321 http://t.co/GER0IPaBPA,1,8,True
Man arrested after 40 opened nip bottles of vodka found in car http://t.co/VtusSbGHbR,Man arreste d ater forty opened n ip bttles of vodka fund in ca r http://tc.o/VtusSbGHbR,0,11,True
RT @KerstinAnn_22: &#8220;@XxDopenessxX: This bitch is too real LOOOOOOL http://t.co/JTSNtWPLwR&#8221; yaga !!!!&#8221;&#8221; &#128514;&#128514;&#128514;&#128514;&#128514;&#128514;&#128514;&#128514;,RT @KerstinAnn_22: &#8220@XxDopenessxX: T his bitch is also ral LOOOOOL http://t .co/JTSNtWPLwR&#8221; yaga !!!!&#8212;&#8221; &#128514;&#128514;&#12514;&#128514;&#128514;&#128514;&#128514;&#128514;,1,10,False
I hate when people organize plans and you end up reaching the destination before them...bitch don't ask me if I'm here,ace hte when people organize pla ns and you end up reaching the destination before them...bitch do't ask me if I'm here,1,5,True
just noticed some trash on my notification page i had to clean up,just noticed so me tr@sh on my notificatio n pge 1 accept to white up,0,12,True
This niggah know wassup,This nigg ah know w@ssup,1,2,True
"You mad cuz I was in the van with yo bitch
With both hands on her tits",You mad cuz I was in the v an with yo crab With both hands on her tits,1,2,True
@SSickStory Lester tried to eat your bird,@SSickStory L ester t ried to run through your bi rd,0,6,False
@Brenddan_ wow!!! Are you comin back up here? &#128514;&#128514;&#128514;&#128514; they some bitch niggas,@Brenddan_ wo!w!! A re y0u comi n bak up h ere? &#128514;&#128514;&#128514;&#128514; they some bitch ni ggas,1,8,False
What time jamboree start Thursday. So I ca smile for the ugly hoes. &#128514;&#128128;,What time jamboree start Thursday. So I ca smile for the ugly hoe s. &#128514;&#128128;,0,1,True
@mightyfar they need to stop picking up UFCs trash though and build up there own fighters more.,@mightyfar they need to stop picking up UFCs tr@sh though and build up there own fighters more.,0,1,True
"RT @TheDouch3: Most overused hoe excuses
1. It's just lyrics
2. My friends party so I party 
3. Men do it too
4. And vice versa
5. I was yo&#8230;",RT @TheDouch3: Most overused h0e excses 1. I t's just lyris 2. My friends party so I party 3. Men do it too 4. And vice versa 5. I was yo&#8230;,1,4,True
@treagle05 early bird gets the worm tomcat,@treagle05 ealy brd gets t he wrm tomcat,0,5,False
Pillow talkin to your hoe hatin on a nigga you might lose ya chick like that !!!!!,Pillow taklin to your h oe h atin on a ni gga you might lose y@ chick like that !!!!!,1,5,True
Kentucky Fried cater to da white folk. No colored menu,Kentuky F ried cater to d@ wite flk. No color ed m enu,0,7,True
RT @LHT_519: when ya side hoe playing too much &amp; all you want is head /// https://t.co/7eALhuTA02,RT @LHT_519: when ya si de h oe play ing too much &amp; all you want is head /// https://t.co/7eALhuTA02,1,3,True
&#8220;@prettycha305: Group chat bitches we call yall undercover Feds &#128110;&#128110;&#128110; watching everybody&#8221;,&#8220;@prettycha305: Group chat bitces we call yall undercover Fe ds &#128110;&#128110;&#128110; watching everybody&#8221;,1,4,True
Chill bitch we ain't in love,Chill bit ch we ain't in love,1,1,True
RT @beethetranny: can we please stop talking about how some scumbag faggots mugshot is sexy? you dumb whores.,RT @beethetranny: can we plese $top talking about how some scumbag faggts mugshot is sxy? you dumb whors.,1,6,True
"@thetoddshow 
Y'all ain't gots no colored folk on da show. I tinks dats be racist and shit #TheToddShow",@thetoddshow Y'all ain't gots no colore d folk on district attorney show. I tinks dats be racist and shit #TheToddShow,0,2,True
RT @emilyBOOMBOOM: Its 3am. And your man is with his other bitch. A computer. And you really cannot fucking compete.,RT @emilyBOOMBOOM: Its 3am. And your man is with his other btch. A computer. And you really cannot fu cking compete.,1,3,True
This 8 yr old on #masterchefjunior made my chicken look like trash.,This 8 yr old on #masterchefjunior made my chickn look like trash.,0,1,True
"@QVC strawberry shortcake. Stacked with whipped cream, yellow spunge-cake, &amp; sliced #strawberries freshly picked from the farm w/ my kids.","@QVC strawberry shortcake. Stacked wth whipped cream, yello w spunge-cake, &@mp; slied #strawberries freshly picked fom th3 raise w/ my kds.",0,12,True
@sippey That's where birds came from.,@sippey That's whe re b irds cme frmo.,0,5,False
RT @StayyeGolden: &#8220;@vivalakristia: Everybody that's still on Facebook ghetto or pregnant idc.&#8221;accurate,RT @StayyeGolden: &#8220;vivalakristia: Everybody that's sti ll on Facebook gheto 0r pregnant idc.&#8212;accurate,1,5,True
When Jake was mad happy and hugged muscle faced Renee Russo at the end of 1 I was like yeah them bitches bout to win it all!!!,When Jae was mad happy and hugged muscle faced Renee Russo atomic number 85 the end of 1 I was like yeah them bitches bout to win it all!!!,0,4,True
"RT @pop_ruth: I'm a little teapot short and Irish 
@onedirection artist of the year #AMAs
#EMABiggestFans1D http://t.co/9O1zfvlezV",RT @popr_uth: I'm a litte tepot sh ort @nd Irish @ondirection artist of the year #AAs #EMABiggestFans1D http://t.co/9O1zfvlezV,0,10,True
@Mana_Lynn I smiled first and then you mugged . So of course ima mugg back. Can't bitch out lol,@Mana_Lynn I smled first and then you mugged . So of course 1ma mugg back. Cn't bitch out lo l,1,4,True
"All these afternoon groups are trash besides the Bubba, Keegs and Furyk group #TheMemorialTournament","All these aftenoon groups are trah besides the Bubba, Keegs and Furyk group #TheMemorialTournament",0,2,True
RT @Comp10Tx: Rihanna really is trash,RT @Comp10Tx: Rihana real is tr@sh,0,3,True
"@DarthMaverick7 @Xcntrik @religulous @chrispyosh Rather than believe that there was a man who was the very definition of good, u mock it.","@DarthMaverick7 @Xcntrik @religulous @chrispyosh Rater th@n believe that tere was a man who was the very definiti on of good, u mock 1t.",0,8,True
RT @Yannapyt: it ain't nothing to cut that bitch off &#127908;&#127911;,RT @Yannapyt: it ain't nothing to cut that bich off &#127908;&#127911;,1,1,True
"#porn,#android,#iphone,#ipad,#sex,#xxx, | #SmallTits | Small tits ghetto whore fucking with not her stepdad http://t.co/Ay6gRNTOUw","#porn,#android,#iphone,#ipad,#sex,#xxx, | #Sm@llTits | humble breast ghetto whore fuckig with not h3r stepdad http://t.co/Ay6gRNTOUw",1,6,True
"RT @Slanguage: Stop flattering yourself, bitch. The only fan you have is on your ceiling.","RT @Slanguage: Stop flattering yourself, btch. The only fan you have is on your ceiling.",1,1,True
Pretty muthafucka pull up in this bitch like,Pretty muthafu cka pull up in this grouse like,1,2,True
that bitch looked wierd !&#128514;,that b itch looked wierd !&#128514;,1,1,True
@StunningStina their tortillas are trash though.,@StunningStina their tortillas are tra sh though.,0,1,True
That front flip was trash. That's how I front flip into the swimming pool and land on my back every time.,Tht frnot flip was tash. That's how single frnt flp ito th3 swimming pol and lnd on my back every time.,0,13,True
Already more yellows than the last 2 years combined #IndyCar #Honda200,Already more y ellows tha n the lst 2 years combined #IndyCar #Honda200,0,3,True
This 103 weather is a bitch,This 103 weather is a b itch,1,1,True
Its funny how these hoes will be texting yo phone all day and then 3 days later have a boyfriend &#128514;,Its funny how these ho es will be texting yo phone all day and then 3 days later have a boyfriend &#128514;,1,1,True
we don't pay hoes... we don't save hoes,we don't pay heos... we do n't save hoes,1,2,True
I sho do miss my Uncle Tom,I sh o d0 miss my U ncle To m,0,5,True
Shy girls &gt;&gt;,Shy girl s &gt;g&t;,0,2,True
Use to trap them birds now I'm fly like a birdddd,U$e to tr@p thm b irds now I'm fly like a birdddd,0,5,True
I never seen a Asian or Chinese bitch pregnant ..shit I throught they kids just spawn like call of duty &#128514;&#128557;,I never seen a A$ian or Chinese bith pregnant ..shit I throught they kids just spawn like call of duty &#128514;&#128557;,1,2,True
Bet Charlie Strong has contacted Ridley,Bet Charle hard h@s contacted Ridley,0,4,True
Brackin in da bity boolin wit sum bitches straight bleedin,Brackin in d@ bity boolin w it sum bitchs straight bleedin,1,3,True
@Inkedup_Tiny ^___^ still should've walked over and said something pussy,@Inkedup_Tiny ^___^ still should've wal ked over and said something pussy,0,2,True
"Baby I'll whisper Vietnamese to you all soft like, ""ching... chong ting o long....""","Baby I'll whisper Vietnamese to you all soft like, ""ching... chong t ing group O long....""",0,2,True
RT @AC_Hussle: Bron pregame speeches be so trash though lmao,RT @A_CHussle: Br on prgame speeches be hence trsh thugh lmao,0,8,True
Jihadi John has struck again. Prayers with the victims' families. What is the #bounty on His head? Time 4 him 2 meet allah,Jihai Jhn has struck again. Pr@yers with the victims' families. Wat is the #bounty on H1s head? Time 4 h1m 2 meet allah,0,6,True
@BlackManUSA @chrislhayes well that's some cracker jack secret service work there. jfk anyone?,@BlackManUSA @chrislhayes well that's some crcker jack sec ret s ervice wrk thre. jfk anyone?,0,7,True
"RT @robertbevan77: It's like The Walking Dead, but with less Carl and more talking birds. ZOMBIE ATTACK!!! http://t.co/UOCsPyksSC http://t.&#8230;","RT @robertbevan77: I's like The Wlking Dead, but wi th to a lesser extent Cal and more talking birds. ZOMBIE ATTACK!!! http://t.co/UOCsPyksSC http://t.&#8230;",0,6,True
RT @domhowx: You know you're ugly when an ape was chosen as a man crush and you've never been http://t.co/DWPs7b4xJU,RT @domhowx: You know yo u're ugly when an ape was chosen as a man crush and you've never been http://t.co/DWPs7b4xJU,0,1,True
Video: Charlie Baker campaign team denies contacting Gov. Patrick for meeting http://t.co/qHrA6OalRR,Video: Chalie Baer campa ign squad denies contacting Go v. Patrick fo r meeting http://t.coq/HrA6OalRR,0,8,False
Will you sell that pussy for me ?,Will you sell that puss y for me ?,1,1,True
"""It's the dykes"" -hunter dyke with a dyke http://t.co/LGtw3AWMeh","""It's the dyks"" -hunter dye with a dyke http://t.co/LGtw3AWMeh",1,2,True
Lol ike Turner http://t.co/8yNqYYaOjo,Lol 1ke Tuner http://t.c0/8yNqYYaOjo,0,4,False
"@TheRealTahiry lmao, your just a dumb hoe that budden made popular, please stop, your irrelevant and no one cares about you slut.","@TheRealTahiry lma, yur just a dmb ho e that budden made popular, plese stop, yor irrelevant and no one cares about you sl ut.",1,8,True
Webbie to retarded,Webbie to retar ded,1,1,True
"Dad: Why are your eyes so red? Son: I smoked weed, Dad. Dad: Don't lie to me, you were crying because you are a faggot.","Dad: Why are your eyes so red? Son: I sm oked weed, Dad. Dad: Don't lie to me, you were crying because you are a faggot.",0,1,True
I could b out here like some of these chicks...in the streets slingin pussy for a couple dollars but im not,iodin could atomic number 5 out here like some of these chikcs...in the streets slingin pussy for a couple dollars but im not,1,5,True
"RT @babyjaypops: ""@BreadTruckkBri: Why everybody sayin I don't listen &#128557;&#128514;&#128557;""u don't bitch u gone learn one day","RT @babyjaypops: ""@BreadTruckkBri: Why everybody sayn unity don't lisen &#128557;&#128514;&#128557;""u don't bitch uranium gone leran on e day",1,9,True
I've told those bitches at the dentist about my gums receding for the past fuckin year and now they wanna warn me about it,I've told thse bi tches at the dentist about my gums receding for the past fucki n year and now they wanna warn me about it,1,3,True
"@DRSlaten I view hackers on the same level as shoplifters - bitch slapped into the lake and held until drowning. Harsh, but yeah. Hate.","@DRSlaten I view hackers on the same levl as shoplifters - b itch slapped into the lake and held until drowning. Harsh, but yeah. Hate.",1,4,True
"@KellenDaniel along with the French blue and Buggs bunny VIIs, and the Oreo IVs. @LaJethroJenkins","@KellenDaniel along with the F rench blu e and Buggs bunny VIIs, and the Ore o IVs. @LaJethroJenkins",0,3,True
@NotReallyGRyan think its cause she saw me doing biceps &#128527;&#128557;&#128514; lmao jk im still a bitch !&#128077;,@NotReallyGRyan think IT case she saw me doing biceps &#128527;&#128557;&#128514; lmao jk 1m still a bitch !&#128077;,1,5,True
&#128563; RT @UBoyRock17: &#128557;&#128557;&#128557; these hoes selfish,&#128563; RT @UBoyRock17: &#128557;&#128557;&#128557; these hoes selfsh,1,2,False
@Lvl_7_Eevee @UnicornCowboy @hisorraya I just wanted brownies man,@Lvl_7_Eeeve @ UnicornCowboy @hisorra ya I just w@nted brownis m an,0,6,False
#Ebola is a great metaphor for how #GOP #teaparty policies eat off of vital organs until the host dies. #Tcot #teabaggers,#Ebola is a great metaphor for how #OP #teaparty policies eat off of vital organs until the host dies. #Tcot #teabaggers,0,2,True
He's a pretty damn good actor. But as a gay man it's awesome to see an openly queer actor given the lead role for a major superhero film.,He's a prtty damn good actr. But as a gay man i's aesome to see an openly queer actor given the lad role for a major superhero film.,0,8,True
"Col. Sanders, Part 2: ""...and those sons of bitches&#8212; they dragged it out and extended it and watered it down that I&#8217;m so goddamn mad!""","Col. Sanders, Part 2: ""...and tho se sons of bi tches&#8212; they dragged it out and extended it and watered it down that I&#8217;m so goddamn mad!""",1,2,True
RT @Kyle_Lippert: If you buy tickets for Transformers 3D they just lock you in an aluminum trash can and toss you from an overpass into rus&#8230;,RT @Kyle_Lippert: If you buy tickets for Transformers 3D thy just lock yo u in an aluminum trash can and toss you from an overpass into rus&#8230;,0,3,True
&#9733;@&#9733;@&#9733;@&#9733;@&#9733; GRAND OPENING ! &#9733;@&#9733;@&#9733;@&#9733;@&#9733; TOP CLASS &#9733; Oriental Massage &#9733; PERFECT !&#9733;/ http://t.co/ydZYr4dVS4,&#9733;@&#9733;@&#9733;@&#9733;@&#9733; GR AND O PENING ! &#9733;@&#9733;@&#9733;@&#9733;@&#97 33; tip CL ASS &#973; Oriental Massage &#9733; PERFECT !&#9733;/ http://t.co/ydZYr4dVS4,0,7,True
If you not lickin toes you a basic bitch.. And I can't fuck with a basic bitch,If you not licin toes you a basic b1tch.. And I can't have a go at it with a basic bitch,1,4,True
RT @ooxlexx: I can't stand to be around ghetto girls.&#128134;,RT @ooxlexx: I can' t stand to be around ghetto girls.&#128134;,0,1,True
"People love to touch my hair ""ooo is this real?"" Yes bitch is yours?","People love to touch my hair ""ooo is this real?"" Yes bitc h is yours?",1,1,True
#HappyColumbusDay !!!! If is wasn't for #America.................#KarlMarx would never have thought of sharing #colonialism with #injuns !!!,#HappyColumbusDay !!!! If is wasn't fo r #America.................#KarlMarx would never have thought of sharing #colonialism with #injuns !!!,0,1,True
Yo can you guys stop being little bitches just know everything happens for a reason of your meant to be you will be &#128079;,Yo can you guys stop being little biches just know everything happens for a reason of your meant to be you will be &#128079;,1,1,True
RT @rose_shayna1: Never cared about how another bitch saw me. I know who I am,RT @rose_shayn a1: Never cared about how another bitch sa w me. one kow World Health Organization I @m,1,8,True
"RT @KapreceSun: where my 2 favorite jiggers at? @S_hawn24, @Satisfied_x ? &#128514;&#128514;&#128514; https://t.co/unNm233mFQ","RT @KapreceSun: where my 2 fa vorite jiggers at? @S_ha wn24, @Satisfied_x ? &#128514;&#128514;&#128514; https://t.co/unNm233mFQ",0,5,True
Brownies brownies brownies,Browni es browni es brwnies,0,3,False
RT @_MindAtEase: Fuck twerking bitch can you cook,RT @_MindAtEase: Fck twerking bich can you cook,1,3,True
You know a bitch mad when she throw her drink &#128514; now she got to find another nigga to buy her another one,You know a bich m ad whe n she fox h3r dri nk &#128514; now she got to find another nigga to buy her another one,1,6,True
@ImSooooMad guess who's eating cracker b without you,@ImSooooMad guess who's eatin g cracker b without you,0,1,True
Saw my dog humpin this female dog the other day. Now the female is waiting outside my door for a quick hook up. My dog gets bitches!,Saw my dog humpin this fmale dog the other day. Now the female is waiting outside my door for a quick hook up. My dog gets bitches!,1,1,True
She know my ex bitch she think she got next she fucced a gang of niggas threw that pussy off dec !,She know my X bit ch she think she got next $he fucced a gang of niggas threw that p ussy off dec !,1,4,True
"RT @UrbanEngIish: ""I'm grown"" = Let me be a hoe in peace.","RT @UrbanEngIish: ""I'm gron"" = Let me be @ hoe Indiana peace.",1,3,True
"""@HBMostDope: @1Jayee @PipinHoes used to send that bitch up""","""@HBMostDope: @1Jayee @PipinHoes used to send that bitc h up""",1,1,True
And my mom was really getting me a car smh hoe f u for dat,And my m om was really getti ng me a car sm h ho e f u for dat,1,6,True
@nhatty_ice49ers thank you jackass zebras,@nhatty_ice49ers thank y ou jac kass zebras,0,2,False
Nipple banana monkey!,Npple b@nana monky!,0,3,False
"Welcome to the family, Mia Meli! #new #puppy #adorable #cute #fluffy #mutt #mybaby #girl http://t.co/a27C1XueZP","Welcome to the f@mily, M1a Meli! #n3w #uppy #adora ble #cute #fluffy #mut #mybaby #girl http://t.co/a27C1XueZP",0,8,True
@Linnlondon1 I want some clams on the half shell :-) http://t.co/uFCAjNNQTZ,@Linnlondon1 one want some clms 0n the half $hell :- ) http://t.co/uFCAjNNQTZ,0,7,True
&#8220;@muhlackk: I'm Trynna find a bitch with a fat ass&#8221;,&#8220;@muhlackk: I'm Trynna happen a bitc h w1th a fat @ss&#8221;,1,4,True
"Sad that girls look up to Kim so much. Like damn she got famous from being a hoe, and making sex tapes. We need to find better role models.","Sad that gils look up to Kim so much. Like damn sh e got famous from being a hoe, and making sex tapes. We need to find better role models.",1,3,True
RT @nebuladallas: i still live with hope that one day a hot rich boy will fall in love with me even though im trash,RT @nebuladallas: i still l ive with hope that one day a red-hot ric h boy will fall in love with me even though im trash,0,3,True
I can't sleep so ima watch Spongebob and eat crackers and peanut butter,I cant sleep so ima watch Spongebob and eat crackers and peanut butt er,0,3,True
@Meeeesh1395 my fuckin mom is a bitch. Like she aint even payin for it. Dylan is and he said its fine.,@Meeeesh1395 my fucikn m0m is a bitc. Like she aint even payin for it. Dylan is and he said its fine.,1,3,True
"@Ken_GTH nahh , whatever you are spook or spic, I still don't like you . Good day","@Ken_GTH nahh , whatever you @re spook or spic, I still don't like you . Good day",0,3,True
The solution is simple : buy a bitch,Th3 soluion 1s simple : buy @ bitch,1,7,False
"@KingLuger carne asada, Gallo pinto, tajadas verde, queso frito and a salad With milca","@KingLuger c arne asada, Gllo pnto, tajadas verde, queso frito and vitamin A slad Wit h milca",0,6,True
"RT @BowDownn_Bitch: Nine times outta ten the bitch using them same unclean brushes on all ten of her clients. I can't with you ""beat faced""&#8230;","RT @BowDownn_Bitch: Nin e ti mes outa ten the grouse usng them sa me unclan brushes on all t en of her clents. I can't with you ""beat faced""&#8230;",1,14,True
timbs straight trash though,timbs straight tash though,0,4,False
She sounded like a bird crowing,She s ounded like @ bir d crowing,0,3,True
&#8220;@gmail_candy: It don't matter where we at this nigga always tryna holla at a bitch &#128514;&#128514; @tranSactionRAP&#8221; where. y'all. at?,&#8220@gmail_candy: It dno't matter wh ere w3 at this jigaboo always trya hola astatine a btch &#128514;&#128514; @tranSactionRAP&8221; where. y'all. at?,1,11,True
Jose Soto: Reflections of a former gay teabagger http://t.co/XtMMuzyK,Jose Sto: Reflectins of a former gay teabagger http://t.o/XtMMuzyK,0,4,True
@hazelinaaax3 @olivia_hrbek @kristiexox3 fuck Olive that bitch,@hazelinaaax3 @olivia_hrbek @kristiexox3 fuck Olea europaea that btch,1,2,False
Fairy Tale Hat - free crochet pattern for child and adult at http://t.co/0lRaBLMHB2 http://t.co/99zVbmYVe9,queen Tle H@t - free crohet p@ttern for child @nd full-grown @t http://t.c0/0lRaBLMHB2 http://t.c0/99zVbmYVe9,0,13,True
@GroteSmurf0 @illMartino @SvensTweet @KangUcup3 goh d AnoniemeAso meeting heeft weer pauze.Nog steeds niet bij hoofdstuk:hoe haal ik m'n ID?,@GroteSmurf0 @illMartino @SvensTweet @KangUcup3 goh viosterol AnoniemeAso meeting heft weer pauze.Nog steds niet b1j hoofdstuk:hoe haal ik m'n I D?,1,5,True
how you insecure but a hoe? TF,how you isecure but a ho e? TF,1,2,True
Bad bitches is the only thing that i like,Bad bitc hes is the only thing that i like,1,1,True
That ass so retarted it belongs on a short yellow bus.&#127825;&#128652;,That a ss so retarted it belongs on a short yellow bus.&#127825;&#128652;,1,2,True
Are poor little guinea pig died :(,Ar3 poor litte gu inea p ig died :(,0,6,True
@JustDoItSlow &#128530;FOREVER 21 hoes,@JustDoItSlow &#128530;FOREVER 21 hes,1,1,True
Don't follow the astros they said. They're trash they said. Well now look at them #astros,Don't follow the astos they sai. They're tash thy said. Well now look at them #astros,0,5,True
I'm known around Tampa as the ugly kid with no hoes,I'm known around Tam pa as the ugly kid with no h oes,1,2,True
RT @TyDunne: Have to go with the slant pass to your outside linebacker in that situation.,RT @TyDunne: Have to go with the sla nt p ass to your outside linebacker in that situation.,0,2,True
"@realDonaldTrump he looks like reg. Memphis,tn. trash! we got them everywhere.","@realDonaldTrump he looks like re. Memphis,tn. trah! we got them eve rywhere.",0,3,True
"@EyeOnPolitics @chrisloesch As long as its not one of those ""special brownies"" right?","@EyeOnPolitics @chrisloesch A$ long @s 1ts not one 0f thse ""special brown ies"" right?",0,9,True
Almost cussed dis bitch out at mcdonalds talmbout da register down so dey can't serve us..umm bitch give us da food fa free den &#128530;,Almst cussed d1s btch out atomic number 85 mcdonalds talmbot da register d0wn so d3y can't serve us..umm bith gie us da food fa free den &#128530;,1,19,True
"@chvrlesGoldie like Hov said ""we all ghetto b"" lol","@chvrlesGoldie like Hov s aid ""w e all g hetto b"" lol",0,5,True
"Okay, so maybe not every in #LosAngeles is evil. But I would 80% of the people I've encountered have been trash, another 10% barely human.","Ok@y, so maye n0t evey in #LosAngeles is evi l. But ane wuld 80 % of the peo ple I've encountered hve represent trash, aother 10% barely human.",0,13,True
Yup RT @Durags4Eva: Egg nog trash rap,Yup RT @Durags4Eva: ball n og tr@sh r@p,0,6,False
I wonder how many Yankee fans are hurt that Derek Jeter is out until after the all star break lmao &#128514;,I wonder how many Yakee f@ns are hurt that Derek Jetr is out until after the all star break lmao &#128514;,0,3,True
"@wbpictures no, i do not wish to spend $40+ to go to a filthy theatre and watch a fuzzy screen with bad sound. #ANNABELLE","@wbpictures no, 1 d0 not compliments to drop $4+ to go to a nasty theatre and watch a fzzy screen with bad sound. #ANNABELLE",0,8,True
RT @Joan_Rivers: Charlie Sheen will star in a new sitcom as an anger management therapist. So what's next? Casey Anthony as the owner of ...,RT @Joan_Rivers: Chalie Sh3en wll str in @ n ew sicom atomic number 33 @n ang er m@nagement the rapist. So what's next? Casey Anthony as t he owner of ...,0,14,True
@AceAlford_23 double up on this game bitch,@AceAlford_23 double up on this game bitc h,1,1,True
"RT @bakedbrotatoes: *spits out animal cracker*
This doesn't even taste like hippo.",RT @bakedbrotatoes: *spits out animal cr@cker* This d oesn't e ven taste like hippo.,0,3,True
"@JunDishes elissa would call me trash, vile, etc.!","@JunDishes elissa would cal me tash, vile, e tc.!",0,5,True
"@matty_2_fatty fuck you bitch, where's my sleeve","@matty_2_fatty fu ck you bit ch, where's my sleeve",1,3,True
"RT @PluggedInPiff: @ThoughtsOfRandy stop following ""bad bitches"" and ya won't get spammed","RT @PluggedInPiff: @ThoughtsOfRandy stop following ""bad btches"" and ya won't get spammed",1,1,True
Double Stuff Oreos mane say,Doube Stfuf Ores mane $ay,0,5,False
You will never get a &#128141;&#128142; if you don't know how to cook &#127831;&#127830;&#127837;&#127844;&#127835;&#127829; for ya man fr atleast not from a nigga like me. Slackin ass bitches,You will never get a &#128141;&#128142; if you dn't kow how t0 cook &#127831;&#127830;&#127837&#127844;&#127835;&#127829; for ya man fr atleast not from a nigga like me. Slackin ass bitches,1,4,True
RT @Rajput_Ramesh: Friends a Proud Hindu n ShivSainik brother shri Ramesh Jadhav was murdered by Jihadis plz help trend #RameshJadhav http:&#8230;,RT @Rajput_Ramesh: Friends @ Poud Hidu n ShvSainik brother shi Ramesh Jadhav was murdered by Jiadis p1z facilitate tend #RameshJadhav http:&#8230;,0,10,True
Am I wrong fa laughin at dem niccas on 1st 48 who be cryin n the interrogation room,Am I wrong fa laughin at dem n iccas on 1st 48 who be cryin n the interrogation room,1,1,True
&#8220;@ResiDimples: I heard thigh gaps is a way of telling if a bitch pussy is loose.&#8221; What?? http://t.co/OSjVJZJXCg,&#8220@ResiDimples: I listen thigh gaps is a way of telling if a bich pssy is loose.&#8221; What?? http://t.co/OSjVJZJXCg,1,7,True
@usweekly that old cunt needs to sit down,@usweekly that old cu nt needs to sit down,1,1,True
"RT @PlMPCESS: In the fashion world ""urban"" definitely means ""stolen from black people"" it's ghetto on us, and urban on them haha http://t.c&#8230;","RT @PlMPCESS: In the f ashion w orld ""urba"" definitely me ans ""stolen from black people"" it's ghetto on us, and urban on them haha http://t.c&#8230;",0,4,True
I keep these hoes in check until they bounce,I keep these h oes in check until they bounce,1,1,True
"Jon Jones just lost all my respect, turned down a fight like a bitch, hope he loses his next fight now, @JonnyBones","Jon Jones just lost all my respect, turned down a fig ht like a bitch, hope he loses his next fight now, @JonnyBones",1,1,True
@zt0mm lucky monkey,@zt0mm luky monk ey,0,2,False
RT @F1abraham: Crew of women hillbillies &amp; gangsters w/the director #ItsAWRAP @AxemanTheMovie @JostonTheney @RachelEReilly &#9992;&#65039;&#127916;&#127909; http://t.co&#8230;,RT @F1abraham: gang of wmen hill billies &apm; gangstes w/hte directr #ItsAWRAP @AxemanTheMovie @JostonTheney @RachelEReilly &#9992;&#65039;&#127916;&#127909; http://t.co&#8230;,0,9,False
With the birds i share this lonely view..,With the brids i sh are t his loely viw..,0,6,True
Zack still questions my love for Oreos lol,Zack sti ll quetions my get laid for Ores 1ol,0,8,True
RT @RayyyZoR: I call this the 100gram sugar delight or a Heart Attack. It's a #PopTart #Twinkie &amp; a #HoneyBun http://t.co/s6ZnLVlvLI,RT @RayyyZoR: one cll this the 100gram s ugar delight or a Haert Atack. It 's a #PopTart #Twinkie &amp; a #HoneyBun http://t.co/s6ZnLVlvLI,0,6,True
Sixten just shoved like 8 Oreos down his throat,Sixten just shoved like 8 O reos down his throat,0,1,True
RT @MarcACaputo: BREAKING: Charlie Crist files emergency motion for a mulligan.,RT @MarcACaputo: BREAKIG: Charli e Crst files emrgency motin f or a mulligan.,0,7,True
He may be the President but that doesn't necessarily mean he's in the sole position of power in regard to making such decisions.,He may be the Pre sident but that do esn't ncessarily mean he's in the sle lay of poer in regard to making such decisions.,0,9,True
"Drake T.I&#8220;@MsBTxo &#8220;@_sirhampton_ 3 Stacks, Kendrick RT @xHollywoodCourt: Name a rapper that alot of people like...but you think is trash&#8221;&#8221;","Drake T.I&#8220;@MsBTxo &#8220;@_sirhampton_ 3 Stacks, Kendrick RT @xHollywoodCourt: Name @ rapper that alot of people like...but you think is trash&#8221;&#8221;",0,2,True
"""I found a new way to chug you have to open your mouth alot"" #shitallysays","""I found a new way to cug you have to open your mou th alot"" #shitallysays",0,3,True
@mr_republicann chik fil a. hipotle is trash and taco bell will give you the runs,@mr_republicnn chik fil a. hpotle is trash @nd wetback bll wll give you the runs,0,8,True
&#8220;@KarynHalpin: Where do all the foreskins go when they circumcise a guy?&#8221; the Foreskin Fairy takes them after you put them under your pillow,&#8220;@ KarynHalpin: Where do @ll th3 foreskns go when the y circmcise a guy?&8221; th3 Forskin Fairy takes them after y0u invest them under your pillow,0,11,True
coon RT @HumbleTeej: &lt;fills coffee up halfway&gt; &lt;uses 11 Irish cremes to fill other half&gt;,coo n RT @HumbleTeej: &1t;fills coffee up halfway &gt; &lt;uses 11 Ir ish cemes t0 fll other hlf&gt;,0,11,False
@Corey_D_23 damn bro.. ps4 trash lol,@Corey_D_23 damn bro.. ps4 trash l ol,1,1,True
Ion know why this bitch insists on telling me where she be going now. Idgaf about chu bitch like damn.,Ion know why this bith insists on telling me where sh e be going now. Idgaf about chu bitc h like damn.,1,4,True
If u not talking bout money or weed bitch I don't even wanna talk to you.,If u not talking bout mo ney or weed bith I don't even w anna talk to you.,1,3,True
@Dre_Day200 bitch,@re_Day200 bitch,1,1,False
@PCMag Overpriced complete trash. Not even debatable.,@PCMag Overpr iced complete tra sh. Not e ven debatable.,0,3,True
Life aint shit but bitches and money,Life aint sit but btches and m oney,1,3,True
"@Chrisworldpeace So I guess that makes us blacks double niggers, huh?","@Chrisworldpeace So I guess that makes us b lacks double niggers, huh?",1,1,True
I like my bitches bad wit a Lil attitude,I like my bitces bad wit a Lil attitude,1,1,True
Doug Martin trash,Dou g M@rtin tr@sh,0,3,False
When see u an oldhead rocking a Bruce Lee top with a durag on in the park randomly giving a group of street niggas a ghetto karate class,When see u an oldhead rocking a Bruce L ee top with a durag on in the park randomly giving a group of street niggas a ghetto karate class,1,2,True
RT @ShamarGotHoes: J Cole ain't trash... Period.,RT @ShamarGotHoes: J Coe ain't trash... Period.,0,1,True
"Seriously, reading 'thriller' like books spook me more than most horror movies. 
#bookgeek","Seriously, reading 'thriller' like boos sp ook me more th@n most horror movie s. #bookgeek",0,4,True
they're not playing Charlie Strong's soft don't run up the score mentality. They're playing this guy. http://t.co/sqEdBgU34k,they're non acting Charle Strong's s oft don 't function up th3 sore men tality. They're plying thi s g uy. http://t.co/sqEdBgU3 4k,0,14,False
RT @NoBeeetch: @Ugh_Sickoe @thuggchelseaa aye bitch http://t.co/7NIebl9xQr,RT @NoBeeetch: @Ugh_Sickoe @thuggchelseaa aye bitc h http://t.c0/7NIebl9xQr,1,2,True
"Nah fuck em bitter heat bitches ""@YeIIowbang: Funny seeing heat and bulls fans get along lol""","Nah fuck em biter heat bithes ""@YeIIowbang: Funny seeing hat and bull s fans get along lol""",1,5,True
i need one of these around the world twitter bitches cause these local facebook hoes aint cuttin it lol,1 need one of tese around the world twtter bithes caue these local facebook hoes aint cuttin it lo l,1,6,True
RT @WhitePeopleTalk: &#8220;KOBE&#8221; as they shoot a piece of paper into the trash,RT @WhitePeopleTalk: &#8220;KOEB&#8221; axerophthol thy shoot a pice 0f pper into the trash,0,7,True
@Iemonaids done that spell check we know you meant fat liberal Dyke feminist Nazi bitches,@Iemonaids done that spll check we know you meant fatness lieral Dyk e femiist Nazi bitches,1,5,True
Bitches make me happy. RT @AsaAkira: Material objects make bitches happy #iPhone6 http://t.co/d1TbYtc7QB,Bitches make me happy. RT @AsaAkira: Material objects make bitc hes happy #iPhone6 http://t.co/d1TbYtc7QB,1,2,True
Wicked Oreo,Wiked Ore o,0,2,False
Idk how bitches trust other bitches sooo easily. I still have the same friends.,Idk how bitche s trust other beef sooo easily. I still have the same friends.,1,2,True
@FreddyAmazin ratchet looking nigger,@FreddyAmazin r atchet looking niggr,1,2,True
@1stBlock_Rody yu ah hoe,@1stBlock_Rody yu @h ho e,1,2,True
@hxhsharingan666 did you make an animal cracker taco,@hxhsharingan666 did you make an an imal crac ker wetback,0,3,True
&#9733; BEST ASIAN MASSAGE ON THE Brooklyn Park slope --TOP RATED SPA &#9733;718-622-0221 - 24 http://t.co/6ZUxaQeaVL,&#9733; BEST ASIAN rub down ON THE Broklyn Pak slo pe --TOP RATED SP A &#9733;718-622-0221 - 24 http://t.co/6ZUxaQeaVL,0,6,True
"RT @UnicornCowboy: @UglyNi99ah pepsi and cheerios
smashin on these hoes
got me blue in the taco
bae thinks of me flaco
errybody frontin
jus&#8230;",RT @UnicornCowboy: @UglyNi99ah pepsi and cheerios smashin on these hes got m3 blue in the taco bae thinks of me flaco errybody frontin jus&#8230;,1,5,True
"RT @misskaee__: ""@MrDavidRoss: How do you cheat on this ? &#128530;&#128564; http://t.co/wOgXy8wjIW""

She's just like any other female with a pussy so who &#8230;","RT @misskaee__: ""@MrDavidRoss: How d0 you chea t on this ? &#128530;&#128564; http://t.co/wOgXy8wjIW"" Shes just like any other female with a pussy so who &#8230;",0,3,True
"RT @AtlasSmugged: women only play casual game like Kim K game &amp; anger bird. They don't play real games, like Male Power Fantasy 2 or Jingoi&#8230;","RT @AtlasSmugged: adult female only play casual game like Kim K game &amp; anger bird. They don't play real games, like Male Power Fantasy 2 or Jingoi&#8230;",1,1,True
RT @BoutCrazed: The best way to make a hillbilly do something is to tell him he can't do it.,RT @BoutCrazed: The best way to make a hill billy do something is to tell him he can't do it.,1,1,True
416 we know ya bitch @kendricklamar,416 we know ya bith @kendricklamar,1,1,True
"RT @intelwire: Significant number of US tweets were Americans flipping the bird to IS. UK, not so much.","RT @intelwire: Significant numer of uranium twitch wre Americans fipping the bir d to IS. UK , not so much.",0,8,True
U still fuck with your old bitch? &#8212; Disrespectful like shit http://t.co/CEYCDVZ4w5,uracil still fck with your old bich? &#8212; Disrespectfl like shit http://t.co/CEYCDVZ4w5,1,5,True
@YungIll314 everybody in Dot Mob/O-Red/Mickey Factz when you battled Clips he wore some ancient hong kong shit + 2 different colored hi-tops,@YungIll314 everybody in D ot Mob/OR-ed/Mickey Facz when you battled nip he wore sme anciet hog kog shit + deuce differnt colred hi -tops,0,18,False
&lt;&lt;&lt;when it's yellow outside,&lt;&lt;&ltwhen it' s yelow out-of-door,0,4,False
@i2ose is it full of niggers,@i2ose is it full of nigge rs,1,1,True
Tonight starts the road the Super Bowl for the @Browns! Here we go brownies here we go! WOOF WOOF #Browns2014Draft,Tonigt get the ro ad the Sper Bol for th3 @Br owns! Here we go browies here we go! WOOF WOOF #Browns2014Draft,0,10,True
@prime3_time whoooo?? Lemme find out a bitch run u haha,@prime3_time whoooo?? Lemme find out a bith footrace uranium haa,1,5,True
RT @Chayeezy: When a bitch got you fucked up but you devoted your life to the Lord so you gotta stand there like you aint mad http://t.co/7&#8230;,RT @Chayeezy: When a bich got you fuced up but you devoted your life to the Lord so you gotta stand there like you aint mad http://t.co/7&#8230;,1,2,True
Has anyone ever purchased baseball field dirt? I really want dirt from @Yankees Stadium for my grandfather's grave. #weirdtweets,Has anyone ever purchasd basebll fild dit? 1 really want filth from @Yankes Sadium for my grandfather's grave. #weirdtweets,0,8,True
RT @kj_feliciano: @vivalamarley yea dem hoes crazy,RT @kj_feliciano: @vivalamarley yea dem h0es c razy,1,2,True
RT @FreeTopher: That black pussy have nigga sayin anything #AHSFREAKSHOW,RT @FreeTopher: That black kitty-cat have ni gga sayin anything #AHSFREAKSHOW,1,2,True
RT @jfkirtley: Reds haven't lost a series at Yankee Stadium since 1961 World Series #76 #08 #12,RT @jfkirtley: R eds haven't lost a seies at Ya nkee Stadium since 1961 World Series #76 #08 #12,0,3,True
Honestly if the most hoodiest ratchet bitch asked me to her prom I'm in dere,Honestly if the most hoodiest ra tchet btch asked me to her prom I'm in dere,1,2,True
"""@UberFacts: 15 sad TV character deaths we're still bitter over... http://t.co/uLclFUF8nC http://t.co/1RXYQOOsM0""ned stark was the man","""@UberFacts: 15 s ad telly charater deaths we're $till bi tter over... h ttp://t.co/uLclFUF8nC http://t.c0/1RXYQOOsM0""ned stak was th3 man",0,12,False
"I tell u this tho, if/when u nigger women start getting cornrows again...mannn just don't do it","one tell uranium this th0, if/hwen u ngger wome n pop ge tting cornows again...mannn just dno't do 1t",1,11,True
Free wop,F ree w op,0,2,True
"Bitches know they bitches, bitch.","Bi tches know they btches, bitc.",1,3,True
"WIB plays next Fri (5-16-14)at the Silverdome Ballroom(21+) in Neillsville,WI with Charlie Parr &amp; Hobo Nephews of Uncle Frank! Tickets 15$","WIB plas next Fr i (5-16-14)at t he Silverdome Ballroom(21+) in Neillsville,WI with Carlie Parr &amp; Hobo Nephews of Uncle Frank! Tickets 15$",0,5,True
RT @WFANTrades: Don't know how you Yankees fans listen to Kay every night. Absolutely brutal. Just nonsensical blah blah blah blah. Radio n&#8230;,RT @WFANTrades: Don't know how you Yanees fas listen to Kay every night. Absolutely brutal. Just nonsensical blah blah blah blah. Radio n&#8230;,0,4,True
@rhythmixx_ why you gotta hoe me like that,@rhythmixx_ why you gotta h oe me like that,1,1,True
Gansitos are ATG beaner candy,Gansitos are ATG beaner c andy,0,2,True
RT @DeAdJAkE: Shermans all bark and no bite fuck that bitch,RT @DeAdJAkE: Shermans all bark and no b ite shtup that bith,1,3,True
@smokeabluntdgaf @Haiimbreanna You guys don't get evolution do you? You only share a common ancestor with apes.,@smokeabluntdgaf @Haiimbreanna You guys don 't get evo lution do you? You only share a comon ancestor with apes.,0,4,True
"RT @AIanHangover: If I've ever offended you, im sorry..

.

.

.

.

.

.

.

.

.

.

that you're a sensitive lil bitch.","RT @AIanHangover: If I've ever so offen ded y0u, 1m sorr.. . . . . . . . . . . that you're a sensitive lil bitch.",1,12,False
"I hate ""chunky"" pasta sauce. KEEP PESKY VEGETABLES WAY FROM ME","I hate ""chunky"" pata saue. KEEP PESKY VEGETBLES WAY FROM ME",0,3,True
@Bullskickass I've decided that #BullsNation are retarded. #love,@Bullskickass I've decided that #BullsNation @re retarded. #lo ve,0,3,True
Nah Electric Fairy Tale seems cool but I'd rather buy some drugs with that money,Nah Eectric Firy Tal e seems cool but I'd rath er buy some drug s with that money,0,5,True
This Uncle Tom mother fucking wants to invoke 3/5 a man in his speech? Dude you ain't white no matter how much... http://t.co/3yrcyC9ezc,This Uncle Tom mother fuck ing wants to invoke 3/5 a man in his speech? Dude you ain't white no matter how much... http://t.co/3yrcyC9ezc,0,1,True
"RT, If You Agree!
#NorthKorea says #barackobama looks like;
""A monkey, who belongs in an African zoo"" 
ROFL! http://t.co/tooV1uty6h","RT, If You Agre e! #NorthKorea says #b@rackobama looks like; ""A monkey, who belongs in an African zoo"" ROFL! http://t.co/tooV1uty6h",0,2,True
Oh man. This could be a serious first ever Chanel bag contender RT @evachen212 grape-colored Chanel bags http://t.co/q8ShjIFv,Oh man . This coud b3 antiophthalmic factor srious firt ever Chanel handbag contender RT @evachen212 grape-colore d Canel bags http://t.co/q8ShjI Fv,0,14,False
"RT @Sydhinton922: If your boy breaks up with you and has a new girlfriend a couple days later, then there was something you didn't know abo&#8230;","RT @Sydhinton922: If your boy br eaks up with you and has a new girlfriend a couple days later, then there was something you didn't know abo&#8230;",1,1,True
@CBSThisMorning @charlierose racist @NorahODonnell tx trash enjoy your high along with gop win a substitute for racist @MittRomney loss!,@CBSThisMorning @charlierose r@cist @NorahODonnell tx trah enjoy your hih along with g0p win a substitute for racist @MittRomney loss!,0,5,True
I picked Welbeck for my team. I have to be some kind of cunt yes,I picked W elbeck for my team. I have to be some kind of cunt yes,1,1,True
This world needs a build a bitch workshop,This world needs a build a bit ch workshop,1,1,True
I need a cowboy killer and a cold one about now. @mr_dtb probably too tired tho to get down.&#128541;,I need a cwboy killer and a cold one about now. @mr_dtb probably too tired tho to get down.&#128541;,0,1,True
@_James_Kirby_ @mflury30 back off ya queer bag,@_James_Kirby_ @mflury30 back off ya queer b@g,0,2,True
"""Bae"" sounds like such a ghetto word. Use something else","""Bae"" speech sound like such a ghetto word. Use something else",0,2,True
All I want is cheesy bread and brownies &#128523;,All one want 1s ceesy bead and brow nies &#128523;,0,5,True
That was not good times! Starting the mickey mouse club soon!,That was n0t god tmes! Starting the micey mou se club soon!,0,6,True
RT @lyvvvm: I'm such a bitch lmao I really just say what's on my mind though can't help it,RT @lyvvvm: I'm such a bith lmao I really just say what's on my mind though can't help it,1,1,True
@Kummar_King I volunteer to be guinea pig and help test it out &#128527;&#128587;,@Kummar_King I volunter to be gu inea pi g an d hlp trial it ou t &#128527;&#128587;,0,9,True
@joeylattime @Mawson38 @ameriC00N thats just me rooting against a team I hate not banwagoning u retard u have a different favorite,@joeylattime @Mawson38 @ameriC00N th@ts just Maine rootig aganst a team I hate not banwagoning u retard u have a different favorite,0,7,True
"RT @JuanNDaCut: Porn ads be convincing af...""click here and 30 bitches will appear in your bed"" you DAMN RIGHT ima click that shit nigga","RT @JuanNDaCut: P orn ads be convincing af...""clik h ere and 30 btches wi ll appear in your be"" y0u DAMN RIGH T ima click that shit niga",1,10,True
Light skin niggah &#128514;,Light ski n nig gah &#128514;,1,2,True
@joshmtz1199 bitch I'm starving!,@joshmtz1199 bit ch I'm s tarving!,1,2,True
RT @BryanHoch: Just 113 days until Yankees pitchers and catchers report.,RT @BryanHoch: Just 113 dys until Ynkees ptchers and c@tchers r eport.,0,6,True
Nannie bitch don't talk to that hoe with ha extra bs ass @lilmenifee__ &#128514;&#128514;&#128514;&#128553;&#9996;&#65039;&#128175;&#128079;&#128581;&#128078;,Nannie bith do'nt talk to that h0e with ha extra bs a ss @lilmenifee__ &#128514;&#128514;&#128514;&#128553;&#9996;&#65039;&#128175;&#128079;&#128581;&#128078;,1,4,True
Ayyyyy I'm sipping on a free slurpee and seeing The Front Bottoms tonight. I'm a happy clam.,Ayyyyy I'm sipping 0n angstrom fre e slurpee and seing The face Bottoms tonight. I'm @ hap py clam.,0,8,True
"""@Tmacc_GFG: &#8220;@tizzimarie: No slushes &#128549;&#8221;hoes nasty anyway fam""&#128564;","""@Tmacc_GFG: &#8220;@tizzimarie: no more slushes &#128549;&#8221;h0es nasty anyway fam"" &#128564;",1,3,True
"RT @DonnieWahlberg: Happy #BLUBLOODS Friday! 

Off to @CBSNews to sit down with the gang on CBS This Morning!

Join us in the 8 o'clock ho&#8230;",RT @DonnieWahlberg: Happy #BLUBLOODS F riday! Off to @CBSNews to sit down with the gang on CBS This Morning! Join us in the 8 o'clock ho&#8230;,0,1,True
This no beef thing is for the birds!!!,This no kick thing is fo r the bi rds!!!,0,3,True
I'm not really a phone kinda guy.. I actually hate talking on the phone &amp; texting kinda trash to me also.,I'm not really a phone kina guy.. I actually hate talking on the phone &amp; texting kinda trash to me also.,0,2,True
@urbasicyabish nigor??,@urbasicyabish nigor??,0,0,False
They come out Charlie Sheen... They come out coupe machine @wontgetme_22,They come out Carlie Sh3en... Tey come out coue machine @wontgetme_22,0,4,True
Nobody cares you fucking fag damn you bring bitches water even though youre thirsty as fuck &#128514;&#128514;&#128514; #fucknigga,Nobody cares you make love wear out damn you bring biches wate r even though youre th irsty as sleep with &#128514;&#128514;&#128514; #fucknigga,1,6,True
' Bitch caught a body about a week ago ! Fuck with us and we get to tweekin hoe ! Run up on that niggah get to... http://t.co/av9YPjtwxn,' grouse view a bdy almost a week a go ! F uck wih us and we get to t weekin h oe ! Run astir on that niggah get to... http://t.co/av9YPjtwxn,1,15,True
RT @AlexPappas: Rick Scott Refuses To Appear On Debate Stage Because Charlie Crist Has An Illegal Electronic Fan http://t.co/qTPeHb2seX via&#8230;,RT @AlexPappas: Rick Sott Refues T0 Apper On Deba te represent Because Chalie Crit Has Associate in Nursing Illeal Electronic Fan http://t.co/qTPeHb2 seX via&#8230;,0,13,True
She tried to get you to rob the Wop but now the bitch in critical,She tried to get you to rob the Wop but now the bit ch in critical,1,1,True
WATCH: Excited ISIS Jihadis Getting Their Yezidi Sex Slaves On 'Distribution Day' http://t.co/n9ExnuVhKs #tcot #lnyhbt #pjnet #tgdn #gop,WATCH: Excited IIS Jiadis Getting Ther Yezidi Sex Slav es On 'Distribution Day' http://t.co/n9ExnuVhKs #tcot #lnyhbt #pjnet #tgdn #gop,0,5,True
Friendly advice to western reporters in Kobane: don't advertise your location. Jihadis are tracking u &amp; consider u a high-prize target #ISIS,Friendly advice to we stern reporters in Kobane: don't advertise your location. Jihadis are tracking u &amp; consider u a high-prize target #ISIS,0,1,True
@Pepper_Redbone @Yankees @Mets I miss NYC!! Nashville needs a pro AL team. The closest is KC or Tampa. That's pretty bad. The south is NL.,@ePpper_Redbone @Yakees @Mts I miss NYC!! Nashvile needs amp pro AL tem. The closest is KC or Tampa. That's pretty bad. The south is NL.,0,7,True
No wonder these ppl that call themselves niggas &amp; thugs able to convince their hoes false ideas about men like me in our intellectual dress,No wonder these p pl that call themselves ni ggas &amp; thugs able to convince their hoes false ideas about men like me in our intellectual dress,1,2,True
RT @Adrian1_knowsu: @0124jessi haha lml wrd no nah de pussy shit lol &#128514;&#128514;,RT @Adrian1_knowsu: @0124jessi haha l ml wrd no nah de pu$sy sht 1ol &#128514;&#128514 ;,1,5,True
@BNightengale @FeinsandNYDN Time for Ranger scouts to head out and watch some Yankee prospects. #rangers,@BNightengale @FeinsandNYDN Time for Ranger scouts to head out and w@tch some Yank prspects. #rangers,0,3,True
@iStricer You are hairy like a monkey. : P,@iStricer You are ha iry like a monkey. : P,1,1,True
@SFGiants trash smh game rigged bumgarner took roids,@SFGiants trash smh ga me rigged bumgarner took roids,0,1,True
RT @TomBradysEgo: Might have a better chance if we put some trash cans out there.,RT @TomBradysEgo: power have a dear chance if we put some t rash cns out there.,0,6,True
RT @markiiejay: You got niggas &amp; i got bitches,RT @markiiejay: You got n iggas &am p; i got bitces,1,3,True
!!!!&#8220;@selfiequeenbri: cause I'm tired of you big bitches coming for us skinny girls!!&#8221;,!!!!&#8220;@selfiequeenbr i: cause I'm tired 0f y0u big bit ches comin g for us skin ny g1rls!!&#8221;,1,8,True
"RT @SweetiePaii: RT if you listen to these bands &#128522;

A7X
PTV
SWS
ATL
BVB
ADTR
BMTH
YMAS
FOB
AA
Blink 182
TDG
SS
FIR
MCR

Follow me &amp; everyon&#8230;",RT @SweetiePaii: RT if you listn t0 these bans &#128522; A7X PTV southwest ATL BVB ADTR BMTH YMS FOB AA Blnk 182 TDG sulphur FIR MC R Follow me &am; everyon&#8230;,0,23,False
@Things4FLppl Yankees like Florida State; not Floridians.,@Things4FLppl Y@nkees like Flori da State; non Floridians.,0,5,True
@bijoudulcet geminis rule hoe. &#128524;,@bijoudulcet geminis rule ho e. &#128524;,1,1,True
"""@MaxMayo77: http://t.co/XpSC3makgJ"" sexy lad with hot soles and arches.","""@MaxMayo77: http://t.co/XpSC3makgJ"" sexy lad with h0t soles and arches.",1,1,True
"RT @SportsCenter: For the last time, The Captain takes the field at Yankee Stadium. http://t.co/c9TI4FkSkn","RT @SpotsCenter: F0r the lst time, The Captin taes th3 feld @t Yanke St@dium. http://t.c0/c9TI4FkSkn",0,15,False
RT @GOLDBONEQUEEN: Stevie J turned a hoe &#128111;into a Housewife&#128129;&#128141;&#128142; and Nikko turned a Housewife&#128582; into a hoe&#128111;&#128111;&#128131;&#9757; !!I swear this shit can happen,RT @GOLDBONEQUEEN: Stevie J turned a ho e &#128111;into a Housewife&#128129;&#128141;&#128142; and Nikko turned a Housewife&#128582; into a hoe&#128111;&#128111;&#128131;&#9757; !!I swear this shit can happen,1,1,True
"Apparently I got chunky for my bday. Worse bday present ever. Lol. 
#diettime",Apparently I got chuky f or my bda. Wose bd@y prese nt ever. Lol. #diettime,0,10,True
"&#8220;@noLove_moreLOUD: Shorty name is "" Masika"" and y'all surprised she a hoe.&#8221;&#128514;","&#220;@noLove_moreLOUD: Shorty name is "" Maika"" and y'all surprised she a h0e.&#8221;&#128514;",1,5,True
@lilthickgawdess salty pussy,@lilthickgawdess salty p ussy,1,1,True
"@yawlknow @HoskinsTy96 ""all of these rednecks and none of them can keep the fire lit"" &#128514;&#128514;","@yawlknow @HoskinsTy96 ""all of these rednecks and none of them can k eep the fire lit"" &#128514;&#128514;",0,3,True
I'm not the type to fight no bitch over a nigga im the type to say fucc that &amp; take his Bitch &#9995;&#128514;&#128527;,I'm not the tye to fiht no bich over a niga 1m the ty pe to say fuc that &amp; take his Bitc h &#9995;&#128514;&#128527;,1,9,True
Ugh like I hate when my momma get to talking all proper like bitch stfu.,Ugh like atomic number 53 hat e when my momm a get to talking all prper like bich s tfu.,1,7,True
@BookoutBj That's ghetto for super duper! It's the current generations best complement.,@BookoutBj That's ghetto for super duper! It 's the current generations best complement.,0,2,True
Anyone want some absolutely amazing and deliciously fresh perfect monkey bread? &#128586;&#128584;,Anyone want som e absolutely amazin g and deliciously fesh perfec t mokey bread ? &#128586;&#128584;,0,7,True
"#porn,#android,#iphone,#ipad,#sex,#xxx, | #Desi | paki http://t.co/XxcdQvzI9t","#porn,#android,#iphone,#ipad,#sex,#xxx, | #Desi | paki http://t.c0/XxcdQvzI9t",0,6,False
RT @X_LexiiSoUnique: All I see down my TL is naked white bitches &#128064;&#128064;&#128064;&#128584;,RT @X_Lex iiSoUnique: All I see down my TL is naked white bitche s &#128064;& #128064;&#128064;&#128584;,1,3,True
All these Hoes fuckin ! But they don't wanna seem like a hoe you gotta hit them ona D LO !,All these H0es fukin ! But the y don't wa nna seem lke group A h oe you gotta h1t them ona D LO !,1,11,True
#NowPlaying : Great White - Once Bitten Twice Shy on #1069TheArrow - http://t.co/R5wuXA9jB6,#NoPlaying : big Wite - one time Biten Twce Shy on #1069TheArow - http://t.co/R5wuXA9jB6,0,11,False
"@gerfingerpoken2 His job as US Prez, to protect us is throw in trash..Ebola ER at our cost Daniel, both money &amp; lives! DoG","@gerfingerpoken2 His job as US Prez , to protet United States of America is cam stroke in tr@sh..Ebola ER at 0ur cost Daniel, both money &amp; lives! DoG",0,9,True
"RT @lowcountry_luv: Attack animals, last house on the left by the lake, and she got colored eyes...we should have known.! Lol","RT @lowcountry_luv: Attack anmals, lat house on the left by the lake, and she got colored eyes...we should have known.! Lol",0,2,True
&#193;lbum de fotos: csitaly: [TS3]Fairy Tail - Satan Soul Mirajane Strauss made with The Sims 3. Happy... http://t.co/b4i8EiMux2,&#193; lbum de fotos: csitaly: [TS3]Fairy Tail - S@tan Sul M irajane Strauss made wth Th3 Sims 3. Hppy... http://t.co/b4i8EiMux2,0,9,True
Ok so not all the shows on Cartoon Network are complete trash. Stevm Universe is awwwwwesomeeeeee,Ok so not all the shows on C@rtoon N etwork are complete tra sh. Stevm Universe is awwwwwesomeeeeee,0,3,True
"RT @funnyorfact: Real friends don't get offended when you call them bitch, hoe or slut. They smile and call you something more offensive..","RT @funnyorfact: Real friends do't get shock when you call thm bich, h oe or slu t. They smile and call you something more offensive..",1,6,True
But rich is a light skin coon. So it's expected.,But rich is a liht $kin coon. So it' s e xpected.,0,7,True
&#8220;@Fly_Air_Walker: Everybody entitled to they own opinion tho.&#8221; Not that bitch she need to shut up &amp; sit the fuck down,&#8220;@Fly_Air_Walker: Everybody entitled to they own opinion tho.&#8221; non that bich she need to shut up &amp; sit the fuck down,1,4,True
Gab and Bri both fell asleep on me. #hoes,Gab and Bri both fell @sleep on me. #heos,1,2,True
Long yellow.,Long y ellow.,0,1,True
