original_text,adversarial_text,original_label,attack_sucessful
"occasionally funny , always very colorful and enjoyably overblown in the traditional almodóvar style .","occasionally f unny , always vry colorful @nd enjoya bly overblown in th3 traditional almodóvar style .",1,True
becomes the last thing you would expect from a film with this title or indeed from any plympton film : boring .,becoes the lst thng you woud expet from a f ilm wih this tile 0r indeed from @ny plymton film : boring .,0,False
"sodden and glum , even in those moments where it's supposed to feel funny and light .","soden and g1um , even in those moments where it's supposed to feel funny and light .",0,True
"some movies were made for the big screen , some for the small screen , and some , like ballistic : ecks vs . sever , were made for the palm screen .","some movie s we re made for the big screen , some for the small screen , and sme , like ballistic : ecks vs . sever , were made for the palm screen .",0,True
"it's not only dull because we've seen [eddie] murphy do the genial-rogue shtick to death , but because the plot is equally hackneyed .","it' s not ony du ll because we've seen [eddie] muphy d0 the genial-rgue shtick t0 death , but because the plot is equally hackne yed .",0,True
"if you're looking for a smart , nuanced look at de sade and what might have happened at picpus , sade is your film .","if yu're l ooking f or a $mart , nuanced loo k @t de sade and what might hve happened at picpus , sade is your film .",1,True
"it's hard to believe that a relationship like holly and marina's could survive the hothouse emotions of teendom , and its longevity gets more inexplicable as the characterizations turn more crassly reductive .","i t's hrd to believe that a relations hip like holy and marina's could survive the hothouse emtions of teendom , and its l ongevity gets more inexplicable as the characterizations turn more crassly reductive .",0,True
friday after next is the kind of film that could only be made by african-americans because of its broad racial insensitivity towards african-americans .,fiday aftr nxt is the kind of film that could only be made by @frican-americans bceause of its broad racial insenstivity towards african-am ericans .,0,True
the worst film of the year .,the w orst film of the year .,0,True
"it made me feel unclean , and i'm the guy who liked there's something about mary and both american pie movies . oh , and booty call .","it made me feel unclean , and i'm the guy who liked there's something @bout mary and both american pie movie s . oh , and booty call .",0,True
"hardly a nuanced portrait of a young woman's breakdown , the film nevertheless works up a few scares .","hardly a nuan ced portra it of a young woman's breakdown , t he film nevertheless works up a few scares .",1,True
"this starts off with a 1950's doris day feel and it gets very ugly , very fast . the first five minutes will have you talking 'til the end of the year !","this starts off with a 1950's doris day feel and it gets very ug ly , very fast . the first five minutes will have you talking 'til the end of the year !",0,True
"more vaudeville show than well-constructed narrative , but on those terms it's inoffensive and actually rather sweet .","more vaudeville $how than well-constructed narrative , but on those terms it's inoffensive and actually rath er swe et .",0,True
'cq may one day be fondly remembered as roman coppola's brief pretentious period before going on to other films that actually tell a story worth caring about,'cq may one day be fondly remembered as rom an coppola's brief pr etentious period before going on to other films that actually tell a story worth caring about,0,True
"the inspirational screenplay by mike rich covers a lot of ground , perhaps too much , but ties things together , neatly , by the end .","the inspirationa l screenplay by mike rich covers a lot of ground , perhaps too much , but ties things together , neatly , by the end .",1,True
it's probably worth catching solely on its visual merits . if only it had the story to match .,i's pobably worth cathing slely 0n its vsual meits . 1f oly 1t had th3 stry to match .,0,False
"fairy-tale formula , serves as a paper skeleton for some very good acting , dialogue , comedy , direction and especially charm .","fairy-tale form ula , serves as a paper skeleton for some very good acting , dialogue , comedy , direction and especially charm .",1,True
"the color sense of stuart little 2 is its most immediate and most obvious pleasure , but it would count for very little if the movie weren't as beautifully shaped and as delicately calibrated in tone as it is .","the col or sense of stuart little 2 is its most immediate and most obvious pleasure , but it would count for very little if the movie weren't as beautifully shaped and as delicately calibrated in tone as it is .",0,True
the most surprising thing about this film is that they are actually releasing it into theaters .,the most surprising thing about this fim is that they are actually releasing it into teaters .,1,True
a fan film that for the uninitiated plays better on video with the sound turned down .,a f@n film that for the uninitiated plays better on video with the sound turned down .,0,True
"strong filmmaking requires a clear sense of purpose , and in that oh-so-important category , the four feathers comes up short .","strong filmmaking requir es a clear sense of purpose , and in that oh-so-important category , the four feathers comes up short .",1,True
". . . an otherwise intense , twist-and-turn thriller that certainly shouldn't hurt talented young gaghan's resume .",". . . @n otherwise intense , twist-and-turn thriller that crtainly shoul dn't hurt talented young gaghan's resume .",1,True
cho's timing is priceless .,cho's timing 1s pri celess .,1,True
. . . a lesson in prehistoric hilarity .,. . . a lessn in prehistoric hilarity .,1,False
"this is a good script , good dialogue , funny even for adults . the characters are interesting and often very creatively constructed from figure to backstory . the film will play equally well on both the standard and giant screens .","this is @ good script , good dialogue , funny even for adults . the characters are interesting and often very creatively constructed from figure to backstory . the film will play equally well on both the standard and giant screens .",1,True
an almost unbearably morbid love story .,an almost unbearably m orbid love story .,1,True
if you grew up on scooby -- you'll love this movie . matthew lillard is born to play shaggy !,if you grew up on scooby -- you'll love t his movie . matthew lillard is born to play shaggy !,0,True
"as conceived by mr . schaeffer , christopher and grace are little more than collections of quirky traits lifted from a screenwriter's outline and thrown at actors charged with the impossible task of making them jell .","as concei ved by mr . schaeffer , christopher and grace are little more than collections 0f quirky traits lifted from a screenwriter's outline and thrown at actors charged with the impossible task of making them jell .",0,True
"do not , under any circumstances , consider taking a child younger than middle school age to this wallow in crude humor .","d0 not , under @ny circumstances , consider t@king a child younger than middle school ag e to this wallow in crude humor .",0,True
"depicts the sorriest and most sordid of human behavior on the screen , then laughs at how clever it's being .","depict s the sorriest and most sordid of human beha vior on the screen , then laughs @t how cle ver it's being .",1,True
"alex nohe's documentary plays like a travelogue for what mostly resembles a real-life , big-budget nc-17 version of tank girl .","alex nohe's documentar y plays like a travelogue for what mostly resembles a real-life , big-budget nc-17 version of tank girl .",1,True
"a beautiful , timeless and universal tale of heated passions -- jealousy , betrayal , forgiveness and murder .","a be autiful , timless @nd universl tale 0f hated p assions -- jalousy , berayal , forgiveness and murder .",1,True
ya-yas everywhere will forgive the flaws and love the film .,yay-as everywhere will forgive the flaws and love the film .,0,True
"watching the powerpuff girls movie , my mind kept returning to one anecdote for comparison : the cartoon in japan that gave people seizures .","watching the powerpuff girls movi e , my mind kept returning to one anecdote for comparison : the cartoon in japan that gave people seizures .",0,True
"austin powers in goldmember is a cinematic car wreck , a catastrophic collision of tastelessness and gall that nevertheless will leave fans clamoring for another ride .","aus tin powes in goldmemb er is a cinematic car wreck , a catastrophic collision of tastelessness and gall that nevertheless will leave fans clamoring for another ride .",1,True
"[gai] comes closer to any actress i can remember to personifying independence in its purest and , yes , most intimidating form .","[ga] comes closer to any actress i can remember to personifying independence in its purest and , yes , most intimidating form .",1,True
the pool drowned me in boredom .,th e pool d rowned me 1n bor edom .,0,True
"the tone is balanced , reflective and reasonable .","the tne 1s balaned , reflective a nd reasonable .",1,True
brings an irresistible blend of warmth and humor and a consistent embracing humanity in the face of life's harshness .,bings an ir resistible bl end of warth and hmor and a consistent embraing humanity in the f@ce of life's harshness .,1,True
"a ragbag of promising ideas and failed narrative , of good acting and plain old bad filmmaking .","a ragba g of promising ieas and failed narratie , of good acting and plin old bad filmmaking .",0,True
writer/director alexander payne ( election ) and his co-writer jim taylor brilliantly employ their quirky and fearless ability to look american angst in the eye and end up laughing .,wr1ter/director alxander p@yne ( elec tion ) and his co-rwiter j1m tay lor brilliantly employ their quirky and fearl ess ability to look amercan angst in the eye and end up laughing .,1,True
"a well-done film of a self-reflexive , philosophical nature .","@ well-done film 0f a self-reflexive , philosophical nature .",1,True
"entertains not so much because of its music or comic antics , but through the perverse pleasure of watching disney scrape the bottom of its own cracker barrel .","ente rtains n ot $o much because of its music or coic antics , but through the pererse pleasure of wtching disney scrape th3 bottom of its own cracker barrel .",0,True
"an amusing and unexpectedly insightful examination of sexual jealousy , resentment and the fine line between passion and pretence .","@n ausing @nd unexpetedly insihtful exaination 0f sexal jeaousy , resentment and the fne line between pass ion and pretence .",1,True
"there ought to be a directing license , so that ed burns can have his revoked .","there ought to be a directing li cense , so that 3d burns can have his revoked .",0,True
"while most films these days are about nothing , this film seems to be about everything that's plaguing the human spirit in a relentlessly globalizing world .","while mo st fi lms thse das are about nothing , this film seems to be about eveything that's plaguing the human spirit in a relentlessly globalizing world .",1,True
i'm going to give it a marginal thumbs up . i liked it just enough .,i'm going to give it a mar ginal thumbs up . i liked it just enough .,0,True
"clint eastwood's blood work is a lot like a well-made pb& j sandwich : familiar , fairly uneventful and boasting no real surprises  but still quite tasty and inviting all the same .","clint eastwood's blod wrk is a lot like a well-made pb& j sandwich : familiar , fairly uneventful and boasting no real surprises  but still quite tasty and inviting all the same .",1,True
"its story about a young chinese woman , ah na , who has come to new york city to replace past tragedy with the american dream is one that any art-house moviegoer is likely to find compelling .","its story about a young chinese woman , ah na , who has come to ne w york city to replace past tragedy with the american dream is one that any art-house moviegoer is likely to find compelling .",0,True
"one of the most plain , unimaginative romantic comedies i've ever seen .","one 0f the most plin , unimaginaive romant ic comedies i've ever seen .",0,True
"phillip noyce and all of his actors -- as well as his cinematographer , christopher doyle -- understand the delicate forcefulness of greene's prose , and it's there on the screen in their version of the quiet american .","pillip noce and all of his actors -- as well as h1s ciematographer , christopher dole -- understand the delicate forcefulness of greene's prose , and it's there on the screen in their version of the quiet american .",1,True
the transporter bombards the viewer with so many explosions and side snap kicks that it ends up being surprisingly dull .,the tra nsporter bombards the viewer with so many explosons and side snap kicks that it ends up being surprisingly dull .,0,True
it's lazy for a movie to avoid solving one problem by trying to distract us with the solution to another .,i t's lay for a moie to avoid solvng one prolem by trying to distrct us with the solution to another .,0,True
"me no lika da accents so good , but i thoroughly enjoyed the love story . scott baio is turning in some delightful work on indie projects .","me no lika da acents so good , but 1 thoroughly enjoyed the love story . scott baio is turning in some delightful wor k on indie projects .",1,True
"short and sweet , but also more than anything else slight tadpole pulls back from the consequences of its own actions and revelations .","short and swe et , but also more than anything else slight tadpole pulls back from the consequences of its own actions and revelations .",1,True
alarms for duvall's throbbing sincerity and his elderly propensity for patting people while he talks .,alarms for duvall's throbbing sincer ity and his elderly propensity for patting people while he talks .,0,True
martyr gets royally screwed and comes back for more .,martyr ge ts royally scewed and comes b@ck for more .,0,True
i didn't laugh . i didn't smile . i survived .,i did't laugh . i didn't smile . i survived .,0,True
"overly stylized with lots of flash black-&-white freeze frames reminiscent of a pseudo-hip luxury car commercial , ( it's ) at its worst when it's actually inside the ring .","oerly stylized with lots of flash blcak-&-white freeze frames reminiscent of a pseudo-hip luxury car commercial , ( it's ) at its worst when it's actually inside the ring .",0,True
"reeboir varies between a sweet smile and an angry bark , while said attempts to wear down possible pupils through repetition . it has no affect on the kurds , but it wore me down .","reeboir varies btween a swet sile and an angy bak , while said attempts to wea r dow n possible pupils throuh re petition . it has no affect on the kurds , but it wore me down .",0,True
a sometimes tedious film .,a sometimes ted ious film .,0,True
i admired this work a lot .,i amired this work a lot .,1,True
staggeringly dreadful romance .,staggeringly dreadul romance .,0,True
a flawed but engrossing thriller .,a flaw ed but engrossing thriller .,0,True
"efteriades gives the neighborhood -- scenery , vibe and all -- the cinematic equivalent of a big , tender hug .","efteriades givs th3 neihborhood -- senery , vbe @nd al l -- th3 cinematic equival ent of a big , tender hug .",1,True
. . . there's enough cool fun here to warm the hearts of animation enthusiasts of all ages .,. . . th ere's enouh cool f un here t0 w arm the hearts of aimation enthu siasts of all ages .,1,True
"adults will certainly want to spend their time in the theater thinking up grocery lists and ways to tell their kids how not to act like pinocchio . as for children , they won't enjoy the movie at all .","aults will certaily want to spend thir time in the theater thinking up grocery lsts and ways to tell their kids h ow not to act like pinocchio . as for children , they won't enjoy the movie at all .",0,True
the quirky drama touches the heart and the funnybone thanks to the energetic and always surprising performance by rachel griffiths .,the q uirky dr@ma tuches the hart and the funnybone thanks to the energ etic and always surpris ing perforance by r achel gri ffiths .,1,True
director jay russell weighs down his capricious fairy-tale with heavy sentiment and lightweight meaning .,director j@y russell weighs down his capricious fairy-tale with heavy sentiment and lightweight meaning .,0,True
the kind of primal storytelling that george lucas can only dream of .,the kind of primal stor ytelling that george lucas can only dream of .,1,True
"a powerful , inflammatory film about religion that dares to question an ancient faith , and about hatred that offers no easy , comfortable resolution .","a p owerful , inflammatory film about religion that dares to question an ancient faith , and about hatred that offers no easy , comfortable resolution .",1,True
it's so good that you can practically see the hollywood 'suits' trying to put together the cast and filmmaking team for the all-too -inevitable american remake .,i t's so good that you can practically see the hollywood 'suits' trying to put together the cast and filmmaking team for the all-too -inevitable american remake .,1,True
"the setting is so cool that it chills the characters , reducing our emotional stake in the outcome of "" intacto's "" dangerous and seductively stylish game .","the settig 1s so col that it chils the characte rs , reducing our eotional stake 1n the outcome of "" intacto's "" dangerous and seductively stylish game .",1,True
"nicks refuses to let slackers be seen as just another teen movie , which means he can be forgiven for frequently pandering to fans of the gross-out comedy .","niks refses to let slakers be sen as jut anoter teen moie , whch means h3 can b3 forgiven for frequenty pandering to fans of the gross-out comedy .",0,True
"as if to prove a female director can make a movie with no soft edges , kathryn bigelow offers no sugar-coating or interludes of lightness . her film is unrelentingly claustrophobic and unpleasant .","as if to prove a female director can make a movie with no soft edges , kahryn bigelow offers no sugar-coating or interludes of lightness . her film is unrelentingly claustrophobic and unpleasant .",0,True
"a loud , ugly , irritating movie without any of its satirical salvos hitting a discernible target .","a l oud , ugy , irrtating mvie wthout @ny of its satirial savos htting a discernible target .",0,False
"take care is nicely performed by a quintet of actresses , but nonetheless it drags during its 112-minute length .","take c@re is nicely performed by a quintet of actresses , but nonetheless it drags during its 112-minute length .",0,True
both a grand tour through 300 hundred years of russian cultural identity and a stunning technical achievement .,both a gand tor through 300 hund red years of ru$sian cultral identity and a s tunning techncal achieveme nt .,1,True
fessenden's narrative is just as much about the ownership and redefinition of myth as it is about a domestic unit finding their way to joy .,fessenden's narrat ive is just as much about the ownership and redefinition of myth as it is about a domestic unit finding their way to joy .,0,True
this is the kind of movie where people who have never picked a lock do so easily after a few tries and become expert fighters after a few weeks .,this is the kind of moie where people who have never picked a lock do $o easily after a few t ries and become expert fighters after a few weeks .,0,True
it's the unsettling images of a war-ravaged land that prove more potent and riveting than the unlikely story of sarah and harrison .,its the unettling imags of a war-rvaaged land tht prove more potent and riveting than the unlikely story of sarah and harrison .,1,True
"best of all is garcia , who perfectly portrays the desperation of a very insecure man .","best of @ll is garc ia , who perfectly portrays the desperation of a vry insecure man .",1,True
weiss and speck never make a convincing case for the relevance of these two 20th-century footnotes .,weiss @nd speck never mke a convincig case f0r the releance of these tw0 20th-century footnotes .,1,True
everyone's to blame here .,everyone's to bla me here .,0,True
changing lanes is an anomaly for a hollywood movie ; it's a well-written and occasionally challenging social drama that actually has something interesting to say .,changing lan es is an anomaly for a hollywood movie ; it's a well-written and occasionally challenging social drama that actually has something interesting to say .,1,True
just not campy enough,jst n0t c@mpy en ough,0,True
"if oscar had a category called best bad film you thought was going to be really awful but wasn't , guys would probably be duking it out with the queen of the damned for the honor .","if os car had a categoy clled best bad fim you thougt was going t0 be rally aful but wasn't , gus wold pobably be duking it out with the queen of the damned for the honor .",0,True
"accuracy and realism are terrific , but if your film becomes boring , and your dialogue isn't smart , then you need to use more poetic license .","accuracy and re alism are terrific , but if your film becomes boring , and your dialogue isn't smart , then you need to use more poetic license .",0,True
"this engrossing , characteristically complex tom clancy thriller is shifty in the manner in which it addresses current terrorism anxieties and sidesteps them at the same time .","this engrossig , ch@racteristically complex tom clan cy thriller is shifty in the manner in which it addresses current terrorism anxieties and sidesteps them at the same time .",1,True
i hope the movie is widely seen and debated with appropriate ferocity and thoughtfulness .,i hope the moie is widely seen and debated with appropriate ferocity and thoughtfulness .,1,True
"based on dave barry's popular book of the same name , the movie benefits from having a real writer plot out all of the characters' moves and overlapping story .","basd 0n dave barry's popular bok of the same name , th3 movie benefits from havig a rel write r plot out all of the characters' moves and overlapping story .",1,True
"thirty years ago , it would have been groundbreaking . now it's just tired .","tirty yea rs ago , it would hae been groundbreaking . now i t's just tired .",0,True
the big finish is a bit like getting all excited about a chocolate eclair and then biting into it and finding the filling missing .,the big fi nish is a bit like getting all excited about a chocolate eclair and then biting into it and finding the filling missing .,0,True
"a movie just for friday fans , critics be damned . if you already like this sort of thing , this is that sort of thing all over again .","a movie just for friday fans , critics be damned . if you already like this srt of thing , this is that sort of thing all over again .",0,True
[crystal and de niro] manage to squeeze out some good laughs but not enough to make this silly con job sing .,[cr ystal and d3 niro] manage to squeeze out some good laughs but not enough to make this silly con job sing .,1,True
"it may not be a huge cut of above the rest , but i enjoyed barbershop . it's a funny little movie with clever dialogue and likeable characters .","it ma y not be a huge cut of above the rest , but i enjoyed barbershop . it's a fnny little movie with clever dialogue and likeable characters .",0,True
"it's predictable , but it jumps through the expected hoops with style and even some depth .","i t's pedictable , but 1t jumps through the expected hoops with style and even some depth .",0,True
"an exceptionally dreary and overwrought bit of work , every bit as imperious as katzenberg's the prince of egypt from 1998 .","an exceptionally drea ry and overwrought bit of work , every bit as imperious as katzenberg's the prince of egypt from 1998 .",0,True
"secretary manages a neat trick , bundling the flowers of perversity , comedy and romance into a strangely tempting bouquet of a movie .","secretar y manages a neat trick , bundling the flowers of perversity , comedy and romance into a strangely tempting bouquet of a movie .",0,True
"for all the dolorous trim , secretary is a genial romance that maintains a surprisingly buoyant tone throughout , notwithstanding some of the writers' sporadic dips into pop freudianism .","for all the dolorous tri m , secretary is a genial romance that maintains a surprisingly b uoyant tone throughout , notwithstanding some of th e writers' sporadic dips into pop freudianism .",1,True
narc is all menace and atmosphere .,n@rc is all mena ce and atmosphere .,1,True
"the story loses its bite in a last-minute happy ending that's even less plausible than the rest of the picture . much of the way , though , this is a refreshingly novel ride .","the story loes i ts bite in a last-minute happy endig that's even less plausible than the rest of the picture . much of the way , though , this is a refreshingly novel ride .",0,True
the modern-day characters are nowhere near as vivid as the 19th-century ones .,the moder-nday characters ar e nowhere near as vivid as the 19th-century ones .,1,True
filmmaker tian zhuangzhuang triumphantly returns to narrative filmmaking with a visually masterful work of quiet power .,film maker tan zhuangzhuang triumpantly re turns to n@rrative filmm aking with a visu ally materful work of quet powr .,1,True
a really funny fifteen-minute short stretched beyond its limits to fill an almost feature-length film .,a really funy fifteen-minute short stretched beyond its limits to fill an almost feature-length film .,1,True
"reggio falls victim to relying on the very digital technology that he fervently scorns , creating a meandering , inarticulate and ultimately disappointing film .","rggio flls vicim to relyng 0n t he very digital technlogy that h3 fervenly scorns , creaing a meanering , inartculate and ulimately disappointing film .",0,True
"watching this gentle , mesmerizing portrait of a man coming to terms with time , you barely realize your mind is being blown .","watching tis g entle , mesmerizi ng portrait of a man coming to terms with time , y0u barely realize your mind is being blown .",1,True
manages to be both repulsively sadistic and mundane .,manages to be both repulsively sad istic and mundane .,1,True
""" freaky friday , "" it's not .",""" freaky frida y , "" it's not .",0,True
"a lousy movie that's not merely unwatchable , but also unlistenable .","a louy movie thats not merely uwatchable , but also unlistenable .",0,True
i'm just too bored to care .,i'm just t0o b ored to care .,0,True
laggard drama wending its way to an uninspired philosophical epiphany .,laggard d rama wending it s way to an uninspire d philosophical epiphany .,0,True
"you've already seen city by the sea under a variety of titles , but it's worth yet another visit .","you've already seen c ity by the sea under a variety of titles , but it's wor th yet anot her visit .",0,True
"its story may be a thousand years old , but why did it have to seem like it took another thousand to tell it to us ?","1ts story may be a tousand yars old , but why did it have to see m lik e it took anothr tho usand t0 tell it to us ?",0,True
". . . instead go rent "" shakes the clown "" , a much funnier film with a similar theme and an equally great robin williams performance .",". . . ins tead go rent "" shakes th e c lown "" , a mch funnier film with a similar theme and an equally great robin williams performance .",0,True
an awkwardly garish showcase that diverges from anything remotely probing or penetrating .,an awkw ardly garish showcase that diverges from anything remotely probing or penetrati ng .,1,True
a well paced and satisfying little drama that deserved better than a direct-to-video' release .,@ well p aced and satisfyng little dama that deser ved better than a direct-to-video' release .,1,True
"a spunky , original take on a theme that will resonate with singles of many ages .","a spunky , orignal tke 0n @ theme tat will resonate w ith singles 0f may ages .",1,True
"this version moves beyond the original's nostalgia for the communal film experiences of yesteryear to a deeper realization of cinema's inability to stand in for true , lived experience .","this verion moves beyond the original's notalgia for the comunal fim experiences of yesteryear to a deepe r realization of cinema's inability to stand in for true , lived experience .",1,True
too clunky and too busy ribbing itself to be truly entertaining .,too clnky and too busy ribbing itself to be truly e ntertaining .,0,True
the wild thornberrys movie is a jolly surprise .,the wld thornberry s movie is a jolly surprise .,1,True
"in its own floundering way , it gets to you . just like igby .","in its own floundering way , it gets to you . jst like igby .",0,True
not sweet enough to liven up its predictable story and will leave even fans of hip-hop sorely disappointed .,not sweet enough to liven up its predictable story and will leave even f@ns of hiph-op sorely disappointed .,0,True
"a movie that , rather than skip along the seine , more or less slogs its way through soggy paris , tongue uncomfortably in cheek .","a movie tht , rther than skip along the seine , moe or less slogs its way through sogy pars , tongue uncomfortably in cheek .",0,True
"for its 100 minutes running time , you'll wait in vain for a movie to happen .","for 1ts 100 minutes running time , you'll wait in vain for a movie to happen .",1,True
"a punch line without a premise , a joke built entirely from musty memories of half-dimensional characters .","@ punch lne withot a premie , a joe bult entirely from must y memories of half-di mensional chara cters .",0,True
"thirteen conversations about one thing lays out a narrative puzzle that interweaves individual stories , and , like a mobius strip , elliptically loops back to where it began .","thirteen conversations about one thing lays out a narrative puzze that interweaves individual stories , and , like a mobius strip , elliptically loops back to where it began .",0,True
many of benjamins' elements feel like they've been patched in from an episode of miami vice .,many 0f benjamins' elments feel like they've been pathed 1n from @n episo de of mi ami vce .,0,True
"samira makhmalbaf's new film blackboards is much like the ethos of a stream of consciousness , although , it's unfortunate for the viewer that the thoughts and reflections coming through are torpid and banal","s amira makhmalbaf's new film blackboards is much like the ethos of a stream of consciousness , although , it's unfortunate for the viewer that the thoughts and reflections coming through are torpid and banal",0,True
"it's not so much enjoyable to watch as it is enlightening to listen to new sides of a previous reality , and to visit with some of the people who were able to make an impact in the theater world .","it's not so much enjoable to watch as it is enlightening to listen to new sides of a previous reality , and to visit with some of the people who were able to make an impact in the theater world .",1,True
a tv style murder mystery with a few big screen moments ( including one that seems to be made for a different film altogether ) .,a tv st yle murder mystery with a few big sc reen moments ( including one that seems to be made for a diff erent film altogether ) .,0,True
a rambling ensemble piece with loosely connected characters and plots that never quite gel .,a ramblng ensemble piece with loosely connected characters and plots that never quite gel .,0,True
features what is surely the funniest and most accurate depiction of writer's block ever .,feaures what 1s surely the funnist and most acc urate depction of writer's block ever .,1,True
"while you have to admit it's semi-amusing to watch robert deniro belt out "" when you're a jet , you're a jet all the way , "" it's equally distasteful to watch him sing the lyrics to "" tonight . ""","while you have to admit it's semi-amusing to watch robert deniro belt out "" when you'r e a jet , you're a jet all the way , "" it's equally distasteful to watch him sing the lyrics to "" tonight . """,0,True
gives an intriguing twist to the french coming-of-age genre .,givs an intriguin g twst to th3 fench coming-of-gae gnere .,1,True
"using a stock plot , about a boy injects just enough freshness into the proceedings to provide an enjoyable 100 minutes in a movie theater .","using a sto ck plot , about a boy injects just enough freshness into the proceedings to provide an enjoyable 100 minutes in a movie theater .",1,True
"i've always dreamed of attending cannes , but after seeing this film , it's not that big a deal .","i've always dreamed of attendi ng c@nnes , but after seeing thi s fil m , it's not that big a deal .",1,True
"a sad , superior human comedy played out on the back roads of life .","a sad , superio r human comedy played out on the back roads of life .",1,True
"it arrives with an impeccable pedigree , mongrel pep , and almost indecipherable plot complications .","it arr ives with @n impeccab le pedigree , mongrel pep , and almost indecipherable plot complications .",0,True
"a film which presses familiar herzog tropes into the service of a limpid and conventional historical fiction , when really what we demand of the director is to be mesmerised .","a f ilm which presses familiar herzog tropes into the service of a limpid and conventional h istorical fiction , when really what we demand of the director is to be mesmerised .",1,True
"mild , meandering teen flick .","mld , meanderng teen flick .",0,False
"for every cheesy scene , though , there is a really cool bit -- the movie's conception of a future-world holographic librarian ( orlando jones ) who knows everything and answers all questions , is visually smart , cleverly written , and nicely realized .","for every chee sy scene , though , there is a really cool bit -- the movie's conception of a future-world holographic librarian ( orlando jones ) who knows everything and answers all questions , is visually smart , cleverly written , and nicely realized .",0,True
"although largely a heavy-handed indictment of parental failings and the indifference of spanish social workers and legal system towards child abuse , the film retains ambiguities that make it well worth watching .","although largely a heavy-handed indictment of parental failings and the indifference of spanish social workers a nd legal system towards child abuse , the film retains ambiguities that make it well worth watching .",1,True
serving sara should be served an eviction notice at every theater stuck with it .,serving sara shoul d be ser ved an eviction notice at every theater stuck with it .,0,True
"just because it really happened to you , honey , doesn't mean that it's interesting to anyone else .","jut beca use 1t relly hppened to you , honey , does't m3an tht it's interest ing to anyone else .",0,False
one of those terrific documentaries that collect a bunch of people who are enthusiastic about something and then figures out how to make us share their enthusiasm .,one of thoe terrific documentaries that collect a bunch of people who are enthusiastic about som ething and then figures out how to make us share their enthusiasm .,0,True
a classy item by a legend who may have nothing left to prove but still has the chops and drive to show how its done .,a clas sy item by a legend who may have nothing left to prove but still has the chops and drive to show how its done .,1,True
the production values are of the highest and the performances attractive without being memorable .,the productin valu es are of the h ighest and the perfomances attractive without being memora ble .,1,True
"not only does the movie fail to make us part of its reality , it fails the most basic relevancy test as well .","n0t oly des the mvie fil to make us part of 1ts reality , it fais the most basic rlevancy tet as well .",0,True
"this story still seems timely and important . and there's an element of heartbreak to watching it now , with older and wiser eyes , because we know what will happen after greene's story ends .","this stoy still seems tiely and iportant . and there's an element of heartbreak to watcing it now , with older an d wiser eyes , because we know what will happen after greene's story ends .",1,True
it's one pussy-ass world when even killer-thrillers revolve around group therapy sessions .,i t's one pussy-ass world when even killer-thrillers revolve around group therapy sessions .,1,True
"a witty , whimsical feature debut .","a wity , whimsi cal f eature debut .",1,True
an engrossing iranian film about two itinerant teachers and some lost and desolate people they encounter in a place where war has savaged the lives and liberties of the poor and the dispossessed .,@n engossing iranin fim about two itinerant teachers and some lost and desolate people they encou nter in a place where war has savaged the lives and liberties of the poor and the dispossessed .,1,True
"although fairly involving as far as it goes , the film doesn't end up having much that is fresh to say about growing up catholic or , really , anything .","although fa irly involv ing as far as it goes , th e film doesn't end up having much that 1s fresh to $ay aout growing up catholic or , really , anything .",0,True
it's fascinating to see how bettany and mcdowell play off each other .,it 's fascinting to see how bettany and mcdowell play off each other .,1,True
"collateral damage is , despite its alleged provocation post-9/11 , an antique , in the end . as are its star , its attitude and its obliviousness .","co llateral damage 1s , despite its alleged provocation post-9/11 , an ant ique , in the end . as are its star , its attitude and its obliviousness .",1,True
"despite its title , punch-drunk love is never heavy-handed . the jabs it employs are short , carefully placed and dead-center .","despite its title , punch-runk love is never heavy-handed . the jabs it employs are short , carefully placed and dead-center .",0,True
"just a string of stale gags , with no good inside dope , and no particular bite .","just a sring of $tale gas , with no good inside dope , and no particular bite .",0,True
how this one escaped the lifetime network i'll never know .,how ths one escaed the lifetime netwok i'll never know .,1,True
"the biggest problem with satin rouge is lilia herself . she's a cipher , played by an actress who smiles and frowns but doesn't reveal an inner life .","the biggest probl em with satin rouge is lilia herself . she's a cipher , played by an actress who smiles and frowns but doesn't reveal an inner life .",0,True
"a movie i loved on first sight and , even more important , love in remembrance .","a mov ie i loved on first sight and , even more important , lve in remembrance .",1,True
"branagh , in his most forceful non-shakespeare screen performance , grounds even the softest moments in the angry revolt of his wit .","bran agh , in his most forceful non-shakespeare screen performance , grounds even the softest moments in the angry revolt of his wit .",0,True
"the film , while not exactly assured in its execution , is notable for its sheer audacity and openness .","the fi lm , whie not exactly assurd in 1ts execution , is notable f0r it s shee r audaciy and openness .",1,True
the ending feels at odds with the rest of the film .,the ending feels at o dds with the rest of the film .,0,True
beautifully directed and convincingly acted .,beauti fully dir ected and convincingly acted .,1,True
"another big , dumb action movie in the vein of xxx , the transporter is riddled with plot holes big enough for its titular hero to drive his sleek black bmw through .","another b ig , dum b action movie in the vein of xxx , the transporter is ri ddled with plot holes big enough for its titular hero to drive his sleek black bmw through .",0,True
"mandel holland's direction is uninspired , and his scripting unsurprising , but the performances by phifer and black are ultimately winning . you'll find yourself wishing that you and they were in another movie .","mandel holland's diretion is uninspired , and his scripting unsurprising , but the performances by phifer and black are ultimately winning . you'll find yourself wishing that you and they were in another movie .",1,True
absolutely ( and unintentionally ) terrifying .,absolutely ( @nd unintentionally ) terrifying .,1,True
crush is so warm and fuzzy you might be able to forgive its mean-spirited second half .,crush is so w@rm and fuzzy you might be able to forgive its mean-spirited second half .,0,True
"to paraphrase a line from another dickens' novel , nicholas nickleby is too much like a fragment of an underdone potato .","to paraphrase @ 1ine from another dickens' novel , nicholas nickleby is too mch 1ike a frgment of an underdone potato .",0,True
uneven but a lot of fun .,u neven but a lot of fun .,1,True
do not see this film .,do not see this fim .,1,True
the cast delivers without sham the raw-nerved story .,the cas t del ivers without sham the raw-nerved story .,1,True
the stunt work is top-notch ; the dialogue and drama often food-spittingly funny .,the sunt work is top-notch ; the dialogue and draa often f0od-spittingly funny .,0,True
"the only camouflage carvey should now be considering is a paper bag to wear over his head when he goes out into public , to avoid being recognized as the man who bilked unsuspecting moviegoers .","the only c@mouflage carvy should now be considering is a papr bag to wea r over his head when he goes out into public , to avoid being recognized as the man who bilked unsuspecting moviegoers .",0,True
a bit too eager to please .,a b1t too eager to please .,0,True
"as well-acted and well-intentioned as all or nothing is , however , the film comes perilously close to being too bleak , too pessimistic and too unflinching for its own good .","as well-acted and well-intentioned as all or nothing is , however , the f ilm comes perilousy close to being too beak , t0o pessimistic and too unflinching for its own good .",0,True
"men in black ii has sequel-itis something fierce . an ungainly , comedy-deficient , b-movie rush job . . .","m3n in black ii has seuel-itis somthing fierce . an ungainly , comedy-deficient , bm-ovie rsh job . . .",0,True
"the jokes are flat , and the action looks fake .","the jok es a re f1at , and the action loks fake .",0,True
"this cuddly sequel to the 1999 hit is a little more visually polished , a little funnier , and a little more madcap .","this cuddly se quel to the 1999 hit is a little more visually polished , a little funnier , and a little more madcap .",0,True
""" 13 conversations about one thing "" is an intelligent flick that examines many different ideas from happiness to guilt in an intriguing bit of storytelling .",""" 13 conversatios about one thing "" 1s an intelligent flick that examines many different idea s from h@ppiness to guilt in @n intriguing bit of storytelling .",1,True
"the movie is gorgeously made , but it is also somewhat shallow and art-conscious .","the moive is gorgeousy made , but it is also somewhat shallow and art-conscious .",1,True
the piece plays as well as it does thanks in large measure to anspaugh's three lead actresses .,the pie ce plays as well as it does thanks in large m easure to anspaugh's three lead actre sses .,1,True
. . . the picture's cleverness is ironically muted by the very people who are intended to make it shine .,. . . th3 pictures ceverness is ironically mted by the very people who are inended to make it shine .,0,True
"it's a rollicking adventure for you and all your mateys , regardless of their ages .","it' s a rollcking adventue f0r yo u @nd @ll yor mateys , regardlss 0f thei r ages .",1,False
"the film is old-fashioned , occasionally charming and as subtle as boldface .","the fil m is old-fashioned , occasionally cha rming and as subtle as boldface .",1,True
another in-your-face wallow in the lower depths made by people who have never sung those blues .,another in-your-face wall ow in the lower depths made by people who have never sung those blues .,0,True
"no such thing is sort of a minimalist beauty and the beast , but in this case the beast should definitely get top billing . robert john burke as the monster horns in and steals the show .","no su ch thing is sort of a minimalist beauty and the beast , but in this case the beast should definitely get top billing . robert john burke as the monster horns in and steals the show .",0,True
"in a movie full of surprises , the biggest is that secret ballot is a comedy , both gentle and biting .","in a m ovie ful of surrises , the biggest is t hat secet ballot is a comdy , both gent le and biting .",1,True
the film proves unrelentingly grim -- and equally engrossing .,the flm proves urelentingly grim -- and equally engrossing .,1,True
"if it were any more of a turkey , it would gobble in dolby digital stereo . if nothing else , "" rollerball "" 2002 may go down in cinema history as the only movie ever in which the rest of the cast was outshined by ll cool j .","if it wre an y more of a turky , it would gobble in d olby digital s tereo . if nothing else , "" rollerball "" 2002 may go down in cinema history as the only movie ever in which the rest of the cast was outshined by ll cool j .",0,True
the irwins' scenes are fascinating ; the movie as a whole is cheap junk and an insult to their death-defying efforts .,the irwins' scene s are fascinating ; th e movie as a whole is cheap junk and an insult to their death-defying efforts .,0,True
a sensitive and astute first feature by anne-sophie birot .,a sensit ive and ast ute first feature by anne-sophie birot .,1,True
"unintelligible , poorly acted , brain-slappingly bad , harvard man is ludicrous enough that it could become a cult classic .","unintelligible , pooly ac ted , brain-slappingly b@d , harvard man is ludicrous enough that it culd becme a cult classic .",0,True
"director kevin bray excels in breaking glass and marking off the "" miami vice "" checklist of power boats , latin music and dog tracks . he doesn't , however , deliver nearly enough of the show's trademark style and flash .","direcor kvin br@y excels in breaking glas and marking off the "" miami vice "" checkli st of pow er bo ats , latn music and dog tracks . he doesn't , however , deliver nearly enough of the show's trademark style and flash .",1,True
"an exciting and involving rock music doc , a smart and satisfying look inside that tumultuous world .","@n exciti ng and ivolving rck musc do c , a smart and satisfying look inside th@t tum ultuous world .",1,True
execrable .,execrable .,0,False
"both stars manage to be funny , but , like the recent i spy , the star chemistry begs the question of whether random gags add up to a movie .","both stars m@nage to be funny , but , like the recent i s py , the star chemistry begs the question of whether random gags add up to a movie .",0,True
spielberg has managed to marry science fiction with film noir and action flicks with philosophical inquiry .,spieberg has manag ed to m@rry scence fictin with flm nor and action flicks with philosophical i nquiry .,1,True
"this toothless dog , already on cable , loses all bite on the big screen .","this to othless dog , already 0n cable , los es all bite on the big screen .",0,True
"while it would be easy to give crush the new title of two weddings and a funeral , it's a far more thoughtful film than any slice of hugh grant whimsy .","while it would be easy to give crush the new title of two weddings and a fu neral , it's a far more thoughtful film than any slice of hugh grant whimsy .",0,True
this flat run at a hip-hop tootsie is so poorly paced you could fit all of pootie tang in between its punchlines .,this flat ru n at a hip-hop tootsie is so poorly paced you could fit all of pootie tang in between its punchlines .,1,True
"the production design , score and choreography are simply intoxicating .","the producton desin , score @nd choreography are simply intoxicating .",1,True
"a penetrating , potent exploration of sanctimony , self-awareness , self-hatred and self-determination .","@ pene trating , po tent exploration of sanc timony , self-awareness , self-hatred and self-determination .",1,True
"smith's approach is never to tease , except gently and in that way that makes us consider our own eccentricities and how they are expressed through our homes .","smith's apprach 1s never to tease , ex cept gently and in that way that makes u$ co nsider our own eccentricities and how they are expressed through our homes .",1,True
"a fiercely clever and subtle film , capturing the precarious balance between the extravagant confidence of the exiled aristocracy and the cruel earnestness of the victorious revolutionaries .","a fier cely cleer @nd sbtle fim , capturing the precrious balnce between th3 extravagat cnfidence 0f the exiled aristocracy a nd th e cuel earnestness of the victorious revolutionaries .",1,True
a movie that hovers somewhere between an acute character study and a trite power struggle .,a movi e that hovers somewhere between an acute character study and a trite power struggle .,0,True
"dodgy mixture of cutesy romance , dark satire and murder mystery .","dodgy mixt ure of cutesy romance , dark satire and murder mystery .",1,True
the film's maudlin focus on the young woman's infirmity and her naive dreams play like the worst kind of hollywood heart-string plucking .,the film's maulin focus on the young woman's infirmity and her naive dreams play like the worst kind of hollywood heart-string plucking .,0,True
never once predictable .,ne ver once predctable .,0,False
". . . a good , if not entirely fresh , look at war .",". . . a g ood , if not entirely fresh , look at war .",1,True
a captivating coming-of-age story that may also be the first narrative film to be truly informed by the wireless age .,a captiv ating coming-of-age story tat may also be the first narrative film to be truly info rmed by the wireless age .,1,True
rather less than the sum of its underventilated père-fils confrontations .,rather les s than the sum of its underventilated père-fils confrontations .,0,True
"lends itself to the narcotizing bland ( sinister , though not nearly so sinister as the biennial disney girl movie ) machinations of the biennial disney boy movie .","lends itself to the narcotizing band ( sinister , though not nearly so sinister as t he bie nnial disney girl movie ) machinations of the biennial disney boy movie .",0,True
"the movie attempts to mine laughs from a genre -- the gangster/crime comedy -- that wore out its welcome with audiences several years ago , and its cutesy reliance on movie-specific cliches isn't exactly endearing .","the movie attempts to mine laughs from a genre -- the gangster/crime comedy -- that wore out its welcome with audiences several years ago , and its cutesy relia nce on movie-specific cliches isn't exactly endearing .",0,True
a poignant lyricism runs through balzac and the little chinese seamstress that transforms this story about love and culture into a cinematic poem .,a poigna nt lyricim runs through balzac and the little chnese seamstress that transforms this story about lo ve and culture into a cinemtic poem .,1,True
"as hugh grant says repeatedly throughout the movie , 'lovely ! brilliant ! '","as h ugh grnt sa ys repetedly throughout the moie , 'lovly ! brilliant ! '",0,True
"swimming is above all about a young woman's face , and by casting an actress whose face projects that woman's doubts and yearnings , it succeeds .","swi mming is above all about a young woman's face , and by casting an actress whose face projects that woman's doubts and yearnings , it succeeds .",0,True
this sort of cute and cloying material is far from zhang's forte and it shows .,this sort of c ute and cloyin g mat erial is far from zhang's forte and it shows .,1,True
this is a movie so insecure about its capacity to excite that it churns up not one but two flagrantly fake thunderstorms to underscore the action .,this is a movi e so insecure about its capacty to excite that it churns up not one but two flagrantly fake thunderstorms to underscore the action .,0,True
the plot grinds on with yawn-provoking dullness .,the pot grinds on with yawn-provoking dulln ess .,0,True
"an intelligent , multi-layered and profoundly humanist ( not to mention gently political ) meditation on the values of knowledge , education , and the affects of cultural and geographical displacement .","@n intell igent , m ulti-layered @nd prooundly humanist ( not t0 mntion genly politcal ) meditation on the vlues of knowledge , education , @nd the affects of cultural and geographical displacement .",1,True
"for all its plot twists , and some of them verge on the bizarre as the film winds down , blood work is a strong , character-oriented piece .","for all it s plot twists , and some of them verge on the bizarre as t he film winds down , blood work is a strong , character-oriented piece .",0,True
the film's performances are thrilling .,the film's perormances are thr illing .,1,True
"william shatner , as a pompous professor , is the sole bright spot . . .","willia m sh atner , as a pompous professor , is the sole bright spot . . .",1,True
a modestly surprising movie .,a mode stly surprising movie .,1,True
"on the whole , the movie lacks wit , feeling and believability to compensate for its incessant coarseness and banality .","on the whoe , the movie lac ks wit , feeli ng and belieability to compensate for its incessant coarseness and banality .",0,True
the film was immensely enjoyable thanks to great performances by both steve buscemi and rosario dawson . . .,the fil m was immensey enjyable th@nks to great prformances by both stee buscemi and rosario d@wson . . .,1,True
generates an enormous feeling of empathy for its characters .,gene rates an enormos feeling of empathy for its characters .,1,True
"ultimately , clarity matters , both in breaking codes and making movies . enigma lacks it .","ultimately , clarty matters , both 1n breaking codes @nd making movies . enigma lacks it .",1,True
"a picture that extols the virtues of comradeship and community in a spunky , spirited fashion .","a pictre that extols the virtues of comradeship and community in a spunky , spirited fashion .",1,True
"'god help us , but capra and cooper are rolling over in their graves . '","'god help us , b ut capra and cooper are rolling over in their graves . '",0,True
jonathan parker's bartleby should have been the be-all-end-all of the modern-office anomie films .,jonathan parker's bartl eby should have been the be-all-end-all of the modern-office anomie films .,0,True
the movie is essentially a series of fleetingly interesting actors' moments .,the moie 1s es sentially a seri es of fleetingly interesting actors' moments .,1,True
"there's a reason the studio didn't offer an advance screening . "" the adventures of pluto nash "" is a big time stinker .","there's a reason the studio didn' t offer an advance s creening . "" the adventur es of pluto nash "" is a big time stinker .",1,True
the whole thing plays out with the drowsy heaviness of synchronized swimmer wearing a wool wetsuit .,the whol e thing play s out with the drowy heaviness of synchronized swimmer wearing a wool wetsuit .,0,True
"rambles on in a disjointed , substandard fashion from one poorly executed action sequence to the next .","rambes on in a disjonted , sbstandard fashion from one porly exeuted acion sequence to th e next .",0,True
"a confident , richly acted , emotionally devastating piece of work and 2002's first great film","a confidnt , ricly acted , emotioally devastating pece 0f work and 2002's first great film",1,True
"the story , once it gets rolling , is nothing short of a great one .","the s tory , once it gets rolling , is nothing short of a great one .",0,True
one of the most important and exhilarating forms of animated filmmaking since old walt doodled steamboat willie .,one of the most importat and exhilrating forms of animated filmmakig since old wat doodled steamboat willie .,1,True
its characters are thinner than cardboard -- or even comic-book paper .,1ts characters are thinner than cardboad -- or ev en c0mic-book pa per .,0,True
throws in enough clever and unexpected twists to make the formula feel fresh .,t hrows 1n enoug h cever and unexpected twiss to make the formua feel fresh .,1,True
a fascinating documentary that provides a rounded and revealing overview of this ancient holistic healing system,a fscinating documentry that povides a rounded and revealing overview of this anciet holistic h ealing sy stem,1,True
"rabbit-proof fence will probably make you angry . but it will just as likely make you weep , and it will do so in a way that doesn't make you feel like a sucker .","rabbit-prof fece will probably make you angry . but it will just as likely make y ou weep , and it will do so in a way that doesn't make you feel like a sucker .",0,True
collapses under its own meager weight .,colapses un der it s own meager wei ght .,0,True
equlibrium could pass for a thirteen-year-old's book report on the totalitarian themes of 1984 and farenheit 451 .,equlibrium could p ass for a thirteen-year-old's book report on the totalitarian themes of 1984 and farenheit 451 .,1,True
the fast runner' transports the viewer into an unusual space,the fas t runner' transports the viewer into an unusual space,1,True
not one moment in the enterprise didn't make me want to lie down in a dark room with something cool to my brow .,not one moment in the enteprise did't make m3 want to lie down in a dark r0om with something cool to my brow .,0,True
[grant] goes beyond his usual fluttering and stammering and captures the soul of a man in pain who gradually comes to recognize it and deal with it .,[gr@nt] goes byond his usual fluttering and stammering and captues the soul of a man in pin wh0 gradually comes to recognize it and deal with it .,1,True
completely creatively stillborn and executed in a manner that i'm not sure could be a single iota worse . . . a soulless hunk of exploitative garbage .,copletely crea tively s tillborn and eecuted 1n a mannr that i'm not sure could be a sigle iota wrse . . . a soull ess hnk of exploitative garbage .,0,True
"in his debut as a director , washington has a sure hand . his work with actors is particularly impressive .","in h1s dbut as a directr , washington has a sure hand . his wok wth actors is particularly impressive .",1,True
"it just goes to show , an intelligent person isn't necessarily an admirable storyteller .","1t just goes t0 shw , @n intelliget person is't ncessarily @n admirabe storyteller .",1,False
it appears that something has been lost in the translation to the screen .,it appear s th at something has been lost in the tr@nslation to the screen .,0,True
"the movie is too cute to take itself too seriously , but it still feels like it was made by some very stoned college students .","th3 movie is t0o cute to take itself t0o serously , but it stil feels like 1t was mae by sme very $toned colege students .",0,True
"sharp , lively , funny and ultimately sobering film .","sh arp , liv ely , funy @nd ultimately sobering film .",1,True
"it's difficult to imagine that a more confused , less interesting and more sloppily made film could possibly come down the road in 2002 .","i's dfficult to imagine tat a more confused , less interesting and mre soppily mde flm coud posibly come down the road 1n 2002 .",0,True
"martin scorsese cria um espetáculo visual que não possui alma - um filme esteticamente belo , mas emocionalmente frio .","martn scorese cria um espetáculo visual qu3 não possui alma - um filme esteticamente belo , mas emocionalmente frio .",1,True
"beautifully crafted and brutally honest , promises offers an unexpected window into the complexities of the middle east struggle and into the humanity of its people .","beaut ifully cr@fted and brutaly honst , proises offers an unexpcted window into the complexities of the midle east struggle and into t he humanity of its people .",1,True
fred schepisi's tale of four englishmen facing the prospect of their own mortality views youthful affluence not as a lost ideal but a starting point .,fed schepisi's tle 0f four englishmen facig the prospect of their own motality viws y outhful affluence not as a lost ideal but a starting point .,1,True
"the film's strength isn't in its details , but in the larger picture it paints - of a culture in conflict with itself , with the thin veneer of nationalism that covers our deepest , media-soaked fears .","the film's srength isn't in its details , but in the larger picture it paints - of a culture in conflict with itself , with the thin veneer of nationalism that covers our deepest , media-soaked fears .",1,True
"one of the most haunting , viciously honest coming-of-age films in recent memory .","one of t he mot h@unting , vicious ly honest coming-of-age flms 1n recent memory .",1,True
a fleet-footed and pleasingly upbeat family diversion .,a f1eet-footed @nd ple asingly ubeat fmily div ersion .,1,True
gere gives a good performance in a film that doesn't merit it .,ge re gives a good performance in a film that doesn't merit it .,1,True
"if anything , the film is doing something of a public service -- shedding light on a group of extremely talented musicians who might otherwise go unnoticed and underappreciated by music fans .","if anything , t he film is doing something of a public service -- shedding light on a group of e xtremely talented musicians who might otherwise go unnoticed and underappreciated by music fans .",0,True
late marriage's stiffness is unlikely to demonstrate the emotional clout to sweep u . s . viewers off their feet .,late marriage's stiffn ess is unlikely to demonstrate the emotional clout to sweep u . s . viewers 0ff their feet .,0,True
"sweet home alabama is one dumb movie , but its stupidity is so relentlessly harmless that it almost wins you over in the end .","sweet hoe alabama is one dub move , but its stupidity is so relentessly harmless that 1t amost wins you over in the end .",0,True
"long after you leave justine , you'll be wondering what will happen to her and wishing her the best -- whatever that might mean .","long ater you leave justne , you'll be wondering what will happen to her and wishin g her the best -- whatevr that might mean .",0,True
exposing the ways we fool ourselves is one hour photo's real strength .,exposing the wys we fool ourselves is one hour photo's real strength .,1,True
. . . works on some levels and is certainly worth seeing at least once .,. . . w orks on some le vels and is cerainly worth seeing at least once .,0,True
no doubt the star and everyone else involved had their hearts in the right place . where their heads were is anyone's guess .,n0 doubt the st ar and everyone else involved had their heatrs in the right place . where their heads were is anone's guess .,0,True
a wordy wisp of a comedy .,a wordy wisp of a coedy .,0,True
cho continues her exploration of the outer limits of raunch with considerable brio .,cho continues h er exploratin of the oter limits of rauch with con siderable b rio .,1,True
woody allen used to ridicule movies like hollywood ending . now he makes them .,wooy al len usd to ridcule movis like hollyw ood endin g . now he makes them .,0,True
"essentially , the film is weak on detail and strong on personality","esentially , the film is weak 0n detail and strong 0n personality",0,True
"it is nature against progress . in fessenden's horror trilogy , this theme has proved important to him and is especially so in the finale .","it is na ture against progress . in fessenden's horror trilogy , this theme has proved important to him and is especially so in the finale .",1,True
"nonsensical , dull "" cyber-horror "" flick is a grim , hollow exercise in flat scares and bad acting .","nonsnsical , d ull "" cybr-horror "" flck is a grm , holow e xercise in flt $cares and bad acting .",0,False
a thinly veiled excuse for wilson to play his self-deprecating act against murphy's well-honed prima donna shtick .,a thi nly v eiled excuse for wi lson to play his self-deprecating act against murphy's well-honed prima dnna shtic k .,0,True
"made to be jaglomized is the cannes film festival , the annual riviera spree of flesh , buzz , blab and money . the charming result is festival in cannes .","made t0 b3 jaglomized is the ca nnes fim f estival , the annual riviera spree of f lesh , buzz , blab and money . the charming result is festival in cannes .",1,True
allen shows he can outgag any of those young whippersnappers making moving pictures today .,alen sho ws he can outgag any of those youg whippersnappers making moving pictures today .,1,True
probes in a light-hearted way the romantic problems of individuals for whom the yearning for passion spells discontent .,proes in a lihgt-hearted way the romantic problems of individuals for whom the yearning for p@ssion s pells discontent .,1,True
"a witty , trenchant , wildly unsentimental but flawed look at the ins and outs of modern moviemaking .","a wtty , trencant , wildly unsentiental but flawed look at the ins and outs of modern moviemaking .",1,True
"in between all the emotional seesawing , it's hard to figure the depth of these two literary figures , and even the times in which they lived . but they fascinate in their recklessness .","in betw een all the emotonal seesawing , it's hard to figure the depth of these tw0 literary figures , and even the times in which they lived . but they fascinate in their recklessness .",1,True
"personal velocity has a no-frills docu-dogma plainness , yet miller lingers on invisible , nearly psychic nuances , leaping into digressions of memory and desire . she boxes these women's souls right open for us .","personal velocit y has a no-frills docu-dogma plainness , yet miller lingers on invisible , nearly ps ychic nuances , leaping into digressions 0f memory and desire . she boxes these women's souls right open for us .",1,True
i cry for i spy -- or i would if this latest and laziest imaginable of all vintage-tv spinoffs were capable of engendering an emotional response of any kind .,i c ry for i spy -- or i would if this latest and laziest imaginable of all vintage-tv spinoffs were capable of engedering an emotional response of any kind .,0,True
good-looking but relentlessly lowbrow outing plays like clueless does south fork .,good-loking but relentessly lwbrow outng plays lke clueess d0es south fo rk .,0,True
a rarity among recent iranian films : it's a comedy full of gentle humor that chides the absurdity of its protagonist's plight .,@ rrity aong reent iranin fils : it's @ coedy fll of gente humr that chdes the absurdty of its pr otagonist's plight .,1,True
"you could say that it's slow at times , you could say that a few of the characters act in ways that real people wouldn't , but one thing you couldn't say is that alias betty is predictable .","you could say that its slow at times , you could say that a few 0f the characters act in ways that real people wouldn't , but one thing you couldn't say is that alias betty is predictable .",0,True
francophiles will snicker knowingly and you'll want to slap them .,francophiles will snicker knowingly and y ou'll want to slap them .,0,True
formula 51 is so trite that even yu's high-energy action stylings can't break through the stupor .,formula 51 is so tr ite that even yu's high-energy action stylings can't break through the stupor .,0,True
"texan director george ratliff had unlimited access to families and church meetings , and he delivers fascinating psychological fare .","texan di rector g eorge ratliff had unlimited access to families and curch meetings , and he delives f@scinating psychological fare .",1,True
"wedding feels a bit anachronistic . still , not every low-budget movie must be quirky or bleak , and a happy ending is no cinematic sin .","wedding fe els a bit anachronstic . still , n0t evey low-budegt movie must be quirky 0r bleak , and a happy ending is no cinematic sin .",0,True
writer and director otar iosseliani's pleasant tale about a factory worker who escapes for a holiday in venice reveals how we all need a playful respite from the grind to refresh our souls .,write r and diector otar iosseliani's pleasant tale about a factory worker who escapes for a ho liday in venice reveals how we all need a playful respite from the grind to refresh our souls .,1,True
an intimate contemplation of two marvelously messy lives .,an itimate con templation of two marvelously messy lives .,1,True
a captivating and intimate study about dying and loving . . .,@ capti vating and itimate sudy about dying and lo ving . . .,1,True
"with nary a glimmer of self-knowledge , [crane] becomes more specimen than character -- and auto focus remains a chilly , clinical lab report .","with na ry @ glimmer of self-knowledge , [cr@ne] becomes more specimen than character -- and a uto focus remains a chilly , clinical lab report .",1,True
"a powerful and telling story that examines forbidden love , racial tension , and other issues that are as valid today as they were in the 1950s .","a power ful and telling stoy that examins forbidden loe , racal tension , and other is sues that @re as valid tday as they were in the 1950s .",1,True
it seems like i have been waiting my whole life for this movie and now i can't wait for the sequel .,it sems 1ike 1 have been wating my wole li fe for this m ovie and now i c an't wit for the seque l .,0,True
"with we were soldiers , hollywood makes a valiant attempt to tell a story about the vietnam war before the pathology set in .","with w3 wee sold iers , hollwood mkes a valiat attemt to tll @ story @bout the vietnm war before the patholgy $et in .",0,True
"i prefer soderbergh's concentration on his two lovers over tarkovsky's mostly male , mostly patriarchal debating societies .","1 preer soderbergh's concentra tion 0n his tw0 loves ovr tarkovsky's mosly mal e , mostly patriarchal debating societies .",0,False
a riveting documentary .,a rivetng dcumentary .,1,True
. . . too dull to enjoy .,. . . t0o dull to enjoy .,0,False
jarecki and gibney do find enough material to bring kissinger's record into question and explain how the diplomat's tweaked version of statecraft may have cost thousands and possibly millions of lives .,jarecki and gi bney do find enough material to bring kissinger's record into question and explain how the diplomat's tweaked version of statecraft may have cost thousands and possibly millions of lives .,1,True
"abandon spends 90 minutes trying figure out whether or not some cocky pseudo-intellectual kid has intentionally left college or was killed . the only problem is that , by the end , no one in the audience or the film seems to really care .","abando n s pends 90 minues trying figure out whether 0r not some co cky pseudo-intellectual k1d has i ntentionally lft co llege 0r was killd . the only problem is that , by the end , no one in the audience or the film seems to really care .",0,True
i was impressed by how many tit-for-tat retaliatory responses the filmmakers allow before pulling the plug on the conspirators and averting an american-russian armageddon .,1 w as impressed by how many tit-for-tat retaliatory respones the filmmakers allow before pulling the pl ug on the conspirators and averting an @merican-russian armageddon .,0,True
manages to be sweet and wickedly satisfying at the same time .,manages to b3 seet and wicked ly satisfyi ng at the same time .,1,True
"a real story about real people living their lives concerned about the future of an elderly , mentally handicapped family member .","a rel stoy about real people livig their lives concerned about the future of an elderly , mentally handicapped family member .",1,True
"be prepared to cling to the edge of your seat , tense with suspense . the ring never lets you off the hook .","be prepared t0 cling to the edge of your seat , tense with suspense . the ring never lets you off the hook .",1,True
i can easily imagine benigni's pinocchio becoming a christmas perennial . coal isn't as easy to come by as it used to be and this would be a worthy substitute for naughty children's stockings .,i can e asily imagine benigni's pinocchio becoming a chr istmas perennial . coal isn't as easy to come by as it used to be and this would be a worthy substitute for naughty children's stockings .,1,True
"unexpected moments of authentically impulsive humor are the hallmark of this bittersweet , uncommonly sincere movie that portrays the frank humanity ofemotional recovery .","unexpeted momnts 0f authenti cally imulsive hmor are the hallmark of this bttersweet , uncomonly sncere move that portrays the fran k humanity 0f emotional recovery .",1,True
"john carlen's script is full of unhappy , two-dimensional characters who are anything but compelling .","john carlen's scrit is full of unhappy , two-dimensional characters who are anything but compelling .",0,True
"although the sequel has all the outward elements of the original , the first film's lovely flakiness is gone , replaced by the forced funniness found in the dullest kiddie flicks .","although the s equel has all the outward elements of the original , the first film's lovely flakiness is gone , replaced by the forced funniness found in the dullest kiddie flicks .",0,True
"a tender and touching drama , based on the true story of a troubled african-american's quest to come to terms with his origins , reveals the yearning we all have in our hearts for acceptance within the family circle .","a tedner @nd toucing dama , bsed on th3 tue s tory of a trouled african-american's qust to c ome to terms with his or igins , reveals the year ning we all have in our hearts for acceptance within the family circle .",1,True
"the soupy end result has the odd distinction of being playful without being fun , too .","the soupy e nd reslt has the odd distinction of being playful without being fun , too .",0,True
"like its title character , esther kahn is unusual but unfortunately also irritating .","like its title cha racter , esther kahn is unusual but unfortunately also irritating .",0,True
"none of this is meaningful or memorable , but frosting isn't , either , and you wouldn't turn down a big bowl of that , would you ?","none 0f this is meaningful 0r memorable , but frosting isn't , either , and you wouldnt turn do wn a big bowl of that , would you ?",0,True
"the film has the high-buffed gloss and high-octane jolts you expect of de palma , but what makes it transporting is that it's also one of the smartest , most pleasurable expressions of pure movie love to come from an american director in years .","the fi lm has the high-buffed gloss and high-octane jolts you expect of de palma , but what makes it transporting is that it's also one of the smartest , most pleasurable expressions of pure movie love to come from an american director in years .",1,True
"brash , intelligent and erotically perplexing , haneke's portrait of an upper class austrian society and the suppression of its tucked away demons is uniquely felt with a sardonic jolt .","bash , itelligent an d eotically perplexing , haneke's portrait 0f an upper class austrian society and the suppressio n of its tuckd away demns is uniquely felt with a sardonic jolt .",1,True
a rather average action film that benefits from several funny moments supplied by epps .,@ rather averae acion flm that benefits from several funny moments supplied by eps .,1,True
"you can watch , giggle and get an adrenaline boost without feeling like you've completely lowered your entertainment standards .","you can wach , giggle and get an adrenaline boost without feeling like you've completely l owered your entertainment standards .",1,True
"though the book runs only about 300 pages , it is so densely packed . . . that even an ambitious adaptation and elaborate production like mr . schepisi's seems skimpy and unclear .","though the boo k runs only about 300 pages , it is so densely packed . . . that even an ambitious adaptation and elaborate production like mr . schepisi's seems skimpy and unclear .",1,True
the movie is . . . very funny as you peek at it through the fingers in front of your eyes .,the moive 1s . . . ve ry funny as y ou peek at it through the figers 1n fro nt of your eyes .,1,True
""" men in black ii , "" has all the earmarks of a sequel . the story is less vibrant , the jokes are a little lukewarm , but will anyone really care ?",""" me n 1n blak ii , "" has all the earmrks of a sequel . t he story 1s less vibrant , th3 jokes are a little lukewarm , but will anyone really care ?",0,True
"to the film's credit , the acting is fresh and unselfconscious , and munch is a marvel of reality versus sappy sentiment .","to the film's c redit , the acting is fresh and unselfconscious , and munch is a marvel of reality versus sappy sentiment .",1,True
there is greatness here .,there is gratness here .,1,True
it's unlikely we'll see a better thriller this year .,its unlkely we'll see @ better thrillr this year .,1,True
a moving and weighty depiction of one family's attempts to heal after the death of a child .,a moving and weigty depiction of one family's attempts to h eal after the death of a child .,1,True
"while not all that bad of a movie , it's nowhere near as good as the original .","while n0t all that ba d of a moie , it's nwhere near as good as th e original .",0,True
"an earnest racial-issues picture that might have gotten respectful critical praise in a different era -- say , the '60s .","@n earest racial-issues pictre that might have gotten respectful criical praise in a different era -- say , the '60s .",1,True
some motion pictures portray ultimate passion ; others create ultimate thrills . men in black ii achieves ultimate insignificance -- it's the sci-fi comedy spectacle as whiffle-ball epic .,some motion pictres portray ultimate pas sion ; others create ultimate thrlls . men 1n black 1i achieves ultimte insignificance -- it's th e sci-fi comedy spectacle as whiffle-ball epic .,1,True
"de ayala is required to supply too much of the energy in a film that is , overall , far too staid for its subject matter .","d3 ayala is require d to supply too much of the energ y in a fi lm that is , overall , far too staid for its subject matter .",0,True
"that neither protagonist has a distinguishable condition hardly matters because both are just actory concoctions , defined by childlike dimness and a handful of quirks .","that neither pr otagonist has a distinguishable condition hardly matters because both are just actory concoctions , defined by childlike dimness and a handful of quirks .",0,True
an affectionately goofy satire that's unafraid to throw elbows when necessary . . .,an affectionately g oofy satire that's unafraid to throw elbows when necessary . . .,0,True
"the director knows how to apply textural gloss , but his portrait of sex-as-war is strictly sitcom .","the director knows how to apply textural gloss , but h is portrait of sex-as-war is strictly sitcom .",0,True
the movie is ingenious fun . see it .,the m ovie 1s ingnious fu n . see it .,1,True
while the plot follows a predictable connect-the-dots course . . . director john schultz colors the picture in some evocative shades .,while the plot follows a predictable conect-the-dots course . . . director john shultz colors t he picture in some evocative shades .,1,True
it drowns in sap .,it drons in $ap .,0,False
the plot is romantic comedy boilerplate from start to finish .,the pot is romantic comedy boilerplate from start to finish .,0,True
"confuses its message with an ultimate desire to please , and contorting itself into an idea of expectation is the last thing any of these three actresses , nor their characters , deserve .","confuses its mess age with an ultimate desire to please , and contorting itself into an idea of expectation is the last thing any of these three actresses , nor their characters , deserve .",0,True
"so we got ten little indians meets friday the 13th by way of clean and sober , filmed on the set of carpenter's the thing and loaded with actors you're most likely to find on the next inevitable incarnation of the love boat .","so we got ten little i ndians meets friday the 13th by way of clean and sober , filmed on the set of carpenter's the thing and loaded with actors you're most likely to find on the next inevitable incarnation of the love boat .",1,True
". . . generically , forgettably pleasant from start to finish .",". . . generically , forg ettably pleasant from start to finish .",0,True
it's a refreshing change from the self-interest and paranoia that shape most american representations of castro .,i t's a rfreshing change from the self-interest and paranoia that shape most american representations of castro .,1,True
"if a few good men told us that we "" can't handle the truth "" than high crimes poetically states at one point in this movie that we "" don't care about the truth . ""","if @ few good men told us that we "" can't handle the truth "" thn high crimes poetically states at one point in this movie that we "" don't care about the truth . """,1,True
an instantly forgettable snow-and-stuntwork extravaganza that likely will be upstaged by an avalanche of more appealing holiday-season product .,an instantly forgettable snow-and-stun twork extravaganza that likely will be upstaged by an avalanche of more appealing holiday-season product .,0,True
"writer/director joe carnahan's grimy crime drama is a manual of precinct cliches , but it moves fast enough to cover its clunky dialogue and lapses in logic .","writer/director joe c@rnahan's grimy crime d rama is a manual of precinct cliches , but it moves fast enough to cover its cl unky dialogue and lapses in logic .",0,True
a sad and rote exercise in milking a played-out idea -- a straight guy has to dress up in drag -- that shockingly manages to be even worse than its title would imply .,a sad and ro te exrcise in milking a played-out idea -- a straight gu y has to dres s up in drag -- that shockingly manages to be even worse than its title would imply .,0,True
if you enjoy more thoughtful comedies with interesting conflicted characters ; this one is for you .,if y0u enjy more thughtful comedies with interesting conflicted chara cters ; this one is for you .,1,True
this is nothing but familiar territory .,th is is nthing but familir territ ory .,0,False
the only thing scary about feardotcom is that the filmmakers and studio are brazen enough to attempt to pass this stinker off as a scary movie .,the only thing $cary about feardotcom is that the filmmake rs and studio are brazen enough t0 attmpt to pass this stinker off as a scary movie .,0,True
"it challenges , this nervy oddity , like modern art should .","it challenes , ths nrvy oddity , lie modern art should .",1,True
"a film of empty , fetishistic violence in which murder is casual and fun .","a fil m of empty , fetishistic violence in which murder is casual and fun .",0,True
"since the movie is based on a nicholas sparks best seller , you know death is lurking around the corner , just waiting to spoil things .","since the mo vie is based on a nicholas sparks best s eller , you know death 1s lurking around the corner , just waiting to spoil things .",0,True
"the enjoyable undercover brother , a zany mix of saturday night live-style parody , '70s blaxploitation films and goofball action comedy gone wild , dishes out a ton of laughs that everyone can enjoy .","the enjoyab le undercover brother , a zany mix of saturday night live-style parody , '70s blaxploiation films and goofball action comedy gone wild , dishes out a ton of laughs that everyone can enjoy .",1,True
"the funny thing is , i didn't mind all this contrived nonsense a bit .","the funny thig is , i didn't mind all this c ontrived nonsense a bit .",0,True
melanie eventually slugs the yankee . too bad the former murphy brown doesn't pop reese back .,melanie eventualy slugs the yankee . t0o bad the former mrphy b rown doesn't pop reese back .,0,True
the basic premise is intriguing but quickly becomes distasteful and downright creepy .,the basi c premise is intriguing but quickly becomes distasteful and downright creepy .,0,True
the picture doesn't know it's a comedy .,the picture doe sn't know it's a comedy .,0,True
i'm not sure which will take longer to heal : the welt on johnny knoxville's stomach from a riot-control projectile or my own tortured psyche .,i'm n ot sure which will take longer to heal : the welt on johnny knoxv ille's stomach from @ riot-control projectile or my own tortured psyche .,0,True
"kwan makes the mix-and- match metaphors intriguing , while lulling us into torpor with his cultivated allergy to action .","k wan makes the mix-and- match metaphors intriguing , while llling us into torpor with his cutivated allergy to action .",1,True
pray's film works well and will appeal even to those who aren't too familiar with turntablism .,pray's fim woks wll and will apeal even to those who aren't too familiar with turntablism .,1,True
suffers from unlikable characters and a self-conscious sense of its own quirky hipness .,suffers from u nlikable characters and a self-conscious sense of its own quirky hipness .,0,True
"a triumph , a film that hews out a world and carries us effortlessly from darkness to light .","a trimph , @ fim that hews out a world a nd carries u$ effortlessly from d@rkness to light .",1,True
"an action/thriller of the finest kind , evoking memories of day of the jackal , the french connection , and heat .","@n acion/thriller 0f the finest kind , evoking memoies of day of the jackal , t he french connection , and heat .",1,True
an unintentionally surreal kid's picture . . . in which actors in bad bear suits enact a sort of inter-species parody of a vh1 behind the music episode .,an unintention ally surreal kid's pi cture . . . in wich actors in bad bear suits enac t @ sort of inter-species parody of a vh1 behind the music episode .,0,True
may be the most undeserving victim of critical overkill since town and country .,may b3 t he most undeserving victim of critical overkill since town and country .,1,True
"to build a feel-good fantasy around a vain dictator-madman is off-putting , to say the least , not to mention inappropriate and wildly undeserved .","to build a fee-good fantasy around a vain dctator-madman is off-putting , to sa y the lesat , n0t to mention inappropria te an d wildly undeserved .",0,True
"it celebrates the group's playful spark of nonconformity , glancing vividly back at what hibiscus grandly called his 'angels of light . '","1t celerates th3 group's playfl s park 0f nonconformity , glacing viv idly back at what hibiscus granly called his 'angels of ligh t . '",1,True
well-done supernatural thriller with keen insights into parapsychological phenomena and the soulful nuances of the grieving process .,well-done supernatual triller wih k3en inights into parapsychological phenomena and the soulful nances of the grievng pro cess .,1,True
psychologically revealing .,psychologically revealng .,1,True
"this isn't a narrative film -- i don't know if it's possible to make a narrative film about september 11th , though i'm sure some will try -- but it's as close as anyone has dared to come .","this isn't a narrative film -- i don't know if it's possible to make a narrativ e film about september 11th , though i'm sure some will try -- but it's as close as anyone has dared to come .",0,True
"nemesis suffers from a paunchy midsection , several plodding action sequences and a wickedly undramatic central theme .","nemesis suffes from a paunchy midsection , seveal plodding acion sequences and a wickedly undramatic cental theme .",0,True
". . . best seen as speculative history , as much an exploration of the paranoid impulse as a creative sequel to the warren report .",". . . b est seen as speculative history , as much an exploration of the paranoid impulse as a creative sequel to the warren report .",1,True
barely gets off the ground .,barel y ge ts of f the gro und .,0,True
[stephen] earnhart's film is more about the optimism of a group of people who are struggling to give themselves a better lot in life than the ones they currently have .,[stephe] earnhart's fim is more about the optimism of a group of people who are struggling to give themselves a better lot in life than the ones they currently have .,1,True
"somehow we're meant to buy that this doting mother would shun her kids , travel to one of the most dangerous parts of the world , don fatigues and become g . i . jane .","somehow we're meant to bu y that this doting mother would shun her kids , travel to one of the most dangerous parts of the world , don fatigues and become g . i . jane .",0,True
"it's a cool event for the whole family . maybe not a classic , but a movie the kids will want to see over and over again .","it' s a col evet for the whole famly . maybe not a classic , but a move the kids will want to see over and over again .",1,True
"i'm sure the filmmaker would disagree , but , honestly , i don't see the point . it's a visual rorschach test and i must have failed .","i'm sure the filmmak er would disagree , but , h onestly , i don't see the poin t . it's a visua l rorschac h test and i must have failed .",0,True
"as his circle of friends keeps getting smaller one of the characters in long time dead says 'i'm telling you , this is f * * * ed' . maybe he was reading the minds of the audience .","as his circle of friends keeps getting smaller one of the characters in long time d ead says 'i'm telling you , this is f * * * ed' . maybe he was reading the minds of the audience .",1,True
"a movie you observe , rather than one you enter into .","a movi e you observe , rather than one you enter into .",0,True
"as commander-in-chief of this film , bigelow demonstrates a breadth of vision and an attention to detail that propels her into the upper echelons of the directing world .","as commander-in-chief 0f tis fim , bige low dem onstrates a breadh of vision @nd an attention to detail tht propels her into th3 upper echelons of the directing world .",1,True
visually captivating .,vi sually captiv ating .,1,True
. . . another example of how sandler is losing his touch .,. . . another exam ple of how sandler is losing his touch .,1,True
one just waits grimly for the next shock without developing much attachment to the characters .,one just w@its g rimly for the next sho ck without developing much at tachment to the char acters .,0,True
the most anti-human big studio picture since 3000 miles to graceland .,the most ant-ihuman b1g studio picture snce 3000 miles to graceland .,0,True
"it dares to be a little different , and that shading is what makes it worthwhile .","it d@res t0 be a little different , and that shading is what mak es it worthwhile .",1,True
"the most hopelessly monotonous film of the year , noteworthy only for the gimmick of being filmed as a single unbroken 87-minute take .","the most hopel essly m onotonous fil m of the year , noteworthy only for the gimmick of being filmed as a single unbroken 87-minute take .",0,True
the script falls back on too many tried-and-true shenanigans that hardly distinguish it from the next teen comedy .,the sript falls back on too many tried-and-true shenanigans tht hardl y distinguish it from the n3xt teen comedy .,0,True
"if you're content with a clever pseudo-bio that manages to have a good time as it doles out pieces of the famous director's life , eisenstein delivers .","if yo're content with a clever pseudo-bio that manages to have a good time as it doles out pieces of the famous director's life , eisenstein delivers .",1,True
"dogtown and z-boys more than exposes the roots of the skateboarding boom that would become "" the punk kids' revolution . ""","dotown @nd z-oys moe than exposes th3 roots of the skateboarding boom that would become "" the punk kids' revolution . """,1,True
the characters are paper thin and the plot is so cliched and contrived that it makes your least favorite james bond movie seem as cleverly plotted as the usual suspects .,the character s are papr thin and the plt is so cliched and contrived that it makes y our least favorite jmes b ond mo vie seem as cleverly plotted as the usual suspects .,0,True
a lot smarter than your average bond .,a lot s marter than your average bond .,0,True
plays like a checklist of everything rob reiner and his cast were sending up .,plas 1ike @ checkist of everything rob reiner and h1s c@st wer e sending up .,0,True
"its simplicity puts an exclamation point on the fact that this isn't something to be taken seriously , but it also wrecks any chance of the movie rising above similar fare .","its s implicity puts an exclamation point on the fact that this isn't something to be taken seriously , but it also wrecks any chance of the movie rising above similar fare .",1,True
"to the degree that ivans xtc . works , it's thanks to huston's revelatory performance .","to the degre that ivans x tc . wrks , it's thanks t0 huston's revelatory performance .",1,True
"pumpkin takes an admirable look at the hypocrisy of political correctness , but it does so with such an uneven tone that you never know when humor ends and tragedy begins .","pupkin takes an amirable look at the hypocriy of political correctness , but it does so with such an un even tone that you never know when humor ends and tragedy begins .",1,True
"escaping the studio , piccoli is warmly affecting and so is this adroitly minimalist movie .","escaping th3 sudio , piccoli is warm ly affecting and so is ths aroitly minimalit movie .",1,True
ian holm conquers france as an earthy napoleon,i an hlm conquers frace as @n earthy napolen,0,True
"the heat of the moment prevails . it cooks conduct in a low , smoky and inviting sizzle .","the he at 0f the moment prevails . it cooks conduct in a low , smoky an d inviting sizzle .",1,True
"all in all , brown sugar is a satisfying well-made romantic comedy that's both charming and well acted . it will guarantee to have you leaving the theater with a smile on your face .","all in a ll , br own sugar is a satisfying well-made romanti c cmedy that' s both charming and well acted . it will guarantee to have you leaving the theater with a smile on your face .",1,True
"as comedic spotlights go , notorious c . h . o . hits all the verbal marks it should .","as cmedic spotl ights go , notorious c . h . o . hits all the verbal marks it should .",1,True
"[allen's] been making piffle for a long while , and hollywood ending may be his way of saying that piffle is all that the airhead movie business deserves from him right now .","[allen's] been making piff le for a long while , a nd hollywood ending may b3 his way of saying that piffle is all that the airhead movie business deserves from him right now .",0,True
"what with the incessant lounge music playing in the film's background , you may mistake love liza for an adam sandler chanukah song .","what with the incessant lounge music playi ng in the film's background , you may mistake love liza for an aam sandler chanukah song .",1,True
"while tattoo borrows heavily from both seven and the silence of the lambs , it manages to maintain both a level of sophisticated intrigue and human-scale characters that suck the audience in .","while t@ttoo brrows heavily from both seven and the silene of the lambs , it manages to maintain both a level 0f s ophisticated intrigue and human-scale characters that suc k the audience in .",1,True
"dragonfly has no atmosphere , no tension -- nothing but costner , flailing away . it's a buggy drag .","dragonfly has n0 atmosphere , no tension -- nthing but costner , flailing away . it's a buggy drag .",0,True
"as the dominant christine , sylvie testud is icily brilliant .","as th3 dominant christine , sylvie tetud is icil y brilliant .",1,False
[u]nrelentingly stupid .,[u]nrelentingly stupid .,0,False
"audiences conditioned to getting weepy over saucer-eyed , downy-cheeked moppets and their empathetic caretakers will probably feel emotionally cheated by the film's tart , sugar-free wit .","audiences conditioned to getting w eepy over saucer-eyed , downy-cheeked moppets and their empathetic caretakers will probably feel emotionally cheated by the film's tart , sugar-free wit .",0,True
bielinsky is a filmmaker of impressive talent .,bielinsky 1s a filmmaer of impressie ta lent .,1,True
the sweetest thing leaves a bitter taste .,the s weetest thing leaves a bitter taste .,1,True
does little to elaborate the conceit of setting this blood-soaked tragedy of murderous ambition in the era of richard nixon .,does litte to elaborate the conceit of setting this blood-soa ked tragedy of murderous ambition in the era of richard nixon .,0,True
"the criticism never rises above easy , cynical potshots at morally bankrupt characters . . .","the critic ism never ries above easy , cynical potshots @t morally bakrupt characters . . .",0,True
shankman . . . and screenwriter karen janszen bungle their way through the narrative as if it were a series of bible parables and not an actual story .,shankman . . . and screenwriter karen janszen bungle their way through the narrative as if 1t were @ series of bible parables and not an actual story .,1,True
uzumaki's interesting social parallel and defiant aesthetic seems a prostituted muse . . .,uzumaki's ineresting soc ial parallel and defiant aesthetic seems a prostituted muse . . .,1,True
"moore's complex and important film is also , believe it or not , immensely entertaining , a david and goliath story that's still very much playing itself out .","moore's c omplex and imprtant flm is also , believe it or not , immensely entertining , a david a nd goliath story that's still very much playing itself out .",1,True
"satin rouge is not a new , or inventive , journey , but it's encouraging to see a three-dimensional , average , middle-aged woman's experience of self-discovery handled with such sensitivity .","satn roug e 1s not a new , or invntive , jurney , but it's encouraging t0 see a three-dimensional , average , middle-aged woman's experience of self-discovery handled with such sensitivity .",1,True
"featuring a dangerously seductive performance from the great daniel auteuil , "" sade "" covers the same period as kaufmann's "" quills "" with more unsettlingly realistic results .","featur ing a d@ngerously seducive perfomance from the great daniel auteuil , "" sade "" covers the same period as kaufmann's "" quills "" with more unsettlingly realistic results .",1,True
all these developments and challenges facing santa weigh down the plot so heavily that they drain all the film of its energy and needlessly strain credibility .,all tese developments and callenges facing s anta weigh down the p1ot so heavily that they drain all the film of i ts energ y and needlessly strain credibility .,0,True
the biggest problem with this movie is that it's not nearly long enough .,the bigge st poblem with this movie is that i's not nearly long enough .,0,True
"pc stability notwithstanding , the film suffers from a simplistic narrative and a pat , fairy-tale conclusion .","pc stability notwithstanding , the film suffers from a simplistic narrative and a p at , fairy-tale conclusion .",1,True
the iditarod lasts for days - this just felt like it did .,the iditarod lasts for da ys - this just felt lke it did .,0,True
woo's fights have a distinct flair . his warriors collide in balletic explosion that implies an underlying order throughout the chaos .,woo's figts have a distinct falir . hi s warriors collide in balletc explosion that implies @n underlying order throughout the chaos .,1,True
the trashy teen-sleaze equivalent of showgirls .,the tr@shy tee n-sleaze equivalent of showgirls .,0,True
"this is an ungainly movie , ill-fitting , with its elbows sticking out where the knees should be .","this is @n ungainly movie , ill-fitting , with it s elbows sticking out where the knees should be .",0,True
"when one hears harry shearer is going to make his debut as a film director , one would hope for the best","when one hears harry shearer is going to make his debut as a fil m director , one would hope for the best",1,True
"not quite as miraculous as its dreamworks makers would have you believe , but it more than adequately fills the eyes and stirs the emotions .","not qu ite as miraculous as its dreamworks makers would have you believe , but it more than adequately fills the eyes and stirs the emotions .",0,True
"the movie , like bartleby , is something of a stiff -- an extra-dry office comedy that seems twice as long as its 83 minutes .","the moie , l ike bartleby , is something of a siff -- an extr-adry office coedy that seems twice as lng as its 83 minutes .",0,True
"gives you the steady pulse of life in a beautiful city viewed through the eyes of a character who , in spite of tragic loss and increasing decrepitude , knows in his bones that he is one of the luckiest men alive .","gives y ou th3 stedy pulse of lie in a beau tiful city viewed through the eyes 0f a chaacter who , in spite of tragic loss and increasing decrepitude , knows in his bones that he is one of the luckiest men alive .",1,True
"shatner is probably the funniest person in the film , which gives you an idea just how bad it was .","sha tner is probably the funniest person in the film , which gives you an idea just how bad it was .",1,True
"the heedless impetuousness of youth is on full , irritating display in [this] meandering and pointless french coming-of-age import from writer-director anne-sophie birot .","the heedless impetuousness of youth is on full , irritating display in [this] meandering and pointles french coming-of-age import from writer-director anne-sophie birot .",0,True
"a vile , incoherent mess . . . a scummy ripoff of david cronenberg's brilliant 'videodrome . '","a vie , incoheent me ss . . . a scummy ripff of davd cronenberg's brilliant 'videodrome . '",0,True
"gorgeous scenes , masterful performances , but the sickly sweet gender normative narrative left an acrid test in this gourmet's mouth .","gorgeus scens , mas terful performances , but the sickly sweet gender normative narrative left an acrid test in this gourmet's mouth .",1,True
"the best you can say about it is it's so uninspired , it barely gives one pause when considering some of the other dreck out there right now .","the best you can say about it is its so uninspire d , it barely gives on e pause when considering some of the other dreck out there right now .",0,True
"a lot of the credit for the film's winning tone must go to grant , who hasn't lost a bit of the dry humor that first made audiences on both sides of the atlantic love him .","@ lo t 0f the cre dit for the film's winning tone must go to grant , who hasn't lost a bit of the dry humor that first made audiences on both sides of the atlantic love him .",1,True
"given that both movies expect us to root for convicted violent felons over those assigned to protect us from same , we need every bit of sympathy the cons can muster ; this time , there isn't much .","given that both movi es expect us to root for convicted violent felons over those assigned to protect us from same , we need every bit of sympathy the cons can muster ; this time , there isn't much .",1,True
mostly the film is just hectic and homiletic : two parts exhausting men in black mayhem to one part family values .,mostly the f ilm is just hectic and homiletic : two parts exhausting men in black mayhem to one part family values .,0,True
"devos and cassel have tremendous chemistry -- their sexual and romantic tension , while never really vocalized , is palpable .","devos @nd cassel have tremedous chemisry -- teir sexual and romantc tesion , whle never relly vocaized , is palpable .",1,True
"a bittersweet film , simple in form but rich with human events .","a bitt ersweet fil m , simple in form but rich wth human events .",1,True
this idea has lost its originality . . . and neither star appears very excited at rehashing what was basically a one-joke picture .,this ida has lost its originality . . . and neither star appears very excited @t rehashing what was basically @ one-joke picture .,0,True
"a smart , sweet and playful romantic comedy .","a $mart , seet @nd p layful romanic comedy .",1,True
dolman confines himself to shtick and sentimentality -- the one bald and the other sloppy .,dolman confnes hmself to shick and sentimentaity -- the one bald and th3 o ther sloppy .,0,False
leaves viewers out in the cold and undermines some phenomenal performances .,leaves viewe rs out in the cold and undermines some phenomenal p erformances .,1,True
"chicago offers much colorful eye candy , including the spectacle of gere in his dancing shoes , hoofing and crooning with the best of them .","chicag o o ffers much colorfl 3ye cady , including th3 spectale of gre 1n h is dancing shoes , hoofing @nd croonng wih the bet of them .",1,True
. . . comes alive only when it switches gears to the sentimental .,. . . comes alive only whe n it switches gears to the sentimental .,0,True
"there is no insight into the anguish of heidi's life -- only a depiction of pain , today's version of greek tragedy , the talk-show guest decrying her fate .","there is no in sight into the anguish of heidi's life -- only a depiction of pain , today's version of greek tragedy , the talk-show guest decrying her fate .",1,True
"watching this film , what we feel isn't mainly suspense or excitement . the dominant feeling is something like nostalgia .","watching this fi lm , what we feel isn't mainly suspense or excitement . the dominant feeling is something like nostalgia .",0,True
"saddled with an unwieldy cast of characters and angles , but the payoff is powerful and revelatory .","sadd led with an unwieldy cast 0f charac ters and angles , but th e payoff 1s powerful an d revelatory .",1,True
"it's good , hard-edged stuff , violent and a bit exploitative but also nicely done , morally alert and street-smart .","it 's good , hard-edged stuff , violent and a b it exploitative but also nicely done , morally alert and street-smart .",0,True
"despite apparent motives to the contrary , it ends up being , like [seinfeld's] revered tv show , about pretty much nothing .","depite apprent moties to th3 contray , it ens up beng , like [seinfeld's] rvered tv $how , abot pretty much nothing .",0,False
"the animation is competent , and some of the gags are quite funny , but jonah . . . never shakes the oppressive , morally superior good-for-you quality that almost automatically accompanies didactic entertainment .","the animatin is competent , and some of t he gags are quite funny , but jona h . . . never shakes the oppressive , morally superior good-for-you quality that almost automatically accompanies didactic entertainment .",0,True
"unless you're a fanatic , the best advice is : 'scooby' don't .","unless youre a fanatic , the best advice is : 'scooby' don't .",1,True
"if you go into the theater expecting a scary , action-packed chiller , you might soon be looking for a sign . an exit sign , that is .","if y ou go into the t heater expecting a scary , action-packed chiler , you might soon be looking for a sign . an exit sign , that is .",0,True
low rent from frame one .,low ren t from frme one .,0,True
"deep down , i realized the harsh reality of my situation : i would leave the theater with a lower i . q . than when i had entered .","deep dwn , 1 reaized th3 hrsh reality of my stuation : i wuld lave th3 theter with a low er 1 . q . than when i had entered .",0,True
a backstage must-see for true fans of comedy .,@ b ackstage mus-tsee for true fans 0f comedy .,1,True
"in the end , tuck everlasting falls victim to that everlasting conundrum experienced by every human who ever lived : too much to do , too little time to do it in .","in the end , t uck everlasting falls victim to that everlasting conundrum experienced by every human who ever lived : too much to do , too little time to do it in .",0,True
"the movie itself is far from disappointing , offering an original take on courtroom movies , a few nifty twists that are so crucial to the genre and another first-rate performance by top-billed star bruce willis .","the mov ie itelf is far from disappoining , offering an original take on cour troom movies , a few nifty twists that are so crucial to the genre and another first-rate performance by top-billed star bruce willis .",0,True
"it's a film that's destined to win a wide summer audience through word-of-mouth reviews and , not far down the line , to find a place among the studio's animated classics .","it's a film th at's destined to win a wide summer audience through word-of-mouth reviews and , not far down the line , to find a place among the studio's animated classics .",1,True
"a stirring tribute to the bravery and dedication of the world's reporters who willingly walk into the nightmare of war not only to record the events for posterity , but to help us clearly see the world of our making .","@ stirrig tirbute t0 the bravrey and dedication of the world's reporters who willingly wlk into the nightmare of war not only to record the events for posterity , but to help us clearly see the world of our making .",1,True
"in the spirit of the season , i assign one bright shining star to roberto benigni's pinocchio -- but i guarantee that no wise men will be following after it .","in the sprit of the season , i assign one bright shining star to roberto benigni's pinocchio -- but i guarantee that no wise men will be following after it .",1,True
"a headline-fresh thriller set among orthodox jews on the west bank , joseph cedar's time of favor manages not only to find a compelling dramatic means of addressing a complex situation , it does so without compromising that complexity .","a headline-fresh thrller set among orthodox jews on the west bank , joseph cedar's time 0f f@vor manages not only to find a compelling dramatic means of addressing a complex situation , it does so without compromising that complexity .",1,True
"it's both degrading and strangely liberating to see people working so hard at leading lives of sexy intrigue , only to be revealed by the dispassionate gantz brothers as ordinary , pasty lumpen .","i t's both degrading and strangely liberaing to see people working so hard at leading lives of se xy intrigue , only to be revealed by the dispassionate gantz brothers as ordinary , pasty lumpen .",1,True
"despite some charm and heart , this quirky soccer import is forgettable","despite som e charm and hert , this qu irky soccer import is forgettable",0,True
"it just may inspire a few younger moviegoers to read stevenson's book , which is a treasure in and of itself .","it just ma y inspire a few younger moviegoers to read stevenson's book , which is a treasure in and of itself .",0,True
"the entire movie has a truncated feeling , but what's available is lovely and lovable .","the entire mov ie has a truncated feeling , but what's available is lovely and lovable .",1,True
"ultimately , it ponders the reasons we need stories so much .","ultimately , it ponders the reasons we nee d stories so much .",0,True
full of surprises .,full of surpris es .,1,True
"barry convinces us he's a dangerous , secretly unhinged guy who could easily have killed a president because it made him feel powerful .","barry co nvinces us he's a dangerous , secretly unhinged guy who could easily h@ve killed a president because it made him feel powerful .",0,True
the film is a very good viewing alternative for young women .,the fim 1s @ v ery good vewing alternative for youg womn .,1,True
an imaginative comedy/thriller .,@n imaginativ e comdy/thriller .,1,True
you'll trudge out of the theater feeling as though you rode the zipper after eating a corn dog and an extra-large cotton candy .,you'l l trudge out of the theater feeling as though you rode the zipper after eating a corn dog and an extra-large cotton candy .,0,True
"director alfonso cuaron gets vivid , convincing performances from a fine cast , and generally keeps things going at a rapid pace , occasionally using an omniscient voice-over narrator in the manner of french new wave films .","direc tor al fonso cuaron gets vivid , convincing performances from a fine cast , and generally keeps things going at a rapid pace , occasionally using an omniscient voice-over narrator in the manner of french new wave films .",1,True
"k-19 will not go down in the annals of cinema as one of the great submarine stories , but it is an engaging and exciting narrative of man confronting the demons of his own fear and paranoia .","k19 will not go down in the annals of cinema as one of the great submarine stories , but it is an engaging and exciting narrative of man confronting the demons of his own fear and paranoia .",1,True
"from its nauseating spinning credits sequence to a very talented but underutilized supporting cast , bartleby squanders as much as it gives out .","from its nauseati ng spinning credits sequence to a very talented but underutilized supporting cast , bartleby squanders as much as it gives out .",0,True
meanders between its powerful moments .,meanders between its p owerful moments .,1,True
here is a vh1 behind the music special that has something a little more special behind it : music that didn't sell many records but helped change a nation .,here is @ vh1 behind the music special that has something a little more special behind it : music that didn't sell many records but helped change a nation .,0,True
the crassness of this reactionary thriller is matched only by the ridiculousness of its premise .,the crassness of this reacti onary thriller is matched only by the ridiculousness of its premise .,0,True
"they were afraid to show this movie to reviewers before its opening , afraid of the bad reviews they thought they'd earn . they were right .","thy wee afrad to show this move to reviewers before its opening , afraid of th e bad reviews they thought they 'd ean . they were right .",0,True
a very funny romantic comedy about two skittish new york middle-agers who stumble into a relationship and then struggle furiously with their fears and foibles .,a vry funy ro mantic comedy about two skittish new yor k middle-agers who stumble into a relationship and then struggle furiously with their fears and foibles .,1,True
"whether or not you buy mr . broomfield's findings , the film acquires an undeniable entertainment value as the slight , pale mr . broomfield continues to force himself on people and into situations that would make lesser men run for cover .","whether or not you buy mr . broomfield's findings , the film acquires an unden iable entertainment value as the slig ht , pale mr . broomfield continues to force himself on people and into situations that would make lesser men run for cover .",1,True
eric schweig and graham greene both exude an air of dignity that's perfect for the proud warrior that still lingers in the souls of these characters .,erc schweig and grahm grene both exde an a ir of dignity th at's perfect for the pro ud wrrior that still lingers in the souls of these characters .,1,True
zhang . . . has done an amazing job of getting realistic performances from his mainly nonprofessional cast .,zh ang . . . has done an amazing job 0f getting realistic performances from hi s mainly nonprofessional cast .,1,True
"it may scream low budget , but this charmer has a spirit that cannot be denied .","it may scream 1ow budget , but this charmer has a spirit that cannot be denied .",0,True
director nalin pan doesn't do much to weigh any arguments one way or the other . he simply presents his point of view that ayurveda works . no question .,drector nalin pan doesnt do much to weigh any arguments one way or the other . he simply presents his point of view that ayurveda works . no question .,0,True
rainy days and movies about the disintegration of families always get me down .,rainy days and mov ies about the disintegration of families always get me down .,1,True
"the whole damn thing is ripe for the jerry springer crowd . it's all pretty cynical and condescending , too .","the whol e dam n thing is ripe for the je rry spr inger crowd . it's all pretty cynical and condescending , too .",0,True
"scene-by-scene , things happen , but you'd be hard-pressed to say what or why .","$cene-by-scene , thngs happen , b ut you'd b3 hard-presed to sa y what or wh y .",0,True
"sitting in the third row of the imax cinema at sydney's darling harbour , but i sometimes felt as though i was in the tiny two seater plane that carried the giant camera around australia , sweeping and gliding , banking and hovering over some of the most not","sittng 1n the tird r0w 0f the iax cine ma at sydney's daling harbour , but i someties felt @s thugh i w@s in th3 ti ny two seater plane that carried the gint camera around australia , sweeping and gliding , banking and hovering over some of the most not",0,True
the cast is uniformly excellent and relaxed .,the cst is uni formly excellent and rela xed .,1,True
your appreciation of it will depend on what experiences you bring to it and what associations you choose to make .,yur appreciaion 0f it will depend on what ex periences you bring to it and what associations you choose to make .,1,True
"tully is in many ways the perfect festival film : a calm , self-assured portrait of small town regret , love , duty and friendship that appeals to the storytelling instincts of a slightly more literate filmgoing audience .","tuly 1s 1n many was the pefect fetival flm : a clm , self-assued portrait of s mall town regret , lo ve , duty and friendship that appeals to the storytelling instincts of a slightly more literate filmgoing audience .",1,True
"kapur fails to give his audience a single character worth rooting for ( or worth rooting against , for that matter ) .","kapur fais to give his audience a single character worth rooting for ( or worth rooting against , for that matter ) .",0,True
"the story is familiar from its many predecessors ; like them , it eventually culminates in the not-exactly -stunning insight that crime doesn't pay .","the story is familiar from its many predecessors ; like them , it eventually culminates in the not-exactly -stunning insight t hat crime doesn't pay .",1,True
miyazaki is one of world cinema's most wondrously gifted artists and storytellers .,miy azaki 1s 0ne 0f wold cinema's most wonrously gifted artiss and storytellers .,1,True
plays like a glossy melodrama that occasionally verges on camp .,plas lik e a glo ssy mlodrama that occasion ally veres on cam p .,0,True
wins my vote for 'the 2002 enemy of cinema' award .,wns my vote for 'the 2002 enemy of cinema' award .,1,True
"the movie is concocted and carried out by folks worthy of scorn , and the nicest thing i can say is that i can't remember a single name responsible for it .","the mov ie is conccted and carried out by folks worthy of scorn , and the nicest ting i can say is that i can't remember a single name responsible for it .",0,True
a meatballs for the bare-midriff generation .,@ meatballs f or the bare-midriff generation .,1,True
"some elements of it really blow the big one , but other parts are decent .","sme elements of 1t r3ally blow the big one , b ut o ther parts are decent .",0,True
"there's . . . tremendous energy from the cast , a sense of playfulness and excitement that seems appropriate .","there's . . . tremendous enery frm the cast , a snse of playfulness and excitement that seems appropriate .",1,True
it's as if de palma spent an hour setting a fancy table and then served up kraft macaroni and cheese .,it' s as if de palma spent an hour setting a fancy table and then served up kraft macaroni and cheese .,0,True
"a must-see for the david mamet enthusiast and for anyone who appreciates intelligent , stylish moviemaking .","a must-ee for the david mamt enthusiast and for anyone who appreciates intelligent , styish moviemak ing .",1,True
"the hard-to-predict and absolutely essential chemistry between the down-to-earth bullock and the nonchalant grant proves to be sensational , and everything meshes in this elegant entertainment .","the hard-ot-predict and abolutely essential chemistry between the down-to-earth bullock and the nonchalant gr ant proves to be sensational , and everything meshes in this elegant entertainment .",1,True
a glossy knock-off of a b-movie revenge flick .,a glossy knocko-ff of a b-movie rev enge flick .,0,True
"the movie has no respect for laws , political correctness or common decency , but it displays something more important : respect for its flawed , crazy people .","the m ovie has no respct for laws , poliical correctness or commn decency , but 1t displays something more important : respect for its flawed , crazy people .",0,True
pumpkin wants to have it both ways .,pumkin wants to have it both ways .,1,True
a movie that harps on media-constructed 'issues' like whether compromise is the death of self this orgasm [won't be an] exceedingly memorable one for most people .,@ movie that harps on media-constructed 'issues' like whether compromise is the death of self this orgasm [won't be an] exceedingly memorable one for most people .,1,True
a startling and fresh examination of how the bike still remains an ambiguous icon in chinese society .,a statling and fesh eamination of how the bke still remains an ambiguous icn in chinese so ciety .,1,True
girls gone wild and gone civil again,g irls goe wild and gone c ivil again,0,True
"[reynolds] takes a classic story , casts attractive and talented actors and uses a magnificent landscape to create a feature film that is wickedly fun to watch .","[rey nolds] taes @ clssic sory , cass attractive @nd taented actors @nd uses a magificent landscpe t0 create a fe ature film that is wickedly fun to watch .",1,True
there is so much plodding sensitivity .,there is so much pl odding sensitivity .,0,True
full of the kind of obnoxious chitchat that only self-aware neurotics engage in .,full 0f the kind of obnxious chitchat that only self-aware neurotics engage in .,0,True
it's an often-cute film but either needs more substance to fill the time or some judicious editing .,i's @n oftn-cute film but either needs more substance to fill the time 0r some judici ous editing .,0,True
"if we don't demand a standard of quality for the art that we choose , we deserve the trash that we get .","if we don 't demand a standard of quality for the art that we choose , we deserve the trash that we get .",0,True
"it's a stale , overused cocktail using the same olives since 1962 as garnish . not only is entry number twenty the worst of the brosnan bunch , it's one of the worst of the entire franchise .","i t's a $tale , overued cocktail using the same olives since 1962 as garnish . not only is entry number twenty the worst of the brosnan bunch , it's one of the worst of the entire franchise .",0,True
"shunji iwai's all about lily chou chou is a beautifully shot , but ultimately flawed film about growing up in japan .","shunji iwai's all about lily chou cho u is a beautifully shot , but ultimately flawed film about growing up in japan .",0,True
if this story must be told and retold -- and indeed it must -- then the grey zone is to be lauded for finding a new and ingenious angle .,if this sory must be told and rtold -- and indeed it must -- then the grey zone is to be lauded for finding a new and ingenious angle .,1,True
judith and zaza's extended bedroom sequence . . . is so intimate and sensual and funny and psychologically self-revealing that it makes most of what passes for sex in the movies look like cheap hysterics .,judith and zaza's extended b edroom squence . . . is $o intmate @nd sesual @nd funy and psychologically self-revealing that it makes most of what passes f or sex 1n the movies lok like cheap hysterics .,1,False
my own minority report is that it stinks .,my own minoriy repor t is that it stiks .,0,True
throwing it all away for the fleeting joys of love's brief moment .,throing it all away for the f1eeting joys of love's brief moment .,0,True
"miyazaki has created such a vibrant , colorful world , it's almost impossible not to be swept away by the sheer beauty of his images .","miya zaki has created such a vibrat , colorful w orld , it's almost impossible not to be swept away by the sheer beauty of his images .",1,True
"it makes compelling , provocative and prescient viewing .","it maes compel ling , provocative and prscient viewing .",1,True
"some fine acting , but ultimately a movie with no reason for being .","soe fine acing , b ut ultmately @ movie with n0 re ason for being .",0,True
children and adults enamored of all things pokemon won't be disappointed .,children and adu lts enamored of all things pokemon won't be disappointed .,1,True
"starts promisingly but disintegrates into a dreary , humorless soap opera .","strts promisingly but disintegrates into a d reary , humorlss sop opera .",0,True
there's a whole heap of nothing at the core of this slight coming-of-age/coming-out tale .,there's a whol e heap of nothing at the core of this slight coming-of-age/coming-out tale .,0,True
"gangster no . 1 is solid , satisfying fare for adults .","g@ngster no . 1 is solid , satisfying fa re for adults .",1,True
"what's most memorable about circuit is that it's shot on digital video , whose tiny camera enables shafer to navigate spaces both large . . . and small . . . with considerable aplomb .","what's most memoable about circit is that it's shot on digital video , whose tiny camera enab les shafer to navigate spaces both large . . . and small . . . with considerable aplomb .",1,True
"finally , a genre movie that delivers -- in a couple of genres , no less .","finally , @ genre movie that delivers -- in a couple of genres , no less .",1,True
"from the opening scenes , it's clear that all about the benjamins is a totally formulaic movie .","from the openin g scenes , it's clear that all about the benjamins is a totally fo rmulaic movie .",0,True
a ponderous meditation on love that feels significantly longer than its relatively scant 97 minutes .,a ponder ous meditation on love that feels significantly longer than its relatively scant 97 minutes .,0,True
"a big , baggy , sprawling carnival of a movie , stretching out before us with little rhyme or reason .","a b1g , bagy , sprawling c@rnival 0f @ mvie , stretching out bfore us with litte rhyme or reason .",0,True
what's infuriating about full frontal is that it's too close to real life to make sense . what's invigorating about it is that it doesn't give a damn .,what's infuriating about ful frontal is that its too close to real life to make sen se . what's invigorating about it is that it doesn't give a damn .,1,True
"a fascinating , bombshell documentary that should shame americans , regardless of whether or not ultimate blame finally lies with kissinger . should be required viewing for civics classes and would-be public servants alike .","a fasinating , bombshell documentary that should shame americans , regardless of whether or not ultimate blame finally lies with kissinger . should be required viewing for civics classes and would-be public servants alike .",1,True
"if ever a concept came handed down from the movie gods on a silver platter , this is it . if ever such a dependable concept was botched in execution , this is it .","if ever a concept came handed down from the m ovie gods on a silver platter , this is it . if ever such a dependable concept was botched in execution , this is it .",1,True
you can practically hear george orwell turning over .,y0u can practically hear geore orwell turning over .,1,True
"if you can read the subtitles ( the opera is sung in italian ) and you like 'masterpiece theatre' type costumes , you'll enjoy this movie .","if y0u ca n red the sub titles ( the opera is sung 1n italian ) and you like 'maserpiece theatr' ty pe costmes , you'll enjoy this movie .",1,True
"the bodily function jokes are about what you'd expect , but there are rich veins of funny stuff in this movie .","the b odily fun ction jokes are about what you'd expect , but there are rich veins 0f funy stuff in this movie .",0,True
"a bright , inventive , thoroughly winning flight of revisionist fancy .","@ b right , invetive , throughly winning flight of revisionist fancy .",1,True
the film itself is about something very interesting and odd that would probably work better as a real documentary without the insinuation of mediocre acting or a fairly trite narrative .,th e fi lm iself 1s aout something very interesting and 0dd that would probably wrk better as a real documntary without th3 insinuation of medi ocre acting or a fairly trite narrative .,0,True
"there seems to be no clear path as to where the story's going , or how long it's going to take to get there .","there sees to be n0 clear path as to where the story's going , or how lo ng it's going to take t0 get there .",0,True
evokes a little of the fear that parents have for the possible futures of their children--and the sometimes bad choices mothers and fathers make in the interests of doing them good .,evoks a litt le of the fear that parents have for the possible futures of their chi ldren--and the sometimes bad choices mothers and fathers make in the interests of doing them good .,1,True
the film's needlessly opaque intro takes its doe-eyed crudup out of pre-9/11 new york and onto a cross-country road trip of the homeric kind .,the film's needlessly opaqe intro takes its doe-eyed crudup 0ut of pre-9/11 new york and onto a cross-country road trip of the homeric kind .,0,True
those who aren't put off by the film's austerity will find it more than capable of rewarding them .,thoe who aren't put off by the film's austerity will find it more than capable of rewarding them .,0,True
nearly all the fundamentals you take for granted in most films are mishandled here .,nearly all the fundamentals you take for granted in most fi lms are mishandled here .,1,True
"yes , one enjoys seeing joan grow from awkward young woman to strong , determined monarch , but her love for the philandering philip only diminishes her stature .","yes , 0ne enjoys seing joan grow frm awkwad yuong woman to strong , determined moarch , but her love f or the philandering philip only diminishes her stature .",1,True
a virtual roller-coaster ride of glamour and sleaze .,a virtual rloler-coaster rde of glamour and sleaze .,1,True
"as literary desecrations go , this makes for perfectly acceptable , occasionally very enjoyable children's entertainment . you'll forget about it by monday , though , and if they're old enough to have developed some taste , so will your kids .","as lite rary desecrations go , this makes for perfetly acceptable , occaionally very enjoyab le childre n's entrtainment . you'll forget @bout it by monday , though , and if they're old enough to have developed some taste , so will your kids .",1,True
maid in manhattan proves that it's easier to change the sheets than to change hackneyed concepts when it comes to dreaming up romantic comedies .,m@id in manhattan proves that it 's easier to change the she ets than to change hac kneyed concepts when it comes to dreaming up romantic comedies .,0,True
its juxtaposition of overwrought existentialism and stomach-churning gore will have you forever on the verge of either cracking up or throwing up .,its juxtaposition of overw rought existent ialism and stomach-c hurning gore will have you forever on the verge of either cracking up or throwing up .,0,True
"taken as a whole , the tuxedo doesn't add up to a whole lot .","taken as a whol e , th e tuedo doesn't add up to a whole lot .",0,True
"care deftly captures the wonder and menace of growing up , but he never really embraces the joy of fuhrman's destructive escapism or the grace-in-rebellion found by his characters .","care dftly catures th3 wonder and menae of grwing up , but he nver really embaces th3 joy of fhrman's dest ructive esapism or t he grace-in-rebellion found by his characters .",1,True
"i liked about schmidt a lot , but i have a feeling that i would have liked it much more if harry & tonto never existed .","1 l iked abut sch midt a 1ot , but 1 have a feeing that i wuld hve lied it muh more 1f harry & toto never existed .",0,False
neither funny nor suspenseful nor particularly well-drawn .,neither funny nor susp enseful nor particularly well-drawn .,1,True
"this misty-eyed southern nostalgia piece , in treading the line between sappy and sanguine , winds up mired in tear-drenched quicksand .","this mis ty-eyed southern nostalgia piece , in treading the line between sappy and sanguine , winds up mired in tear-drenched quicksand .",1,True
an amused indictment of jaglom's own profession .,an amused idictment of jaglom's own profession .,0,True
a less-than-thrilling thriller .,a less-than-trilling thriller .,1,True
"while broomfield's film doesn't capture the effect of these tragic deaths on hip-hop culture , it succeeds as a powerful look at a failure of our justice system .","while broomfield's film doe sn't capture the effect of these tragic deaths on hip-hop culture , it succeeds as a powerful look at a failure of our justice system .",0,True
those unfamiliar with mormon traditions may find the singles ward occasionally bewildering .,those unfamiliar with mormo n taditions may find the singles ward occasionally bewildering .,1,True
has all the scenic appeal of a cesspool .,has all the senic appeal of a cesspool .,1,True
"his comedy premises are often hackneyed or just plain crude , calculated to provoke shocked laughter , without following up on a deeper level .","his comedy premiss are o ften hakneyed or just palin crde , calculated to provoke shockd laughter , without following up on a deeper level .",0,True
a moving and solidly entertaining comedy/drama that should bolster director and co-writer juan josé campanella's reputation in the united states .,a moing and solidly enertaining comedy/ drama th@t should bolster director @nd co-writer juan jos é campanella's reputation in the united states .,1,True
"the film delivers not just the full assault of reno's immense wit and insight , but a time travel back to what it felt like during those unforgettably uncertain days .","the f ilm deivers not just the full assault of reno's immense wit and insight , bu t a time travel back to what it felt like during those unforgettably uncertain days .",1,True
i don't think most of the people who loved the 1989 paradiso will prefer this new version . but i do .,i don't think most of the people who l oved the 1989 paraiso will prefer this n3w ver sion . but i do .,1,True
"all the filmmakers are asking of us , is to believe in something that is improbable .","all the filmm akers are asking of us , is to believe in something that is improbable .",0,True
"like the film's almost anthropologically detailed realization of early-'80s suburbia , it's significant without being overstated .","like the film's almost anthropologically detailed realization of early-'80s suburbia , i t's significant without being overstated .",1,True
"there's not a spark of new inspiration in it , just more of the same , done with noticeably less energy and imagination .","there's not @ sprk of new inspiraion in it , just more of the same , done with noticeably less energy and imagination .",1,True
"less dizzying than just dizzy , the jaunt is practically over before it begins .","les dizzying thn jst dzzy , the jaunt is prac tically over befo re it begins .",0,True
the darker elements of misogyny and unprovoked violence suffocate the illumination created by the two daughters and the sparse instances of humor meant to shine through the gloomy film noir veil .,the darer elemens of misogyny and unprovoked violence suffocate the illumination created by the two daughters and the sparse instances of humor meant to shine through the gloomy film noir veil .,1,True
"if "" lilo & stitch "" isn't the most edgy piece of disney animation to hit the silver screen , then this first film to use a watercolor background since "" dumbo "" certainly ranks as the most original in years .","if "" llo & stitch "" is't the most edgy pice of disney animation to h1t th3 silver screen , thn this first film to use a watercolor background since "" dumbo "" certainly ranks as the most original in years .",0,True
the pacing is often way off and there are too many bona fide groaners among too few laughs .,the paci ng is often way off and there are too many bona fide groaners among too few laughs .,0,True
"[hawn's character]is so bluntly written , without a trace of sentimentality , and so blisteringly defined , that every other character seems overlooked and underwritten .","[hawn's characte r]is so bluntly written , without a trace of sentimentality , and so blisteringly defined , that every other character seems overlooked and underwritten .",0,True
"chilling but uncommercial look into the mind of jeffrey dahmer , serial killer .","ch illing but uncommercial look into the mind of jeffrey dahme r , serial killer .",1,True
"a masterful film from a master filmmaker , unique in its deceptive grimness , compelling in its fatalist worldview .","a masterfl fim frm a mater filmmakr , uique 1n its deceptive grimess , compe lling in its fatalist worldview .",1,True
". . . the gentle melding of drama and comedy makes "" what time is it there ? "" something the true film buff will enjoy .",". . . the getle meldig 0f drma @nd comdy maks "" what tie 1s it thee ? "" somethig the true film buff will enjoy .",1,False
. . . breathes surprising new life into the familiar by amalgamating genres and adding true human complexity to its not-so-stock characters .,. . . breathes surprising new life into the fa miliar by amalgamating genres @nd adding true h uman complexity to its no-so-stock characters .,1,True
"whether [binoche and magimel] are being charming or angst-ridden , they easily fill their scenes and , fine judges both , never overcook the hysteria .","whether [binoche and magimel] are being c harming or angst-r idden , they easily fill their scenes and , fine judges both , never ove rcook the hysteria .",0,True
"if shayamalan wanted to tell a story about a man who loses his faith , why didn't he just do it , instead of using bad sci-fi as window dressing ?","if shayamalan wanted to tell a story about a man who loess his fith , wh y did't he just do it , instead of using bad sci-fi as window dressing ?",0,True
"the secrets of time travel will have been discovered , indulged in and rejected as boring before i see this piece of crap again .","the secrets of time travel will have been discovered , indulged in and rejected as borng before i see this piece of crap again .",0,True
it has all the excitement of eating oatmeal .,it h as @ll the exciteent of ea ting oatmeal .,1,True
"although the film boils down to a lightweight story about matchmaking , the characters make italian for beginners worth the journey","although the fim boils down to a ligh tweight story about matchmaking , the characters make italian for beginners worth the journey",1,True
"this is a movie full of grace and , ultimately , hope .","tis 1s a moie fll of gra ce and , ultimately , hope .",1,True
allen's underestimated charm delivers more goodies than lumps of coal .,allen's underestimated ch@rm delivers more goodies than lumps of coal .,1,True
supposedly authentic account of a historical event that's far too tragic to merit such superficial treatment .,supposedly autentic account of a historical event that's far too tragic to merit such superficial treatment .,1,True
"like a fish that's lived too long , austin powers in goldmember has some unnecessary parts and is kinda wrong in places .","like a fish th@t's livd too long , austin powers 1n goldmember has some unnecessary parts and is kinda wrong in places .",0,True
this romantic/comedy asks the question how much souvlaki can you take before indigestion sets in .,this ro mantic/comedy asks the question how much souvlaki can you take before indigestion sets in .,1,True
devoid of any of the qualities that made the first film so special .,devoid of an y of the qualities that made the first fil m so special .,0,True
a subject like this should inspire reaction in its audience ; the pianist does not .,a subje ct like this should inspre reation in its audience ; the pianist does not .,1,True
nicole kidman makes it a party worth attending .,nicole ki dman makes it a party worth attending .,1,True
narc is a no-bull throwback to 1970s action films . it zips along with b-movie verve while adding the rich details and go-for-broke acting that heralds something special .,narc is a no-bull throwback to 1970s action films . it zips along with b-movie verv e while adding the rich details and go-for-broke acting that heralds something special .,1,True
". . . less a story than an inexplicable nightmare , right down to the population's shrugging acceptance to each new horror .",". . . les a story than an inexplicable nightmare , right down to the population's shrugging acceptance to each new horror .",0,True
"a highly personal look at the effects of living a dysfunctionally privileged lifestyle , and by the end , we only wish we could have spent more time in its world .","a highy perso nal look @t the e ffects of living a dysfunctionally privieged lifestyle , and by the end , we only wish we could have spent more time in its world .",1,True
"unfortunately , the picture failed to capture me . i found it slow , drab , and bordering on melodramatic .","unortunately , t he pictue faild t0 cature me . i fonud it slo w , dr@b , and bordering on melodramatic .",0,False
to imagine the life of harry potter as a martial arts adventure told by a lobotomized woody allen is to have some idea of the fate that lies in store for moviegoers lured to the mediocrity that is kung pow : enter the fist .,to imagine the life of harry poter as a martial arts adventure told by a lobotomized woody allen is to have some idea of the fate that lies in store for moviegoers lured to the mediocrity that is kung pow : enter the fist .,1,True
fear dot com is more frustrating than a modem that disconnects every 10 seconds .,f3ar d0t co m is more frustrating than a modm that disconnects every 10 seco nds .,0,True
"sc2 is an autopilot hollywood concoction lacking in imagination and authentic christmas spirit , yet it's geared toward an audience full of masters of both .","sc2 1s an autopilot hollywod concoctin laking in imaginatin and authentc chistmas spi rit , y et i t's gared tow ard @n audience full of masters of both .",1,True
"schepisi , aided by a cast that seems to include every top-notch british actor who did not appear in gosford park ( as well as one , ms . mirren , who did ) , has succeeded beyond all expectation .","schepisi , aded by a cast that seems to include eery top-notch british actr who d1d n0t appear in gosfod park ( as well as one , ms . mirren , who did ) , has succeeded beyond all expectation .",0,True
a film that will probably please people already fascinated by behan but leave everyone else yawning with admiration .,a f ilm that will probably please people already fascinated by behan but leave everyone else yawning with admiration .,1,True
an ingenious and often harrowing look at damaged people and how families can offer either despair or consolation .,@n inge nious and often ha rrowing look @t damaged people and how families can offer either desp air or consolation .,1,True
". . . post-september 11 , "" the sum of all fears "" seems more tacky and reprehensible , manipulating our collective fear without bestowing the subject with the intelligence or sincerity it unequivocally deserves .",". . . post-september 11 , "" the sum of all fears "" seems more ta cky and reprehensible , manipulating our collective fear without bestowing the subject with the intelligence or sincerity it unequivocally deserves .",0,True
a fun ride .,a f un rie .,1,True
"this is an egotistical endeavor from the daughter of horror director dario argento ( a producer here ) , but her raw performance and utter fearlessness make it strangely magnetic .","this is an egotistical endeavor from the daughter of horro r director dario argento ( a producer here ) , but her raw performance and utter fearlessness make it strangely magnetic .",1,True
"when the precise nature of matthew's predicament finally comes into sharp focus , the revelation fails to justify the build-up .","when the precis e nature of matthew's predicament finally comes into sharp focus , the revelation fails to justify the build-up .",1,True
"apart from anything else , this is one of the best-sustained ideas i have ever seen on the screen .","apart from a nything else , this is one of the best-sustained ideas i have ever seen on the screen .",0,True
"on a cutting room floor somewhere lies . . . footage that might have made no such thing a trenchant , ironic cultural satire instead of a frustrating misfire .","on a cuttin g room floor somewhere lies . . . footage that might have made no such thing a trenchant , ironic cultural satire instead of a frustrating misfire .",0,True
"could have been crisper and punchier , but it's likely to please audiences who like movies that demand four hankies .","could have been crisper and punchier , bu t it's likely to please audiences who like movies that demand four hankies .",1,True
"is there a group of more self-absorbed women than the mother and daughters featured in this film ? i don't think so . nothing wrong with performances here , but the whiney characters bugged me .","is there a grop of more self-absorbed women than the mother and daughters featured in this film ? i don't think so . nothing wrong with performances here , but the whiney characters bugged me .",1,True
"de oliveira creates an emotionally rich , poetically plump and visually fulsome , but never showy , film whose bittersweet themes are reinforced and brilliantly personified by michel piccoli .","de oliveira cretes an emotionally rich , poetically plump and visually fulsome , but never showy , film whose bittersweet themes are reinforced and brilliantly personified by michel piccoli .",1,True
a series of immaculately composed shots of patch adams quietly freaking out does not make for much of a movie .,a s eries of immaculately composed shots of patch adams quietly freaking out does not make for much of a movie .,1,True
"[taymor] utilizes the idea of making kahlo's art a living , breathing part of the movie , often catapulting the artist into her own work . this isn't a new idea . it's been done before but never so vividly or with so much passion .","[taymo r] utilizes the idea of making kahlo's art a living , breathing part of the movie , often catapulting the artist into her own work . this isn't a new idea . it's been done before but never so vividly or with so much passion .",1,True
"the chateau belongs to rudd , whose portrait of a therapy-dependent flakeball spouting french malapropisms . . . is a nonstop hoot .","th3 chateau beongs to rudd , whose portrait of a therapy-dependent flakeball spouting french malapropisms . . . 1s a nonstop hoot .",0,True
"the fun of the movie is the chance it affords to watch jackson , who also served as executive producer , take his smooth , shrewd , powerful act abroad .","the fu n 0f the moie 1s the chane it affrds to wach jacson , who also srved @s exe cutive pr oducer , tke his smoth , shrew d , powerful act abroad .",1,True
the comedy death to smoochy is a rancorous curiosity : a movie without an apparent audience .,the com edy deah to smoochy is a rancorous curosity : a movie without an aparent audience .,0,True
"this is human comedy at its most amusing , interesting and confirming .","this 1s humn comdy at its most amusing , interesting and confirming .",1,True
this directorial debut from music video show-off higuchinsky is all flash .,this dirctorial de but from music video show-off higuchinsky is all flash .,1,True
"while undisputed isn't exactly a high , it is a gripping , tidy little movie that takes mr . hill higher than he's been in a while .","while undisput ed isn't exactly a high , it is a gripping , tidy little movie that takes mr . hill higher than he's been in a while .",0,True
an impeccable study in perversity .,an impeccale stdy in perversity .,1,True
never [sinks] into exploitation .,nver [sniks] in to expl oitation .,0,True
looks awfully like one long tourist spot for a mississippi that may never have existed outside of a scriptwriter's imagination .,loos aw fully 1ike one lng tourist spt for a missisippi that may never have existed outsde of a scriptwriter's imaginat ion .,0,True
"though the story . . . is hackneyed , the characters have a freshness and modesty that transcends their predicament .","though the story . . . is hackneyed , the characters hav e a freshness and modesty that transcends their predicament .",0,True
so-so entertainment .,so-so en tertainment .,1,True
"la de salma es una versión de frida superficial , preciosista y sin ningún contenido .","la d3 salma es una versión de frida superficial , preciosista y sin ningún contenido .",1,True
"because the genre is well established , what makes the movie fresh is smart writing , skewed characters , and the title performance by kieran culkin .","because the ge nre is well established , what makes the movie fresh is smart writing , skewed characters , and the title performance by kieran culkin .",0,True
"no one involved , save dash , shows the slightest aptitude for acting , and the script , credited to director abdul malik abbott and ernest 'tron' anderson , seems entirely improvised .","n0 one invlved , sae dah , shos the slihtest apttude for acting , and the scrit , credited to diector a bdul malik abbot and ernest 'tron' anderson , seems entirely improvised .",0,True
there's a reason why halftime is only fifteen minutes long .,there's a rea son why h@lftime is only fifteen miutes long .,0,True
"with or without the sex , a wonderful tale of love and destiny , told well by a master storyteller","wth or without th3 $ex , @ wnderful tale 0f love and destiny , told we ll by a master storyteller",1,True
"afraid to pitch into farce , yet only half-hearted in its spy mechanics , all the queen's men is finally just one long drag .","afraid to pich into farce , yet only hlf-hearted in its $py mechanics , all the qeen's men is finally just one long drag .",0,True
"williams plays sy , another of his open-faced , smiling madmen , like the killer in insomnia . he does this so well you don't have the slightest difficulty accepting him in the role .","williams pl ays sy , another of his open-faced , smiling madmen , like the killer in insomnia . he does this so well you don't have the slightest difficulty accepting him in the role .",1,True
"highlighted by a gritty style and an excellent cast , it's better than one might expect when you look at the list of movies starring ice-t in a major role .","highlighted by a grity style and an excellent cast , it's better than one might expe ct when you look at the list of movies starring ice-t in a major role .",1,True
"these three films form a remarkably cohesive whole , both visually and thematically , through their consistently sensitive and often exciting treatment of an ignored people .","thse there fil ms fom a remarkably cohesie whole , bth visually @nd thematically , through teir consistently sensitive and often exciting treatment of an ignored people .",1,True
it's a drag how nettelbeck sees working women -- or at least this working woman -- for whom she shows little understanding .,it's @ drag how nettelbeck sees working women -- or at least this workig woman -- for whom she shows little understanding .,1,True
"nohe's documentary about the event is sympathetic without being gullible : he isn't blind to the silliness , but also captures moments of spontaneous creativity and authentic co-operative interaction .","nohe's do cumentary @bout the eent is sympathtic without being gullible : he isn't blind to th3 silliness , but also captures moents 0f spontaneous creativity and authentic co-operative interaction .",1,True
borrows from other movies like it in the most ordinary and obvious fashion .,borro ws from other movie s like it in the most ordinary and obvious fashion .,1,True
"barely manages for but a few seconds over its seemingly eternal running time to pique your interest , your imagination , your empathy or anything , really , save your disgust and your indifference .","barely manages for but a few seconds over its seemingly eternal running time to pique you r interest , your imagination , your empathy or anything , really , save your disgust and your indifference .",0,True
the irony is that this film's cast is uniformly superb ; their performances could have -- should have -- been allowed to stand on their own .,the iron y is that this film's cast is uniformly superb ; their performances could have -- should have -- been allowed to stand on their own .,0,True
this is so bad .,this is $o ba d .,0,True
"aptly named , this shimmering , beautifully costumed and filmed production doesn't work for me .","aptly na med , t his shimme ring , beautifully costumed a nd f ilmed production doesn't work for me .",1,True
"the fascination comes in the power of the huston performance , which seems so larger than life and yet so fragile , and in the way the ivan character accepts the news of his illness so quickly but still finds himself unable to react .","the fascination comes in the power of the h uston performance , which seems so larger than life and yet so fragile , and in the way the ivan character accepts the news of his illness so quickly but still finds himself unable to react .",0,True
"often demented in a good way , but it is an uneven film for the most part .","often demented 1n @ good way , but it is an uneven film for the most part .",1,True
savvy director robert j . siegel and his co-writers keep the story subtle and us in suspense .,svvy drector roert j . siegel @nd hi s c0-writers keep the story subt le and us 1n supense .,1,True
"bloody sunday has the grace to call for prevention rather than to place blame , making it one of the best war movies ever made . it's a movie that accomplishes so much that one viewing can't possibly be enough .","bloody sun day has the grace to call for prevention rather than to place blame , making it one of the best wa r movies ever made . it's a movie that accomplishes so much that one viewing can't possibly be enough .",0,True
you could nap for an hour and not miss a thing .,you could nap for an h our and not miss a thing .,1,True
"though it never rises to its full potential as a film , still offers a great deal of insight into the female condition and the timeless danger of emotions repressed .","though it never rises to its full potential as a fim , still offers a grat deal of insight into t he fem ale condition and the timeless danger of emotions repressed .",1,True
"beresford nicely mixes in as much humor as pathos to take us on his sentimental journey of the heart . it really is a shame that more won't get an opportunity to embrace small , sweet 'evelyn . '","beresford niely mxes in as much hmor as pathos to take us on his sentimental jourey of the heart . it really is a shame that more won't get an opportunity to embrace small , sweet 'evelyn . '",1,True
doesn't come close to justifying the hype that surrounded its debut at the sundance film festival two years ago .,dosn't come close to justifying the hye that surrounded its dbeut at the sundnce flm festival two years ago .,0,True
"it's rare to find a film that dazzles the eye , challenges the brain , and satisfies our lust for fast-paced action , but minority report delivers all that and a whole lot more .","its rre t0 find a fi lm that dazzles the eye , challenges the brain , a nd stisfies our lust for fat-paced action , but minority report delivers all that and a whole lot more .",1,True
"comes off more like a misdemeanor , a flat , unconvincing drama that never catches fire .","coms off more 1ike a misdmeanor , a flt , unconvining drma that neve r catches fire .",0,True
"although the level of the comedy declines as the movie proceeds , there's no denying the fun of watching de niro and crystal having fun .","although the lev el of the comedy declines as the movie proceeds , there's no denying the fun of watching de niro and crystal having fun .",0,True
"as chilling and fascinating as philippe mora's modern hitler-study , snide and prejudice .","as chillin g and fasinating as phili ppe mora's modern hitlers-tudy , sinde and prejudice .",1,True
p . t . anderson understands the grandness of romance and how love is the great equalizer that can calm us of our daily ills and bring out joys in our lives that we never knew were possible .,p . t . andrson understands the grandne ss of rmance and how love 1s th e g reat eualizer that can cam u$ 0f our daily ills and brng out joys in our lives that we never knew were possible .,1,True
is it really an advantage to invest such subtlety and warmth in an animatronic bear when the humans are acting like puppets ?,is it really @n advantage to ivest such subtlety and wrmth in an an imatronic bear when the hmans are acting like puppets ?,1,True
"every joke is repeated at least four times . every joke is repeated at least four times . every joke is repeated at least--annoying , isn't it ?","evey jke is reeated @t lesat for tmes . every joke is repeatd @t lest four t imes . evey joe is repeaed @t least--annoying , isn't it ?",0,False
"blessed with a searing lead performance by ryan gosling ( murder by numbers ) , the movie is powerful and provocative . it's also built on a faulty premise , one it follows into melodrama and silliness .","blessd with a searig lead performance by ryan gsling ( murder by numbers ) , th3 movie is powerful and provocative . it's also built on a faulty premise , one it follows into melodrama and silliness .",1,True
"triple x is a double agent , and he's one bad dude . when you've got the wildly popular vin diesel in the equation , it adds up to big box office bucks all but guaranteed .","triple x is a double a gent , and he's one bad dude . when you've got the wildly popular vin diesel in the equation , it adds up to big box office bucks all but guaranteed .",1,True
"left me with the visceral sensation of longing , lasting traces of charlotte's web of desire and desperation .","left me wi th the visc eral sensatio n of longing , lasting traces of charlotte's web of desire and desperation .",1,True
"by no means a slam-dunk and sure to ultimately disappoint the action fans who will be moved to the edge of their seats by the dynamic first act , it still comes off as a touching , transcendent love story .","by no means a slam-dunk and sure to ultimately disappoint the action fans w ho will be moved to the edge of their seats by the dynamic first act , it still comes off as a touching , transcendent love story .",1,True
the best way to hope for any chance of enjoying this film is by lowering your expectations . then lower them a bit more .,the best way to hope for any chance of enjoying this film is by lowering yor expectations . then lower them @ bit more .,1,True
what's missing in murder by numbers is any real psychological grounding for the teens' deviant behaviour . being latently gay and liking to read are hardly enough .,what's mis sing in murer by numers is any rel psycholoical grounding for the teens' devant behaviour . being latetly gay and liking to read are hardly enough .,0,True
"it's like a "" big chill "" reunion of the baader-meinhof gang , only these guys are more harmless pranksters than political activists .","its like @ "" big chill "" reunion of the baader-meinhof gang , only these guys are more harmless pranksters than political activists .",1,True
"truth to tell , if you've seen more than half-a-dozen horror films , there's nothing here you haven't seen before .","truh to tel , if you've sen more thn haf-a-dozen horor films , there's nothing h ere y ou haven't seen before .",0,True
"when it's all wet , blue crush is highly enjoyable . when it's on dry land , though , this surfer-girl melodrama starts gasping like a beached grouper .","when it's all wet , blue crush is highly enjoyable . when it's 0n dry l and , though , this surf er-girl melodrama starts gasping like a beached grouper .",0,True
"despite its faults , gangs excels in spectacle and pacing .","despite its faul ts , gangs excels in spectacle and pacing .",0,True
"a solid cast , assured direction and complete lack of modern day irony .","a slid cst , assred direction and complete lack of modern day irony .",1,True
"for all of its insights into the dream world of teen life , and its electronic expression through cyber culture , the film gives no quarter to anyone seeking to pull a cohesive story out of its 2 1/2-hour running time .","f0r @ll 0f 1ts insighs into the dream wold of ten life , @nd its electronic expresion throgh cber culture , the film gives no quarter to anyone seeking to pull a cohesive story out of its 2 1/2-hour running time .",1,True
the country bears wastes an exceptionally good idea . but the movie that doesn't really deliver for country music fans or for family audiences,the countr y beas wastes an exceptionally good idea . but t he movie that doesn't really deliver for country music fans or for family audiences,1,True
"schmaltzy and unfunny , adam sandler's cartoon about hanukkah is numbingly bad , little nicky bad , 10 worst list bad .","scmaltzy and unfunn y , adam sandlers crtoon abou t h@nukkah is numbigly bad , lttle nicy ba d , 10 worst list bad .",0,False
predictable storyline and by-the-book scripting is all but washed away by sumptuous ocean visuals and the cinematic stylings of director john stockwell .,predictable s toryline and by-he-book scripting is al l but washed away by sumptuous ocean visuals an d t he cinematic stylings of director john stockwell .,1,True
"happily , some things are immune to the folly of changing taste and attitude . for proof of that on the cinematic front , look no further than this 20th anniversary edition of the film that spielberg calls , retrospectively , his most personal work yet .","happily , some things are immune to the folly of changi ng taste and attitude . for proof of that on the cinematic front , look no further than this 20th anniversary edition of the film that spielberg calls , retrospectively , his most personal work yet .",1,True
you'd have to be a most hard-hearted person not to be moved by this drama .,you'd hae t0 b3 a most hard-earted person not to be moved by this drama .,1,True
uses high comedy to evoke surprising poignance .,u ses h igh comey to evoke surprising poignance .,1,True
"a delightful surprise because despite all the backstage drama , this is a movie that tells stories that work -- is charming , is moving , is funny and looks professional .","a dlightful surprise because despite all the backstage drama , this is a movie that tells stories that work -- is charming , is moving , is funny and looks professional .",1,True
[a]n utterly charming and hilarious film that reminded me of the best of the disney comedies from the 60s .,[a]n uttrly chrming @nd hilarious film tht reminded me of the best of the disney c omedies from the 60s .,1,True
"the pacing is deadly , the narration helps little and naipaul , a juicy writer , is negated .","the pcing is deady , th3 narration helps little and naipaul , a juicy writer , is negated .",0,True
"essentially an exceptionally well-written , well-edited , well-directed , well-acted , bald rip-off of aliens .","essentially @n exceptionall y well-written , well-edited , well-directed , well-acted , bald rip-off of aliens .",0,True
"it would be great to see this turd squashed under a truck , preferably a semi .","it would be great to see this turd squashed under @ trck , preferably a semi .",0,True
"the first hour is tedious though ford and neeson capably hold our interest , but its just not a thrilling movie .","the first hou r is tedious though fod and neeson capably hold our interest , but its just not a thrilling movie .",1,True
"a worthwhile documentary , whether you're into rap or not , even if it may still leave you wanting more answers as the credits roll .","a worthwhile documentary , whe ther you're into rap or not , even if it may still leave you wanting more answers as the credits roll .",1,True
there are now two signs that m . night shyamalan's debut feature sucked up all he has to give to the mystic genres of cinema : unbreakable and signs .,there ar e now two signs that m . night shyamalan's debut feature sucked up all he has to give to the mystic genres of cinema : unbreakable and signs .,0,True
a smug and convoluted action-comedy that doesn't allow an earnest moment to pass without reminding audiences that it's only a movie .,a s mug and convoluted action-comedy that doesn't allow an earnest moment to pass without reminding audiences that it's only a movie .,0,True
"few films have captured the chaos of an urban conflagration with such fury , and audience members will leave feeling as shaken as nesbitt's cooper looks when the bullets stop flying .","few f ilms have captured the chaos of an urban conflagration with such fury , and audience members will leave feeling as shaken as nesbitt's cooper looks when the bullets stop flying .",1,True
skip this turd and pick your nose instead because you're sure to get more out of the latter experience .,skip tis turd and pick your noe instead because yu're sure to get more out of the latter experience .,1,True
"this fascinating experiment plays as more of a poetic than a strict reality , creating an intriguing species of artifice that gives the lady and the duke something of a theatrical air .","this f@scinating experiment plays as more of a poetic than a strict reality , creating an intriguing species of artifice that gives the lady and the duke something of a theatrical air .",1,True
". . . one big laugh , three or four mild giggles , and a whole lot of not much else .",". . . one b1g laugh , trhee or fou r mld giggle s , and a wh ole lot of not much else .",0,True
"as i settled into my world war ii memories , i found myself strangely moved by even the corniest and most hackneyed contrivances .","as i setled into my world war ii memorie s , i found myself strangely moved by even the corniest and most h@ckneyed contrivances .",0,True
"( wendigo is ) why we go to the cinema : to be fed through the eye , the heart , the mind .","( wendigo is ) why we go to the cinema : to be fe d through th3 eye , the heart , the mind .",1,True
"most new movies have a bright sheen . some , like ballistic , arrive stillborn . . . looking like the beaten , well-worn video box cover of seven years into the future .","most new movis have a bright seen . some , like ballistic , arrive stillborn . . . looking like the beaten , well-worn video box cover of seven years into the future .",1,True
this is amusing for about three minutes .,this is amusi ng for about three minutes .,1,True
"i can't remember the last time i saw an audience laugh so much during a movie , but there's only one problemit's supposed to be a drama .","1 cn't reember the lat time i saw an adience lauh so much dring @ mvie , but there's only one probem it's supposed to b3 a drama .",0,True
it's difficult to say whether the tuxedo is more boring or embarrassing--i'm prepared to call it a draw .,1t's dificult to say wheter the tuedo is more borng or embarrasing--i'm prepared to call 1t a draw .,0,True
"the problem with concept films is that if the concept is a poor one , there's no saving the movie . sorry , charlie","the prblem wit h cncept flms is that if the concept is a poor one , thre's n0 saving th3 movi e . sorry , charlie",0,True
"not only are the film's sopranos gags incredibly dated and unfunny , they also demonstrate how desperate the makers of this 'we're -doing-it-for -the-cash' sequel were .","not only are the film's sopranos g@gs incredibly dated and unfunny , they also demonstrate how desperate the makers of this 'we're -doing-it-for -the-cash' sequel were .",0,True
"impossible as it may sound , this film's heart is even more embracing than monty , if only because it accepts nasty behavior and severe flaws as part of the human condition .","impossible as it may sound , this film's heart is even more embracing than monty , if only because 1t accepts nasty behavor and severe flaws as part of the human condition .",1,True
a quirky comedy set in newfoundland that cleverly captures the dry wit that's so prevalent on the rock .,a qu irky comey set in newfoundland that cleverly captues the dry wit that' s so prevalent on the rock .,1,True
"the film is enriched by an imaginatively mixed cast of antic spirits , headed by christopher plummer as the subtlest and most complexly evil uncle ralph i've ever seen in the many film and stage adaptations of the work .","the fi lm is enriched by an imaginatively mixed cast of antic spirits , headed by christopher plummer as the subtlest and most complexly evil uncle ralph i've ever seen in the many film and stage adaptations of the work .",0,True
it all drags on so interminably it's like watching a miserable relationship unfold in real time .,it all dr@gs on so interminbly it 's like watchi ng a miserable reltionship unfold in real time .,0,True
"although i didn't hate this one , it's not very good either . it can be safely recommended as a video/dvd babysitter .","although i didnt hte this one , it's not very good either . it can b3 safely recommended as a vide/dvd babysitter .",0,True
"the more kevin costner rests on his pretty-boy laurels , the public is , regrettably , going to have tepid films like dragonfly tossed at them .","the more kevin co stner rests on his pretty-boy laurels , the public is , regrettably , going to have tepid films like dragonfly tossed at them .",1,True
"it's a wonderful , sobering , heart-felt drama .","it's a wonde rful , so bering , hea rt-felt drama .",1,True
"a preposterous , prurient whodunit .","a prepsterous , prurient whodunit .",0,False
despite the premise of a good story . . . it wastes all its star power on cliched or meaningless roles .,despie the p remise of a good stoy . . . it wases all its sar p ower 0n ciched or meaningless roles .,0,True
what might have been acceptable on the printed page of iles' book does not translate well to the screen .,wat miht hae b3en accetable on the printed pge of iles' book does n0t translte well t0 the screen .,0,True
this off-putting french romantic comedy is sure to test severely the indulgence of fans of amélie .,this off-putting french roman tic comedy is sure to test severely the indulgence of fans of amélie .,1,True
the magic ( and original running time ) of ace japanimator hayao miyazaki's spirited away survives intact in bv's re-voiced version .,the magc ( @nd original running time ) of ace japanimator hayao miyazaki's spirited away survives intact in bv's re-voiced version .,1,True
hollywood ending is the most disappointing woody allen movie ever . he has a great cast and a great idea . but the execution is a flop with the exception of about six gags that really work .,h ollywood ending is the most disappointing woody allen movie ever . he has a great cast and a great idea . but the execution is a flop with the exception of about six gags that really work .,1,True
a grand fart coming from a director beginning to resemble someone's crazy french grandfather .,a g rand fart coming from a director beginning to resemble someone's crazy french grandfather .,1,True
"una película oscura , precisa , por momentos grandiosa y casi siempre conmovedora .","una pe lícula oscura , precisa , por momentos grandiosa y casi siempre conmovedora .",1,True
a live-wire film that never loses its ability to shock and amaze .,a livew-ire flm that never loses its ability to shock and amaze .,1,True
"a vibrant , colorful , semimusical rendition .","a vibran t , colorful , semimusical rendition .",1,False
"a better title , for all concerned , might be swept under the rug .","a better title , for all concerned , might be swept u nder the rug .",0,True
the difference between cho and most comics is that her confidence in her material is merited .,the difference between cho and most cmics is that her confidence in her material is merited .,1,True
we have an actor who is great fun to watch performing in a film that is only mildly diverting .,we have @n actor who is great fun to watch performing in a fim that is only mildly diverting .,0,True
"even these tales of just seven children seem at times too many , although in reality they are not enough . every child's story is what matters . this film can only point the way -- but thank goodness for this signpost .","even these tales of just seven children seem at times too many , although in realit y they are not enough . every child's story is what matters . this film can only point the way -- but thank goodness for this signpost .",0,True
"hardly an objective documentary , but it's great cinematic polemic . . . love moore or loathe him , you've got to admire . . . the intensity with which he's willing to express his convictions .","hardly an objctive dcumentary , but it's great cinematic polemic . . . love moore or loathe him , you've got to admire . . . the intensity with which he's willing to express his convictions .",1,True
"the town has kind of an authentic feel , but each one of these people stand out and everybody else is in the background and it just seems manufactured to me and artificial .","the to wn has kind of an autentic feel , but each one of thse people stad out and everybody else 1s in the background and it just seems manufactured to me and artificial .",1,True
"decasia is what has happened already to so many silent movies , newsreels and the like . the unexpected thing is that its dying , in this shower of black-and-white psychedelia , is quite beautiful .","decasia is what has happened already to so many silent moveis , newsreels and the lke . the unexpected thing 1s tat its dying , in this shower of black-and-white psychedelia , is quite beautiful .",1,True
"an unbelievably stupid film , though occasionally fun enough to make you forget its absurdity .","an unbelievably stupd film , though occasionaly fun enough to make you forget its absurdity .",0,True
"the actors don't inhabit their roles -- they're trapped by them , forced to change behavior in bizarre unjustified fashion and spout dialog that consists mostly of platitudes .","the actor s don' t inhabi t their rles -- they're traped by them , forced to change be havior in bizarre unjustified fashin and spout dialog that consists mostly of platitudes .",0,True
"this ecologically minded , wildlife friendly film teaches good ethics while entertaining with its unconventionally wacky but loving family","tis ecologically m inded , wildlie frindly flm teches god ethcs wile etertaining wih its unonventionally waky but lving family",1,True
tries to add some spice to its quirky sentiments but the taste is all too familiar .,tries to add some spic e to its quirky sentiments but the taste is all too familiar .,0,True
"a cross between blow and boyz n the hood , this movie strives to be more , but doesn't quite get there . good performances keep it from being a total rehash .","a cros beteen blow and boyz n the h ood , this movie strives to be more , but doesn't quite get there . good performances keep it from being a total rehash .",0,True
the entire movie establishes a wonderfully creepy mood .,the entire mvie establihes a wonderfully creepy mood .,1,True
"its gross-out gags and colorful set pieces . . . are of course stultifyingly contrived and too stylized by half . still , it gets the job done -- a sleepy afternoon rental .","1ts gr oss-out ggs and colorul $et piecs . . . are of cousre stultifyinly contried @nd t oo st ylized by hlf . stll , it gets the job done -- a sleepy afternoon rental .",0,True
disappointing in comparison to other recent war moviesor any other john woo flick for that matter .,diappointing 1n c omparison t0 oher recent war movies 0r any oter john woo flick for tht matter .,0,True
"though the film is well-intentioned , one could rent the original and get the same love story and parable .","though the fi lm is well-intentioned , one could rent the original and get the same l ove story and parable .",1,True
"a drama of great power , yet some members of the audience will leave the theater believing they have seen a comedy .","a dr@ma of great power , yet some members of the audience will leave the theater believing they have seen @ comedy .",1,True
"while the ideas about techno-saturation are far from novel , they're presented with a wry dark humor .","while the ides about t3chno-saturation are far from novel , they're presented with a wry dak humo r .",1,True
"[serry] wants to blend politics and drama , an admirable ambition . it's too bad that the helping hand he uses to stir his ingredients is also a heavy one .","[serry] wants to ble nd poliics and dama , an admirable ambition . it's too bad tat the helping hand he uses to stir his ingredients is also a heavy one .",1,True
"the movie is dawn of the dead crossed with john carpenter's ghosts of mars , with zombies not as ghoulish as the first and trains not as big as the second .","the m ovie is dawn of the dead crossed with john carpenter's ghosts of mars , with zombies not as ghoulish as the first and trains not as big as the second .",1,True
"a very long movie , dull in stretches , with entirely too much focus on meal preparation and igloo construction .","a very lng move , dull 1n stretches , with entirely t0o much focus on meal prepration and igloo construction .",0,True
". . . unlikable , uninteresting , unfunny , and completely , utterly inept .",". . . unlikabe , uninteresti ng , unfunny , and completely , utterly inept .",0,False
"the script's snazzy dialogue establishes a realistic atmosphere that involves us in the unfolding crisis , but the lazy plotting ensures that little of our emotional investment pays off .","the script's snazzy dia logue establishes a realistic atmosphere that involves us in the unfolding crisis , but the lazy plotting ensures that little of our emotional investment pays off .",0,True
it's deep-sixed by a compulsion to catalog every bodily fluids gag in there's something about mary and devise a parallel clone-gag .,it' s deep-sied by a complsion to catlog every bodily fluds gag in ther's something abo ut mary and devie a paral lel clone-gag .,0,False
"if you love reading and/or poetry , then by all means check it out . you'll probably love it .","if you loe reading and/or poetry , then by all means check it out . you'll probably love it .",1,True
"so young , so smart , such talent , such a wise * * * .","so you ng , so smart , such talent , such a wise * * * .",1,True
"there's a neat twist , subtly rendered , that could have wrapped things up at 80 minutes , but kang tacks on three or four more endings .","there's @ neat twis t , sutly redered , that colud hae wraped thins up @t 80 minutes , but kng tacs on thre 0r four more endings .",0,True
"the action here is unusually tame , the characters are too simplistic to maintain interest , and the plot offers few surprises .","the ac tion here is unusual ly tame , the characters are to o simplistic to maintain interest , and the plot offers few surprises .",0,True
a savvy exploration of paranoia and insecurity in america's culture of fear .,a svvy exploratin of paranoia and insecurity in america's culture of fear .,1,True
"audiences are advised to sit near the back and squint to avoid noticing some truly egregious lip-non-synching , but otherwise the production is suitably elegant .","audiences ar e advised to sit near the back and squint to avoid noticing some truly egregious lip-non-synchi ng , but otherwise the production is suitably elegant .",0,True
"you needn't be steeped in '50s sociology , pop culture or movie lore to appreciate the emotional depth of haynes' work . though haynes' style apes films from the period . . . its message is not rooted in that decade .","you needn't b3 steped 1n '0s socioogy , p0p cuture or m0vie lore to appreciate th3 eotional depth of haynes' work . though hynes' syle apes films from the period . . . its message is not rooted in that decade .",1,True
"even though it's common knowledge that park and his founding partner , yong kang , lost kozmo in the end , you can't help but get caught up in the thrill of the company's astonishing growth .","even though i's common knowledge that park and his founding partner , yong kang , lost kozmo in the end , you can't help but get caught up in the thrill of the company's astonishing growth .",0,True
it treats women like idiots .,it treats women like idots .,0,True
"if you adored the full monty so resoundingly that you're dying to see the same old thing in a tired old setting , then this should keep you reasonably entertained .","if you adored the full monty so resoundingly that you'r e dying to see the same old thing in a tired old setting , then this should keep you reasonably entertained .",1,True
a dreary rip-off of goodfellas that serves as a muddled and offensive cautionary tale for hispanic americans .,a drery rip-off of goodfellas tha t serves as a muddled and offensive cautionary tale for hispanic americans .,0,True
so relentlessly wholesome it made me want to swipe something .,so relentlessl y wholesome it made me want to swipe something .,1,True
"yes they can swim , the title is merely anne-sophie birot's off-handed way of saying girls find adolescence difficult to wade through .","yes they can $wim , the title is meely anne-sophie birot's off-handed way of saying girls f ind adolescence difficult to wade through .",0,True
the first half bursts with a goofy energy previous disney films only used for a few minutes here and there .,the first hlf brsts with a gofy enrgy previous dis ney f ilms only used for a few minuts here and there .,0,True
"as david letterman and the onion have proven , the worst of tragedies can be fertile sources of humor , but lawrence has only a fleeting grasp of how to develop them .","as da vid letterman and the onion have proven , the worst of tragedies can be fertile sources of humor , but lawrence has only a fleeting grasp of how to develop them .",0,True
"typical animé , with cheapo animation ( like saturday morning tv in the '60s ) , a complex sword-and-sorcery plot and characters who all have big round eyes and japanese names .","typical animé , with chepo animation ( like satrday morning tv in the '60s ) , a complex sword-and-sorcery plt and characters who all have big round eyes and japanese names .",0,True
a lot more dimensional and complex than its sunny disposition would lead you to believe .,a lot mre dimensionl and complex than its sunny disposition would lead you to believe .,1,True
"solaris "" is a shapeless inconsequential move relying on the viewer to do most of the work .","so laris "" is a shapeless inconsequential move relying on the viewer to do most of the work .",1,True
it's a sharp movie about otherwise dull subjects .,1t's a sharp movie about otherwise du ll subjects .,0,True
"deadly dull , pointless meditation on losers in a gone-to-seed hotel .","deady dul l , pointles s meditation 0n losers in a gone-to-seed hotel .",0,True
"one long , numbing action sequence made up mostly of routine stuff yuen has given us before .","one l ong , nmbing a ction sequence made up mostly of rout ine stuff yuen has giv en us before .",0,True
a listless and desultory affair .,a listle ss and desultory affair .,0,True
"its strengths and weaknesses play off each other virtually to a stand-off , with the unfortunate trump card being the dreary mid-section of the film .","its strengths and weaknesse s play off each other virtually to a stand-off , with the unfortunate trump card being the dreary mid-section of the film .",0,True
i thought my own watch had stopped keeping time as i slogged my way through clockstoppers .,1 though t my own watch had stopped keeping time as i slogged my way through clockstoppers .,0,True
"pull[s] off the rare trick of recreating not only the look of a certain era , but also the feel .","plul[s] off t he rare t rick of recreating not only the look of a certain era , bu t also the fel .",1,True
"the direction occasionally rises to the level of marginal competence , but for most of the film it is hard to tell who is chasing who or why .","the direct ion occasioally riss to the leel of marg inal competen ce , but for most of t he film it is hard to tell who is chasing who or why .",0,True
"the result is somewhat satisfying -- it still comes from spielberg , who has never made anything that wasn't at least watchable . but it's also disappointing to a certain degree .","the reslt is smewhat satisfying -- it still comes from spielberg , who has never mae anything that wasn't at least watchble . but it's also disappointing to a certain degree .",0,True
"evelyn may be based on a true and historically significant story , but the filmmakers have made every effort to disguise it as an unimaginative screenwriter's invention .","eveln may be basd on a true and historically significant story , but t he filmmakers have ma de every effort to disguise it as an unimaginative screenwriter's invention .",0,True
the hot topics of the plot are relegated to the background -- a welcome step forward from the sally jesse raphael atmosphere of films like philadelphia and american beauty .,the ho t toics of the plot are relegated to the background -- a welcome step forward from the sally jesse raphael atmosphere of films like philadelphia and american beauty .,1,True
"while the story does seem pretty unbelievable at times , it's awfully entertaining to watch .","while the st ory does seem pretty unbelievable at times , it's awfully entertaining to watch .",0,True
the movie is too impressed with its own solemn insights to work up much entertainment value .,the mvoie 1s too impressed with its own soemn insights to work up much entertainm ent val ue .,1,True
"the animation and backdrops are lush and inventive , yet return to neverland never manages to take us to that elusive , lovely place where we suspend our disbelief .","the animation and back drops are l ush and invetive , yet return t0 neverland never manages to take us to that elusive , lovely place where we suspend our disbelief .",1,True
there's none of the happily-ever -after spangle of monsoon wedding in late marriage -- and that's part of what makes dover kosashvili's outstanding feature debut so potent .,there's none of the happily-ever -after spangle of monsoon weddin g in late marriage -- and tat's part of what makes dover kosashvili's outstanding feature debut so potent .,0,True
"smart and fun , but far more witty than it is wise .","s mart a nd f un , but far mre witty than it is wise .",1,True
"places a slightly believable love triangle in a difficult-to-swallow setting , and then disappointingly moves the story into the realm of an improbable thriller .","places a sl ightly believable love triangle in a difficult-to-swallow setting , and then disappointingly moves the story into the realm of an improbable thriller .",0,True
"for the most part , i spy was an amusing lark that will probably rank as one of murphy's better performances in one of his lesser-praised movies .","for the mo st part , i spy was an amusing lark that will probably rank as one of murphy's better performances in one of his lesser-praised movies .",1,True
. . . a roller-coaster ride of a movie,. . . @ roller-coaster ride 0f a movie,1,True
a close-to-solid espionage thriller with the misfortune of being released a few decades too late .,a close-to-solid espionage thril ler wth the misfortune of being released a few decades too late .,1,True
"'yes , that's right : it's forrest gump , angel of death . '","'yes , that's righ t : it's forres t gump , angel of death . '",0,True
"there are things to like about murder by numbers -- but , in the end , the disparate elements don't gel .","thre ar e thigs t0 lke abot mrder by numbrs -- but , in the 3nd , th3 dispaate elements don't gel .",0,False
the affectionate loopiness that once seemed congenital to demme's perspective has a tough time emerging from between the badly dated cutesy-pie mystery scenario and the newfangled hollywood post-production effects .,the affectionat e l oopiness that once seemed congenital to demme's perspective has a tough time emerging from between the badly dated cutesy-pie mystery scenario and the newfangled hollywood post-production effects .,0,True
"perhaps a better celebration of these unfairly dismissed heroes would be a film that isn't this painfully forced , false and fabricated .","perhaps @ better celebration of these unfairly dismissed heroes would be a film that isn't this painfully forced , false and fabricated .",1,True
"you come away thinking not only that kate isn't very bright , but that she hasn't been worth caring about and that maybe she , janine and molly -- an all-woman dysfunctional family -- deserve one another .","you come away thinking not only that kate isn't very bright , but tat she hasn't been worth caring about and that maybe she , janine and molly -- an all-woman dysfunctional family -- deserve one another .",1,True
viveka seldahl and sven wollter will touch you to the core in a film you will never forget -- that you should never forget .,vi veka seldahl and sven wollter will touch you to the core in a fil m you will never forget -- that you should never forget .,1,True
"an ambitious movie that , like shiner's organizing of the big fight , pulls off enough of its effects to make up for the ones that don't come off .","an ambitious movie that , like shiner's organizing of th3 b1g fight , pulls off enough 0f its effects to make up for the ones that don't come off .",0,True
sheridan's take on the author's schoolboy memoir . . . is a rather toothless take on a hard young life .,sheridan's take on the author's schoolboy meoir . . . is a rather toothless take on a hard young life .,1,True
"graças às interações entre seus personagens , o filme torna-se não apenas uma história divertida sobre uma curiosa perseguição , mas também um belo estudo de personagens .","graças às interações entre $eus personagens , o filme torna-se nã o apenas uma história diverida sob re uma curiosa perseguição , mas também um belo estudo de personagens .",1,True
"these characters are so well established that the gang feels comfortable with taking insane liberties and doing the goofiest stuff out of left field , and i'm all for that .","these ch@racters are so well established that the gang feels comfortable with taking insane liberties and doing the goofiest stuff out of left field , and i'm all for that .",1,True
"if legendary shlockmeister ed wood had ever made a movie about a vampire , it probably would look a lot like this alarming production , adapted from anne rice's novel the vampire chronicles .","if legendary shlockmeister 3d wood had ever made a mvie about a vampire , it probably would look a lot like this alarming production , adapted from anne rice's novel the vampire chronicles .",0,True
gussied up with so many distracting special effects and visual party tricks that it's not clear whether we're supposed to shriek or laugh .,gusied up wth $o many ditracting speial efects @nd vsual pary triks that its not cear wheher we're supposed to shriek 0r laugh .,0,True
. . . surprisingly inert for a movie in which the main character travels back and forth between epochs .,. . . surprisingly inrt for a movie in which the main character travels back and forth between epochs .,0,True
"hypnotically dull , relentlessly downbeat , laughably predictable wail pitched to the cadence of a depressed fifteen-year-old's suicidal poetry .","hypotically du ll , relentlessly downbeat , laughably predictab le wail pitched to the cadence of a de pressed fifteen-year-old's suicidal poetry .",0,True
"bravo for history rewritten , and for the uncompromising knowledge that the highest power of all is the power of love .","bavo for histoy rewritten , @nd for th3 uncompomising knowledge that th3 hihest power of @ll is the power of love .",1,True
"an elegant work , food of love is as consistently engaging as it is revealing .","@n elegat wok , food 0f love is as co nsistently engaging as it 1s revealing .",1,True
odd and weird .,odd an d weird .,1,True
i kept wishing i was watching a documentary about the wartime navajos and what they accomplished instead of all this specious hollywood hoo-ha .,1 kept wishng 1 was watchng a dcumentary abot the wartime navajos and what they accomplishd insted of all this specious hollywoo d hoo-ha .,0,True
crummy,cr ummy,0,False
"a sham construct based on theory , sleight-of-hand , and ill-wrought hypothesis .","a sh am construc t based on theory , sleight-of-hand , and ill-wrought hypothesis .",0,True
a romantic comedy enriched by a sharp eye for manners and mores .,a roma ntic c omedy enriched by a sharp eye for manners and mores .,1,True
an old-fashioned drama of substance about a teacher's slide down the slippery slope of dishonesty after an encounter with the rich and the powerful who have nothing but disdain for virtue .,an ol d-fashioned dr ama 0f substance about a teacher's slide down the slippery slope of dishonesty after an encounter with the rich and the powerful who have nothing but disdain for virtue .,1,True
"here's my advice , kev . start reading your scripts before signing that dotted line .","here's my advice , kev . strt reading your scripts bfore signing that dotted line .",0,False
"even if it pushes its agenda too forcefully , this remains a film about something , one that attempts and often achieves a level of connection and concern .","even if it pushes its agenda too forcefully , this remains @ film about something , one that attempts and often achieves a level of connection and concern .",1,True
you don't have to be an especially tough grader to give a charitable b-minus to the emperor's club .,you d on't ha ve to be an especially tough grader to give a charitable b-minus to the emperor's club .,1,True
"oft-described as the antidote to american pie-type sex comedies , it actually has a bundle in common with them , as the film diffuses every opportunity for a breakthrough","oft-described as the antidote to american pie-type sex comed ies , it actually has a bundle in common with them , as the film diffuses every opportunity for a breakthrough",1,True
a mixed bag of a comedy that can't really be described as out of this world .,a mixed b ag of a comedy that can't really be described as out of this world .,0,True
"starts off with a bang , but then fizzles like a wet stick of dynamite at the very end . it's still worth a look .","stats off wih a bng , but th3n fzzles 1ike a w3t stick of dynamie at the very 3nd . it's sill worth a look .",0,True
it's a masterpiece .,it's a masterpi ece .,1,True
"the premise for this kegger comedy probably sounded brilliant four six-packs and a pitcher of margaritas in , but the film must have been written . . . in the thrall of a vicious hangover .","the premise for this kegger comedy probably sounded brilliant four six-packs and a pitcher of margaritas in , but the fi lm must have been written . . . in the thrall of a vicious hangover .",0,True
the film's stagecrafts are intimate and therefore bolder than the otherwise calculated artifice that defines and overwhelms the film's production design .,the film's stagecrafts are in timate and therefore bolder than the otherwise calculated artifice that defines and overwhelms the film's production design .,1,True
it's refreshing to see a romance this smart .,its rfreshing t0 see a romane this smart .,1,True
"in the end , the film feels homogenized and a bit contrived , as if we're looking back at a tattered and ugly past with rose-tinted glasses .","1n the 3nd , t he film feels homogenized and a b1t contrived , as if we'e loking back at a tatered and ugly past with rose-tinted glasses .",0,True
it's like an all-star salute to disney's cheesy commercialism .,it 's 1ike an all-tar sa lute to disney's cheesy comm ercialism .,0,True
"dazzles with its fully-written characters , its determined stylishness ( which always relates to characters and story ) and johnny dankworth's best soundtrack in years .","dazzles wth it s fu1ly-written characters , its determined stylishness ( which always relates t0 characters and story ) and johnny dankworth's best soundtrack in years .",1,True
a gripping documentary that reveals how deep the antagonism lies in war-torn jerusalem .,a gipping docuentary that reveals how deep the antagonism lies in war-torn jerusalem .,1,True
"all in all , a great party .","all 1n all , a great party .",0,True
"a reminder that beyond all the hype and recent digital glitz , spielberg knows how to tell us about people .","a remi nder that beyond all the hype and recent digital glitz , spielberg knows how to tell us about people .",1,True
"this version's no classic like its predecessor , but its pleasures are still plentiful .","this version's no clas sic like its predecessor , but its pleasures are still plentiful .",1,True
"time literally stops on a dime in the tries-so-hard-to-be-cool "" clockstoppers , "" but that doesn't mean it still won't feel like the longest 90 minutes of your movie-going life .","time literally $tops on a dime in the tries-so-hard-to-be-cool "" clockstoppers , "" b ut that doesn't mean 1t still won't feel like the longest 90 minutes of your movie-going life .",0,True
"infidelity drama is nicely shot , well-edited and features a standout performance by diane lane .","infidelity dr@ma is nicely shot , well-edited and features a standout performance by diane lane .",1,True
"what's most offensive isn't the waste of a good cast , but the film's denial of sincere grief and mourning in favor of bogus spiritualism .","what's most off ensive isn't the wase of a g0od cast , but the fim's denial of sincee grief and mourning in favor of bogus spiritualism .",0,True
"how on earth , or anywhere else , did director ron underwood manage to blow $100 million on this ?","how on earth , or anywhere else , di d director ron underwood manage to blow $100 million on this ?",0,True
lacks the inspiration of the original and has a bloated plot that stretches the running time about 10 minutes past a child's interest and an adult's patience . but it also has many of the things that made the first one charming .,lacs the inspiration of the original and has a bl oated plo t that stretches the running time about 10 minutes past a child's interest and an adult's patience . but it also has many of the things that made the first one charming .,0,True
"like schindler's list , the grey zone attempts to be grandiloquent , but ends up merely pretentious -- in a grisly sort of way .","like schindler's lit , the gr ey zone attempts to be grandiloquent , but ens up merey pretentous -- in a gri sly sort of way .",0,True
"every now and again , a movie comes along to remind us of how very bad a motion picture can truly be . frank mcklusky c . i . is that movie !","every now and again , @ movie comes along to remind us of how very b ad a motion picture can truly be . frank mcklusky c . i . is that movie !",1,True
"fails to satisfactorily exploit its gender politics , genre thrills or inherent humor .","fails to satisfactorily expoit its g ender po litics , genre thrills or inherent humor .",1,True
"the angst-ridden , affluent slacker characters are more grating than engaging .","the angst-r idden , afluent slacker charcters are more grati ng than engaging .",0,True
"its use of the thriller form to examine the labyrinthine ways in which people's lives cross and change , buffeted by events seemingly out of their control , is intriguing , provocative stuff .","its us e of the thriller form to examine the labyrinthine ways in which people's lives cross and change , buffeted by events seemingly out of their control , is intriguing , provocative stuff .",0,True
the solid filmmaking and convincing characters makes this a high water mark for this genre .,the soli d filmma king and convincing characters makes this a high water mark for this genre .,1,True
"ryosuke has created a wry , winning , if languidly paced , meditation on the meaning and value of family .","ryosuke has ceated @ wr y , winnng , if l anguidly paed , meitation on th3 meanig a nd value of family .",1,False
plays like a bad blend of an overripe episode of tv's dawson's creek and a recycled and dumbed-down version of love story .,plys lke @ ba d belnd of an overripe e pisode of tv's dawson's crek and a re cycled and dumbe d-down version of love sory .,0,True
"enough is not a bad movie , just mediocre . the performances are so overstated , the effect comes off as self-parody .","enouh is n0t a bad moie , jus t mediocre . the performances are so ovrstated , the effect comes of f as self-parody .",0,True
". . . very funny , very enjoyable . . .",". . . vey funny , very enjoyable . . .",1,False
"an energizing , intoxicating documentary charting the rise of hip-hop culture in general and the art of scratching ( or turntablism ) in particular .","an energizing , intoxicat ing documentary charting the rise 0f h ip-hop culture in general and the a rt of scratching ( or turntablism ) in particular .",1,True
"jirí hubac's script is a gem . his characters are engaging , intimate and the dialogue is realistic and greatly moving . the scope of the silberstein family is large and we grow attached to their lives , full of strength , warmth and vitality . .","jirí hubac's script is a g3m . hi s characters are eng aging , intimate @nd the dialogue is realistic and greatly moving . the scope of the silberstein family is large and we grow attached to their lives , full of strength , warmth and vitality . .",1,True
"sometimes this modest little number clicks , and sometimes it doesn't .","sometimes this modest little number click s , and sometimes it doesn't .",0,True
"about as enjoyable , i would imagine , as searching for a quarter in a giant pile of elephant feces . . . positively dreadful .","about as enj oyable , i would imagine , as searching for a quarter in a giant pile of elephant feces . . . positively dreadful .",1,True
a little weak -- and it isn't that funny .,@ lttle wak -- and it isn't that funny .,0,True
"from beginning to end , this overheated melodrama plays like a student film .","from beginning to end , thi s overhea ted melodram a plays like a sudent film .",0,True
"just another disjointed , fairly predictable psychological thriller .","just anther disjoi nted , farly predctable p$ychological thriller .",0,True
'like a child with an important message to tell . . . [skins'] faults are easy to forgive because the intentions are lofty . ','like a cild with an important message to tell . . . [skins'] faults are easy to forgive because the intentions are lofty . ',1,True
"a graceless , witless attempt at mating some like it hot with the wwii espionage thriller .","a graeless , wiless attept at mating some like it hot with th3 wwii espinage thriller .",0,True
the best film of the year 2002 .,the best fil m of the year 2 002 .,1,True
"does a good job of establishing a time and place , and of telling a fascinating character's story .","does a goo d job of establishing a time and place , and of telling @ fascinating characte's story .",1,True
"if you thought tom hanks was just an ordinary big-screen star , wait until you've seen him eight stories tall .","if you thought tom hnks was just an ordinary b1g-screen sar , wait until you've seen h1m eight stories tall .",0,True
"at its best , it's black hawk down with more heart . at its worst , it's rambo- meets-john ford .","@t i ts best , it's black hawk down with more heart . at its worst , it's rambo- meets-john ford .",1,True
it treats ana's journey with honesty that is tragically rare in the depiction of young women in film .,it tre ats ana's jourey with ho nesty that is tragically rare in the depiction of young wom en in flm .,1,True
"very well made , but doesn't generate a lot of tension .","very well made , bu t doesn't generate a lot of tension .",0,True
a deep and meaningful film .,a dep @nd meaningf ul flm .,1,True
it's one thing to read about or rail against the ongoing - and unprecedented - construction project going on over our heads . it's quite another to feel physically caught up in the process .,it 's one thing to read about or rail against the ongoing - and unprecedented - construction project going on over our heads . it's quite another to feel physically caught up in the process .,0,True
kapur's contradictory feelings about his material result in a movie that works against itself .,kapur's contradctory feelngs about h1s maerial result in @ mvie that works against itself .,0,True
"terminally bland , painfully slow and needlessly confusing . . . the movie , shot on digital videotape rather than film , is frequently indecipherable .","terminlly blad , pinfully slw and needlessy confusig . . . the movie , shot 0n digial videoape rather than film , is frequently indecipherable .",0,False
no telegraphing is too obvious or simplistic for this movie .,n0 telegraphing is too o bvious or simplisic for this mo vie .,0,True
the gags that fly at such a furiously funny pace that the only rip off that we were aware of was the one we felt when the movie ended so damned soon .,th3 ggs that fly @t such @ furiusly funy pce that the only rip 0ff that w3 wre aware of was the one we felt when the movie ended so damned soon .,0,True
"feels at times like a giant commercial for universal studios , where much of the action takes place .","feels @t tim es like a giant com mercial for universal s tudios , where much of the action takes place .",0,True
"mr . deeds is not really a film as much as it is a loose collection of not-so-funny gags , scattered moments of lazy humor .","mr . deeds is not really a film as much as it is a loose colection of not-so-funny gags , scatterd m oments of lazy humor .",0,True
"godard has never made a more sheerly beautiful film than this unexpectedly moving meditation on love , history , memory , resistance and artistic transcendence .","godard has neer made a more sheely bautiful flm than this unexpectedly moving medittion on loe , hstory , memory , resistance and artistic transcendence .",1,True
with its parade of almost perpetually wasted characters . . . margarita feels like a hazy high that takes too long to shake .,with its pa rade of almost perpetually wasted characters . . . margarita feels like a hazy high that takes too long to shake .,0,True
"over-the-top and a bit ostentatious , this is a movie that's got oodles of style and substance .","over-the-top and @ bit ostentatious , this is a movie that's got oodles of style @nd substance .",1,True
"bursting through the constraints of its source , this is one adapted- from-television movie that actually looks as if it belongs on the big screen .","bursting through the constraints of its source , this is one adapted- from-television m ovie that actually looks as if it belongs on the big screen .",0,True
it asks nothing of the audience other than to sit back and enjoy a couple of great actors hamming it up .,it a sks nothing of the audience other than to sit back and enjoy a couple of great actors hamming it up .,0,True
"if you are an actor who can relate to the search for inner peace by dramatically depicting the lives of others onstage , then esther's story is a compelling quest for truth .","if y0u @re @n actor who can relate to the search for inner pecae by damatically depicting the lives of others onstage , then esther's story is a compelling quest for truth .",1,True
about as big a crowdpleaser as they possibly come .,about as bi g a crowdpleaser as they possibly come .,0,True
a solid film . . . but more conscientious than it is truly stirring .,a sol id f ilm . . . but more conscientius than it is truly stirring .,1,True
"at a time when we've learned the hard way just how complex international terrorism is , collateral damage paints an absurdly simplistic picture .","at a time when we've learned the hard way jus t how co mplex interntional terrorim is , collaeral daage paints an absurly simplistc picture .",0,True
"a surprisingly flat retread , hobbled by half-baked setups and sluggish pacing .","a surprisingly f lat reread , hobbled by hlf-baked setups and sluggi sh paing .",0,True
"what is 100% missing here is a script of even the most elemental literacy , an inkling of genuine wit , and anything resembling acting .","what is 10% missing here is a sript of even the most elemental literacy , an inkling of gen uine wit , and anything resembling acting .",1,True
it's neither as romantic nor as thrilling as it should be . but it offers plenty to ponder and chew on as its unusual relationship slowly unfolds .,i t's neither as romantic nor as thrilling as it should be . but it offers plenty to ponder and chew on as its unusual relationship slowly unfolds .,1,True
morvern rocks .,morvern r ocks .,1,True
"and if you appreciate the one-sided theme to lawrence's over-indulgent tirade , then knock yourself out and enjoy the big screen postcard that is a self-glorified martin lawrence lovefest . if you are willing to do this , then you so crazy !","and if you appreciate the one-sided theme to lawrence's over-indulgent tirade , then knock yourself ou t and enjoy the big screen postcard that is a self-glorified martin lawrence lovefest . if you are willing to do this , then you so crazy !",0,True
"the country bears has no scenes that will upset or frighten young viewers . unfortunately , there is almost nothing in this flat effort that will amuse or entertain them , either .","th3 counry bea rs has n0 scnes that will upst 0r frigten yonug viwers . unfortunately , t here is almost nothng in thi s flat effort that wil l amuse or entertain them , either .",0,True
"ensemble movies , like soap operas , depend on empathy . if there ain't none , you have a problem .","ensemble movies , l ike soap operas , depend on empathy . if there ain't none , you have a problem .",0,True
"long before it's over , you'll be thinking of 51 ways to leave this loser .","long bfore i t's oer , you'l b3 thinkig of 51 w@ys to lea ve this loser .",0,True
a compelling motion picture that illustrates an american tragedy .,a complling motio n picture that illustrates an american tragedy .,1,True
"the x potion gives the quickly named blossom , bubbles and buttercup supernatural powers that include extraordinary strength and laser-beam eyes , which unfortunately don't enable them to discern flimsy screenplays .","the x potion gives the quickly named blossom , bubbles and buttercup supernatural powers that include extraordinary strength and laser-beam eyes , which unfortunat ely don't enable them to discern flimsy screenplays .",0,True
"a shame that stealing harvard is too busy getting in its own way to be anything but frustrating , boring , and forgettable .","a shme tht staling harva rd is t0o buy gtting 1n 1ts own way t0 be anythig but frustratng , bor ing , and forgettable .",0,True
"in a 102-minute film , aaliyah gets at most 20 minutes of screen time . . . . most viewers will wish there had been more of the "" queen "" and less of the "" damned . ""","in a 102-mi nute film , aa liyah gets at most 20 minutes of screen time . . . . most viewers will wish there had been more of the "" queen "" and less of the "" damned . """,1,True
ferrara directs the entire film with the kind of detachment that makes any given frame look like a family's custom-made christmas card .,ferrar a di rects the entire film with the kind of detachment that makes any given frame look like a family's custom-made christmas c@rd .,1,True
"as a movie , it never seems fresh and vital . it never plays as dramatic even when dramatic things happen to people . it labours as storytelling .","as a mo vie , it never see ms fresh and vital . it never plays as dramatic even when dramatic things happen to people . it labours as storytelling .",1,True
first-time director joão pedro rodrigues' unwillingness to define his hero's background or motivations becomes more and more frustrating as the film goes on .,first-time director j oão pedro rodrigues' unwillingness to define his hero 's background or motivations becomes more and more frustrating as the film go es on .,0,True
winds up feeling like lots of other quirky movies that try to score hipness points with young adults .,winds up feeling like lots of other quirky mo vies that try to score hipness points with young adults .,1,True
you don't have to know about music to appreciate the film's easygoing blend of comedy and romance .,you don' t have to know about music to appreciate the film's easygoing blend of comedy and rom ance .,1,True
vampire epic succeeds as spooky action-packed trash of the highest order .,vampire epc succeeds as spooky action-packed trash of the highest order .,1,True
"while it has definite weaknesses -- like a rather unbelievable love interest and a meandering ending -- this '60s caper film is a riveting , brisk delight .","while it has definite weakness es -- like a rather unbelievable love interest and a meandering ending -- this '6 0s caper film is a riveting , brisk delight .",1,True
eckstraordinarily lame and severely boring .,eckstraordinarily lme and severely borig .,0,False
"often overwrought and at times positively irritating , the film turns into an engrossing thriller almost in spite of itself .","often overwrou ght and at times positively irritating , the film turns into an engrossing thriller almost in spite of itself .",0,True
"boy oh boy , it's a howler .","b0y 0h boy , it's a howler .",0,True
"made-up lampoons the moviemaking process itself , while shining a not particularly flattering spotlight on america's skin-deep notions of pulchritude .","made-up lampoons the moviemaking proc ess itslf , while shining a not particu larly flatte ring spotlight on america's skin-dep noions of pulchritude .",1,True
"on its icy face , the new film is a subzero version of monsters , inc . , without the latter's imagination , visual charm or texture .","on 1ts 1cy face , the n3w film is a s ubzero version of mosters , inc . , without the latter's imaginatio n , visual charm or texture .",1,True
"a real winner -- smart , funny , subtle , and resonant .","a ral winne r -- s mart , fnny , subtle , and resonant .",1,False
insufferably naive .,insufferbly n@ive .,0,True
"obvious , obnoxious and didactic burlesque .","obvios , oboxious and didactic burlesque .",0,False
a mimetic approximation of better films like contempt and 8 1/2 .,a mimetic approximation of better fims like contempt and 8 1/2 .,1,True
"<em>ash wednesday</em> is not edward burns' best film , but it is a good and ambitious film . and it marks him as one of the most interesting writer/directors working today .","<em>sah wenesday</em> is n ot edward burns' best film , but it is a good and ambitious flm . and it marks him as one of the most interesting writer/directors working today .",1,True
michel piccoli's moving performance is this films reason for being .,mihel piccoli's moving pe rformance is this flms reason for being .,1,True
"[dong] makes a valiant effort to understand everyone's point of view , and he does such a good job of it that family fundamentals gets you riled up .","[do ng] makes a valiant effort to understand everyone's point of view , and he does such a good job of it that family fundamentals gets you riled up .",0,True
calculated swill .,calculatd $will .,0,False
"from the choppy editing to the annoying score to 'special effects' by way of replacing objects in a character's hands below the camera line , "" besotted "" is misbegotten","from the chopp y e diting to the annoying score to 'special effects' by way of replacing obje cts in a character's hands below the camera line , "" besotted "" is misbegotten",0,True
[a] real pleasure in its laid-back way .,[a] real pleasu re in its laid-back way .,1,True
"apparently , romantic comedy with a fresh point of view just doesn't figure in the present hollywood program .","apparently , romantc comedy with a fresh point of view just doesn't figure in the present hollywood program .",1,True
"a recent favourite at sundance , this white-trash satire will inspire the affection of even those unlucky people who never owned a cassette of def leppard's pyromania .","a rec ent f avourite @t sund ance , ths white-trash saire will inpire the affection of even thoe unlucky people who never owned a cassette of def leppard's pyromania .",1,True
director boris von sychowski instead opts for a routine slasher film that was probably more fun to make than it is to sit through .,diector boris von sychowski intead opts for a rouine slaher f ilm that was probably more fun to make than it is to sit through .,0,True
"the screenplay , co-written by director imogen kimmel , lacks the wit necessary to fully exploit the comic elements of the premise , making the proceedings more bizarre than actually amusing .","the sreenplay , co-written by director imogen kimmel , lacks the wit necessary to fully explot the comic elements of the premise , making the proceedings more bizarre than actually amusing .",0,True
"it's all stitched together with energy , intelligence and verve , enhanced by a surplus of vintage archive footage .","it 's @ll stiched togeter with eergy , intelligence and verve , enhanced by a srplus of vintge archive footage .",1,True
dignified ceo's meet at a rustic retreat and pee against a tree . can you bear the laughter ?,dignified ceo's meet at a rustc retreat and pee against a tree . can you bear the laughter ?,1,True
"if h . g . wells had a time machine and could take a look at his kin's reworked version , what would he say ? 'it looks good , sonny , but you missed the point . '","if h . g . wells had @ time machine and could take @ look at his kins reworked version , wht would he say ? 'it looks good , sonny , but you missed the point . '",0,True
has something to say . . . but it is a statement and issue worthy of a much more thoughtfulness and insight than a melodramatic and wholly predictable thriller .,has something to say . . . but it is a statement and issue worthy of @ much more thoughtfulness and insight than a melodramatic and wholly predictable thriller .,1,True
on the right track to something that's creepy and effective . . . it's just going to take more than a man in a bullwinkle costume to get there .,on the right tra ck to something t hat's creepy and effective . . . it's just going to take more than a man in a bullwinkle costume to get there .,0,True
"a movie more to be prescribed than recommended -- as visually bland as a dentist's waiting room , complete with soothing muzak and a cushion of predictable narrative rhythms .","a movi e moe to be prescribed than recommended -- as visally bland as a dentist's waitng room , complete with soothing muzak and a cushion of predictable narrative rhythms .",1,True
a woman's pic directed with resonance by ilya chaiken .,@ woman's p ic directe d with resona nce by ilya chaiken .,1,True
not since ghostbusters has a film used manhattan's architecture in such a gloriously goofy way .,not since ghostbusters has a film used manhattan's archi tecture in such a gloriously goofy way .,1,True
"for a film that celebrates radical , nonconformist values , what to do in case of fire ? lazily and glumly settles into a most traditional , reserved kind of filmmaking .","for @ flm that celebr ates r@dical , nonconformist values , what to do in case of fire ? lazily and glumly settles into a most traditional , reserved kind of filmmaking .",1,True
the mothman prophecies is best when illustrating the demons bedevilling the modern masculine journey .,the mo thman propheces is best when illustrting the demo ns bedevilling the modern masculine jurney .,1,True
"critics need a good laugh , too , and this too-extreme-for-tv rendition of the notorious mtv show delivers the outrageous , sickening , sidesplitting goods in steaming , visceral heaps .","cri tics n eed @ good laugh , too , and th is too-extreme-for-tv renditin of the notorious mtv s how delivers the outrageous , sickening , sidesplitting goods in steaming , visceral heaps .",0,True
an uneven look into a grim future that doesn't come close to the level of intelligence and visual splendour that can be seen in other films based on philip k . dick stories .,an uneven look into a grim future that doesn't come close to the level of intelligece and visual splendour that can be seen in other films based on philip k . dick stories .,1,True
one thing you have to give them credit for : the message of the movie is consistent with the messages espoused in the company's previous video work .,one thing you have to give them credit for : the message of t he movie is consistent with the messages espoused in the company's previous video work .,1,True
"there's not much more to this adaptation of the nick hornby novel than charm -- effortless , pleasurable , featherweight charm .","there's not much more to this adptation of the nick hornby novel than c harm -- e ffortless , pleasurable , featherweight charm .",1,True
"a sensitive , modest comic tragedy that works as both character study and symbolic examination of the huge economic changes sweeping modern china .","a snsitive , mdest comic tragedy that works as bth character study and symbolic examination of the huge economic changes sweeping moder n china .",1,True
"a thoughtful , provocative , insistently humanizing film .","a tho ughtful , pro vocative , insistenly humanizing film .",1,False
""" juwanna mann ? "" no thanks . wewannour money back , actually .",""" juw@nna mann ? "" n0 thanks . wewannour money back , actually .",0,True
"it's hard to fairly judge a film like ringu when you've seen the remake first . many of the effective horror elements are dampened through familiarity , [yet] are worthwhile .","it 's h ard to fairly judge a film like ri ngu when you've seen the remke first . many of the effective horror elements are dampened through familiarity , [yet] are worthwhile .",0,True
"it's just disappointingly superficial -- a movie that has all the elements necessary to be a fascinating , involving character study , but never does more than scratch the surface .","1t's just disppointingly sperficial -- a movie that has all the elements necessary to be a fascinating , involving character study , but never does more than scratch the surface .",0,True
"though the violence is far less sadistic than usual , the film is typical miike : fast , furious and full of off-the-cuff imaginative flourishes .","though the vio lence is far less sadistic than usual , th e film is typical miike : fast , furious and full of off-the-cuff imaginative flourishes .",0,True
. . . a bland murder-on-campus yawner .,. . . a b land murder-on-campus yawner .,0,True
both damning and damned compelling .,both damning and damned complling .,1,True
"dialogue-heavy and too cerebral for its own good -- or , at any rate , too cerebral for its racy subject matter .","diaogue-heavy a nd t0o cerebral fo r its 0wn good -- or , @t @ny rate , t0o cerebrl for its racy subject matter .",0,True
"who is the audience for cletis tout ? anybody who enjoys quirky , fun , popcorn movies with a touch of silliness and a little bloodshed .","who is the audience for cletis tot ? anybody who enjoys quirky , fun , popcorn movies with a touch of silliness a nd a little bloodshed .",1,True
sade is an engaging look at the controversial eponymous and fiercely atheistic hero .,sae 1s an engaing look @t the controve rsial eponymous and fie rcely atheistic hero .,1,True
deserves high marks for political courage but barely gets by on its artistic merits .,deserves high m@rks for polit ical courage but barely gets by on its artistic merits .,0,True
it's a fanboy 'what if ? ' brought to life on the big screen .,i's a fa nboy 'what if ? ' brought to life on the big screen .,0,True
the gantzes' interviews tend to let the guys off the hook .,th3 gantzes' inteviews t3nd t0 let the guys of f the hook .,0,False
"as green-guts monster movies go , it's a beaut .","as gree-guts monster movies go , it's a beaut .",1,True
"hip-hop has a history , and it's a metaphor for this love story .","hp-hop ha s a hisory , and its a metahor for this l ove story .",1,True
"unlike most teen flicks , swimming takes its time to tell its story , casts mostly little-known performers in key roles , and introduces some intriguing ambiguity .","unlike mot t een flcks , swimming takes its time to tell its story , casts mostly little-nkown performers in k3y roles , and introduces some intriguing ambiguity .",1,True
makes an aborbing if arguable case for the man's greatness .,makes an aborbing if arguable cse f0r the man's greatness .,1,True
"a truly moving experience , and a perfect example of how art -- when done right -- can help heal , clarify , and comfort .","@ tuly mving experiece , and a perfect example of ho w art -- when done riht -- can help hal , clarify , and comfort .",1,True
it's hard to imagine that even very small children will be impressed by this tired retread .,it 's h ard t0 imagine that even very small children will be impressed by this tired retrad .,0,True
"not so much a movie as a picture book for the big screen . this isn't my favorite in the series , still i enjoyed it enough to recommend .","not $o m uch @ moie as a picture book for the big screen . this isn't my favorite in th3 seri es , still i enjoyed it enough to recommend .",0,True
"it's a setup so easy it borders on facile , but keeping the film from cheap-shot mediocrity is its crack cast .","it's a se tup so easy it borders on facile , but keeping the film from cheap-shot mediocrity is its crack cast .",0,True
this overproduced piece of dreck is shockingly bad and absolutely unnecessary . hmmmmight i suggest that the wayward wooden one end it all by stuffing himself into an electric pencil sharpener ?,this overpoduced pece of deck is shockingly bad and absolutely unnecesary . hmmm might i sugest that th3 wayward wooden one end it all by stuffing himself into an electric pencil sharpener ?,0,True
"though howard demonstrates a great eye as a director , this southern gothic drama is sadly a tough sit , with an undeveloped narrative and enough flashbacks and heavy-handed metaphors to choke a horse -- or at least slow him down to a canter .","though ho ward demonstrates a great eye as a director , this southern gothic drama is sadly a tough sit , with an undeveloped narrative and enough flashbacks and heavy-handed metaphors to choke a horse -- or at least slow him down to a canter .",1,True
""" i blame all men for war , "" [the warden's daughter] tells her father . the movie is about as deep as that sentiment .",""" 1 bl ame al l men for war , "" [the warden's daughter] tells her father . the movie is about as deep as that sentiment .",0,True
a sobering and powerful documentary about the most severe kind of personal loss : rejection by one's mother .,a soberig @nd powrful documenary about the most svere kind of persnal loss : rejection by one' s mother .,1,True
"nine queens is not only than a frighteningly capable debut and genre piece , but also a snapshot of a dangerous political situation on the verge of coming to a head .","nine queen s is not only than a frighteningly capable debut and genre piece , but also a snapshot of a dangerous political situation on the verge of coming to a head .",0,True
"there's a persistent theatrical sentiment and a woozy quality to the manner of the storytelling , which undercuts the devastatingly telling impact of utter loss personified in the film's simple title .","there's a persistent theatricl sentiment and a woozy quality to the manner of the storytelling , which undercuts the devastatingly telling impact of utter loss personified in the film's simple title .",1,True
rarely have i seen a film so willing to champion the fallibility of the human heart .,rarely have i seen a film so willing to champion the fallibility of the human hear t .,1,True
"the people in abc africa are treated as docile , mostly wordless ethnographic extras .","the people in a bc africa are treated as docile , mostly wordless ethnographic extras .",0,True
quitting offers piercing domestic drama with spikes of sly humor .,quitting offers piercng domestic drama with spikes of sly humor .,1,True
a documentary to make the stones weep -- as shameful as it is scary .,a docmentary to make the stons weep -- as shameful as it is scary .,1,True
there is only so much baked cardboard i need to chew .,there is ony so much bked c@rdboard i ned to ch ew .,0,True
norton is magnetic as graham .,norton is mag netic as graham .,0,True
that it'll probably be the best and most mature comedy of the 2002 summer season speaks more of the season than the picture,that it'll probably be the best and most mature co medy of the 2002 summer season speaks more of the season than the picture,0,True
nothing is sacred in this gut-buster .,noting is sacred in t his g ut-buster .,0,True
"although it bangs a very cliched drum at times , this crowd-pleaser's fresh dialogue , energetic music , and good-natured spunk are often infectious .","although it bang s a very cliched drum at times , this crowd-pleaser's fresh dialogue , energeic music , and good-natur ed spunk are often infectious .",1,True
"the film is just a big , gorgeous , mind-blowing , breath-taking mess .","th3 fi lm is jut a b1g , gorgeous , mind-blo wing , breath- taking mess .",0,True
"the story itself it mostly told through on-camera interviews with several survivors , whose riveting memories are rendered with such clarity that it's as if it all happened only yesterday .","the story i tself it mostly told through on-camera inte rviews with several survivors , whose riveting memor ies are rendered with such clarity that it's as if it all happened only yesterday .",1,True
like leafing through an album of photos accompanied by the sketchiest of captions .,like leafing through an album of p hotos accompanied by the sketchiest of captions .,0,True
"despite its lavish formalism and intellectual austerity , the film manages to keep you at the edge of your seat with its shape-shifting perils , political intrigue and brushes with calamity .","despite its lav ish formalism and intellectual austerity , th3 film manages to keep you at t he edge of your seat with its shape-shifting perils , political intrigue and brushes with calamity .",1,True
"a thoroughly enjoyable , heartfelt coming-of-age comedy .","a thoroughy enjoyabe , hearfelt comng-of-age comey .",1,False
"its maker , steven spielberg , hasn't had so much fun in two decades , since he was schlepping indiana jones around the globe in search of a giant misplaced ashtray .","1ts maer , steven spielberg , hasn't had $o much fun in two decades , since he was schlepping indiana jones around the globe in search of a giant misplaced ashtray .",0,True
a movie that reminds us of just how exciting and satisfying the fantasy cinema can be when it's approached with imagination and flair .,a mvie that reminds us of just how eciting and satisfyng the fantsy cnema can b3 when i's approached with imagiation and flai r .,1,True
suffocated at conception by its munchausen-by-proxy mum . punish the vehicle to adore the star .,suffocted @t cnception by its munchausen-by-proxy m um . punish the vehicle to adore the star .,0,True
"impostor can't think of a thing to do with these characters except have them run through dark tunnels , fight off various anonymous attackers , and evade elaborate surveillance technologies .","impostr c@n't think of a thing to do with these characers except have them run through d@rk tunnels , fight off various anonymous attackers , and evade elaborate surveillance technologies .",0,True
"it's not original , and , robbed of the element of surprise , it doesn't have any huge laughs in its story of irresponsible cops who love to play pranks .","i t's n0t original , and , robbed of the element of srprise , it doesn't have any hge laughs in its stry of irresponsible cops who love to play pranks .",0,True
mib ii is a movie that makes it possible for the viewer to doze off for a few minutes or make several runs to the concession stand and/or restroom and not feel as if he or she has missed anything . that's because relatively nothing happens .,mi b 1i is a movie that makes it possible for the viewer to doze off for a few minutes or make several runs to the concession stand and/or restroom and not feel as if he or she has missed anything . that's because relatively nothing happens .,1,True
it's easy to love robin tunney -- she's pretty and she can act -- but it gets harder and harder to understand her choices .,i t's easy to love robin tunney -- she's pretty and she can act -- but it gets harder and harder to understand her choices .,0,True
"the actors are simply too good , and the story too intriguing , for technical flaws to get in the way .","the actors ar e simpy too good , and the story too intriguing , for technical faws to get in the way .",0,True
"by the time you reach the finale , you're likely wondering why you've been watching all this strutting and posturing .","by the time you reach the fi nale , you're likely wondering why you've been watching @ll this strutting and posturing .",1,True
"for his first attempt at film noir , spielberg presents a fascinating but flawed look at the near future .","for his first attempt at film nor , spielberg presents a fascinating but flawed look at the near future .",1,True
get out your pooper-scoopers .,get o ut your pooper-scoopers .,0,True
a cautionary tale about the folly of superficiality that is itself endlessly superficial .,a ca utionary tale about the folly of superficiality that is itself endlessly superficial .,1,True
"sinks into the usual cafeteria goulash of fart jokes , masturbation jokes , and racist japanese jokes .","snks into the uual cafeteria goulash of fat joks , masurbation jo kes , a nd raist japanese jokes .",0,False
"while some of the camera work is interesting , the film's mid-to-low budget is betrayed by the surprisingly shoddy makeup work .","while some of the came ra work is interesting , the film's mid-to-low budget is betrayed by the surprisingly shoddy makeup work .",0,True
"despite besson's high-profile name being wasabi's big selling point , there is no doubt that krawczyk deserves a huge amount of the credit for the film's thoroughly winning tone .","despite besson's high-pro file name being wasabi's big selling point , there is no doubt that krawczyk deserves a huge amount of the credit for the film's thoroughly winning tone .",1,True
"as social exposé , skins has its heart in the right place , but that's not much to hang a soap opera on .","as so cial exposé , skins has its heart in the right place , but that's not much to hang a soap opera on .",1,True
"a different kind of love story - one that is dark , disturbing , painful to watch , yet compelling .","a differ ent kid 0f lve stoy - one tat is dak , disturbing , painful t0 watch , yet compelling .",1,True
the charms of the lead performances allow us to forget most of the film's problems .,the chars of the lead performnces allow us to forget most of the film's problems .,1,True
"combining quick-cut editing and a blaring heavy metal much of the time , beck seems to be under the illusion that he's shooting the latest system of a down video .","combinin g quik-cut editing @nd a blaring heavy metal much of the time , beck seems to be under the illusion that he's shooting the latest system of a down video .",1,True
"a wry , affectionate delight .","a wr y , affectioate delight .",1,False
"with lines that feel like long soliloquies -- even as they are being framed in conversation -- max is static , stilted .","with li nes that feel lke long solloquies -- even as they @re bing fraed 1n conversaion -- ma x is static , stilted .",0,False
you have no affinity for most of the characters . nothing about them is attractive . what they see in each other also is difficult to fathom .,you hae no affinity for most of the cha racters . nothing about them is attractive . what they see in each other alo is difficult to fathom .,1,True
"though nijinsky's words grow increasingly disturbed , the film maintains a beguiling serenity and poise that make it accessible for a non-narrative feature .","though nijinsky's wo rds gro w increasingy disturbed , the film maintains a beguiling serenity and poise that make it accessible for a non-narrative feature .",1,True
the kind of nervous film that will either give you a mild headache or exhilarate you .,the k1nd of nevous f ilm that will either give you a mild hedache 0r exhilarate you .,0,True
"mr . goyer's loose , unaccountable direction is technically sophisticated in the worst way .","mr . goy er's loose , unaccountable direction is technically sophisticated in the worst way .",0,True
the film lapses too often into sugary sentiment and withholds delivery on the pell-mell pyrotechnics its punchy style promises .,the f ilm lapse s too often into sugar y sentiment and withholds delivery on the pell-mell pyrotechnics its punchy style promises .,0,True
insanely hilarious ! i haven't laughed that hard in years !,insanely hilari ous ! i haven't laughed that hard in years !,1,True
the emotions are raw and will strike a nerve with anyone who's ever had family trauma .,the emotins @re r aw and will stike a ner ve with anyone who's ever had family trauma .,1,True
"madonna has made herself over so often now , there's apparently nothing left to work with , sort of like michael jackson's nose .","madnna has mde herelf oer so oftn now , there's apparently nohing left to work with , sot 0f like michael jackson's nose .",0,True
it's like going to a house party and watching the host defend himself against a frothing ex-girlfriend . you don't want to call the cops . you want to call domino's .,1t's like going to a house party and watching the host defend himself against a frothing ex-girlfriend . you don 't want to call the cops . you want to call domino's .,0,True
"not only is undercover brother as funny , if not more so , than both austin powers films , but it's also one of the smarter , savvier spoofs to come along in some time .","not only is undercover brother as funny , if not more so , than both aus tin powers films , but it's also one of the smarter , savvier spoofs to come along in some time .",1,True
"the movie certainly has its share of clever moments and biting dialogue , but there's just not much lurking below its abstract surface .","the m ovie certainly has its share of clever moments and biting dialogue , but there's just not much lurking below its abstract surface .",0,True
like other great documentaries . . . this goes after one truth ( the ford administration's complicity in tearing 'orphans' from their mothers ) and stumbles upon others even more compelling .,like other grat documentari es . . . this goes after o ne truth ( the ford administration's complicity in tearing 'orphans' from their mothers ) and stumbles upon others even more compelling .,1,True
"the problem is the needlessly poor quality of its archival prints and film footage . the images lack contrast , are murky and are frequently too dark to be decipherable .","the prblem is the needlesly poor quality of its archival prints and film footage . the images lack contrast , are murky and are frequently too dark to be decipherable .",0,True
simply doesn't have sufficient heft to justify its two-hour running time .,simply doesn 't have s ufficient h eft to justify its two-hour r unning time .,0,True
fans of the modern day hong kong action film finally have the worthy successor to a better tomorrow and the killer which they have been patiently waiting for .,fans of the moern day hong kng action fim finally have the worthy successor to @ better tomorrow and the killer which they have been patiently waiting for .,1,True
"it does give a taste of the burning man ethos , an appealing blend of counter-cultural idealism and hedonistic creativity .","it des gve a tste of the buning m an eths , an appaling blend of counter-cutural idealim and hedo nistic creativi ty .",1,True
"if the plot seems a bit on the skinny side , that's because panic room is interested in nothing more than sucking you inand making you sweat .","if the p lot seems a bit on the skinny side , that's because panic room is interested in nothing more th an sucking you in and making you sweat .",0,True
the observations of this social/economic/urban environment are canny and spiced with irony .,the oservations 0f this social/economic/urbn environment @re canny and spiced with ir ony .,1,True
"for its seriousness , high literary aspirations and stunning acting , the film can only be applauded .","for 1ts seriousness , hgh literary aspirations @nd stunn ing acting , the film can only be applauded .",1,True
consider the film a celluloid litmus test for the intellectual and emotional pedigree of your date and a giant step backward for a director i admire .,consier th3 fim @ clluloid lit mus tst for the int ellectual and emotinal pediree of your d ate and a gian t step backward for a director i admire .,1,True
an involving true story of a chinese actor who takes up drugs and winds up in an institution--acted mostly by the actual people involved .,an involving true story of a chine se actor who takes up drugs and winds up in an institution--acted mostly by the actual people involved .,1,True
"mostly , [goldbacher] just lets her complicated characters be unruly , confusing and , through it all , human .","motly , [goldbache] jut lets her comlicated characters b3 unrul y , confusing and , though it all , human .",0,True
"a miraculous movie , i'm going home is so slight , yet overflows with wisdom and emotion .","a miraculous mov ie , i'm going home is $o slight , yet overflows with wisdo m and emotion .",1,True
"comes across as a relic from a bygone era , and its convolutions . . . feel silly rather than plausible .","comes a cross as a relic from a bygone era , and it s convolutions . . . feel silly rather than plausible .",0,True
"this odd , poetic road movie , spiked by jolts of pop music , pretty much takes place in morton's ever-watchful gaze -- and it's a tribute to the actress , and to her inventive director , that the journey is such a mesmerizing one .","tis odd , poetc rod moie , siked by jolts 0f p op music , pretty muh takes p lace in morto n's ever-watcful g@ze -- @nd it's a trib ute to the actress , and to her inventive director , that the journey is such a mesmerizing one .",1,True
"hey everybody , wanna watch a movie in which a guy dressed as a children's party clown gets violently gang-raped ? i didn't think so .","h3y everbody , wanna wtch a mvoie in whch a guy dressed as a childrens prty cown gets violetly gang-raped ? i didn't thi nk so .",0,True
it's not too fast and not too slow . it's not too racy and it's not too offensive . it's not too much of anything .,1t's n0t t0o fast and not t0o slw . its n0t t0o racy and its n0t t oo of fensive . it's n ot t0o mch of anything .,0,True
"it extends the writings of jean genet and john rechy , the films of fassbinder , perhaps even the nocturnal works of goya .","it ext ends the writings of jean genet and j ohn rechy , the films of fassbinder , perhaps even the nocturnal works of goya .",1,True
a bore that tends to hammer home every one of its points .,a boe that tens to hammer home every one of its points .,0,True
occasionally amateurishly made but a winsome cast and nice dialogue keeps it going .,occasionally am ateurishly made but a winsome c@st and nice dialog ue keeps it going .,0,True
"meyjes's movie , like max rothman's future , does not work .","meyjes's mvie , li ke max rothman's future , do es not work .",0,True
"hardly a masterpiece , but it introduces viewers to a good charitable enterprise and some interesting real people .","hardly a msterpiece , but it introduces viewers to a good chritable enterprise and some intresting real people .",1,True
"it's weird , wonderful , and not necessarily for kids .","it' s weird , wonderful , and not necessarily for kids .",0,True
"jae-eun jeong's take care of my cat brings a beguiling freshness to a coming-of-age story with such a buoyant , expressive flow of images that it emerges as another key contribution to the flowering of the south korean cinema .","jae-eun jeong's take care of my cat brngs @ beguiling freshess t0 a coming-of-age story wih such a buoyant , exprssive f low 0f images that it emerges as another key contribution to the flowering of the south korean cinema .",1,True
"the smash 'em-up , crash 'em-up , shoot 'em-up ending comes out of nowhere substituting mayhem for suspense .","the smash 'em-up , crah 'emup , shoot 'e-mup ending comes out of nowhere substituting mayhem for suspense .",0,True
"much has been written about those years when the psychedelic '60s grooved over into the gay '70s , but words don't really do the era justice . you have to see it .","much has been written about those years when the psychedelic '60s grooved over into the g ay '70s , but words don't really do the era justice . you have to see it .",0,True
this version incarnates the prophetic book in a way even its exacting author might admire .,this vers ion incarnates the prophetic b ook in a way even its exacting author might admire .,1,True
"dazzling and sugar-sweet , a blast of shallow magnificence that only sex , scandal , and a chorus line of dangerous damsels can deliver .","dazzling and sug ar-sweet , a blast of shallow magnificence that only sex , scandal , and a chorus line of dangerous damsels can deliver .",1,True
"a gorgeously strange movie , heaven is deeply concerned with morality , but it refuses to spell things out for viewers .","a gorgeousl y strange movie , heaven is deeply concerned with morality , but it refuses to spell things out for viewers .",1,True
"this is a great subject for a movie , but hollywood has squandered the opportunity , using it as a prop for warmed-over melodrama and the kind of choreographed mayhem that director john woo has built his career on .","this 1s @ great subjec t for a mov ie , but hollywood has squandered the opportunity , using it as a prop for warmed-over melodrama and the kind of choreographed mayhem that director john woo has built his career on .",1,True
"armed with a game supporting cast , from the pitch-perfect forster to the always hilarious meara and levy , like mike shoots and scores , doing its namesake proud .","armd with @ g@me supporting cast , from the pitch-perfect foster to the always hilarious mea ra and levy , like mike shoots and scores , doing its namesake proud .",0,True
the actors must indeed be good to recite some of this laughable dialogue with a straight face .,the act ors must indeed be good to recite some of this laughable dialogue with a straight face .,1,True
a sugar-coated rocky whose valuable messages are forgotten 10 minutes after the last trombone honks .,a sugar-coated rocky wose valuable messages @re forgotten 10 minutes after the last trombone honks .,0,True
"viewed on its own terms , treasure planet is better-than-average family entertainment , but true fans of the stevenson's novel will likely prefer disney's more faithful 1950 live-action swashbuckling classic .","vewed on i ts own terms , tresure planet is better-than-average family entertainment , but true f@ns of the stevenson's novel will likely prefer disney's more faithful 1950 live-action swashbuckling classic .",1,True
"although sensitive to a fault , it's often overwritten , with a surfeit of weighty revelations , flowery dialogue , and nostalgia for the past and roads not taken .","although sensit ive to a fault , it's often overwritten , with a surfeit of weighty revelations , flowery dialogue , and nostalgia for the past and roads not taken .",1,True
"this movie feel more like a non-stop cry for attention , than an attempt at any kind of satisfying entertainment .","this movie feel more like a non-s top cry for attention , than an attempt at a ny kind of satisfying entertainment .",0,True
"what saves it . . . and makes it one of the better video-game-based flicks , is that the film acknowledges upfront that the plot makes no sense , such that the lack of linearity is the point of emotional and moral departure for protagonist alice .","what sa ves it . . . and makes it one of th e better video-game-basd flicks , is that the film acknowledges upfront that the plot makes no sense , such that the lack of linearity is the point of emotional and moral departure for protagonist alice .",0,True
the reason this picture works better than its predecessors is that myers is no longer simply spoofing the mini-mod-madness of '60s spy movies .,the reasn th is picture works better than its predecessors is that myers is no longer simp ly spofing the mini-mod-madness of '60s spy movies .,0,True
"further proof that the epicenter of cool , beautiful , thought-provoking foreign cinema is smack-dab in the middle of dubya's axis of evil .","further poof that the epicenter of cool , beautiful , thought-provoking foreign cinema is smack-dab in the middle of dubya's axis of evil .",1,True
i liked this film a lot . . .,i l iked this film a lot . . .,0,True
imagine a scenario where bergman approaches swedish fatalism using gary larson's far side humor,imagine a sce nario where bergman approaches swedish fatalism using gary larson's far side humor,0,True
an intelligently made ( and beautifully edited ) picture that at the very least has a spark of life to it -- more than you can say for plenty of movies that flow through the hollywood pipeline without a hitch .,an intelligent ly made ( @nd beutifully edited ) picture that at the very least has a sark of life to it -- more than you can say for plenty of movies that flow through the hollywood pipeline without a hitch .,1,True
the film tunes into a grief that could lead a man across centuries .,the fi lm tunes into a grief that could lead a man across centuries .,1,True
"filled with low-brow humor , gratuitous violence and a disturbing disregard for life .","filled with 1ow-brow humor , gratuitou s vio lence and a disturbing disregard for life .",0,True
"say this for the soundtrack , it drowns out the lousy dialogue .","say this for the soundtrack , 1t drowns out th e lous y dialogue .",0,True
tsai may be ploughing the same furrow once too often .,tsai m@y be ploughing t he same furrow once too of ten .,0,True
"in my opinion , analyze that is not as funny or entertaining as analyze this , but it is a respectable sequel .","in my opiion , analyze that is not @s funny 0r entertaining as analyze this , but it is a respectable sequel .",0,True
what better message than 'love thyself' could young women of any size receive ?,what better me ssage than 'love thyself' could young women of any size receive ?,0,True
i was sent a copyof this film to review on dvd . for free . i still want my money back .,1 was snt a copyof this fil m to revew on dvd . for free . i $till want my money back .,0,True
the cumulative effect of the relentless horror on parade numbs the movie's power as a work of drama .,the c umulative effet of the relentless horror on parade numbs the movie's power as a work of drama .,0,True
"although trying to balance self-referential humor and a normal ol' slasher plot seemed like a decent endeavor , the result doesn't fully satisfy either the die-hard jason fans or those who can take a good joke .","although trying to balance self-referential humor an d a normal ol' slasher pot seemed like a de cent endeavor , the result dosn't fully satisfy either the die-hard jason fans or those who can take a good joke .",0,True
toward the end sum of all fears morphs into a mundane '70s disaster flick .,towa rd the en d s um of all fears morphs into a mundane '70s disaster flck .,0,True
"you can feel the heat that ignites this gripping tale , and the humor and humanity that root it in feeling .","y0u can feel th e heat that ignies this grippig tale , and t he humor an d hmanity tat root it 1n feeling .",1,True
"fails in making this character understandable , in getting under her skin , in exploring motivation . . . well before the end , the film grows as dull as its characters , about whose fate it is hard to care .","fails in making this character understandable , in getting under he r skin , in exploring motivation . . . well before the end , the film grows as dull as its characters , about whose fate it is hard to care .",1,True
"seeing seinfeld at home as he watches his own appearance on letterman with a clinical eye reminds you that the key to stand-up is to always make it look easy , even though the reality is anything but .","seeing seinfeld at home as he watches his own appearance on letterman with a clinical 3ye reminds you that the key to stand-up is to always make it look easy , even though the reality is anything but .",1,True
"an energetic , violent movie with a momentum that never lets up .","an en ergetic , violent movie with a momentum that never lets up .",1,True
"the movie is a desperate miscalculation . it gives poor dana carvey nothing to do that is really funny , and then expects us to laugh because he acts so goofy all the time .","the move is a deperate miscalculation . it gives por d@na carvey nothing to do that is really funny , and then expects us to laugh because he acts so goofy all the time .",0,True
"seldahl's barbara is a precise and moving portrait of someone whose world is turned upside down , first by passion and then by illness .","seldahl's bar bara is a pecise and moving portrait of someone whose world is turned upside down , first by passion and then by illness .",1,True
"trivial where it should be profound , and hyper-cliched where it should be sincere .","trivial where it should be profound , and hypercliched where it should be sincere .",0,True
set in a 1986 harlem that doesn't look much like anywhere in new york .,set in a 1986 harlem that does't look much like anywhere in new yo rk .,0,True
a seriocomic debut of extravagant promise by georgian-israeli director dover kosashvili .,a seriocomic dbut of extravagant promise by georgian-israeli director dover kosashvili .,1,True
what makes it worth watching is quaid's performance .,what maes it worth watching is quaid's performance .,1,True
"an inconsequential , barely there bit of piffle .","an inconsequentia l , baely th ere b it 0f piffle .",0,False
"if you're burnt out on it's a wonderful life marathons and bored with a christmas carol , it might just be the movie you're looking for . it depends on how well flatulence gags fit into your holiday concept .","if y ou're burnt out on it's a wonderful life marathons and bored with a christmas carol , it might just be the movie you're looking for . it depends on how well flatulence gags fit into your holiday concept .",1,True
it is great summer fun to watch arnold and his buddy gerald bounce off a quirky cast of characters .,it is gr eat summer fun to watch arnold and his buddy gerald bounce off a qu irky cast of characters .,1,True
"haneke keeps us at arm's length . guided more by intellect than heart , his story flattens instead of sharpens .","hanke kees us @t arm's legth . guided more by intellect than heart , his story flattens instead of sharpens .",1,True
"there's no question that epps scores once or twice , but it's telling that his funniest moment comes when he falls about ten feet onto his head .","there's n0 quesion that e pps scoes once or twice , but it's telling that h1s funnie st moment comes when he fa lls aout ten feet onto his head .",0,True
the story the movie tells is of brian de palma's addiction to the junk-calorie suspense tropes that have all but ruined his career .,the stor y the mo vie tells is of brian de palma's addiction to the junk-calorie suspense troes that have all but ruined his career .,0,True
"passion , lip-synching , tragedy , and lots of really really high notes . for me , this opera isn't a favorite , so it's a long time before the fat lady sings .","pasion , lip-synching , tragedy , and lots of really really high notes . f or me , this opera isn't a favorite , so it's a long time before the fat lady sings .",1,True
"bigelow offers some flashy twists and turns that occasionally fortify this turgid fable . but for the most part , the weight of water comes off as a two-way time-switching myopic mystery that stalls in its lackluster gear of emotional blandness .","bigelw offers some f lashy twists and turns that occasionally fortify this turgid fable . but for the most part , the weig ht of water comes off as a two-way time-switching myopic mystery that stalls in its lackluster gear of emotional blandness .",0,True
"for those of us who respond more strongly to storytelling than computer-generated effects , the new star wars installment hasn't escaped the rut dug by the last one .","for thoe of us wh0 respon d more strongly to storytellng than cmputer-generated effecs , the new str wars installment hasn't escaed the rut dug by the last one .",0,True
schindler's list it ain't .,schindler's lit it ain't .,0,True
"even though we know the outcome , the seesawing of the general's fate in the arguments of competing lawyers has the stomach-knotting suspense of a legal thriller , while the testimony of witnesses lends the film a resonant undertone of tragedy .","even though w3 know the outcome , the seesawing of the general's fate in th3 argumens of competing lawyers has the stomach-knotting suspense of a legal thriller , while the testimony of witnesses lends the film a resonant undertone of tragedy .",0,True
"that rare movie that works on any number of levels -- as a film of magic and whimsy for children , a heartfelt romance for teenagers and a compelling argument about death , both pro and con , for adults .","that rae movi e that woks on a ny number of levls -- as a film of ma gic @nd whimsy for children , a heartfelt romance for teenagers and a compelling argument about death , both pro and con , for adults .",1,True
"city by the sea is the cinematic equivalent of defensive driving : it's careful , conscientious and makes no major mistakes . but what saves lives on the freeway does not necessarily make for persuasive viewing .","ci ty by the se a is the cinematic equivalent of defensive driving : it's careful , conscientious and makes no major mistakes . but what saves lives on the freeway does not necessarily make for persuasive viewing .",0,True
an elegant and sly deadpan comedy .,an elegnt and $ly deadpn comedy .,1,True
i don't even care that there's no plot in this antonio banderas-lucy liu faceoff . it's still terrible !,1 don' t evn care that there's no plt in this anonio banderas-lcy liu fceoff . it's $till terrible !,0,True
"belongs to daniel day-lewis as much as it belongs to martin scorsese ; it's a memorable performance in a big , brassy , disturbing , unusual and highly successful film .","belongs to danie l day-lewis as much as it belongs to martin scorsese ; it's a memorable performance in a big , brassy , disturbing , unusual and highly successful film .",1,True
"as much as i laughed throughout the movie , i cannot mount a cogent defense of the film as entertainment , or even performance art , although the movie does leave you marveling at these guys' superhuman capacity to withstand pain .","as much as 1 laughed throughout the movie , i cannot mount a cogent defense of th e film as entertainment , or even performance art , although the movie does leave you marveling at these guys' superhuman capacity to withstand pain .",0,True
"a summary of the plot doesn't quite do justice to the awfulness of the movie , for that comes through all too painfully in the execution .","a summary of the pl ot d oesn't quite do justice to the awfulness of the movie , for that comes through all too painfully in the execution .",0,True
"if festival in cannes nails hard- boiled hollywood argot with a bracingly nasty accuracy , much about the film , including some of its casting , is frustratingly unconvincing .","if fe stival in canns nails hard- boiled hollywood argot with a bracingly nasty accuracy , much about the film , including some of its casting , is frustratingly unconvincing .",0,True
the result is an 'action film' mired in stasis .,th3 reslt is an 'action film' mird in stass .,0,True
"it's a tour de force , written and directed so quietly that it's implosion rather than explosion you fear .","i's a t our de force , written and directed so quietly that it's implosion rather than explosion you fear .",0,True
arnold's jump from little screen to big will leave frowns on more than a few faces .,arnold's jup frm litle scr een to b1g will lave frowns 0n more than a f3w fac es .,0,True
a good thriller .,a go od thri ller .,1,True
"i have no problem with "" difficult "" movies , or movies that ask the audience to meet them halfway and connect the dots instead of having things all spelled out . but first , you have to give the audience a reason to <b>want</b> to put for that effort , and "" i","1 have n0 poblem with "" difficut "" moves , or movies that ask the audence to meet them halfway and connect the dots instead of having things all spelled out . but first , you have to give the audience a reason to <b>want</b> to put for that effort , and "" i",0,True
"'si bien no logra desarrollarse como un gran drama , tampoco es tan superficial como muchas cintas que pecan de pretenciosas y que resultan totalmente banales . '","'si bie n no logra desarrollarse como un gran drama , tampoco es tan superficial como muchas cintas que pecan de pretenciosas y que resultan totalmente banales . '",1,True
"it's got all the familiar bruckheimer elements , and schumacher does probably as good a job as anyone at bringing off the hopkins/rock collision of acting styles and onscreen personas .","it' s got all the familiar bruckheimer elements , and schumacher does probably as good a job as anyone at bringing off the hopkins/rock collision of acting styles and onscreen personas .",1,True
