original_text,adversarial_text,original_label,requests_number,num_perturbed,attack_sucessful
RT @kitcoskjones: im soooo over having a bitch it aint EVEN funny lbs....,R T @kitcoskjones : i m soooo over havimg a bitch it ai National Trust 3VEN funny lbs...,NEGATIVE,64,12,True
I say we all do a big fat line of meth after the finale...come on you pussies :P #GoodbyeBreakingBad,I say we all do a big f@t line of meth afetr the finale... come on you kitty : P #GoodbyeBreakingBad,NEGATIVE,44,4,True
Watching #Steelers colts getting blinded by the Steelers uniys look like bunch of bumblebees,Watching # Steelers colts produce blided b y the Stelers unis look the likes of crew o f bumblebee,NEGATIVE,89,15,False
Can Charlie Crist pull one over on Rick Scott? Well he did pull one over on #floridaprimary dems tonite. #TPOT #Election2014,Cam Charlie Crist pul one complete along Ri ck Scott? Well he did pull one over on #floridaprimary dems tonite. # TOT # Eleciton2014,NEGATIVE,78,14,False
"""@angelenagoley: 10 sex positions http://t.co/nt3PABMWsm http://t.co/JmHZ8Sczf0""naw this what u call fucking the soul outta bitch &#128557;",""" @angelenagoley : ten sex posiions http://t.con/t3PABMWsm http://t.co/JHZ8Sczf0""naw th is what u cal fcking the soul outt a backbite & # 18557 ;",NEGATIVE,105,21,False
@KiaraSmallzz lmaoo &#128514;&#128149;I think I want this bitch YA me tiene cansada but thanks &#128536;wait hold up ... Who u fighting &#128563;,@Kiar@Smallzz lmaoo & # 128514;&#128149;I tink I w ant tis cunt YA Maine tiene canasda but thanks &#128536;wait hold up ... Who u fighting &#128563;,NEGATIVE,54,10,True
RT @AP_Noticias: #&#218;LTIMAHORA El republicano Charlie Baker elegido gobernador de Massachusetts. #Election2014 #APracecall http://t.co/qkbWQ&#8230;,R T @AP_Nticias : # & # 28;LTIMAHORA El republicano Charie Baker elegido gobermador de Massachuset. # Eletcion2014 # APraecall htt://t.co/qkbWQ&#8230 ;,NEGATIVE,105,22,False
"RT @LauraBehnke: #Yankees fans having flashbacks! RT @WCCORosen: @LauraBehnke You remember THIS Phil Hughes! It's already 4 to 0, still no &#8230;","RT @LauraBehnke: #Yankees fans having flashbacks! RT @WCCORosen: @LauraBehnke You remember THIS Phil Hughes! I t ' s already 4 to 0, sill n0 & # 8230 ;",NEGATIVE,59,13,False
Damn Charlie Wilson is still around?,Dann Char1ie Wlison represent still around?,NEGATIVE,36,6,True
"Always wanted to fuck that bitch, thank you god I fucked that bitch","Always wanted to fuck that bitch, thank you god I be intimate tht bit ch",NEGATIVE,20,4,True
"RT @MindOnSuccess_: My mother be on some trash man &#128514; I ask her EVERYDAY, you need/ want some money? She say ""Naw I'm good!"" But come payday&#8230;","RT @MindOnSuccess_: My mother be on some trash man & # 128514 ; I ask her EVERYDAY, you need/ want some m oney? She say ""Naw I'm good!"" But come payday&#8230;",NEGATIVE,29,1,True
"I didn't know my nig G-Eazy had reached a million views on one of his songs, haha that's crazy","I did n't experience my nig G - Eazy suffer reach a million views on one of his songs, haha that 's crazy",NEGATIVE,53,6,True
@CBSThisMorning @charlierose @NorahODonnell tx trash your show was a disgrace this AM engaging w @MittRomney disrespecting the President,@CBSThisMorning @charlierose @NorahODonnell tx trash your sow was a digrace this AM engaging w @MittRomney di$respecting the President,NEGATIVE,41,5,True
I openly admit to being the level of white trash that will drive across town to the gas station with free hot dogs &amp; half price drinks.,I openly admit to being the levl o f white tash that will drive across town to the gas station with free hot dogs & amp ; hal f price drinks.,NEGATIVE,54,5,True
RT @wittybigtwittys: I use the word cunt very loosely,RT @wittybigtwittys : I use the word cunt very broadly,NEGATIVE,18,1,True
@sportsdude53 haha not you. Just getting shit from everyone else when my second favorite team is the redlegs.....,@sportsddue53 haha non you. Just getting sit from everyone els e when my second favorite team up i s the redles.....,NEGATIVE,92,15,True
You're like a lucky leprechaun with a charmed day on your hand... More for Gemini http://t.co/2nx6NlOxOe,You 're like a lucky leprechaun with a carmed day on your hand... More for Gemini http://t.co/2nx6NlOxOe,POSITIVE,20,1,True
but shawty you not a bitch you the one I get money wid,but shawty you not a bitch you the one I stupefy money wid,POSITIVE,47,7,True
RT @BurgerKing: Chicken Fries. @Oreo Shake. Perfection. http://t.co/PdiGLRbhJZ,RT @BurgerKing: Chicken Fries. @Oro Shake. Perfection. http://t.co/PdiGLRbhJZ,POSITIVE,34,6,False
Not a word on Jihadi stream about the Kurdish female suicide bomber in Kobane. That story undermines their mythology on several levels.,No t a Book 0n J1hadi stream a bout the Kurdish female sucide bomer inwards Kobane. Tat stroy cave ther mythoogy on respective leels.,NEGATIVE,137,24,False
"RT @Allan_Son: I got gatorades, Twinkies, rice puddings, Pringles, and cookies &#128525;&#128555;","R T @Allan_Son : I got gatorades, Twinkies, rice pud, Pringles, and cookies & # 128525;&#125855 ;",NEGATIVE,34,3,True
Some hoes that tweet just make me mad lol,Some hoes that squeeze jst make me ma d lol,NEGATIVE,24,3,True
Keep those away frm Charlie Day RT @JhonenV: Just once in my life I'd like for someone's favorite part of my body to be my disgusting knees.,Keep those away f rm Charlie Day RT @JhonenV : Just one in my life I ' d like for someome 's favorite part of my body to b e my disgusting knees.,NEGATIVE,60,6,True
@ElyssaJankowski @ComedyTextings haha she a stupid hoe,@ElyssaJankowski @ComedyTexitngs hha she a stpid h oe,NEGATIVE,41,7,False
Fuck dat bitch,Fuck dat bitch,NEGATIVE,21,3,False
"One of my favorite songs. ""There's a man on the shoreline with a white parakeet trying to make his bird go home."" http://t.co/bQ3CBIPk6s","One of my favoite songs. ""There's a man on the shoreline with a white parakeet trying to make his bird go home."" http://t.co/bQ3CBIPk6s",POSITIVE,13,1,True
S/O to my Luu's. These are down bitches! Don't fuck with them.,S/O to my Luu's. These live don grouse! Don't fuck with them.,NEGATIVE,31,5,True
This niggga said I be branding bitches &#128569;&#128514;&#128514;&#128514;&#128514;&#128527;,Tis niggga enunciate I be trademark gripe & # 128569;&#128514;&#128514;&#128514;&#128514;&#128527 ;,NEGATIVE,45,7,True
got my bitch in her whip coming to pick me up,got my bitc h in her whip coming to pick me up,NEGATIVE,15,1,True
RT @K1mb0Slyc3: Me too! &#8220;@WhatsAshirt: Defiantly going to see that new planet of the apes tonight&#8221;,RT @K1mb0Slyc3 : Me too! & # 8220;@WhatsAshirt : rebelliously going to see that new planet of the apes tonight&#8221 ;,POSITIVE,30,1,True
After tonight&amp;&amp; many more nights to come!! I will show you what a cold hearted bitch can do!!! #donefeedup #solo,After tonight&amp;&amp ; man y more nighs t o com e!! I will show you what a cold hearted bitch can do!!! #donefeedup #solo,POSITIVE,40,8,True
Aint no hoe in blood,Ai nt n o h oe in blood,NEGATIVE,39,6,False
Hahahaa so people can't parent differently...? Twitter is fuckin trash ahahahha http://t.co/b6koSBMzBz,Hahahaa thusly people calcium n 't prent differently...? Twitter follow fucikn t rash ahahahha http://.tco/b6koSBMzBz,NEGATIVE,91,15,False
anybody want any sugar maple saplings? I have about 50 popping up in Heidi's hillbilly beach. me and emm's planted two Friday.,anybody wnt @ny dinero mapel spalings? I have about 50 popping up in Heidi's hillbilly beach. me and emm's planted two Friday.,NEGATIVE,36,6,True
RT @hilaryde92: Always a fat bitch in the handicap spot but never a dude in a wheelchair.,RT @hilaryde92 : Always a flesh out bitch in the handiap spot bu t never a dude in a wheelchair.,NEGATIVE,37,6,True
"I named my penis ""The Truth"" because bitches can't handle it.","I key out my member "" The Truth "" because bitchs ca n't hadnle it.",NEGATIVE,77,15,False
RT @JesusMVela: &#8220;@Enriquuee_: @JesusMVela @wigga32 fucking pussy that's why&#8221; exactly. Let me @ the nigga @RyanMattheww7 were talking about &#8230;,RT @JesusMVeal : & # 8220;@Enriquuee _ : @JesusMVe1a @wigga32 fcking pssy tat ' s wh&y#8221 ; exactly. countenance me @ th e n1gga @RyanMattheww7 comprise talking @bout & # 820 ;,NEGATIVE,147,31,False
"@Blackman38Tide Ha bitch, I'm pickin' up beach babes left n right on the West Coast http://t.co/lDXNpohLyD","@Blackman8Tide hour angle bitch, I ' m pikin ' up becah babes le ft n right on the W slide http://t.co/lDNXpohLyD",NEGATIVE,101,19,False
@gezus__ you gunna let that bitch do you like that?,@geus _ _ you gunn@ l3t tha t btich d o you like th at?,NEGATIVE,71,13,False
"""@kazooook: We actin like it's the 7th day @WesGodLaFlare http://t.co/s9gMtEvpaT""
&#128123;spook",""" @kaooook : We actn like it ' s the 7 th day @WesGodLaFlare http://t.co/s9gMtEvpaT "" & # 128123;spook",NEGATIVE,41,5,True
&#8220;@coltscommunity @Pacers @nflcolts @indystar #CHUCKSTRONG #GoldSwagger http://t.co/6q5wm3VU&#8221; thats awesome &#127936;+&#127944;=&#128077;&#128076;&#9757; #hoosiers,& # 8220;@coltscommunity @Pacers @nflcolts @indystar # CHUCKSTRONG # GoldSwagger http://t.co/6q5wm3VU&#8221 ; t hat s awesome & # 127936;+&#127944;=&#128077;&#128076;&#9757 ; # hoosiers,POSITIVE,25,1,True
RT @kamaalrkhan: Sir @ArvindKejriwal career tho apka waise bhi khatam ho chukka. You have become new Amar Singh so try for publicity #Kejr&#8230;,RT @kamaalrkhan : Sir @ArvindKejriwal career tho apka w aise bhi khatam ho chukka. You have become new Amar Singh so try for publicity #Kejr&#8230;,NEGATIVE,19,1,True
@josh_sclafani You're also a better little bitch,@josh_sclafani You 're also a better lttle bitch,POSITIVE,18,2,True
iggy wanna be black so bad. ur a white widow hoe,igg y wnana be blcak s o big. ur a wihte widow ho3,NEGATIVE,69,12,False
"RT @goodmanwood: Rise+Rhyme #snowpatricksday @busboysandpoets: ON in the AM! Wear your green, dance a jig &amp; sing a lively tune w/ me!
http:&#8230;","RT @goodmanwood: Rise+Rhyme #snowpatricksday @busboysandpoets: ON in the AM! Wear yo ur green, dance a jig & amp ; sing a livley tune w/ me! http:&#8230;",POSITIVE,29,3,True
I'm with 3 bitches &amp; 2 of em mix,I ' m with 3 bicthes & amp ; 2 of em blend,NEGATIVE,55,12,False
"He died for a reason RT @ShyThugg: ""@viaNAWF: I didn't follow you back cuz you fat, bitch. Foh large hoe."" Jesus ain't pleased fam","He did for a cause R T @hSyThugg : "" @viaNAWF : I fare n' t follw you back cuz you fa t, bitch. Foh lrge h oe. "" Jesus Bradypus tridactylus n't plesed f am",NEGATIVE,169,33,False
Parsons trash,Parsons trsah,NEGATIVE,8,1,True
"Tell them hoes ""I'm all friended out""","Tel them hoes "" I 'n a ll friended out """,POSITIVE,33,7,True
"RT @Factsionary: Pink ""albino"" dolphins are extremely rare but do exist in the wild. http://t.co/gWyLpgC9lP","RT @Factsionary : Pink "" abino "" dolphins are extremely uncommon simply make exist inch the wild. http://.tco/gWyLpgC9lP",NEGATIVE,103,19,False
@BitchMedia what's up my bitches?! Shout out from your momz in Cali! Keep doin what u do. #loveit,@BitchMedia what's up my bitches?! Shout out from your momz in Cali! Keep doin what u do. #loveit,NEGATIVE,46,8,False
"But bitch you gon shave or wax that pussy before I bless it, Foh.","But bitch you gon shave or wax that pussy beore I bless it, Foh.",NEGATIVE,21,1,True
"Do birds have dongs? How do they mate? Help me, I'm an adult who doesn't know how animal sex works!!!","Do birds h@ve d0ngs? How do they mate? Hlp me, I ' m an adu1t who dress n 't kn0w ho w anim@l turn on whole caboodle!!!",NEGATIVE,147,28,False
#Yankees Pineda needed that 6'7. Great play!,#Yankees Pineda needed that 6'7. Grea t play!,POSITIVE,8,1,True
"RT @IllusiveHaven: shhhh&#8230;
wrap yourself around me
let me kiss the bruises on your heart
lick your unhealed wounds
and taste the raw wild ho&#8230;",RT @IllusiveHaven : shhhh&#8230 ; wrap yourself around me let me kiss the bruises on your hea rt lick your unhealed wounds and taste the raw wild ho&#8230 ;,POSITIVE,32,1,True
"Don't dance, Iggy. It's trash just like your music.","Don't dance, Iggy. I t ' s trash good like your music.",NEGATIVE,38,6,True
smh RT @uglyhxes Tyga shoulda knew Blacc Chyna was a hoe when his son crip walked out her pussy.,sm h R T @uglhyxes Tyg@ shoulda kn3w Balcc Chyna comprise a ho e whn hi s son cip take the air out her pusy.,NEGATIVE,115,20,False
@Oskzilla @yaseenxkahn sleep niggah! Lol,@Oskzlila @yaseenxkahn s1eep niggah! L ol,NEGATIVE,37,6,False
RT @Venus_Lynn: &#8220;@dylxnl: look ghetto but it work http://t.co/chrvW9dPca&#8221;&#128557;&#128557;&#128557;&#128557;&#128557;&#128557;&#128557;&#128557;&#128557;&#128557;,RT @Venus_Lynn : & # 8220;dylxnl : look ghetto but it work http://t.co/chrvW9dPca&#8221;&#128557;&#128557;&#128557;&#128557;&#128557;&#128557;&#128557;&#128557;&#128557;&#128557 ;,NEGATIVE,67,14,False
"RT @MetalHammer: Are you in London this evening? 
Well ex-Iron Maiden member, Tony Moor, will be busking outside Balham train station from &#8230;","RT @MetalHammer : Are you inwards London this evening? Well ex-Iron Maiden member, Tony Moor, will be busking outside Balham train station from &#8230;",NEGATIVE,56,10,False
Serious question: what do white boys pull up on bitches bumpin?,Serious questino : what do white boys pul up o n bitches bmupin?,NEGATIVE,73,13,False
@Drfreezeburnn That's not bias. It's an objective fact that Philly fans are cunts.,@Drfreezeburnn That's not bias. It 's a n objective fat that Philly fans are cunts.,POSITIVE,21,2,True
"""I used to dress up like a cop too.""
""Oh really?""
""Yeah...right after 9/11...mad pussy.""
""Really?""
""Yes...I'll NEVER FORGET.""","""I used to dress up like a cop too."" ""Oh really?"" ""Yeah...right after 9/11...mad pussy."" ""Really?"" "" Yes... I'll NEVER FOREGT. """,POSITIVE,18,1,True
@tweetstar10 Saw that there's a 15&#176; slope to the wire? That enough for a zip-line? #businessopportunity,@twetstar10 S@w tat theer ' s a 15&#16 ; incline to the wire? That plenty for a vigor - blood? #businessopportunity,NEGATIVE,108,21,False
RT @JuanNDaCut: When twitter rappers dm me their trash links http://t.co/yck16ZiNZZ,R T @JuanNDaCut : Whem chirrup rapp3rs d m me their tash contact http://t.c0/yck16ZiNZZ,NEGATIVE,73,12,False
@jesstoth we could get matching burner phones and be ghetto fab for a few months,@jesstoth we coudl g3t matching burner earpiece and be ghetto fabulous for a few month,NEGATIVE,64,10,True
All these faggot fell asleep on me,All these faggot f ell aslep on me,NEGATIVE,17,2,True
@yfly23 mock draft?,@ylfy23 bemock dr aft?,NEGATIVE,23,4,False
That was trash. I'm just gonna put my phone down. Goodnight,Tht was trahs. I ' m just g on na put my phoen don. Goodngiht,NEGATIVE,83,15,True
Pull up on a nicca #Bored,Pull upwards along a nicca # Boerd,NEGATIVE,37,7,False
"RT @ZekeJMiller: RT @MarcACaputo: ""I've met few people in politics that I disrespect more than Charlie Crist,"" --Rudy Giuliani","R T @ZekeJMiller : RT @MarcACaputo : "" I 've met few mass in politics that I dsirespect more than Charlie Crist, "" --Rudy Giuliani",NEGATIVE,50,6,True
Let's run a train on this bitch,L et ' s run a train along tis bicth,NEGATIVE,47,8,False
@wboundurant92 like I said drose needs to stop being a pussy lol,@wboundurant2 like I said d rose needs to stop being a pussy lol,NEGATIVE,28,5,True
"""I'll slit your throat-neck"" http://t.co/ChFFSDeDdd",""" I '1l s lit your throat - cervix "" http://t.co/ChFFSDeDdd",NEGATIVE,47,10,False
RT @mitrebox: At this point every voter in Florida has voted both for and against Charlie Crist.,RT @mitrbeox : A t this point every voter in Florida has voted both for and againt Charlie Crist.,NEGATIVE,34,3,True
"""For every bad bitch there is a nigga tired of fucking her""",""" For ever y bad bitch three is a niga jade o f nookie he r """,NEGATIVE,75,14,False
RT @s_devante: That moment were u friend zone a bitch at 3am for calling u# do u now way time it is please gtf out my face#rich homie quan &#8230;,RT @s_devante : That moment were u friend zone a bitch at 3 am for caling u # do u now way time it is please gtf KO'd my fac#rich homie quan & # 8230 ;,NEGATIVE,51,3,True
RT @hildismom: MT @jjauthor: US ghettos-driven by liberal ideology; http://t.co/6ONYrmggND #RedMeat,R T @hildismom : element 109 @jjauthor : US ghettso - driven aside liberal id3ology ; http://t.co/6ONrmggND # RedMe@t,NEGATIVE,85,17,False
@greekkid31 @TaraSetmayer @TheWillDunne yes true reagan was the first..ike wouldnt. While president and he was supreme allied commander.,@greekkid31 @TaraSetmayer @heWillDunne y es t rue reagan was the first.. ike would nt. While president and he was supreme allied commander.,NEGATIVE,49,8,True
"@Claudialena8 she wasn't saying she did, but yes me and Kannon have both been in the ghetto and know what it's like so u look dumb.","@Claudialena8 she was n 't saying she did, but yes me and Kannon have both ben in the gheto and know what i t ' s like thence u loo k d umb.",NEGATIVE,162,29,True
RT @gab_mccarthy: @rosestokoe @JuliaMarie892 @_suline @violetethompson @CAmatuzzo but then there's the yellow writing on the black jerse ...,R T @gb_mccarthy : @rosestokoe @JuliaMarie892 @_sulien @violetethompson @CAmatuzzo but then in that respect ' s the yel1ow wirting on the black jeres...,NEGATIVE,121,20,False
"@Zonozi @QuantRyse @Hockeypuck55 Classic drunk Carter texts never fail. Hey stfu I'm coming over. Oops, I'm here come the fuck outside bitch","@onozi @QuantRse @Hockepuck55 Hellenic drunk Cater texst never fail. Hey stfu I ' m cming ovr. Oops, I'm here come the fuck outside bitch",POSITIVE,83,15,True
A pharaohs nd his angry bird http://t.co/jMC2eR32Ka,A pharaohs nd his anrgy bird http://t.c/jMC2eR32Ka,NEGATIVE,17,2,True
@_icantmiss Boys still got birds in the cage? Lol,@_icanmiss Boys still go t birdie i n t he cage? 1ol,NEGATIVE,61,10,False
Old lady went to pay and reached all the way over my plate. Hate eating on bar countertops. Stupid white bitch.,O1d lady w3nt to p@y and reached totally the way over my pltae. H ate eating along streak countertosp. Stup1d whi te bellyache.,NEGATIVE,102,16,True
"""@lildurk_: I can turn yo bitch into a eaterrrrrrrrr""",""" @llidurk _ : I can turn y o crab into a eaterrrrrrrrr """,NEGATIVE,57,13,False
@Ant_Dgk @Buckm00se @ChainskiBum would this faggot survive in TJ?,@Ant_Dgk @Bcukm00se @ChainksiBum wuold thi s fagogt survve in T J?,NEGATIVE,59,10,False
How you like them apples you pineapple bitch?,H ow you like them apples you pineapple bithc?,NEGATIVE,46,8,True
"LMFAO, stupid bitch tells me at the door they already started, and to come back.&#128514;&#128514; UMMMM NAH","LMFA O, dazed bitch t ells m e at th3 door they arleady embark on, and to come back.#&128514;&#128514 ; U MMMM NA H",NEGATIVE,75,12,True
"Laat Zihni Ozdil met rust jullie gemene trollen, hoe durven jullie zijn mening in twijfel te nemen! Zijn zegje is wet en*kuch**kuch*. .water","La at Zhini Ozdil met rust julie gemene trollen, h oe durven julie zijn mening in twijfel t e nemen! Zi jn z egje i s w et en*kuh**kuch *..water",NEGATIVE,151,27,False
"This guy is nits&#8220;@Lucci_Dpc: i learn new things every day, u the only one still talkin bout jim crow. There go that republican hypocrisy&#8221;","This guy is nits&#8220;@Lucci_Dpc : i learn new things every day, u the on ly one still talkin bout jim crow. in that location travel tat Republican River hypcorisy&#8221 ;",NEGATIVE,60,7,True
@jacksparenohoe hotter than a pussy in a pepper patch....who makes this shit up anyways...?,@jacksparenooe hotter than a pussy i n a pepper eyepatch.... w ho m@kes this s hit up anwyays...?,NEGATIVE,62,11,True
#BlessJesus The #Crown of HIS head to the sole of HIS feet,# BessJesus The # Crown of HIS head to the sole of HIS feet,POSITIVE,19,1,True
"Oh Yahweh, your hand is upon me, your shadow hovers over me.For your sake, The House of Ysrah'al mock me all day long http://t.co/wXEs0DQRP9","Oh Yahweh, your hand is upon me, your shadow hovers over me.For your sak e, The House of Ysrah'al m ock me all day long http://t.co/wXEs0DQRP9",NEGATIVE,24,2,True
"@karmendanielle_ aka he wanna keep you warm, shoulda just introduced himself #coons","@karmendanielle_ aka he wanna keep you warm, shoulda just introduced himself #coons",POSITIVE,3,0,False
it's 2014 bitches need to be ready for the D fellaz! Don't play they games! Let that high school tease shit last a day. #swag,it ' s 204 bicthes ned to embody raedy for t he D fellaz! Do n 't play they ga mes! Army of the Righteous that high school tease shit last a day. # s wag,NEGATIVE,144,24,True
Can't stop eating graham crackers,Ca n't stop eating grahm crackers,POSITIVE,11,1,True
A miserable bitch is on the docket today. Lois 'Misery' Lerner better get grilled. The ordered harassment was undeniable. #breakherdown #war,A paltry bitch is on the docekt today. Lis ' Misery ' Lerner beneficial stimulate grill3d. The ordered harassment was undeniable. #breakherdown #war,NEGATIVE,66,11,True
RT @Smart_Cookie86: If I had to pick a President of the Uncle Tom association I would pick Larry Elder.,RT @Smart_Cookie68 : I f I take to pick a President of the Uncle gobbler association I would pick L arry Eledr.,NEGATIVE,109,21,False
#uppers loving the show this morning. Chris is directing the conversation beautifully. Make the teabaggers talk!,#uppers loving the show this morning. Chris is direting t he converstion b3autifully. Make the teabaggers talk!,POSITIVE,30,5,True
@BetoDavidThomas @JesseCanon bitch my mom didn't call you,@BetoDaidThomas @JesseCanon gripe my momma manage n' t call you,NEGATIVE,57,9,False
"RT @medzzzx: *claims hoes don't exist* 

*uses hoe in her name* http://t.co/tSNzJgPye4",R T @medzzzx : * claims hoe s manage n't exis t * * role ho3 inwards her nam e * http://t.co/tSNzJgye4,NEGATIVE,91,18,False
&#9733; BEST ASIAN MASSAGE ON THE Brooklyn Park slope --TOP RATED SPA &#9733;718-622-0221 - 24 http://t.co/saWpjDtIGN,& # 9733 ; BE ST ASIAN MASSAGE ON THE Brooklyn Park slope --TOP RATED SPA & # 9733;718 - 622 - 0221 - 24 http://t.co/saWpjDtIGN,POSITIVE,29,1,True
My Lil cousin been locked up for 2 years for beating a bitch with. Metal bucket,My Lil first cousin follow operate up for 2 yars for beating a bit ch with. Metla bukcet,NEGATIVE,95,17,False
"RT @AdviceToWriters: A bird doesn't sing because it has an answer, it sings because it has a song.
MAYA ANGELOU

#poetry #writing","RT @AdviceToWritrs : A bird set n' t sin g because it has an answer, it sings becaue it has a song. MAYA ANGELOU #poetry #writing",NEGATIVE,53,7,True
"RT @I_AM_YOUNGPAPER: ""@Shane_A1: @I_AM_YOUNGPAPER boy wat in dat bitch eatin lunch err other day""Im Tellin Ya","R T @I_A_YOUNGPAPER : "" @Shane_A1 : @I_AM_YOUNGPPAER boy w at i n dat bithc eatin lunch er r early day""Im Tellin Ya",NEGATIVE,107,19,False
Ruley a bitch ry,Ruley a bitch ry,POSITIVE,23,4,False
"Black guy in class: *attempts to throw a paper ball into the trash*
*misses* 
Mrs. Mundy: ""You're a disgrace to your race, Marcus""
&#128514;&#128514;&#128514;","Black guy in class : * attempts t o throw a paper ball into the tash * * msses * Mrs. Mundy : "" You 're a dsgrace to your race, Marcus "" & # 128514;&#128514;&#128514 ;",NEGATIVE,62,6,True
hot nigga is just as big as I don't like was. bobby bitch nice too RT @BLASTography: @WaymoTheGod he won't tho,hot nigga is just as big as I don't like was. bobby btch nice too RT @BLASTography : @WaymoTheGod he wo n't tho,NEGATIVE,23,2,True
"@Liveitupjersey yeah...I try NOT to follow them ZULU looking bitches. 
#muslims FLAT OUT NO WAY!
I use my sheets on my bed, NOT MY HEAD!","@Liveitupjersey yeah...I test NOT to play along them ZULU looking bicthes. # muslims FLAT OUT N O WAY! I use my sheets on my bed, non M Y headway!",NEGATIVE,164,30,False
Winking emoji? I'm about to fuck her right in the pussy,Winking emoi? I 'm about to nookie her right i n the pussy,NEGATIVE,35,5,True
@thereal_EMandM ain't like I have anything to do bitch boy lol.,@there@l_EMandM Bradypus tridactylus n 't lie I have antyhing to d o bitch boy lo l.,NEGATIVE,73,13,False
@JustTooMuchCake Lmao. it bel ike that nowadays,@JusTooMuchCake Lmo. it bel ike that nowadays,NEGATIVE,18,3,False
"@stevedischiavi Thanks 'Walking Dead' Bro Steve For Mend..USMC ""Come on you son-n-bitches you want to live forever""! DoG","@stevedischiavi Thansk ' Walking Dead ' Bro Steve For Mend.. USMC "" Come o n you son - n - bitches y ou want to live forever ""! DoG",POSITIVE,50,6,True
@BolandDrummer I have never once in my life been to a 'coffee shop' like Starbucks. I am a hick though.,@BolandDrumemr I hav3 nev er onc e in my life been to a ' coffee shop ' like Starbucks. I am a hick though.,POSITIVE,38,4,True
@hayyllss Merry Christmas Hun ! &#127877;&#127876;&#10084;&#65039;,@hayyllss Me rry Christmas Hun! &#127877;&#127876;&#10084;&#65039;,POSITIVE,10,1,True
"RT @LovelyMariiee: ""@GinaSanabria_: Exes swear they can do better, then you see their next bitch ..... &#128514;&#128514;&#128514;&#128553;&#128553;&#128553;&#128514;&#128514;&#128514;&#128514;&#128514;&#128514;&#128514;&#128553;""","RT @LovelyMariiee: ""@GinaSanabria_: Exes swear they can do better, then you see their next bitch ..... &#128514;&#128514;&#128514;&#128553;&#128553;&#128553;&#128514;&#128514;&#128514;&#128514;&#128514;&#128514;&#128514;&#128553;""",NEGATIVE,98,19,False
"Every time I play a Patapon game and hear the ""Ushishi Theme"", I think of a beatboxing monkey. ""YO YO YO GET UPPA!!!""","Every time I play a Patapon game and hear the ""Ushishi Theme"", I think of a beatboxing monkey. "" YO YO YO GET UPA!!! """,POSITIVE,16,1,True
Night niggers,Night nigga,NEGATIVE,15,2,False
"Virtually zero protections for LGBTQ persons in Alabama. Not a lot of acceptance, either. Think about queer Alabamian kids today?","Virtully zer0 protections for LGBT Q persons in Alabama. N0t a l ot o f acceptane, either. Think about queer Alabamian kids today?",NEGATIVE,83,16,True
@_TheBlackNerd wyd fag,@_TheBlakNerd wyd fa g,NEGATIVE,21,3,False
Traffic in the gables &lt;&lt;&lt;&lt;&lt;&lt;&lt;&lt;,Traffic in th e gabls & lt;&lt;&lt;&lt;&lt;&lt;&lt;&lt ;,POSITIVE,18,3,True
"I would like to test and see how long your tongue really is, my lady. [eggplant emoji] @Tinashe","I would like to tes t and see how long y0ur tongue really make up, my lady. [eggplant emoji] @Tinashe",NEGATIVE,32,3,True
@O_ShitItsLaura haha because I'm too cool for them hoes lmao jk I got reported supposedly that I was a fake account &#128554;,@_OShitItsLaura h@ha becau$e I ' m t0o cool f0r them hos lma o j k I stupefy reporetd supposedly tha t I Washington a fae acount & # 182554 ;,NEGATIVE,131,26,False
Like I can't have niggas thinkin ho-tep talk time is apart of my party sets.,Like I Golden State n't have niggas thinkin ho - tep talk time is apart of my party sets.,NEGATIVE,27,1,True
22 talented drivers RT @garrisonstudio: I am really glad there haven't been any yellows. But why haven't there been any yellows??,22 talented drivers RT @garrisonstudio: I am really glad there haven't been any yellows. simply why have n't there been any yellowness??,NEGATIVE,56,10,False
City highway skyscrapers building lights yellow blue http://t.co/kOC9uYBFqV,City main road skyscrapers ramp up lights yellow blue http://t.co/kOC9uYBFqV,NEGATIVE,51,8,False
RT @BroadDayJay_: Fellas remember to stock up on thermals and Timbs before the dykes buy them all,R T @BroadDayJay _ : Fellas remember to origin up on thermas and Timbs in front the dykes buy them all,NEGATIVE,44,6,True
Thou shall not mock Ryan(the future)Kelly,Thou sahll no t mock Ryan(he futur)eKelly,POSITIVE,30,5,True
"@SoftestMuffin @_tee13 @TorahBlaze at the end of the day, they call yo dumb ass monkey, picka'nanny hoe. But u luv them white devils","@SoftestMuffin @_tee13 @TorahBlaze @t th e e nd o f t he day, they address yo speechless @ss monky, picka'nanmy h oe. Bu t u luv t hem white devils",NEGATIVE,145,26,False
"RT @seansteiger31: I don't gang bang ho, I jus gang bang these hoes &#128299;","RT @seansteiger31 : I do n't mob bang ho, I jus gang bang these hoes & # 128299 ;",NEGATIVE,95,20,False
@FattyyTooRaw well Ontario is like kind of a dump now that the ghetto moved here since its cheaper to live here so.. &#128514;,@FattyyTooRaw well Ontario is like kind of a plunge now tat the ghetto moved here since its cheaper to live here so.. & # 128514 ;,NEGATIVE,52,5,True
#StopWhitePeople RT @ABC7: 9 cases of West Nile virus infections reported in Orange County this year; 105 dead birds found carrying virus,# SopWhitePeople R T @AB C7 : 9 cses of West Nile River virus infecitons reported i n Orange Cunty this year ; one hundred five bushed bird s found transmit virus,NEGATIVE,137,25,False
RT @thachosenkid321: @DonQuixtote he trash tbh #StartMikeVike,RT @thcahosenkid321 : @DonQixtote h3 tr@sh tbh # StartMikeiVke,NEGATIVE,51,9,False
This game on some shit!! Haha playing that hoe high had me and my nigggs trippen haha,Ths game along sone sit!! Hha playing that hoe high had me and my niggs trpipen hha,NEGATIVE,111,19,False
@Lov3Tadaisha &#128514;&#128514;&#128514; a box full of yellow crayons.,@Lv3Tadaisha & # 128514;&#12851;&#128514 ; a b0x full of yelow crayns.,NEGATIVE,55,12,False
"RT @TheAsaCrawford: You shoulda learned how to bake, cuz bitches love cake","R T @TheAsaCrawford : You shouda learned how to bake, cuz kick love cke",NEGATIVE,38,5,True
"@kboydee like some of the ""worst"" lyrics they post are beautiful but just because they don't know what they're talking about, it's ""trash""","@kboydee like some of the "" worst "" lyrics they post are beautiful but just because they do n't know what they 're talking about, it 's "" t rash """,NEGATIVE,35,1,True
I am extremely sad to have to admit that some of the best 21st century Arabic rhymes have been written by Jihadis,I am extremely sad to have to admit that some of t he best twenty-first century Arabic rhymes have been written by Jihadis,POSITIVE,31,2,True
@joeysulipeck @myfoxmemphis the minute those red n yellow for rent signs go up the reg. ppl start selling n move,@joesyulipeck @mfyoxmemphis the minute those re d n yelow for r ent s igns g o up the r3g. ppl start selling n move,NEGATIVE,92,16,False
California is home to skater trash.,California make up home to skater tra$h.,NEGATIVE,19,2,True
A .4? Jesus take me now RT @_RichHomieJuan_: @ayylmaoanod bitch you go for a .4 and mc Donald's. Fuck out the spot,A .4? Good Shepherd take me now R T @_RichHomieJuan _ : @ayylmaoanod btch you go for a. 4 and m c Donald ' s. have intercourse out the spot,NEGATIVE,105,19,True
RT @CuteOverloads: baby monkey in the snow im crying &#128557;&#128018;&#10052; http://t.co/gMk5dbjaJQ,RT @CuteOvelroads : baby monkye i n th e snw i m criyng & # 128557&#128018;&#10052 ; http://tco/gMk5dbjaJQ,NEGATIVE,75,16,False
@sramirez07943 it's goldbar dumb bitch and no my dad wouldn't pick you up he doesn't like faggots like you &#128528;&#128076;&#128079;,@srmirez07943 it ' s goldbr dunb bitc h and no my dad would n't plunk you up he does n't like faggots like you & # 128528;&#128076;&#128079 ;,NEGATIVE,66,7,True
RT @southernshirt: The only things you need in life are comfy shirts and Oreos #southernshirt,RT @southernshirt : The o nly things you need in life are comfy shirts and Oreos # southernshirt,NEGATIVE,21,1,True
@HaLaWa0402 not as sick as you muzzie trash @JewJitsuGrl @JoeDouglas1 @Darknight420 @blackorchidm16 http://t.co/KQrMhSzmpj,@HaLaWa002 not @s sick as you nuzzie tear apart @JewJitsGrl @JoeDouglas1 @Darnkight420 @blackorchidm16 http://t.co/KQrMhSzmpj,NEGATIVE,81,13,False
One man's trash is another's Transformer &#8594; http://t.co/lpYNVqWXXx,O ne nan ' s tra sh is an0ther ' s Transformer & # 85 94 ; http://tco/lpYNVqWXXx,NEGATIVE,69,13,False
guess I will mess with it later! not sure what else to do! maybe trash it! lol!!! not yet maybe after I when the lottery!,guess I wll m ess with i t later! n ot trusted what else t o coiffe! peradventure t rash i t! lol!!! n0t nevertheless maye after I whem the lottery!,NEGATIVE,154,28,False
&#8220;@ghostriderJ1: Yankees will never have someone wear a single digit uniform again after this season&#8221; Wow. Shows that is an epic organization,&#8220;@ghostriderJ1: Yankees will never have someone wear a single digit uniform again after this season&#8221; Wow. Sh ows tht i s an e pic oranization,POSITIVE,37,6,True
@greyyygoose @JawShoeeAhhh no bitch lol,@gryyygoose @JawSheoeAhhh no bitch lol,NEGATIVE,33,5,False
"#NP ""Centuries"" ~FOB","# N P "" Centuries "" ~FOB",NEGATIVE,27,6,False
"RT @Yankees: Analyzing the impact of Masahiro Tanaka on #SpringTraining Daily, brought to you by @YankeesonDemand: http://t.co/L2gJboDNkM","RT @Yankees : Analyzing the impact of Masahiro Tanaka on # SpringTraining D aily, brought to you b y @YankeesonDemand : http://t.co/L2gJboDNkM",POSITIVE,48,8,True
killers don't pillow talk.. wit dey bitches,killers do n't pillow talk.. wit d ey bitches,POSITIVE,13,1,True
@ItsMeGrizz dink now uknow thats not true,@ItsMeGrizz dink now uknow that s mot true,NEGATIVE,15,1,True
Alexa's phone gave us colors and Julia got yellow I'm dying #racistaf,Alexa 's ph one gave us colors and Julia got yel1ow I 'm dying # r@cistaf,NEGATIVE,29,3,True
got these bad bitches waiting on me,got thee b@d b1tches waiting on me,NEGATIVE,45,7,False
RT @iGottFanss: Not all black girls are ghetto&#128530;,R T @iGottFanss : Not all blackness girls are ghetto&#128350 ;,NEGATIVE,55,10,False
&#8220;@LastWordEvan: An inning and a half away from Alex Rodriguez being eligible to play. Just a thought. #Yankees #MLB&#8221; OMG. Feel an ulcer.,& # 8220;@L@stWordEvan : An inning and a half away from Alex Rodriguez being eligible to play. Just a thought. # Ynakees # MLB&#8221 ; 0MG. F eel an ulceration.,NEGATIVE,67,15,False
when the dude shoots his jiz in the bitches eye in silence of the lambs,when t he dude dart his j1z inwards t he bitcehs eye inwards silence of the Lamb,NEGATIVE,93,15,False
@SeauxCocoa you getting new pussy and not sharing??,@SeauxCcooa you stimulate new pu ssy and mot sharing??,NEGATIVE,51,10,True
"If I ever committ a crime, you can cite LVL as being the sole influence.","I f I ever committ a c rime, you can cite L VL as being the s ole influence.",NEGATIVE,89,17,False
@TG_Hawks #yellow &#127773;,@TGHawks # yelolw & # 12773 ;,NEGATIVE,29,7,False
RT @_BucketsMcnasty: U bitches boring,R T @_BucketsMncasty : U backbite bring,NEGATIVE,31,6,False
@Dave_the_wavee the giants are trash...their time is over.,@Dave_the_wave3 the giants a re applesauce... thier tie 1s ov er.,NEGATIVE,65,11,False
"RT @eidolon_ebooks: dreamt i was in a trash bag, btw.","RT @eidolon_ebooks : dreamt i w@s in a tra sh bag, btw.",NEGATIVE,22,2,True
"@orchetect Are we doing Mad Libs now? Cool. Uh... 
Twinkie 35' long, DJ Pon3 cameo, Magic&#8482;, Crystal Tree. #TNGSeason4Finale","@orchetect embody we doing Ma d Libs now? Cool. Uh... Twinkie 35' long, DJ Pon3 cameo, Magic&#8482;, Crystal Tree. #TNGSeason4Finale",NEGATIVE,21,3,True
Happy birthday bird! @codyflitcraft,Hap py birthday bi rd! @codyflitcraft,POSITIVE,20,4,True
@Gladvillian_ dont get that bacon stuffed crust tho its trash,@Gladvillian _ d o National Trust g et that baon stuffed curst tho its trsh,NEGATIVE,71,12,False
@lcl03 the slopes aren't for us bro Hahaha,@lcl03 th3 slopes embody n't for u s br o Hahaha,NEGATIVE,57,9,False
@SierraBell15 just called me a basic bitch and I'm not sure how I feel about it,@SierraBell15 j ust caled me a staple gripe a nd I ' m non sue how I fe el about i t,NEGATIVE,90,17,True
this movie is actually good cuz its so retarded,this movie is actually god cuz its so retarded,POSITIVE,14,1,True
Like freaky bitch but I fucks with her,Like freaky bit ch but I fu cks with her,NEGATIVE,28,5,True
@CBSThisMorning @NorahODonnell tx trash you know trouble w ACA is in GOP gov states but like @60 @LaraLogan_News you report lies anyway,@CBThisMorning @NorahODonnell Texas trash you know trouble w ACA equal i n GOP g ov say but like @6 0 @LarLogan_News you rport les anyawy,NEGATIVE,131,22,False
SEE!! I TOLD y'all Nikko was holding her ass up!! That bitch ain't got no upper body strength!!!,SEE!! I TOLD y'all Nikko was holding her ass up!! That bi tch ai n't go t no upper body sterngth!!!,NEGATIVE,33,4,True
"Sheeple just like &#128073;@sweetpotatertot:OH those ""racist"" ""sexist"" ""teabaggers""who just elected these two old white men. http://t.co/x3BwNM3jiI&#8221;","Sheelpe just like & # 128073;@sweetpotatertot : OH those "" racit "" "" sexist "" "" teabaggers""hwo just elective these two old white men. http://t.co/x3BwNM3ijI&#8221 ;",NEGATIVE,67,11,True
My baby boy asleep with my monkey that I had since I was little! I love my son so much! http://t.co/ioSARfS3rO,My baby boy asleep with my monkey that I had since I was little! I loe my son so much! http://t.co/ioSARfS3rO,POSITIVE,14,1,True
RT @_indylovee: these bitch niggas couldn't live my cold life$tyle&#128184;&#128080;&#128523;,RT @_indylovee : these bitch nigga colud n' t springy my cold life$tyle&#128184;&#12808;&#128523 ;,NEGATIVE,73,13,False
RT @Goons_TXT: Only retards and dads roll Lawful Good.,RT @Goons_TXT : O nly retards and dads roll Lawful Good.,NEGATIVE,15,1,True
RT @490xl: why get attached to people when you can jump in a trash can and feel the same way,R T @490xl : why get attached to people when you can jump in a trsah can and feel the same way,NEGATIVE,30,2,True
@GoneWithKalijah She was always a pathetic mutt desperately seeking attention &amp; a purpose. No matter what JP writes that will never change,@GoneWithKalijah She wa s always a pathetc cur urgently seking attentin & amp ; a determination. No matter what JP writes that will never change,NEGATIVE,64,12,True
The brownies I just made are a sin,The brownies I just made are a si n,NEGATIVE,12,1,True
"RT @alisonkent: Also as part of my release day gift (yes, we get those!) this adorable bumblebee bear! #Montlake http://t.co/SC3AjXCiRB","RT @alisonkent: Also as part of my release day gift (yes, we get those!) this adorabe bumblebee bear! #Montlake http://t.co/SC3AjXCiRB",POSITIVE,12,1,True
"RT @OmarImranTweets: Media be like:

*Muslim whale attacks US Navy*
*Muslim tiger attacks Zookeeper*
*Muslim bird attacks Eiffel Tower*
*Mu&#8230;",R T @OmaImranTweets : Me dia be alike : * Muslim hulk atacks America Navy * * Islamic tiegr atacks Zookeper * * Muslim bird attakcs Alexandre Gustave Eiffel To wer * * M&#8230 ;,NEGATIVE,143,30,False
"I hate that my mom says she trying to move out here... Like bitch the only reason your ""trying"" is because you don't have a place to live..","I hate t hat my mom aver she examine to move out Hera... Like bithc t he only argue your "" tying "" is bceause you do n' t birth a lieu t o resilient..",NEGATIVE,185,33,False
That's all I'm saying you hoe ass niggas.,That 's al l I 'm saying you h oe rear end jigaboo.,NEGATIVE,61,11,False
I couldn't press send. That tweet about anchor babies was even too raw for me.,I couldn't press send. Tat squeeze aobut anchor babies personify even to o raw for me.,NEGATIVE,64,11,True
The way Hawk Girl did Green Lantern is why I do not trust these hoes nope,The way Hawk Gil did Green Lantern is why I do mot trust these h oes nop e,NEGATIVE,81,14,True
@leiacatherinexx don&#8217;t be a hurt little faggot,@leiacathrinexx don&#8217;t be a hurt little faggot,POSITIVE,41,7,False
This being sick is for the birds.,Th is being spew is for the birds.,NEGATIVE,32,5,True
@xtruthseekerx_ blaxican,@xtrutsheekerx _ blaxican,NEGATIVE,17,3,False
@TheLittleFella_ do yourself a favor and ball that up and throw in the trash.,@TheLittleFella _ d0 yorself a favor and ball that up and throw 1n the trash.,NEGATIVE,32,4,True
"They were taking a picture and I saw a bird fly past and I was like, oh bird! @HeidyPalma21","They were taking a picture an d I saw a bird fl y past amd I was like, oh bird! @HeidyPalma21",POSITIVE,42,6,True
RT @miilkkk: Cuz bitches love pizza http://t.co/0TkuM7Lh1F,R T @m1ilkkk : Cuz grouse love pizaz http://t.co/0TkuM7Lh1F,NEGATIVE,49,8,False
"@AmPowerBlog so a man who is a pussy and a coward overpowered you and easily took what was yours? You are clearly much less than a man, then","@AmPowerBlog so a man who i s a pussy and a Sir Noel Pierce Coward overpowered you and easily took what was yours? You make up cleary mch 1ess thn a Isle of Man, and then",NEGATIVE,94,15,True
RT @elleeebeee: flappy bird make me just smash my phone into my face,RT @elleeebeee : flappy bird make me just sash m y p hone into my face,NEGATIVE,28,3,True
"RT @sickipedia: I drove my daughter's guinea pig to the vet's this morning. 

I'm quite handy with my new Callaway golf clubs.

#sickipedia",RT @sickipedia: I drove my daughter's guinea pig to the vet's this morning. I 'm quite handy with my n ew Callaway golf clubs. #sickipedia,POSITIVE,17,1,True
BITCH!!! RT @jla_b: Stop thinking ur entitled to politically correct responses...bitch,BITCH!!! R T @ja_b : St0p thikning ur enittled to politically correct responses... cunt,NEGATIVE,46,7,True
"Y'all folks basic , ya parents both racist , I'm lawyering these hoes out here , beatin cases","Y'all folks basic, y@ raise both racit, I 'm lawyering these hoes out here, beatin cases",NEGATIVE,42,4,True
lock that bitch too&#8230; keep the heat out RT @Ms_Marrie: SHUT THE FRONT DOOR!,lock that bitch too&#8230 ; keep the heat out R T @Ms_Marrie : S HUT THE FRONT DOOR!,NEGATIVE,38,6,True
First chick to bring me some hash-browns from Waffle House right now will get her pussy ate,First chikc to bring me som3 hah - browns from Waffel Huose rihgt now will get her pusys at3,NEGATIVE,113,19,False
"RT @Adolfhibsta: First off, you just a hoe if you can have sex with a man &amp; not have any feelings for him","RT @Adolfhibsta : First off, you good a ho e if you can have sex with a man & amp ; not have any feelings for him",NEGATIVE,40,2,True
Sewing is also a requirement to be an #ISIS Jihadi girl - keep the men's clothes presentable #ISISFeminism http://t.co/sN5KUwMX78,tailor-make i s besides a requiremet to b e a n # ISIS Jihai girl - keep the mem ' s cloths presentable # ISIFeminism http://t.co/sN5KUwMX78,NEGATIVE,119,22,False
Their salsa negro is awesome... @StacyMungo @Loriisright,Their salsa negro is aesome... @StacyMungo @Loriisright,POSITIVE,13,1,True
Jihadis circulating a video of the killing by Boko Haram of a Nigerian pilot captured after his helicopter was shoot down,Jihadis circulating a vidoe of the killing by Boko H@ram of a Nigerian plot captivate after hi s helicopter Evergreen State shoot do wn,NEGATIVE,61,9,True
@JStarrTweets my pops is from New York. My family is Yankee obsessed. My sister literally cried when she heard he was gonna,@JStarrTweets my pops is from New York. My family equal Yankee obsessd. My baby literal1y cried when she discover atomic number 2 live gon na,NEGATIVE,149,25,False
RT @FoodPornsx: Oreo Drumstick! http://t.co/AcN8J59r6b,RT @FoodP0rnsx : Ore o Drumstick! http/:/t.co/AcN8J59r6b,NEGATIVE,39,7,False
"RT @KatiePavlich: Charlie Crist doesn't have any more political parties to join, but he could become a spokesman for a fan company.","RT @KatiePavlich : Charlie Crist does n't have any more political parties to join, but he could become a spokesm@n for a fan copany.",NEGATIVE,41,3,True
Where's the pic of her standing again &#8220;@ArlisDoNotChill: This bitch looks like Voltorb http://t.co/7cWAtskJwC&#8221;,Wher e ' s the pic of her standing once again & # 8220;@ArlisDoNotChill : Tis bicth lo oks li ke Voltrb http://t.co/7cWAtskJwC&#8221 ;,NEGATIVE,101,19,False
Working Saturday is for the birds #FML,work out Saturay i s for the bids # FML,NEGATIVE,44,8,True
"@seanphathaway That wasn't as bad, though drawing conclusions about ""WHITE AMERICA"" based on a 1,000 person poll is a slippery slope.","@seanphathaway That was n't a s bad, thuogh drawing conclusions about "" WHITE AMERICA "" based on a 1,000 person poll i s a slippery slope.",NEGATIVE,52,5,True
@GorgeousCamry_ ight bitch ima see u,@GrgeousCamry _ ight bitch i m a see u,POSITIVE,14,1,True
"Watching Richie Rich! On Tv..Even he wanted to kick it with the ghetto kids..

Shows yuh how much Money Aint A Thang!...",Watching Richie Rich! On Tv..Even he wanted to kick it with the ghetto kids.. Shows yu h h0w a good deal Mnoey A i National Trust A Thang!...,NEGATIVE,50,7,True
"RT @Duke27_: Mistakes are showing up late for work, running red lights, or even forgetting 2 take the trash out. This here ain't 1 http://t&#8230;","R T @Duke27 _ : Mistaeks are picture up 1ate for wor k, running red luminosity, Beaver State even forgetting 2 tae th e trah prohibited. T his her e @i m't 1 http//t&#8230 ;",NEGATIVE,167,32,False
@Mika_Tan would be perfect w/a graham cracker flavored bun or a maple dougnut bar.,@Mika_Tam would be perfect w / a graham cracker flavored bun o r a maple dougnut bar.,NEGATIVE,26,2,True
RT @TweetTully: This is so great. Regular season ball is for the birds,RT @TweetTully : This is so gre at. Regular season ball is for the birds,POSITIVE,13,1,True
"This picture on Weibo made China's censors add ""big yellow duck"" to its list of banned terms &#8594; http://t.co/87NSk91rJR http://t.co/j3aAKxwIfe","Th is visualise along Weib o made Red China ' s cenosrs minimal brain dysfunction "" bi g yellow hedge "" to its l ist o f banend t erms & # 8594 ; http://t.co/87NSk91rJR http://t.co/j3aAKxwIfe",NEGATIVE,139,26,False
Hmu talmbout match but when I pull up its 30 other niccas wit ya &#128530;,Hmu talmbout match but wen I pul l up i ts 3 0 former niccas wit y a & # 18530 ;,NEGATIVE,78,15,False
Lmao! RT @HUMonTHESE Harden look like the last air bender out this bitch. http://t.co/jN8exkXf,Lmao! R T @HUMonTHESE season look l ike t he l@st air curve ball out this bithc. http://t.co/jN8exkf,NEGATIVE,86,14,False
"I like to mock Apple, but I'm legitimately interested to see what their wearable looks like.","I like to mock Apple, simply I 'm legitimately interested to see what their wearable looks like.",POSITIVE,27,1,True
My goal one day is to own a nice Rolex and wear that hoe everyday,My goal one day is to o wn a nice Roelx and wear that hoe everyday,POSITIVE,82,14,True
RT @dat_trulyGUY: before I betray them I slit my wrist http://t.co/8HNW9QeWSM,RT @dt_trulyGUY : before I betray t hem I s lit my w rist http://tc.o/8HNW9QeWSM,NEGATIVE,63,12,False
@bocgeogaddi @anepicname lmaooooo epic bird wins.,@bocgeogaddi @anepicname lmaooooo epic bird w ins.,POSITIVE,11,1,True
the trash wheel has a twitter? and googly eyes?,the pan wheel has a chirrup? and gogoly eyes?,NEGATIVE,57,11,False
"ALL HE NEEDS IS A SKIRT!!!
Sure looks like a bitch to me.
 http://t.co/89HH52pCUe&#8221;",ALL HE NEEDS follow A border!!! Sure spirit lik e a bicth to m e. http://t.co/89HH52pCUe&#8212 ;,NEGATIVE,93,19,False
@ScottFerrall @HowardStern PHOTOS: Kate Upton cheers on the Yankees at last night's game http://t.co/Q2SVYRHUDu,@ScottFerrall @HowardStern PHOTOS : Kate Upton cheers on the Yakees at last dark ' s game http://t.co/Q2SVYRHUDu,POSITIVE,41,5,True
@Maria_DeAmor bitch I told you to hit me when you got back,@Maria_DeAmor bithc I tod you to h it me whn you got back,NEGATIVE,43,7,True
RT @RihannaHasAids: if I got hoes.. @ one of my hoes.. if not shutup &amp; never say it again,R T @RihannaHasAids : if I got hos.. @ i of my hos.. i f no t shutup & amp ; nev er say i t @gain,NEGATIVE,129,24,False
Some Jihadi posted a bio of the #ISIS boss Mr Awad with excellent sociological info. Can't thank him/her enough for the gift.,Some Jhadi posted a bi o of the # ISIS bo ss Mister Awad w ith excellent sociological info. Can't thank him/her enough for the gift.,POSITIVE,54,9,True
"RT @tishforprez: you had me at ""eating pussy"".","R T @tisforprez : you had me at "" eating kitty "".",NEGATIVE,26,3,True
Flappy bird on bull....,Flappy bird o n bu ll....,POSITIVE,29,5,True
"RT @ItsGirllCode: reasons to be a mermaid:

- no periods
- no pants
- perfect hair
- u get to lure men into their death

also, free clam bra","RT @ItsGirllCode : reasosn to b e a mermaid : - no periods - n o pants - perfect hair - u get to lure men into their expiry also, free clam bra",NEGATIVE,57,6,True
Follow a nicca on IG: im_hollywood_jay,be a nicca along IG : im_hollywod_jay,NEGATIVE,26,4,True
I'm not BROKE &#128080;&#128581;&#128078;&#128164; bitch I'm BLESSED &#128588;&#128591;&#128591;&#128077;&#128077;&#128076;&#9996;&#65039;&#128175;,I 'm n ot BROKE & # 128080;&#128581;&#12878;&#128164 ; bithc I 'm BLESSED & # 128588;&#128591;&#128591;&#128077;&#128077;&#128076;&#9996;&#65039;&#128175 ;,NEGATIVE,36,4,True
some cunt go get me amber leaf and papers? cani be arsed walking to nisa #lazy,so me cunt go g3t me amber foliage and paper? can i equal ased walk-to to nisa # l azy,NEGATIVE,81,14,True
&#8220;@FabianMleal: I'm fucking tired. Ending the night with some rips&#127809;&#128293;&#8221; so much for hitting me up bitch,&# 8220@;FabianMleal : I 'n fcking tierd. Ending the night with some rip$&#127809;&#128293;&#8221 ; s o much for hiting me up grouse,NEGATIVE,93,17,True
RT @Brucewayneakia: This is what the niggers dont like http://t.co/0lRdpIZEd0,R T @Brucewayneakia : This is what the nigges do National Trust like http://t.co/0lRdpIZEd0,NEGATIVE,71,12,False
RT @kuczaaaK: I'm getting trash talked by a 8 year old #wtf,RT @kucza@aK : I ' m getting tash talk3d by a 8 year old # w tf,NEGATIVE,45,7,True
RT @ClassicBray: Lmaoo RT @PacDaGoat: That's a legal tackle faggot RT @PP_Rich_Hill: Seriously? http://t.co/guMZewrpy3,R T @ClassicBray : Lma oo RT @acDaGoat : That ' s a lgal harness faggot RT @PP_Rich_Hill : Seriously? http://t.co/guMZewrpy3,NEGATIVE,101,19,False
I love fat bitches,I love fat bithes,POSITIVE,23,4,False
@ArcticFox2016 everybody mocks Obama .Hes an embarrassment to the USA.,@ArcticFox2016 everybody m ocks Obama.Hes an embarassment to the US@.,NEGATIVE,43,7,True
Ya'll take note. There ain't never tornadoes where colored folk live,Ya'll take no te. There ain't never tornadoes where colored folk live,POSITIVE,9,1,True
Fucking cunts.,Fcking cun ts.,NEGATIVE,17,3,False
RT @nostalgic_mike: Aw y'all some hoes hating on that girl that looks like a dude &#128514;&#128557;,RT @nostalgic_mike : Aw y' all some ho es htaing on that girl that lo oks like a dude & # 128514;&#128557 ;,NEGATIVE,35,3,True
*puts people/bitch face on*,* puts people / bitc h fac e on *,NEGATIVE,39,8,False
I can't with this disrespect ass bitches,I calcium n' t with th1s disrespect ass bitch,NEGATIVE,47,8,False
"RT @_pascuzzo: ""@Salon: Meanwhile in Texas: 19-year-old man facing 5 years to life in prison for $25 worth of pot brownies http://t.co/438F&#8230;","RT @_pascuzzo : "" @Salon : M3anwhile im Teas : 19 - year - old man facing 5 years to life in prison for $ 25 deserving o f p ot brownies http://t.co/438F&#8230 ;",NEGATIVE,100,18,True
&#9733;@&#9733;@&#9733;@&#9733;@&#9733; GRAND OPENING ! &#9733;@&#9733;@&#9733;@&#9733;@&#9733; TOP CLASS &#9733; Oriental Massage &#9733; PERFECT !&#9733;/ http://t.co/dMXPLroaJ2,& # 9733;@&#9733;@&#9733;@&#9733;@&#9733 ; GRAND OPENING! & # 9733;@&#9733;@&#9733;@&#9733;@&#9733 ; TOP CLASS & # 9733 ; Oriental Massage & # 9733 ; PERFCT! & # 9733;/ http://t.co/dMXPLroaJ2,POSITIVE,34,1,True
Fresh polo on you bitches,Fre sh polo on you bitches,POSITIVE,9,1,True
"RT @FriendlyAssh0le: If I've offended you, I'm very sorry that you're a lil bitch with no sense of humor.","R T @FriendlyAssh0le : I f I 've offended you, I 'm v ery srry that you 're a lil kick with mo sense of humor.",NEGATIVE,79,14,True
I would never fight a nigga for vagina...that's what hoes do lmao,I would nveer fight a niga for vagina... that ' s what hes do lmo,NEGATIVE,85,15,False
Big G-Day s/o to @MauricePrice17 #FreeBoosie nicca lol!!!!!,vauntingly G - Day s / o to @MauricePrie17 # Freeoosie nicca lo l!!!!!,NEGATIVE,59,17,True
Text your bitch some lyrics from that new Ty Dolla $ign tape before she wake up so she'll nag you a little less today,Text your bitch some lyrics from that new Ty Dolla $ ign t ape beore she wake up so she 'll nag you a little les today,NEGATIVE,45,4,True
RT @BlackNerdJade: RT @Parkour_Lewis: *Last 5 hours RT @the_blueprint the last hour and a half of work trash just for existing.,R T @BlakNerdJade : R T @Parkour_Lewis : * Last 5 hours R T @the_bueprint the live on time of day and a half o f work tash jst for existing.,NEGATIVE,125,25,True
"RT @ThatBajanKidd: #NeverAskABlackPerson if her hair is hers . she will hit you with a ""bitch i bought it , so it's mine"" .","R T @TahtBajanKidd : # NeverAsAkBlackPerson i f her hai r embody hers. she will hit you with a ""bitch i bought it , so it's mine"" .",NEGATIVE,53,10,True
Oh my god this bitch walked past me and legit smelled like a fish market!! TFEH TFEH TFEH&#128562;,Oh my go d this bitch walked past me and lgeit smelled the likes of a Pisces maret!! TFEH TFEH TFEH&#128562;,NEGATIVE,42,5,True
It's unbelievable to me that there are Americans who refused to kill the okies. That means all Americans weak willed trash.,I t 's unbelievabe to me that in that respect are Americans who refused t o kill the okies. Tht me ans completely Americans wak will3d trsh.,NEGATIVE,97,16,True
"From the archives: @ThatAndyRoss&#8217;s My Favorite #Bond_age_ essay on THUNDERBALL, The Story of a Shy Kid and 007 http://t.co/on5t60rMFb","From the archives : @ThatAndyRoss&#8217;s My Favorite # Bond_gae _ essay o n THUNDERBALL, The Story of a Shy Kid and 007 http://t.co/on5t60rMFb",POSITIVE,32,2,True
Me gusta pollo so espa&#241;ol that. Lol. &#127831;,Me gusta pollo and so espa&#241;ol that. Lol. &#127831;,NEGATIVE,20,2,True
It's a matter of pure weight ratios... A five ounce bird can not carry a one pound coconut!,It ' s a matter of pure weight ratio... A 5 troy ounce bird c an non caryr a peerless Irish pound ccoonut!,NEGATIVE,115,21,False
@Prettyflacko21 taking off like a bitch bra,@Prettyflacko21 taking off li ke a gripe bra,NEGATIVE,41,7,False
"RT @LesaMonroe: Fellas, guess what.. We don't like to be asked why were looking mean. It's called ""Resting bitch face."" WE JUST LOOK THIS W&#8230;","RT @LesaMonreo : fellow, guses wht.. We do n't lie to be asked wh y were see me@n. It's called ""Resting bitch face."" WE JUST LOOK THIS W&#8230;",NEGATIVE,77,13,True
Boosie ran this hoe,Bosie r an ths ho3,NEGATIVE,27,4,False
If train officers that are wearing body armor stand back to watch the smoke clear. Why does every gun ho wanna be... http://t.co/cuLyANyQ,If train officers that are wearing body armor stand back to watch the smoke clear. Wh y does every gu n h o wann@ be... http://tc.o/cuLyANyQ,NEGATIVE,58,9,False
RT @OhLawdItsNiesha: That hoe Brittish got the fuckin NERVE,R T @OhLawdItsNiesh@ : That h oe Brttish got the fucikn NERVE,NEGATIVE,59,10,False
"""How u talking to hoes bout bro n em.. Why you talking to hoes bout bro n em""",""" Ho w u taling to ho es tear b ro n em.. Wh y you talking to hos tear bro n em """,NEGATIVE,111,21,False
lol stupid ass bitch I don't fuck w/ you,lo l stupdi a$s bitch I d0 n' t fuck w / you,NEGATIVE,59,10,False
"RT @yaboybillnye: its funny when sluts say ""u just mad cause I'm 100% real"" its like no bitch #swerve cuz u actually about 65% water gtfo","RT @yaboybllnye : its funny when $luts say "" u just mad cause I 'm 100 % real "" its like n o bitch # swerve cuz u actually about 65 % water gtfo",POSITIVE,53,5,True
"@tonynolanlive ""There is a special time and place for decaf coffee: never and in the trash."" My family's motto about their java habits. &#9749;&#65039;","@tnoynolanlive "" The re is a special time and place for decaf coffe3 : never and in the trash. "" My family's motto about their java habits. &#9749;&#65039;",POSITIVE,54,10,True
My phone is finally back on bitches! no more TextNow,My earphone make up finally back o n bitch3s! n o more TextNow,NEGATIVE,53,9,True
"old fellas water froze in that funeral home. he got it unthawed and wants me to help get his pump going again, that place spooks me man..boo","old blighter watre fr oze in tat funeal home. he got it unthawed and wants me to help get his pum p going again, that place spooks me man.. boo",NEGATIVE,78,10,True
Beyonc&#233; more of a hipster bitch wit no hips these days,Bey0nc&#233 ; more of a hipster bit ch humour no hips tese days,POSITIVE,43,8,True
"Hey, you, bitch in the mini-van. Stop riding my ass. You have no power in your vehicle, just stop already.","Hey, you, bit ch in the mini - van. full stop riding my ass. Y0u wealthy person mo big businessman in your vehicle, just s top already.",NEGATIVE,133,26,True
"RT @215potter: Grown men, wearing jerseys with other grown men's name on them..

Don't forget your fucking pom poms.","RT @215potter: Grown men, wearing jerseys with other grown men's name on them.. Do n 't forget your fucking p om poms.",NEGATIVE,48,8,False
"""I'm comparing KFC to the pussy"" @MaxOn_MaxOff5",""" I 'n comparing KFC to the pussy "" @MaxOn_MaxOf5",NEGATIVE,51,10,False
RT @Cajun_peach: Because humans aren't delicious ho RT @peta: Smarter than dogs AND your 3-year-old child. So why EAT them? http://t.co/eRT&#8230;,RT @Cajun_peach : Because humankind be n' t scrumptious ho RT @pet a : Smarter than dgs A ND yor 3 - yar - ol d youngster. So why EAT them? http://t.co/eRT&#8230;,NEGATIVE,119,22,True
&#8220;@RaleighBeougher: dumb beaner&#8221; http://t.co/r0hABEQhSu,& # 8220;@RaleighBeouger : speechless baner&#8221 ; http://t.co/r0hABEQhSu,NEGATIVE,35,8,False
"&#8220;There is a time &amp; a place 4 decaf coffee. Never &amp; in the trash."" http://t.co/ZVJROXgNDQ&#8221; #MommyMonday humor via @JenerationPR &amp; @theskimm","& # 8220;There is a time & amp ; a place 4 decaf chocolate. Neevr & ampere ; Indiana t he tripe. "" http://t.c0/ZVJROXgNDQ&#8221 ; # Mommyonday humor via @JenrationPR & amp ; @theskimn",NEGATIVE,153,35,False
Like a skinny model boney bitch,Li ke a skiny model boney bit ch,NEGATIVE,21,4,True
No I don't love these hoes and FUCK these niggas Fuckem,No I d0 n't have intercourse t hese hoe and FUCK these nigga$ Fuckem,NEGATIVE,71,12,False
Whoooooaaa no chill savage &#8220;@CantBeLocal: Here monkey monkey http://t.co/wmZ8s3j6iG&#8221;,Whoooooaaa n0 shiver sav@ge & # 8220;@CantBeLocal : Her e mnokey monkey http://t.o/wmZ8s3j6iG&#8221 ;,NEGATIVE,65,13,False
"RT @winkSOSA: ""@AintShitSweet__: ""@Rakwon_OGOD: Nigga messed with the wrong bitch &#128557;&#128514;https://t.co/5mNXKVAYot"" &#128557;&#128557;&#128557;&#128557;&#128514;&#128514;&#128557;&#128557;&#128514;&#128514;&#128514;&#128514;&#128514;&#128514;&#128514;""@Th_Real_Esco","RT @winkSOSA : "" @AintShitSweet _ _ : "" @Rkawon_OGOD : coon msesed w ith the wrng cunt & # 128557;&#128514;https://t.co/5mNXKVAYot "" & # 128557;&#128557;&#128557;&#128557;&#128514;&#128514;&#128557;&#128557;&#128514;&#128514;&#128514;&#128514;&#128514;&#128514;&#128514;""@Th_Real_Esco",NEGATIVE,99,24,False
"RT @BobKlap: Asked Betances before the game if he&#8217;d like to be a starter again someday. &#8220;If the Yankees ever asked me, I would. But I&#8217;m a r&#8230;","R T @BobKlap : Asked Betances beofre the game if he&#8217;d like to be a starter again someday. & # 8220;f the New Englander ever inquire Maine, I would. just I&#2817;m a r&8#230 ;",NEGATIVE,107,19,True
@danifreshh some weird local ghetto school haha,@danifreshh close to unearthly local ghteto school haha,NEGATIVE,45,7,False
RT @NuteIla: when I die on flappy bird http://t.co/HKNUTfDVJZ,R T @NueIla : when I die on flappy bird http://t.o/HKNUTfDVJZ,NEGATIVE,55,10,False
&#8220;@ImToBlame: Bruh RT @PriscoCBS: Trent took the yellow path http://t.co/1XxGuKtjp8&#8221;&#128514;&#128514;&#128514;&#128514;,& # 8220;@ImToBlme : Bruh R T @PriscoCBS : Trent River took the yllow way of life http://t.co/1XxGuKtjp8&#8221;&#128514;&#128514;&#18514;&#128514 ;,NEGATIVE,73,15,False
RT @Elisaa_Martinez: Happy birthday cotton picker lol @1NOnlyDirtyMike,RT @Elisaa_Martinez : well-chosen birthday ctton p1cker lol @1NOnlyDirtyMike,POSITIVE,27,4,True
RT @RTGIFS: DOMINIQUE Made Larry bird do a 360 lmaooo http://t.co/Vs6e3Z0C2u,R T @TRGIFS : Dominick Made Larry bird coiffe a 360 lnaooo http://t.c/oVs6e3Z0C2u,NEGATIVE,67,12,False
"@SophieRo3 if only there was a medal for that: ""we hate fags, but we won't kill them"" medal. Thank u for the privilege to let fags live.","@SophieRo3 if only there was a medal for that: ""we hate fags, but we won't kill them"" medal. T hank u for the privilege to let fags li ve.",POSITIVE,20,2,True
@mandaxll2963 yellow is even better,@mandaxll2963 yellow i s even better,NEGATIVE,9,1,True
"tell the hating niggah 
stfu",tell th e hatng nigah st fu,NEGATIVE,33,5,False
@SteveStockmanTX stockboy U should talk. U tweet lies and childish shit about Obama.youre very unqualified. You only appeal to dumb rednecks,@SteveStockmanTX stockboy U should talk. U t weet lies and childsh diddly abou t Obama.youre really unqualified. You omly appeal to dum b rednecks,NEGATIVE,100,17,False
#Fact females that tweet ALL the dayum day r hoes that need attention #ijs #wontgetme,# Fact femalse tat twet ALL the dayum day r ho3s tht need attention # ijs # wontgetme,POSITIVE,45,7,True
@JukeJuke_9 shit he prolly is other than that everybody else trash,@JukeJuke9 shi t h e prolly is early than that everbyody el se trsh,NEGATIVE,69,11,False
Confusing circumstances seem to get in the way of your high ho... More for Virgo http://t.co/nrAAI6dhVx,Confusig cirumstances seem to get i n the right smart of your high h o... More for Virgo http://t.co/nrAAI6dhVx,NEGATIVE,59,9,True
I'm just matching grams wit my fam bitch,I 'm just matching grams wi t my fam bitch,POSITIVE,13,1,True
And now Jihadis bragging about a massive bombing in Sadr city in Baghdad. #Iraq #onslaught,And no w Jihadis bagging most a monumental bombardment in Sadr city in Baghdad. # Iraq # onslaught,NEGATIVE,97,18,False
RT @wvjoe911: Gov Rick Scott Refuses To Debate Charlie Crist Because Of A Small Fan http://t.co/hKMfPnRukU,R T @wvjoe11 : Gov Ri ck Scott Refuess To Debate Charle Crst Because Of A Small Fan http://t.co/hKMfPnRukU,NEGATIVE,97,17,False
"@intrepidokie nice lie #teabagger. Just because you want to see it doesn't make it real. Like Reagan was a conservative, another huge lie","@intrepidokie nice lie #teabagger. Just becaus3 you want to see it does n't nake it re al. Like Reagan was a conservative, another huge lie",NEGATIVE,39,5,True
@TheIronPony You rebel. Next you'll be ripping mattress tags off. It's a slippery slope.,@TheIronPony You rebel. Next you'll be ripping mattress tags off. information technology ' s a tricky solpe.,NEGATIVE,33,6,True
RT @ccancel14: Miserable bitches talk the most shit &#128514;&#9996;&#65039;,RT @ccancel14: Miserbale grouse talk the most s hit & # 128514;&#9996;&65039 ;,NEGATIVE,52,10,True
RT @Lamont21225_: &#128514;&#128514;&#128514; this bitch playing volleyball in Timberland's &#128553;&#128514;Edmondson Kids &#128517;&#128514; http://t.co/M4jtNGEJTH,R T @Lamont21225 _ : & # 128514;&#128514;&#18514 ; this grouse playing volleyball in Timbeland ' s & # 128553;&#12514;Edmondson Kids & # 128517;&#12514 ; http:/t/.co/M4jtNGEJTH,NEGATIVE,107,24,False
*after BO1 RT @TheGodWriter_: @iDocLyfe Bruh lol I retired after mw2 because everything was trash afterwards.,* later on BO 1 RT @ThGeodWriter _ : @iDoLyfe Buh l ol I retired afer mw2 because eveything equal t rash afterwards.,NEGATIVE,105,20,False
"RT @SportsNation: So, Yanks have signed Brian McCann &amp; Jacoby Ellsbury. Rumor has it, they still want Robinson Cano, Babe Ruth, Miguel Cabr&#8230;","RT @SportsNation: So, Yanks have signed Brian McCann &amp; Jacoby Ellsbury. Ruomr h as information technology, they still want Robinson Cano, Babe pathos, Miguel Cabr&#830 ;",NEGATIVE,54,10,True
She unfollowed me after I said I cried watching dawn of the apes lmaooooooo,She unollowed me after I aforesaid I cired watching dawn of the aes lmaoooooo,NEGATIVE,79,14,False
dblite works like a charm in OpenWrt Arduino Yun with full test coverage. The gyp version would rarely made in there https://t.co/4JRj1Ezc1S,dblite wo rks like a charm in Openrt Arduino Y un with full-of-the-moon test coverage. The gyp version would rarely made in there https://t.co/4JRj1Ezc1S,POSITIVE,61,11,True
RT @SoTrippyWhit: &#8220;@laaaeee: I swear to god Whitney is a Regina George. &#128128; http://t.co/bttoCzQK5S&#8221; wow im a bitch &#128123;,RT @SoTrippyWhit: &#8220;@laaaeee: I swear to god Whitney is a Regina George. &#128128; http://t.co/bttoCzQK5S&#8221; wow i m a btich & # 128213 ;,NEGATIVE,28,8,False
Nothing good on TV and the @Yankees are eating their balls 3 innings in. Great.,Nothng god on TV and th e @Yamkees are eating their balls 3 innings in. Great.,NEGATIVE,40,5,True
Let the jig commence http://t.co/pqvJiEvqZa,countenance the gigue commence http://t.c0/pqvJiEvqZa,NEGATIVE,33,5,False
"RT @TheDrugTribe: New Years resolution: smoke more weed, make more money, fuck more bitches","R T @ThDrugTribe : New year resolutoin : grass Thomas More wed, make more m oney, fuck moe bitchs",NEGATIVE,95,18,False
RT @radiomaru: nerds are cool because they get really judge-y about other nerds being passionate about things they aren't passionate abo ...,RT @radiomaru : nerds are cool because they get really judge - y about other nerds being passionate about thins they are n't passionate abo...,POSITIVE,31,1,True
RT @tolkienproverb: Fairy tale does not deny the existence of sorrow and failure...,R T @tolkienproverb : Fairy tale dos not deny the eixstence o f sorrow and failure...,POSITIVE,34,4,True
"RT @JoeBudden: She&#8217;s not a hoe cuz she had sex before bro, lol","R T @JoeBudden : She&#8217;s n0t a h oe cu z she take in sex before bro, lo l",NEGATIVE,81,15,False
"RT @ImNotTwitFamous: Big Sean is 5'7 and 159 pounds, yet he calls everyone lil' bitch. You the lil' bitch Sean, you the lil' bitch","R T @ImNotTwitFaomus : Big S ean is 5 '7 and 159 pounds, yet he cals everyone lil ' bicth. You the lil' bitch Sean, you the lil' bitch",NEGATIVE,83,16,True
Niggas go crazy over bitches now a days &#128541; like calm yo happy ass down,Niggas go crazy over bitches now a days & # 128541 ; like calm y o happy a ss dwn,NEGATIVE,32,3,True
Alibaba / Jack Ma: Gotta love a guy who beat Meg Whitman's albino ass back to the US. Freakin' commie genius.,Alibaba / Jack Ma: Gotta love a guy who beat Meg Whitman's albino ass back to the US. Freakin ' commie geniu$.,POSITIVE,13,1,True
"Im just a young niggah out here chasing ins, til im in the driver seat of my benz","I m j ust a young niggha out hither chasing in s, til i m in the driver seat of my ben z",NEGATIVE,52,8,True
RT @Yankees: The @EmpireStateBldg shines its lights in #Yankees pinstripes in honor of Derek Jeter. #FarewellCaptain http://t.co/3fp2pg85MB,RT @Yankees: The @EmpireStateBldg shines its lights in #Yankees pinstripes in honor of Derek Jeter. #FarewellCaptain http://t.co/3fp2pg85MB,NEGATIVE,24,4,False
#TRUTH RT @notashley: David is the Charlie Brown of #Scandal,# accuracy R T @ntoashley : David comprise the Charlie Brown of # Scandl,NEGATIVE,54,10,True
RT @EmmGoldLA: Don't be mad at me for telling FACTS be embarrassed at urself for acting like a bitch,RT @EmmGoldLA : Do n't be mad at me for telling FACTS b e embarrassed at urself for acting like a bitch,POSITIVE,25,1,True
Be trippin when I call you hoe but bitch you know I talk like Dat! -- @1future voice,Be trippin when I call you hoe but btch you know I talk like Dat! -- @1fuure voice,NEGATIVE,39,4,True
@CsSalazar15 wetback &#128513;&#128514;&#128514;&#128514;&#128514;&#128557;,@sCSalazar15 taco & # 128513;&#125814;&#128514;&#128514;&#128514;&#128557 ;,NEGATIVE,27,6,False
@RAEPaelMunturo @WorldStarFunny aye sae en feeld kawkin dyke,@RAPaelMunturo @WorldStraFunny aye sae en feeld kawikn d yke,NEGATIVE,51,8,False
RT @anilkohli54: @mediacrooks so the ball did roll down the slope &amp; found a natural spot @madhutrehan defending brother &amp; the scumbag @sard&#8230;,RT @nailkohli54 : @mediacrooks so the ball did roll down the slope & amp ; found a natural spo t @madhurehan defending brothre & amp ; the scumbag @sard&#8230 ;,POSITIVE,48,4,True
"@DinoLich Don't yell at me, I love both of the evolutionary lines. @ClaudiaVice despises the trash buddies.","@DinoLich Do n't yell at me, I love both o f the evolutionary lines. @ClaudiaVice despises the trash buddies.",POSITIVE,37,6,True
Early bird gets the worm.... #GoGetIt,Earyl bird gets the w orm... #GoGetIt,NEGATIVE,40,6,False
Daaamn lmao right back to them old ways RT @KingTralle Look at this hoe ass nigga covering Wiz face you hoe http://t.co/lpPToFmj5R,Daamn lma o right back to them erstwhile ways RT @KingTralle Look at ths hoe @ss spade breed Wi z face you ho3 htp://t.co/lpPToFmj5R,NEGATIVE,78,11,True
"&#8220;@IAmClatonBigsby: Bout to ride my horse, to come fuck yo bitch.&#8221;Ooh @ em tho","&# 8220;@IAmClatnBigsby : round to ride m y hore, to coe bang yo bitch.&#8221;Ooh @ em tho",NEGATIVE,90,17,False
"You always buy me colored goldfish when my stash is low, and you are a constant inspiration to me and&#8230; http://t.co/nCPd8uSljf","You always buy me colored goldfish w hen my stash is low, and you are a constant inspiration to me and&#8230 ; http://t.co/nCPd8uSljf",POSITIVE,27,1,True
Yall bitches only muslim when yall hair fucked up ctfu stop that youngs!!,Ya1l biches only muslim when y totally hair fukced improving ctu block up that youngs!!,NEGATIVE,87,16,False
Jameis tweet RT @MrCOOK_ Fuck her right in the pussy,Jame1s teet R T @MrOOK _ get laid her right i n t he pus sy,NEGATIVE,61,11,True
@suchy_monster you make me feel all warm and fuzzy inside &#128522; #youCANsitwithus,@suchy_monster you make me feel all w arm and fuzzy inside & # 128522 ; # youCANsitwithus,POSITIVE,20,1,True
I'd kill a bitch to be able to cuddle right now. Ugh. Sucker for the stupid shit. I swear.,I ' d kill a b itch to b e able to cuddle right directly. Ugh. $ucker for th e stunned bastard. I sw ear.,NEGATIVE,125,24,False
A Yankee win makes any day better.,A Yankee wi n makes any d ay better.,POSITIVE,17,2,True
RT @gferguson8: @MSoltan18 @WBDyllon_ @KoredeB9 Messi is trash,RT @gferguson8: @MSoltan18 @WBDyllon_ @KoredeB9 Mes si make up trah,NEGATIVE,24,4,True
Not true RT @_Kimchanel_: Every man has hoes #bye,non t rue R T @_Kimchamel _ : Every man has hes # b ye,NEGATIVE,65,12,False
RT @AdamSchein: Great job by the Yankees giving Brian Cashman a new contract. The haters are just wrong. CC: @ChrisCarlinSNY,RT @AdamSchein: Great job by the Yankees giving Brian Cashman a new contract. The haters are just wron g. CC: @ChrisCarlinSNY,NEGATIVE,12,1,True
"@richarddeitsch yeah,but the cripple not getting up clean helped the call out...wouldn't have been fair either way","@richarddeitsch yeah,but the cripple mot getting upwards clean helped the call out... woludn't have been fai r either way",NEGATIVE,39,4,True
@1SonofYahweh no wonder you run nose first for yo real nigger &amp; white devil massah's or any man pointing at another to convince u he is less,@1SonofYahweh no enquire you run horn in first for y o real nigra & A ; whit e devil msasah ' s o r any man direct a t anothr to convince u h e i s to a lesser extent,NEGATIVE,171,30,False
RT @FallonTonight: Jimmy and @BillyJoel's two-man doo-wop performance just went live on YouTube! https://t.co/NGzhImyvSF #FallonTonight htt&#8230;,RT @FallonTonight : Jimmy and @BillyJoel 's two - man doo - wop performance precisely went live along YouTube! https://t.co/NGzhImyvSF #FallonTonight htt&#8230;,NEGATIVE,40,3,True
RT @xenakix2243: Feeling the crisp fall wind spinning around me and watching the colorful leaves fall like rainbow colored raindrops slowly&#8230;,RT @xenaix2243 : Feeling the c risp fall wid spinning around m e and watching the colorful leaves fall like rainbow colored raindrops slowly&#8230 ;,POSITIVE,53,7,True
"RT @OfficiallyIce: RT @Manatti23: ""I fucked your bitch cause she gave me a boner, she went down twice like Adrien Broner..."" #FreckBars","R T @OfficiallIyce : R T @Manatti23 : "" I fcked y our bitch cuse she gave Maine a boner, she went refine double like Adrien Broner... "" #FreckBars",NEGATIVE,108,21,True
RT @BasedZae: When lil b said &#8220;Word around town that I aint got no bitches? what?! Thats a damn lie nigga my nuts is my witness&#8221; http://t.c&#8230;,R T @aBsedZae : Wh en lil b said & # 8220Word around town that I ai n t got no bitches? what?! Tat s a damn li e ngga my whacky is my witness&#8221 ; http://t.&#8230 ;,NEGATIVE,181,37,False
"If she makes a good sandwhich and she give a good blowy, wife dat hoe up. That way you can eat while she eatting","If she makes a good sandwhich and she give a good blowy, wife dat hoe up. That way you c an eat whi le she eatting",POSITIVE,18,2,True
The Guy got excited when he saw Oreo cookie crusts. He thought I was making pie. He was bummed when he realized it was cheesecake.,The Guy got excited when he saw Oreo cookie crusts. helium thought I make up m@king p1e. H e Washington bumemd wen he realized i t was cheesecake.,NEGATIVE,96,17,False
Lmao redskins turnin up,Lmao redskins turnin up,NEGATIVE,27,4,False
"""@CeleyNichole: @white_thunduh how come you never bring me food"" i dont have a car retard",""" @CeleNyichole : @white_thunduh how come you nveer bring me food "" i d o n t hav e a c@r r3tard",NEGATIVE,93,19,True
OMGGGGG...!!!! Nigga said Jerry ... black bitch.,OMGGGG...!!!! Niga said Krauthead... black bicth.,NEGATIVE,63,13,False
Girls be looking for reasons to do hoe shit,Girl s embody looking fo r reaosns to d o ho e shi t,NEGATIVE,57,9,False
"@HobsonDarlene #BlessJesus Amos 3:3 Can two walk together, unless they are agreed? #DifferentLevels","@HobsonDarlene # BlessJesus Anos 3 :3 Can ii walk of life together, unles they are agreed? #DifferentLevels",NEGATIVE,53,7,True
"""I dont even need a picture of tamar, that bitch is beat in every picture""&#128514;&#128557;&#128514;&#128514;&#128514;",""" I get along National Trust even ned a p1cture of tamar, that bitch is beat in every picture""&#12514;&#128557;&#128514;&#128514;&#128514 ;",NEGATIVE,68,13,True
The bird is the word. #EsuranceSave30,The bid is the word. #EsuranceSave30,POSITIVE,27,4,True
"Chaber Books: BRAGADAYJAH 24 http://t.co/bTMLYNNKZp: Nimrod the Cushite, first king of the earth. See Bragadayjah 24","Ch@ber Books : BRAGADAYJAH 24 http://t.co/bTMLYNNKZp : Nimord the Cuhite, 1st king o f th e eart h. See Bragadayjah 24",NEGATIVE,90,17,False
RT @SneakerPics23: Oreo 6's http://t.co/Jx9DD9oahY,R T @SneakerPic23 : Oeo 6 ' s htt:p//t.co/Jx9DD9oahY,NEGATIVE,37,7,False
Julius Peppers still seems retarded.,Julius Peppers still sees retraded.,NEGATIVE,16,2,True
@slings_x_arrows bitches are gonna make it rain on me,@slings_x_arrows btches are gon ma make it ra in on me,NEGATIVE,39,6,True
What manner of black folk take their kids riding in the ghetto to point out misplaced youth and victimized &amp; cursed brethren and say:,Wha t mnner of blck folk take their kids riding in the gheto to point out m1splaced youth and victimized & amp ; cused bethren and say :,NEGATIVE,78,11,True
"@Pacman_Dre_SB I said something to you gorilla, stop listening to monkey music","@aPcman_Dre_SB I sa1d something to you gorlla, sto p listening t o monkey medicine",NEGATIVE,65,12,True
"RT @RussOnPolitics: GOP nominee for #MAgov Charlie Baker's ""fisherman story"" falls apart. He deserves an Oscar for his play crying. http://&#8230;","R T @RussnPolitics : GOP nominee for # MAgv Charlei Bker ' s "" fisher story "" descend apart. He deserves an Oscar for his play crying. http://&8230 ;",NEGATIVE,102,20,False
RT @GottaPHILMe: &#128128;&#128128; RT &#8220;@VersaceSilk: When you and your boys discover a hoe https://t.co/fbfR8trToY&#8221;,R T @GotatPHILMe : & # 128218;&#128128 ; RT & # 8220;@VersaceSilk : Wh en you and your boys discover a h oe https://t.co/fbR8trToY&#8221 ;,NEGATIVE,56,7,True
RT @fatguythe: *sings Careless Whisper to broken 7 year old flip flop on the way to the trash,RT @fatgutyhe : * sings regardless Whisper to broken 7 year older flip fop on the way to the tras h,NEGATIVE,48,5,True
RT @YunGMiGo: &#128557;&#128557;&#128557;&#128514;&#128514;RT @Shane_A1: I done went wit a hoe before frfr so who am I to judge,RT @YunGMiGo : & # 128557;&#128557;&#128557;#&128514;&#128514;RT @Shane_A1 : I set w ent wit a h oe befre frfr so who am I to judge,NEGATIVE,76,16,False
Oh shit its still light out.. I've been in this bitch too long &#128565;,Oh shit its still light out.. I ' ve been i n tis bitch also long & # 12565 ;,NEGATIVE,42,6,True
Only white trash watch football.,Only white t rash watch football.,NEGATIVE,10,1,True
Regular joes rockin tha boat that's us redneck yacht clubbb&#9728;&#127926;,Regular joes rockin th a gravy holder that ' s us rendeck yacht clubbb&#928;&#127926 ;,NEGATIVE,71,12,False
"I have to stop using ""bitch"" so often in my everyday conversations","I have t o intercept uing "" bitch "" so often inwards my everyday conversation",NEGATIVE,59,10,True
"RT @TheDouch3: Bitches tweeting ""relationship goals"" w/no man, job, or real desire to stop being a hoe or partying every weekend. Jus a iPh&#8230;","RT @TheDouch3: gripe tweeting "" relationship goas "" w / mo m an, jo b, o r genuine desire to hold on make up a hoe o r partying every weekend. Jus a iPh&#8230;",NEGATIVE,81,14,True
I turn Cassey to a nasty hoe Rihanna to a classy hoe,I turn Cassey t o a masty hoe Rihanna to a classy hoe,NEGATIVE,22,3,True
RT @Kevin_McAdams: Stop being a little bitch and #fuckherrightinthepussy,R T @eKvin_McAdams : Sop be a little b1tch and # fuckherrightinthepusy,NEGATIVE,57,11,False
"RT @Fit4LifeMike: @Whitecholo23 @chanelisabeth true i need to sleep to make them Gainz bruh!! So all the hoes stay Mirin ;p 
Alright, later&#8230;","RT @Fit4LifeMike : @Whitecholo23 @chaneliabeth true i need to s leep to make them Gainz bruh!! S o @ll t he ho es stay M1rin ; p Alight, laer&#8230 ;",NEGATIVE,86,15,True
"RT @DamierGenesis: i live for street glory and I die for ghetto fame. respect all, fear none my pride is everything....","RT @DamierGenesis: i live for street glory and I die for ghetto fame. respect al1, fear none my pride is everything...",POSITIVE,32,5,True
"RT @alicia_garcia3: ""That's why God made brownies. To replace boys.""","R T @alicia_garcia3 : "" That ' s wh y God made brownies. To replace boys.""",NEGATIVE,58,11,False
"After Kuroda gave it his all putting up career numbers but getting no run support, the Yankees don't deserve to get into the World Series","later on Kuroda gave it his all putting up career numbers but getting n o run support, the New Englander do n 't desere to get into the World Seires",NEGATIVE,67,9,True
Her pussy clean but she dance dirty..,Her pussy clean but she dance diry..,NEGATIVE,34,5,False
"@Ronnie2K not just @Pharrell gave 2k a trash non-basketball soundtrack, y'all still have problems with servers &#128530;","@Ronnie2 K no t just @Pharrell gave 2k a trsh non - basketball game sountdrack, y ' all sill give problmes with serevrs & # 12530 ;",NEGATIVE,125,25,False
i just realized me and @DirkAlisic have been talking shit to each other nonstop for the past 48 hours. stop texting me bitch.,i just realized me and @DirkAlsiic have been talking shi t to each other nonstop for the past 4 8 hurs. st op texting me holler.,NEGATIVE,72,10,True
"First thing she wit ya, next minute she against ya, like that hoe from the clippers","First th ing s he wit y a, next minute she against y@, like that h oe fom the clippers",NEGATIVE,103,18,False
"RT @MiSSKathEVO: #NoFilter I been getting money I ain't worried 'bout a ho, No matter the occasion I'ma always get the dough &#128539; http://t.co/&#8230;","RT @MiSSKathEVO : # NoFitler I been getting m0ney I ai n't worried 'bout a ho, No matter t he occason I ' m a always grow the doug h & # 12839 ; http://t.c/&#8230 ;",NEGATIVE,122,25,True
"RT @vntonx: ""suck my duck""

thot: ""lol looks like ur autocorrect changed dick to duck""

""i meant what i said bitch"" http://t.co/K9LV3mfX1m","R T @vnonx : "" imbibe my dip "" t hot : "" l ol lo0ks like ur autoocrrect changd dick to dck "" "" i meat what i enounce kick "" http://t.co/K9LV3mfX1 m",NEGATIVE,145,31,False
Omg this bitch was standing and humming a very deep and annoying tone the whole time she was at the counter wtf.,Omg this bitch was standing and humming a very deep and anoying tone the whole time she was at the counter wtf.,NEGATIVE,28,1,True
This is really for @BrianStann RT @JimDaves: @WesDurham Exploding giant yellow ducks. You&#8217;ll appreciate this: http://t.co/SpOhTpl8uV,This is really for @BrianStann RT @JimDaves: @WesDurham Exploding giant yellow ducks. You&#8217;ll appreciate t his : http://t.co/SpOhTpl8uV,POSITIVE,11,1,True
"""@Stephenwildboy: Chilling &#128069;&#8482; http://t.co/mik3iPNle6"" sexy scally lad",""" @Stephenwildboy : Chilling & # 128069;&#8482 ; http://t.co/mik3iPNle6 "" se xy scally lad",POSITIVE,17,1,True
Shut up bitch i wasn't gonna roast.,Sut up beef i was m't gon na roast.,NEGATIVE,55,10,False
&#8220;@avelindner: if he has a girlfriend don't be a hoe and text him yanno who u r &#128519;&#8221;,& # 8220;@avelindner : if he has a girl do n't be a hoe and text him yano who u r & # 128519;&#8221 ;,NEGATIVE,113,25,False
"A homeless dog living in a trash pile gets rescued, and then does something amazing! Please share. http://t.co/SzpStdxmn6 via @youtube","A homeless dog living in a trash pile gets rescud, and then does something aazing! Please share. http://t.co/SzpStdxmn6 via @youtube",POSITIVE,29,2,True
I am such a pussy&#128514;&#127770;,I am su ch a pussy&#12814;&#127770 ;,NEGATIVE,27,6,False
I'm with another nigga bitch &#128514;&#128514;,I 'm with anther nigga bitc h & # 128514;&#128514 ;,NEGATIVE,19,2,True
No cuz redskins are dumpster juice RT @trackinBlackKev: game of the week. still the best rivalry in sports,No cuz redskins are dumpster juice RT @trackinBlackKev: game of the week. still the bes t rivalry in sports,POSITIVE,11,1,True
&#8220;@garytiffany_: Make the most of what you have.&#8221; Don't tell me what to do bitch,& # 8220;@garytiffany _ : Make the most of what you hav.&#8221 ; Do n't tell me what to do bitch,POSITIVE,26,1,True
@Rosaalbae @iH8TvvitterHoes faggot but you sent me hella nudes. Hmmmm,@Rosalbae @iH8TvvitterHos faggot but you s ent me hlla nude. Hmm mm,NEGATIVE,69,11,False
@ashley_smith20 colored contacts,@ashley_smith20 colored contacts,NEGATIVE,21,3,False
@kaylonnnnn then who are you to call me trash &#128522;,@kaylonnnnn and then who a re you to cal ne chalk & # 12822 ;,NEGATIVE,55,11,True
"So I already don't fuck with dude, but I be nice. And I'm humoring him. but this bitch crossed a line.

""First of motherfucking all...""","So I already don't fuck with dude, but I be nice. And I'm humoring him. but this bit ch track a line. "" beginning o f motherfucking al l... """,NEGATIVE,75,14,False
diet coke trash,diet co ke meth,NEGATIVE,21,3,False
@AlexSchnider niiice my nigga schinder pullin hoes,@AlexSchnider niiie m y nigra schnder pulln h oes,NEGATIVE,45,7,False
RT @Drewmking: @Joely_Poly @Victoria_Finae he plays for the Yankees right?,R T @Drewmking : @Joely_Poly @Victoria_Finae he plays for the Yaknees right?,NEGATIVE,67,12,False
I don't want a bitch that a nigga already had I want sumn new ... Or a runner it's too easy nigga I accept the challenge,I don't want a bitch that a nigga already had I want sumn new ... Or a runner it's too easy nigga I accept the challenge,POSITIVE,3,0,False
RT @FoodPornsx: Oreo ice cream. ~ http://t.co/thrkAobdVj,RT @FoodPrnsx : Oeo ice crean. ~ http://t.c/othrkAobdVj,NEGATIVE,47,9,False
&#8220;@HeyKeifer: Golden Oreos &#128016; regular Oreos &#128686;&#8221; YES!!!,& # 8220;@HeyKeifer : Goledn Oreos & # 128016 ; regular Oreos & # 128686;&#8221 ; YE S!!!,POSITIVE,31,2,True
RT @YungFree504: Mannn let bosh hoe ass hit that 3,R T @YungFre504 : M annn l et boh hoe keister hit that 3,NEGATIVE,57,11,True
RT @VinceSports: Best #CollegeGameday sign ever! The Dak-ness is spreading! Charlie Murphy's True Hollywood Stories. #ChappelleShow http://&#8230;,RT @VinceSports: Best #CollegeGameday sign ever! The Dak-ness is spreading! Charlie Murphy '$ Tue Hollywood Stores. #ChappelleShow http://&#8230;,POSITIVE,41,7,True
"RT @___Jazsy: If a bitch tweeting about a nigga and he saying he don't mess with her , He's lying&#128533; That bitch ain't tweeting for nothing &#128527;","RT @___Jzsy : I f a bitch teweting about a nigga and he saying he do n't mess with her, H e ' s lying&#128533 ; T hat bitch ai n't tweeting for nothng & # 128527 ;",NEGATIVE,82,12,True
@nataleovrerytng hoes these days,@nataleovrerytng hes thee days,NEGATIVE,24,4,True
Flo is a bad bitch,Flo comprise a b ad bich,NEGATIVE,29,5,False
"Not sure why #teabaggers would care about Nelson Mandela, being that he's one of 'them' if you know what I mean. #teaparty #tcot","N ot sure w hy # teabaggers wuold care about Nelson Mandela, being tat he 's one of ' them ' if you know what I mean. #teaparty #tcot",NEGATIVE,67,8,True
RT @madi_judkins: When you look like trash and someone compliments you http://t.co/FzuXlPCMpV,RT @amdi_judkins : When you look li ke tr ash and somebody compliments you http://t.co/FzuXlPCMpV,NEGATIVE,53,9,True
"RT @amazingatheist: America is like a drunken redneck flailing his fists around, raving incoherently. He's kind of funny, but also you'r ...","RT @amazingatheist : America is like a drunken redneck flailng his fist around, raving incoherently. He's kind of funny, but also you'r ...",NEGATIVE,90,17,False
Hell yeah that bitch gon' go ham,Hell yeah that kick gon ' go h am,NEGATIVE,21,2,True
RT @syd_renae: @2014Alyssa I have a pink fuzzy one &amp; a silky silver one. Bathrobes are a wonderful thing &#128129;&#128526;&#128525;,RT @syd_renae: @2014Alyssa I have a pink fuzzy one &amp; a silky silver one. Bathrobes are a wodnerful thing & # 128129;&#128526;&#128525 ;,POSITIVE,16,1,True
@Yankees probably time to put this twitter feed to bed #nyy,@ankees porbably tme t o pu t tis chitter give to b3d # nyy,NEGATIVE,71,12,False
"Re: Alexander Skarsgard, my roommate has declared: ""He's a sexy albino lizard. i dont know how that's sexy, but it kinda is.""","Re: Alexander Skarsgard, my roommate has declared: ""He's a sexy albino lizard. i do nt know how that 's s3xy, bu t it kinda is. """,POSITIVE,25,2,True
"@FemsHaveBallz have u spent significant time in ANY ghetto, or witnessed the years of terrorism committed by police in the Black community?","@FemsHaveBallz ha ve u sp ent significant time in ANY gheto, o r witnessed the years of terrorism committed by police in the Shirley Temple community?",NEGATIVE,70,11,True
"RT @JareerKassis: If there was an invisible celestial judge who killed those who spew hate on Palestinians, celebrities &amp; politicians would&#8230;","R T @JareerKassis : I f thee WA an invisible celestial jurist who stamp out those who sp3w hatred along Palestinians, renown & amp ; politicins would&#8230 ;",NEGATIVE,120,22,True
If I see another bitch with a rolly bag ima diesel that bitch,I f I go steady aonther bitch with a roll y traveling bag i m a dieesl tat bit ch,NEGATIVE,73,15,False
"My nig been talking bout what he gonna be for Halloween since July, to excited!","My nig been talking bout what he gon na be for Halloween since July, to excietd!",POSITIVE,24,1,True
Caleb's a dick and Hanna's a bitch I hate them both now &#128554;&#128545;&#128545;&#128545;,Caleb 's a dick and Hanna 's a bicth I hte them both at present & # 128554;&#128545;&#128545;&#128545 ;,NEGATIVE,55,10,True
Sources say that Charlie Crist is on the phone with Rick Scott as I type this to concede.,Sources say that Charlie Crist is on the p hone with Rick Scott as I type this to concede.,NEGATIVE,23,1,True
"RT @AChosenWord: Of rain showers
&amp; weepy fog
of soft light
&amp; cool touch
of wild wind
that carry music of birds
who cease to soar;
this feel&#8230;",RT @AChosenWord : Of rain showers & amp ; weepy fog of soft light & amp ; co0l tuch of wild wind that carry musi c of birds wh o cease to soar ; this feel&#8230 ;,POSITIVE,54,4,True
Some Douche cubs redneck cubs fan freaked out asking if bites..... No you bloody BERK!!! He's like the&#8230; http://t.co/ulc6CMVtki,Some Doche lad rendeck cubs sports fan freakde out need i f bites..... N o you bloody BERK!!! He's like the&#8230; http://t.co/ulc6CMVtki,NEGATIVE,96,15,True
RT @alec_tiano: @Vinnyrants Happy birthday fag boy,RT @alec_tiano : @Vinnyrants H appy birthday fag boy,POSITIVE,12,1,True
"RT @Garin: ""A day without laughter is a day wasted."" 

~Charlie Chaplin","RT @Garin : "" A day without laughter is a day ravage. "" ~Charlie Chaplin",NEGATIVE,24,1,True
"RT @Oreo: Woah, the depth of this Ollusion is unreal. #Ollusions http://t.co/fuiVThvZyN","R T @Oro : W0ah, the deepness of t his Ollusoin follow unrel. # Ollus1ons http://t.cof/uiVThvZyN",NEGATIVE,85,16,False
@AyyMartt bitch where you been,@AyyMartt bithc where you been,NEGATIVE,11,1,True
RT @FunnySayings: &#8220;you&#8217;re a bitch&#8221; that&#8217;s new information thanks,RT @FunnySayings : & # 8220;you&#8217;re a bitch&#8221 ; that&#8217;s new information thans,POSITIVE,18,1,True
@brianabrazilian oh... my phone is some trash! but you knew that!,@brianabrazilian oh... my phon e i s some tash! but you knew that!,NEGATIVE,23,3,True
RT @CP24: Reports say female victim was shot while waiting for an Oreo McFlurry,RT @C24 : describe enjoin female victim wa s shot while await for am Ore o McFlurry,NEGATIVE,89,15,False
"SOO guys those tweets are bullshit. Be you.. And if the bitch ""is to stupid what she wants"" then she not stupid It's that she doesn't want u","SOO guys those nip embody bullhit. Be you.. And if the bitch "" is to stupid what she wants "" then she not stupid information technology ' s that she des n't w ant u",NEGATIVE,89,12,True
Looks as if Federal Gun Laws to be proposed this week lack #AWB. Hope the #media and #antigun crowd choke on crow.,Looks American Samoa if Federl Gun Laws t o be propoesd this week l ack # AW B. Hope the # spiritualist an d # antigun crow d chkoe 0n triumph.,NEGATIVE,147,27,False
RT @lilduval: Maaan these hoes be photoshopping RT @007M_H: @lilduval damn you suppose to be that nigga. How you get catfished,R T @liludval : Maaan thes3 hoe s be photo$hopping RT @00M7_H : @lilduvl d amn you conjecture to be that nigga. How you mystify catfshed,NEGATIVE,109,18,True
"No one has even eaten a Twinkie in, like, decades.","N o unrivalled has ev en ea ten a Twinkie i n, l ike, decades.",NEGATIVE,56,12,True
hahaha my girl just popped on a bitch like a Molly haha,hahaha my girl just popped along a bitc h like a M olly haha,NEGATIVE,62,11,False
@mingtong007 you still are a cunt,@mingtong007 yo u still are a cunt,POSITIVE,10,1,True
Then bitches gon fuck just because money long .,Then bitches g on fucking hardly because moeny long.,NEGATIVE,53,9,False
RT @MrPerfect_22: Most of these niggas go broke for these hoes !!,R T @MrPerefct_22 : Most o f thees nigg@s go broke for thee hos!!,NEGATIVE,75,14,False
&#8220;@Goldmind___: Smoke good weed with a bad bitch&#8221;&#128079;,&#8220;@Goldmind___: Smoke good wee d with a b@d bitch&#8221&#128079 ;,NEGATIVE,33,6,True
You can expect me to be a total bitch towards you now yet again.,You can epect me to be a tot al bit ch towards you now yet again.,NEGATIVE,39,5,True
@GrizzboAdams @wyattnuckels fuck you bruh you didn't show up fucking pussy,@GrizzoAdams @wyattnuck3ls fuck you brh you make n't shw up lie with pussy,NEGATIVE,75,12,False
"you know what they say, the early bird gets the worm. *puts gummy worms in your morning coffee*","you know what they sound out, the other bird gts the writhe. * puts gummy squirm in y our morning coffee *",NEGATIVE,111,20,True
"Rev. Charlie Rangel: What Unions Stand For Are &#8220;Spiritual Damn Things&#8221;&#8230; LIKE INFLATABLE RATS. 

 http://t.co/2nmrLDvIgB",Rev. Charlie Rangel : What mating stand up For Are & # 820;Spiritual anathemise Things&#8221;#&8230 ; comparable INFLATABLE RAT S. htt://t.co/2nmrLDvIgB,NEGATIVE,87,17,True
@NFLonFOX Random thought - If a bird crossing the path of a FG try were impacted by ball causing it to deflect off course. Re-kick or miss?,@NFLonFOX Randmo thought - 1f a bird crossing the itinerary o f a FG try were impacted b y ball stimulate it to deflect off coure. Re-kick or miss?,NEGATIVE,71,10,True
@TheMayorMatt @Frizzle18 I like where ur domes at #smart,@TheMayorMatt @Frizzle18 I like where ur domes astatine # smart,NEGATIVE,18,1,True
@georgiathenewsa @Rosaalbae your tits may be better looking but her face makes you like a Asian or Latina tranny #facts,@georgiathenewsa @Rosaalbae your tits may be better looking but her face mak es you li ke a Asian or Latina tranny # facts,POSITIVE,30,2,True
"RT @alex_gtz13: Cause I'm as free as a bird now, and this bird you can not change &#127926;","RT @alexgtz13 : Cause I 'm @s free as a bird now, and this bird you can non change & # 127926 ;",NEGATIVE,41,3,True
@KxRxSxB haha alright well you gotta get here and see this bitch haha you'll scare the shit outta him I already have,@KxRxSxB haha alright well you got ta get here and s3e this bitch haha yo u ' ll scare the shit outta him I already have,POSITIVE,44,5,True
My bf @iamthedannibal loves crows. Thought he might enjoy the last tweet!,M y b f @iamtheannibal hump crows. Thought he might enjoy the last tweet!,POSITIVE,31,5,True
RT @wwwobert_: New avi thanks to b Oreo,RT @wwwobert _ : Ne w avi thanks t o b Ore o,POSITIVE,31,6,True
&#8220;@Tom_2Times: Making weed brownies tonight&#8221; goin slide me a batch relo,& # 8220;@Tom_2Times : Making weed brownies tonight&#8221 ; goin slide me a batch r elo,NEGATIVE,19,1,True
Big Red and fat squaw ...lol my hubby is so funny!! #insidejoke,Big Red and fat squaw... lol my hubby is so rummy!! #insidejoke,POSITIVE,23,1,True
@THEHermanCain @redskins I'm not a liberal &amp; I support changing the name. It transcends standard political grandstanding.,@THEHermanCain @redskins I'm not a liberal &amp; I support changing the name. It transends standard political grandstanding.,POSITIVE,12,1,True
RT @LilReese300: @trippygalll @StoneCold__ bum ass bitch u look like a hype Thot ass u a hot ready dirty ho &#128514;,R T @LilReese300 : @rippygalll @StoneCold _ _ frig around ass b1tch u look l ike a h ype Thot ass u a hot make dity ho & # 125814 ;,NEGATIVE,125,27,False
LMAOOOOOOO RT @DontCallMeKyrie *Record Scratches* RT @chinitaaah_: Damn Twitter famous bitches out hea strippin!? &#128557;&#128557; http://t.co/BLrN8dzyA3,LMAOOOOOO RT @DontCllMeKyrie * Record Scratches * RT @chinita@ah _ : beshrew chirrup famous cunt ou t he@ strippin!? & # 128557;&#128557 ; http://t.co/BLrN8dzA3,NEGATIVE,121,25,False
One of the world's most prominent Jihadi forums just got shut down &#8594; http://t.co/9vafK90DOU,One of the world 's most prominent Jihadi forum jst got s hut don & # 8594 ; http://t.co/9vafK90DOU,NEGATIVE,38,4,True
"Hold all your ghetto labeled and endorsed vodka brands, you can rum me silly any day. 

#ShiverMeTimbers","Hold altogether your gheto labeled and enorsed voka brands, you can odd me sily any day. # ShiverMeTimbers",NEGATIVE,113,20,False
RT @BasedPaco: The NFL is very equal this season everybody showed glimpses of being trash,RT @BasedPaco : The NFL is very equal this season everybody showed glimpses 0f bei ng trash,POSITIVE,25,2,True
Karma is a bitch,Karma i s a btich,NEGATIVE,13,2,True
@Rene_gadeCowboy Of course. I was being bitch. Learned from my mom how to make a guy feel like he's 1 foot tall.,@Rene_gadeCowboy Of course. I was being bitc h. Learned from my mom how to make a guy feel like he's 1 foot tall.,NEGATIVE,11,1,True
Breakfast fried chicken jerk chicken Tater tots white rice nd press yellow rice nd beans Mac nd cheese http://t.co/Usz8gJnZl0,Breakfast fried yellow jerky chiken Tater add together white rice nd jam chicken r ice nd be ans Mac n d cheese http/:/t.co/Usz8gJnZl0,NEGATIVE,119,19,False
Fuck these hoes im gone &#9996;&#65039;,know thees hos i m g one & # 9996;&#65039 ;,NEGATIVE,43,10,False
@derek_gatewood it's not ghetto you fool.,@derek_gatewood it's not ghetto you fool.,POSITIVE,47,8,False
RT @PatVPeters: Texas ranchers: Terrorists reportedly caught at border; feds clam up http://t.co/1vynD9zbpH,RT @PatVPteers : Texas ranchers : Terrorsts reoprtedly caught a t border ; fds dollar u p http://t.co/1vynD9zpH,NEGATIVE,87,16,False
@Conrad_MLG im goin now so be expecting to get slept faggot,@Conrad_MLG i m goin now so be expecting to get sept faggot,NEGATIVE,67,12,False
"&#8220;@iTweet4UglyPpl: &#8220;@KirbyMouf: No one wants an ugly nigga, so you've got him all to yourself. No more stressing over hoes&#8221; &lt;-&#8221; lies !","& # 8220;@iTweet4UglyPpl : & # 8220;@KirbyMouf : No one want s an ugly coon, so you 've got hi m all to yourself. No mre stressing over hoes&8221 ; & l;-&#8221 ; lis!",NEGATIVE,167,35,False
RT @L3tsVibe: Keys open doors when them keys is albino,RT @L3tsVibe : Keys open doors when them keys equal albnio,NEGATIVE,24,2,True
RT @xDSmooth: I asked @1BookieG what's the definition of a preppy white girl and this niggah said Starbucks,R T @xDSmooth : I aked @1BooieG what ' s the definition o f a prepy lily-white girl and ths ngigah said Starbucks,NEGATIVE,111,20,False
RT @Baseball_Photos: A 17 year old girl once struck out Babe Ruth and Lou Gehrig back to back and was banned from baseball for it #Yankees &#8230;,R T @Baseall_Photos : A 17 year one-time girl once struck out Babe Ruth and Lou Gehirg back to back and w@s bannde fom baseball game for i t # Yankees & # 820 ;,NEGATIVE,109,18,True
"@caritoguey 02' Charcoal 7s are pre-owned, no sole wear or scuffs Size 10.5, Cherry 12's DS size 11.5","@caritoguey 02 ' Charcal 7 s personify pre - possess, mo lone war o r scuffs Size 105, Chery 12 ' s D S size 11.5",NEGATIVE,131,24,False
RT @DedePayton: On the low RT @mzlola_bunny: They're really looking for the next bitch to smash,R T @DedePayton : On the scurvy R T @mzlola_bunny : They 're really look1ng fo r the net btch to smash,NEGATIVE,70,11,True
Fuck this fuckin bitch and her stupid analysis bullshit,Fuck t his fuckim bitch amd h er stpid analsyis horseshit,NEGATIVE,57,9,False
RT @ThatsFoodPorn: Oreo Donut http://t.co/obytemi3Ed,R T @ThtasFoodPorn : Oro Do nut http://t.coobytemi3Ed,NEGATIVE,35,6,False
some call me the song bird of my generation,some call me the song bi rd o f my genertaion,POSITIVE,23,3,True
The republican teabaggers hate this but screw em. http://t.co/6iutHYvhQm,The republcian teabaggers hate this but have sex em. http://tc.o/6iutHYvhQm,NEGATIVE,61,10,False
"Shy singer surprises and melts Simons heart: http://t.co/RbCWsvvdJY 

This was so damn beautiful! I almost cried!!",Shy singer surprise$ and melts Simons heart : http://t.co/RbCWsvvdJY Ths was thusly curse beatuiful! I almost cried!!,POSITIVE,51,7,True
@McKinseey the grass is greener on the other side of the fence of course it's also a soggy septic field,@McKinseey the grass is greener on the ot her side of the fence of course it 's also a sogg y septic field,NEGATIVE,30,2,True
"' Nah I ain't no hoe niggah , no bitch niggah , rich Niggah with the shits Niggah Getchu chipped niggah .","' N ah I Bradypus tridactylus n 't no hoe niggah, atomic number 102 btch niggah, rich Niggah with the shis Niggah Gtechu cihpped niggah.",NEGATIVE,121,23,False
remember when the dude who played young ned followed my youtube channel. this was when i actually used my youtube for more than favorites,remember when th e sheik wh o recreate young ne d accompany my youube cahnnel. this was whe n i actually used my youtube for more than favorites,NEGATIVE,92,14,True
RT @TinyTino842: @triple6em96 I call all women bitches get over it,R T @TinyTino42 : @triple6em96 I shout all wmen holler ge t o'er i t,NEGATIVE,67,12,False
"Can't wait till I get my full appetite back. Only ate a half ghetto sandwich. No lettuce, no nothing.","California n't wait till I get my wide appetite ba ck. Onl y at3 a hal f getto sandwch. No lettuce, no nothing.",NEGATIVE,84,16,True
"When people label their name on there ghetto nano&lt;&lt;&lt;&lt;&lt; 

@StephyRae7",When masses label their constitute on there gheto nano&lt;&lt;&lt;&lt;&lt ; @StephyRae7,NEGATIVE,29,3,True
RT @ImNeverChillin: You bitches are so inconsiderate smh http://t.co/EInVs4YqpF,RT @ImNeverChillin : You beef make up indeed unconsidered smh http://t.co/EnIVs4YqpF,NEGATIVE,38,5,True
"RT @VandTRailroad: #DidYouKnow: The Comstock Lode was a boon 4 @VirginiaCity as it grew 2 20,000 ppl &amp; became 1 of the largest &amp; wealthiest&#8230;","RT @VandTRailroad : # DidYuoKnow : The Comstock Lode was a boon 4 @VirginiaCity as it grew 2 20,00 ppl & amp ; became 1 of the largest & amp ; wealthiest&#8230 ;",POSITIVE,51,5,True
Fucking pussy bruh lol,Fuck1ng pussy buh l ol,NEGATIVE,27,4,False
&#8220;@WavyGodd: I don't like a ghetto female&#8221;&#128567;&#128078;,& # 8220;@WavyGodd : I do n 't lik3 a ghetto female&#8221;&#12867;&#128078 ;,NEGATIVE,51,12,False
I'm hooked on monkey phonics.,I 'm hooked on mnokey phoics.,NEGATIVE,37,7,False
"""@MotherJones: 10 birds your grandkids may never see, thanks to climate change http://t.co/XqmXHkAsWt http://t.co/RbITeGRnhm"" #Climate",""" @MotherJones : 10 birds your grandkids m@y never see, thanks to clmiate change http://t.co/XqmXHkAsWt http://t.co/RbITGeRnhm "" # Climate",NEGATIVE,41,4,True
RT @rcooley123: Bill Maher mocks gullible America for missing the real enemy http://t.co/ApnsVg35Uf,RT @rcooley13 : Bill Maher mocs green America for mi$sing th e r eal eney http://.co/ApnsVg35Uf,NEGATIVE,83,14,False
Got to 18 on flappy bird...,G ot t o 18 on flappy bid...,POSITIVE,22,3,True
"@vivaalakatyy &#128514;&#128514;&#128514;&#128514;&#128514; oh my gosh why are so so cute?!
FA LA LA LA LA LA LA LA LA bitch &#128536;",@vivaalakatyy &#128514;&#128514;&#128514;&#128514;&#128514; oh my gosh why are so so cute?! FA L A LA LA LA LA LA LA LA bicth & # 12536 ;,NEGATIVE,33,6,True
"RT @KyleKallgren: You know how in superhero stories the best insult for superheroes dumb mooks can come up with is ""do-gooder?"" #whiteknight","RT @KyleKallgren : You know how in superhero stories the best insut for superheroes dumb mooks can come up with is "" do - gooder? "" #whiteknight",NEGATIVE,33,1,True
"Note: Khorasan is the old Arabic name for parts of Iran, Afghanistan. Not an invention of modern Jihadis. #justsayin","take down : Khrasan is the old Arabic name for parts of Iran, Afghanistan. non an inevntion of innovative Jihadis. # justsain",NEGATIVE,131,24,False
Sometimes I feel like being really nice to everyone then I'm just like wait you're all bitches anyway soooo,Sometimes I feel like bing really nice to everyone the n I 'm just like wait you 're all crab anyway soooo,NEGATIVE,35,3,True
"&#8220;@Banqq_Jayy: ""@1Jayee: &#8220;@ItsKeeJay: I can't remember all the girls I've smashed &#128563;&#128584;&#8221; On God.&#128588;""hoe shit&#8221; Not technically, it takes &#9996;&#65039;.","& # 8220;@Banqq_Jayy : "" @Jayee : & # 8220;@ItsKeeJay : I ca n't renember all the lady friend I 'v3 smashed & # 128563;&1#28584;&#8221 ; O n God.&#128588;""oe shit&8#221 ; Not tehcnically, it takes & # 9996;&#6539 ;.",NEGATIVE,161,39,False
@Salondotcom @FoolishReporter I can tell from this tweet that you're a twat.,@Salondotcom @FoolishReport3r I cam tell from ths tw eet that you 're a zany.,NEGATIVE,60,11,True
Slap the bitch is fun...didnt know beer wasnt that bad,Slap the bit ch i s fun... didnt know beer was nt that bad,POSITIVE,22,2,True
@LilBTheBiggsGod @Abbey_Kirkland two birds with one stone Biggs.,@LilBTheBiggsGod @Abbey_Kirkland two birds with o ne stoen Biggs.,NEGATIVE,53,9,False
@Midnight_Snacka bitch I don't want yo fat ass following me hoe,@Midnight_Snacka bitch I do n't neediness yo fat ass following me hoe,NEGATIVE,20,1,True
@RuizMaria15 you let me know then lol I'll go over and kill all them hoes,@RuizMaria15 you let me know then lol I 'll go over and ki ll all them hoes,NEGATIVE,20,1,True
"Aint this a bitch,! The power out from this shit.","Aint this a bitch,! The power out from this shit.",NEGATIVE,34,7,False
RT @jenebooks: I feel a lot of ppl trash talking indie for all sounding the same but i think any genre you're not v into tends to sound th &#8230;,R T @jeneboosk : I feel a lot of ppl tash talking indie f0r @ll fathom the sane but i think any genre you ' re no t v into run to intelligent th & # 8230 ;,NEGATIVE,153,29,True
@ClicquotSuave the new nip dropped today rii?,@ClicquotSave the new nip cast off toay ri i?,NEGATIVE,47,8,False
I have no clothes that make me look like a redneck but I tried my best &#128514;,I hav e n o clothes that make me look like a redneck but I tried my bet & # 128514 ;,POSITIVE,43,8,True
When mfs tell you who you talk to and it ain't true..like no bitch!,When mfs tell you who you talk to and it a i n't t rue.. like no bitch!,NEGATIVE,27,2,True
@holmes0786 only if its yellow cake &amp; chocolate frosting,@holmes076 o nly 1f it s yelolw cake & anp ; chocolate frosting,NEGATIVE,61,11,False
Why the fuck are the @Yankees throwing batting practice tonight? Holy shit...,Why the be intimate are the @Yankees throwing batting pattern tonight? Holy take a shit...,NEGATIVE,85,14,False
RT @JohnBishop100: Top tip of the day - if you want to be inconspicuous at an Elbow gig - don't wear a yellow jacket!! http://t.co/KQYiZmZb,RT @JohnBishop100: Top tip of the day - if you want to be inconspicuous at an Elbow gig - don't wear a yellow jacket!! http://t.co/KQYiZmZb,NEGATIVE,10,1,False
RT @Dino_FooL: Ima catfish a bitch with fake arms,R T @Dino_ooL : I m a catfish a holler wit h fae arms,NEGATIVE,55,12,False
@b_shiznitt wanted me to let everyone know he downloaded the whole Acoustic Justin Bieber album #fag,@b_shiznitt wanted me to let everyone know atomic number 2 download th e whole acoustical Justin Bieber album # fag,NEGATIVE,101,17,False
"I would went in on that ref hell, with a post game interview saying he called me sad and trash.","I would went in on that ref inferno, with a post spirited itnerview enunciate he caleld ne s@d and trash.",NEGATIVE,75,12,True
"""@gurl_Im_Angie: @ItsKiaraaaa @WestYourMajesty I'm not even shy stfu"" kikis mom: Hi angelique 
Angelique: Smiles *Dips cracker in soup*",""" @gurl_Im_Angie : @ItsKiaraaaa @WestYourMajesty I 'm n ot even shy stfu "" kikis mom : Hi angelique Angelique : Smiles * Dips cracker in soup *",POSITIVE,31,2,True
Conan Obrien needs to get a life with that $80 million..monkey food maybe.,Conan Obrien nees to ge t a life with that $ 80 million.. monkey food m aybe.,NEGATIVE,37,5,True
Embrace it. Love it. Flip this group of mine runoff water colored turds off and make a pick.,Emrace it. Lov e it. Flip this group of mine runoff water colored turds off and make a pick.,POSITIVE,25,4,True
RT @TEL1967: Darn trash man he beat me to the good stuff again. http://t.co/vdDJQ4l0mg,R T @TLE1967 : Darn trash man he beat me to the good stuff again. http://t.co/vdDJQ4l0 m g,NEGATIVE,32,5,False
Fuk dat bitch lol @dropolo voice,Fuk da t bith lo1 @drpoolo vocalise,NEGATIVE,39,6,False
Where the hoes at...,Whee the hoes at...,NEGATIVE,33,5,False
RT @ItsFoodPorn: Oreo Ice Cream Cake http://t.co/Qpde1L6zAi,R T @tsFoodPorn : Oro Ice Crean Cake http://t.c/oQpde1L6zAi,NEGATIVE,47,8,False
Monkey see monkey doo,Monkey project monkey doo,POSITIVE,12,1,True
Step Up All In was so horrible that bitch went straight to dvd &#128514;&#128514;&#128514;,Step Up All In wa s so hrorible that bicth went straight to dvd & # 128514;&#128514;&#128514 ;,NEGATIVE,41,5,True
I actually get on with Erin and think she's really nice bit you're so two faced and bitch about her all the time... #nasty,I actully get on with Erin and think she 's really nice bit you 're so two faced and bitch abut her all the time... #nasty,POSITIVE,58,7,True
@kimcampano &#128553;&#128557;&#128557; bitches needa take notes,@kincampano & # 128553;&#128557;&128557 ; gripe nedea ta ke notse,NEGATIVE,45,9,False
&#8220;@JukeJuke_9: Lance Stevenson gone leave Indiana&#8221; he trash anyway,& # 8220@;JukeJuke_9 : Lane Stevenson g one leave Indiana&#8221 ; he tash anyway,NEGATIVE,61,13,True
RT @BlackNerdJade: RT @fivefifths: Hell wrong with yall? RT @TwanTargaryen: Pecan pie AND sweet potato pie trash. http://t.co/hH50P5pytX,R T @BlackNerdJae : R T @fiveffths : Hel l wong with y al l? RT @TwanaTrgaryen : Pec an pie AND sweet-flavored ptato pie t rash. http://t.co/hH50P5ptyX,NEGATIVE,127,24,False
Nah @PrimeTimeLewis really the man at BG breh nigga got random bitches at the bar coming up to me like I attend the university this is crazy,Na h @PrimeTimeLewis really the Isle of Man at BG breh nigga g ot ranodm btiches at the bar coming up to me like I attend the university this 1s crazy,NEGATIVE,84,11,True
RT @TasteMyGayness: That moment the pussy too good &amp; u gotta slow that stroke down! https://t.co/R4fLDz5SiN,R T @asteMyGayness : That moment the psusy to o good & amp ; u beat t a sl0w that stroke do wn! https://t.co/R4fLDz5SiN,NEGATIVE,111,21,False
@JacobbBacker @fucktyler Tyler isn't shit faggot go listen to some real music,@JacobbBakcer @fucktyler Tyler i s n't shit faggot go listen to some real music,NEGATIVE,32,4,True
"#metal only, honkies!","# metal onl y, honkies!",NEGATIVE,10,1,True
"That last tweet was just song lyrics. I don't really like bad bitches, I like pretty chicks. Bad bitches cheat too easily and too often","That last tw eet was just somg lyrcis. I don't really like bad bitches, I like pretty chicks. risky bithes chat t oo easily amd likewise of ten",NEGATIVE,81,12,True
RT @CHlLDHOODRUINER: taking out the trash at night http://t.co/UhXTOgP4jZ,R T @CHlLDHOODRIUNER : taking o ut the trahs a t night http://t.co/UXTOgP4jZ,NEGATIVE,59,10,False
REPUBLICANS TAKE MASSACHUSETTS GOVERNORSHIP: Coakley Conceds Gov. Race To Charlie Baker&#8230;. http://t.co/unfdQCQHyK,REPUBLICANS TAKE MASSACHUSETTS GOVERNORSHIP: Coakley Conceds G ov. Rae To Charlie Bakr&#8230 ;. http://t.counfdQCQHyK,NEGATIVE,58,10,False
RT @zippy1981: @voretaq7 from a TDD POV linux is just a mock for the kernel of the GNU/HURD system.,R T @zippy1981 : @voertaq7 from a TDD P OV linux 1s fair a bemock for t he kenel of the wildebeest / HUD systm.,NEGATIVE,97,17,True
Cheer up Charlie.,C heer up Charlie.,POSITIVE,8,1,True
@TheTrackMamba gator bait &#128010;&#128548;,@TheTrackMamba gator bait & # 128010;&128548 ;,NEGATIVE,33,7,False
This white bitch dressed as the devil at my job. Oh the irony lol,This white bicth spruced up a s th e devi l at m y job. Oh the irony lol,NEGATIVE,91,15,False
Stop rt'ing Celtics trash please,Sto p r'ing Celtics tr ash please,NEGATIVE,33,5,False
I laugh at this bitch,I laugh a t this bitch,POSITIVE,29,5,False
These hoes get thick n fat confused way more than often!!!!!!!!,Thee hes get thik n f at confusd way more than often!!!!!!!!,NEGATIVE,62,15,True
&#8220;@PrettyxEyes: FYI http://t.co/R9JUoT4bGQ&#8221; my favorite type of bitches.,& # 8220;@PrettyEyes : FYI http://t.c0/R9JUoT4bGQ&#8221 ; my favorite type of grouse.,NEGATIVE,61,13,False
@GarciaC28 those nudes were trash &#128514;&#128514;&#128514;&#128557;&#128557;&#128557;&#128557;,@GarciaC28 those nude sculpture comprise tash & # 128514;&#128514;&#128514;&#128557;&#128557;&#128557;&#128557 ;,NEGATIVE,45,9,True
"@MarieJoseGMH @DWB666 @seahopke @zenterrorist86 tegenwoordig weet je ook al niet wat voor vlees je eet,voor je t weet is t zebra of een aap","@MarieJoseGMH @DWB666 @seahopek @zenterrorist6 tegenwoordig we et je ook al n1et w@t vor veles j e e et, vor je t weet embody t zebra of e en aa p",NEGATIVE,149,26,False
RT @harrryaf: being a good citizen picking up trash (: http://t.co/PMFR5eopwO,R T @harrryaf : being a good citizen picking up trash (: http://t.co/PMFR5eopwO,NEGATIVE,16,1,True
f u tumblr bc my blog is black &amp; white but there's so many great colored things I could reblog fml,f u tumblr b c my blog is black & amp ; white but there 's s0 many great colored things I could rebolg fnl,NEGATIVE,62,9,True
RT @BlasianBytch: @graceishuman @rhiannonrevolts yellow face and it's a no.,RT @BlasianBytch : @graceishuman @rhiannonrevolts yllow face and it 's a nobelium.,NEGATIVE,23,2,True
"@Morning_Joe If NBC has elected you to be a spokesman for NBC they are in a lot of trouble. I and friends will no longer watch NBC trash

1",@Morning_Joe I f NB C give birth elected you to be a spokesmn for NBC they equal in a good deal of troubl3. I and friends will no longer watch NBC trash 1,NEGATIVE,81,13,True
"""@thebravebird: #YoureNotMyType if my fade is perpetually fresher than yours."" That's a real ass bitch rite there",""" @thebravebird : # YoureNotMyType i f my f@de is perpetually fresher than yours. "" That's a real ass bitch rite there",NEGATIVE,25,2,True
"""Is that an albino Mexican?""
""No dad, he's Asian.""",""" I s tat am albino Mexican? "" "" N o daddy, h e ' s Asia n. """,NEGATIVE,79,17,False
I'm sick as fuck... this shit is for the birds,I ' m sik as fuck... this jack is for the brids,NEGATIVE,71,12,False
&#128027;=&#128176;&#128184; &#8220;@GOALSminded: its true that the early bird.. gets the worm first!&#8221;,& # 128027;=&#128176;&#128184 ; & # 8220;@GOALSminded : its tr ue that the early bird.. gets the worm first!&#8221 ;,POSITIVE,24,1,True
RT @Opatz1: Fuck michelle obama. That monkey doesnt belong in the white house,RT @Opatz1 : Fuk michelle obama. Tht monky does nt belong inwards th e white-hot hosue,NEGATIVE,93,16,False
@MyButtSweats ay nigguh so when ya coming back,@MyButtSweats ay niguh so whn y@ coming back,NEGATIVE,51,8,False
This. Good. #pricklypear #shiner http://t.co/clfJKT4IZ4,This. Go od. #pricklypear #shiner http://t.co/clfJKT4IZ4,POSITIVE,8,1,True
These hoes ain't loyal RT @ArzySauced: @ItsNotHarold man thats the realest shirt i seen tonight. A chick with a flip phone robbed me,These hoes ai n't loy@l RT @ArzySauced : @ItsNotHarold man that s the realest shirt i seen tonight. A dame with a flip call up robed me,NEGATIVE,68,9,True
Stop giving these hoes half azz Dick plow it deep make her scream nd cream http://t.co/hwBWj9ui,Sto p givig these hoes half azz Dick plow it deep make up her scream Peace Garden State cream http://t.co/hwBWj9ui,NEGATIVE,39,4,True
@ImpactParasite just fuckin roasted this faggot,@ImpactParasite ju st fucikn roasted this faggot,NEGATIVE,39,6,False
RT @NaturalBadAssss: Phat pussy is the best pussy &#128526;,RT @NaturalBadAssss: Pha t pu ssy i s the best kitty & # 128526 ;,POSITIVE,41,7,True
Fat ass hoe holding up the machine,Fa t ass hoe holding up the machine,NEGATIVE,45,7,False
&#128514;&#128557; I have to explore the pussy out there @Austin__321 http://t.co/GER0IPaBPA,& # 128514;&#128557 ; I hve to explore the pu ssy out there @Austin__321 http://t.co/GER0IPaBPA,NEGATIVE,28,3,True
Man arrested after 40 opened nip bottles of vodka found in car http://t.co/VtusSbGHbR,Man arresetd afterward 4 0 opened nip bottle o f vodk a chance in car http:/t/.co/VtusSbGHbR,NEGATIVE,52,8,True
RT @KerstinAnn_22: &#8220;@XxDopenessxX: This bitch is too real LOOOOOOL http://t.co/JTSNtWPLwR&#8221; yaga !!!!&#8221;&#8221; &#128514;&#128514;&#128514;&#128514;&#128514;&#128514;&#128514;&#128514;,RT @KerstinAnn_22: &#8220;@XxDopenessxX: Tis btich i s t0o r eal LOOOOOL http://t.co/JTSNtWPLw&#8221 ; y@ga!!!!&#8221;&#8221; &#128514;&#128514;&#128514;&#128514;&#128514;&#128514;&#128514;&#128514;,NEGATIVE,114,27,False
I hate when people organize plans and you end up reaching the destination before them...bitch don't ask me if I'm here,I hat e when people organie design and you end upwards make the destination ahead them... bith d o n't ask Maine 1f I ' m here,NEGATIVE,113,18,True
just noticed some trash on my notification page i had to clean up,just noticed some pan on my notification page i accept to cle an up,NEGATIVE,32,4,True
This niggah know wassup,Tis niggah know wassup,POSITIVE,14,2,True
"You mad cuz I was in the van with yo bitch
With both hands on her tits",You m ad cuz I was atomic number 49 th3 avant-garde with yo kick With both h@nds on her tits,NEGATIVE,101,17,False
@SSickStory Lester tried to eat your bird,@SSickStroy Lster tred t o eat your bird,NEGATIVE,45,7,False
@Brenddan_ wow!!! Are you comin back up here? &#128514;&#128514;&#128514;&#128514; they some bitch niggas,@Brenddan _ w ow!!! Are you comin back up here? &#128514;&#128514;&#128514;&#128514; they some bitch niggas,POSITIVE,12,1,True
What time jamboree start Thursday. So I ca smile for the ugly hoes. &#128514;&#128128;,What time jamboree start Thursday. So I ca smile for the ugl y hoes. &#128514;&#128128;,NEGATIVE,16,2,True
@mightyfar they need to stop picking up UFCs trash though and build up there own fighters more.,@mightyfar they need to stop picikng u p UFCs trash though and build up there own fighters more.,NEGATIVE,27,2,True
"RT @TheDouch3: Most overused hoe excuses
1. It's just lyrics
2. My friends party so I party 
3. Men do it too
4. And vice versa
5. I was yo&#8230;",R T @TheDouc3h : Most overdrive ho3 exuses 1. I t ' s jut words 2. My friends party so I party 3. Men d o i t too 4. And vice versa 5. I was yo&#8203 ;,NEGATIVE,125,25,False
@treagle05 early bird gets the worm tomcat,@trealge05 eary bird gets the dirt ball tomcat,NEGATIVE,45,7,False
Pillow talkin to your hoe hatin on a nigga you might lose ya chick like that !!!!!,Pillow talkin to your hoe hatin on a ngga you power l ose ya chick like that!!!!!,NEGATIVE,39,3,True
Kentucky Fried cater to da white folk. No colored menu,Kentucky Fri ed cate r to d a white folk. N o cloored meu,NEGATIVE,67,11,False
RT @LHT_519: when ya side hoe playing too much &amp; all you want is head /// https://t.co/7eALhuTA02,R T @LH_519 : when ya side ho e plaiyng t oo m uch & amp ; completely you want is he ad /// https://t.co/7eALhuTA02,NEGATIVE,75,12,True
&#8220;@prettycha305: Group chat bitches we call yall undercover Feds &#128110;&#128110;&#128110; watching everybody&#8221;,& # 8220;@prettycha305 : Group New World chat grouse we call y all undercover Fes & # 128110;&#128110;&#128110 ; watching everybody&#821 ;,NEGATIVE,42,6,True
Chill bitch we ain't in love,shiver bith we ai n't in loe,NEGATIVE,45,7,False
RT @beethetranny: can we please stop talking about how some scumbag faggots mugshot is sexy? you dumb whores.,RT @beethetarnny : can we please sto p tattle aout h0w around scumbag faggots mushot is sexy? you dmb wores.,NEGATIVE,119,21,False
"@thetoddshow 
Y'all ain't gots no colored folk on da show. I tinks dats be racist and shit #TheToddShow",@thetoddsow Y'll a i n 't got s no colored ethnic music along d@ establish. I chink dats be racist and sit # TheTodd$how,NEGATIVE,119,21,False
RT @emilyBOOMBOOM: Its 3am. And your man is with his other bitch. A computer. And you really cannot fucking compete.,RT @emilyBOOMBOOM: Its 3am. And your man is with his other bitch. A computer. And you really can non fucking compete.,NEGATIVE,19,1,True
This 8 yr old on #masterchefjunior made my chicken look like trash.,This 8 yr old on # masterchefjunior made my chicken lo ok like tash.,NEGATIVE,23,2,True
"@QVC strawberry shortcake. Stacked with whipped cream, yellow spunge-cake, &amp; sliced #strawberries freshly picked from the farm w/ my kids.","@QVC strawberry shortcake. Stacked with whipped craem, yellow spunge - cake, & anp ; sliced # strawberries freshly picked fom the farm w / my kids.",NEGATIVE,147,29,False
@sippey That's where birds came from.,@sippey That ' s where bids ca me from.,NEGATIVE,44,8,True
RT @StayyeGolden: &#8220;@vivalakristia: Everybody that's still on Facebook ghetto or pregnant idc.&#8221;accurate,RT @StayyeGolden : & # 8220;@vivalakristia : Everyboy tat 's still on Facebook ghetto or pregnant idc.&#8221;accurate,POSITIVE,27,2,True
When Jake was mad happy and hugged muscle faced Renee Russo at the end of 1 I was like yeah them bitches bout to win it all!!!,When Jake was mad happy and hugged muscle faced Renee Russo at the end of 1 I was like yea h them bitches bout to w1n information technology all!!!,POSITIVE,26,3,True
"RT @pop_ruth: I'm a little teapot short and Irish 
@onedirection artist of the year #AMAs
#EMABiggestFans1D http://t.co/9O1zfvlezV",R T @pop_ruth : I ' m a footling teaot shotr and Irish @onedirectino artist of the year # AMs # EMABggestFans1D http://.co/9O1zfvlezV,NEGATIVE,91,18,True
@Mana_Lynn I smiled first and then you mugged . So of course ima mugg back. Can't bitch out lol,@Mana_Lynn I smiled first and then you mugged . So of course i m a mugg back. Can't bitch out lol,NEGATIVE,15,1,True
"All these afternoon groups are trash besides the Bubba, Keegs and Furyk group #TheMemorialTournament","wholly these afternoon groups ar3 trsh as well the Bubba, Keeg s and Furyk group # TheMemorialTourament",NEGATIVE,66,11,True
RT @Comp10Tx: Rihanna really is trash,RT @Comp10Tx : Rihanna really is t rash,NEGATIVE,11,1,True
"@DarthMaverick7 @Xcntrik @religulous @chrispyosh Rather than believe that there was a man who was the very definition of good, u mock it.","@DarthMaverick7 @Xcntrik @religulous @chrispyosh Rathr thn consider that there was a man who was the very definition of good, u bemock i t.",NEGATIVE,49,6,True
RT @Yannapyt: it ain't nothing to cut that bitch off &#127908;&#127911;,R T @Yannapyt : it ai n't nthing t o slew that btch remove & # 127908;&#127911 ;,NEGATIVE,64,12,True
"#porn,#android,#iphone,#ipad,#sex,#xxx, | #SmallTits | Small tits ghetto whore fucking with not her stepdad http://t.co/Ay6gRNTOUw","# pon,#android,#iphone,#ipad,#sex,#xxx, | # SmallTits | modest tit s ghteto whre fucking with n ot her stepdad http://t.co/Ay6RNTOUw",NEGATIVE,85,17,False
"RT @Slanguage: Stop flattering yourself, bitch. The only fan you have is on your ceiling.","R T @Sanguage : Stp flattering youself, holler. Th e only fan you have is on your celiing.",NEGATIVE,63,11,True
Pretty muthafucka pull up in this bitch like,Pretty muthafukca pull upward in this bith wish,NEGATIVE,51,8,False
that bitch looked wierd !&#128514;,that bitch bet wi erd! & # 128514 ;,NEGATIVE,41,9,False
@StunningStina their tortillas are trash though.,@StunningStina their tortillas a re trah though.,NEGATIVE,16,2,True
That front flip was trash. That's how I front flip into the swimming pool and land on my back every time.,That front flip was tra sh. That's how I front flip into the swimming pool and land on my back every time.,NEGATIVE,11,1,True
Already more yellows than the last 2 years combined #IndyCar #Honda200,Already Sir Thomas More yellos than the last 2 years combined # IndyCar # Honda200,NEGATIVE,26,2,True
This 103 weather is a bitch,This 103 weather 1s a bicth,NEGATIVE,17,2,True
Its funny how these hoes will be texting yo phone all day and then 3 days later have a boyfriend &#128514;,Its funny how these hoes will be texting yo phone all day and then 3 days later make a boyfriend & # 128514 ;,POSITIVE,32,1,True
we don't pay hoes... we don't save hoes,we do n't pay hoes... we dress n' t write h0es,NEGATIVE,71,11,False
I sho do miss my Uncle Tom,I sh o do pretermit m y Uncle Tom,NEGATIVE,41,7,False
Shy girls &gt;&gt;,$hy girls & gt;&gt ;,POSITIVE,25,5,False
Use to trap them birds now I'm fly like a birdddd,Use to trap them birds now I 'm fly like a birddd,NEGATIVE,17,1,True
I never seen a Asian or Chinese bitch pregnant ..shit I throught they kids just spawn like call of duty &#128514;&#128557;,I never seen a Asian or Chinese bitch pregnant.. shi t I thr0ught they kids just now span like outcry of responsibility & # 128541;&#128557 ;,NEGATIVE,85,15,True
Bet Charlie Strong has contacted Ridley,Bet Charlie Srong has contacted Ridley,POSITIVE,11,1,True
Brackin in da bity boolin wit sum bitches straight bleedin,Brakin in d a bity boolin wit sum kick sraight bledin,NEGATIVE,44,7,True
@Inkedup_Tiny ^___^ still should've walked over and said something pussy,@Inkedup_Tiny ^__^ sti ll shoudl 'v e walk ove r and said something pussy,NEGATIVE,69,11,False
"Baby I'll whisper Vietnamese to you all soft like, ""ching... chong ting o long....""","Baby I 'll whsper Vietnamese to yo u all soft like, "" ching... chong ting o long.... """,POSITIVE,30,2,True
RT @AC_Hussle: Bron pregame speeches be so trash though lmao,R T @ACHussle : Bron pergame speecehs b e indeed trah though lma o,NEGATIVE,61,11,True
Jihadi John has struck again. Prayers with the victims' families. What is the #bounty on His head? Time 4 him 2 meet allah,Jihadi John has struck again. Prayers with the victims' families. Wat i s th e # amplitude o n H is hea d? Time 4 him 2 meet allah,NEGATIVE,52,9,False
@BlackManUSA @chrislhayes well that's some cracker jack secret service work there. jfk anyone?,@BlackManUSA @chrislhayes well that's some cracker jack secret service work there. President John F. Kennedy anyone?,NEGATIVE,19,3,True
"RT @robertbevan77: It's like The Walking Dead, but with less Carl and more talking birds. ZOMBIE ATTACK!!! http://t.co/UOCsPyksSC http://t.&#8230;","R T @rob3rtbevan77 : I t ' s like The Walking Dead, but with to a lesser extent Carl and to a greater extent taling bird s. living dead ATACK!!! http://t.oc/UOCsPyksSC http://t.&8230 ;",NEGATIVE,141,27,False
RT @domhowx: You know you're ugly when an ape was chosen as a man crush and you've never been http://t.co/DWPs7b4xJU,R T @domhox : You know you ' re u gly when an ap e wa s elect A a man crsuh and you ' ve n ever been http://t.co/DWPs7b4xJU,NEGATIVE,133,23,False
Video: Charlie Baker campaign team denies contacting Gov. Patrick for meeting http://t.co/qHrA6OalRR,Vido : Charlie Baekr camapign team dneies reach G ov. Patrick for meeting http://.co/qHrA6OalRR,NEGATIVE,77,13,False
Will you sell that pussy for me ?,Wil you se ll tat pussy for me?,NEGATIVE,47,8,False
"""It's the dykes"" -hunter dyke with a dyke http://t.co/LGtw3AWMeh",""" information technology ' s the dykes "" -hunter dy ke with a dye http://t.co/LGtw3AMeh",NEGATIVE,63,12,False
Lol ike Turner http://t.co/8yNqYYaOjo,Lol ike Turner http://t.co/8yNqYYajo,NEGATIVE,27,4,False
"@TheRealTahiry lmao, your just a dumb hoe that budden made popular, please stop, your irrelevant and no one cares about you slut.","@TheRealTahiry lmao, y our just a dmb hoe that budden made popular, please sto p, your irrelevant and no one cres around you slut.",NEGATIVE,75,10,True
Webbie to retarded,Webbie to rtearded,NEGATIVE,9,1,True
"Dad: Why are your eyes so red? Son: I smoked weed, Dad. Dad: Don't lie to me, you were crying because you are a faggot.","Dad: Why are your eyes so red? Son : I smoked wed, Dad. Dad: Don't lie to me, you were crying because you are a faggot.",NEGATIVE,15,1,True
I could b out here like some of these chicks...in the streets slingin pussy for a couple dollars but im not,I cuold b out Hera like so me of these chicsk... i n t he streets slingin pussy for a coulpe dollras but i m non,NEGATIVE,127,24,False
"RT @babyjaypops: ""@BreadTruckkBri: Why everybody sayin I don't listen &#128557;&#128514;&#128557;""u don't bitch u gone learn one day","R T @abbyjaypops : "" @Br3adTruckkBri : Why everybody s ayin I do n't listen & # 128557;&#128514;&#128557;""u do n 't bitch u lead 1earn one day",NEGATIVE,119,24,False
I've told those bitches at the dentist about my gums receding for the past fuckin year and now they wanna warn me about it,I 'v3 told those bicthes atomic number 85 the dntist about m y guns pull back for the past fckin year @nd now thy wanna admonish me about it,NEGATIVE,121,20,True
"@DRSlaten I view hackers on the same level as shoplifters - bitch slapped into the lake and held until drowning. Harsh, but yeah. Hate.","@DRSl@ten I position hakers on the s ame lveel as shoplifters - kick slapped in to t he l@ke and hold up unil drown. Harsh, simply yeah. Hae.",NEGATIVE,141,26,True
"@KellenDaniel along with the French blue and Buggs bunny VIIs, and the Oreo IVs. @LaJethroJenkins","@KellenDaniel along with the French blue and Buggs bunny VIIs, and the Oreo IVs. @LaJethroJenkins",NEGATIVE,3,0,False
@NotReallyGRyan think its cause she saw me doing biceps &#128527;&#128557;&#128514; lmao jk im still a bitch !&#128077;,@NotReallyGRyan thnik its cause she saw me doing biceps & # 128527;&#128557;&#128514 ; lmao jk i m still a bitch! & # 128077 ;,NEGATIVE,31,1,True
&#128563; RT @UBoyRock17: &#128557;&#128557;&#128557; these hoes selfish,& # 128563 ; R T @UBoyRock17 : & # 128557;&#128557;&#125857 ; tese ho es selfsih,NEGATIVE,59,14,False
@Lvl_7_Eevee @UnicornCowboy @hisorraya I just wanted brownies man,@Lvl_7_Eveee @UnicornCowoy @hisorarya I just wanted brownies piece,NEGATIVE,39,6,True
#Ebola is a great metaphor for how #GOP #teaparty policies eat off of vital organs until the host dies. #Tcot #teabaggers,# E bola i s a great metahpor for how # GOP # teaparty policies eat of f of critical organs until the host dies. #Tcot #teabaggers,NEGATIVE,139,27,False
He's a pretty damn good actor. But as a gay man it's awesome to see an openly queer actor given the lead role for a major superhero film.,helium ' s a petty dmn go od actor. But as a gay man it ' s awesoem t o see an openly queer actor given the lead role for a major superhero film.,POSITIVE,80,11,True
"Col. Sanders, Part 2: ""...and those sons of bitches&#8212; they dragged it out and extended it and watered it down that I&#8217;m so goddamn mad!""","Col. Sanders, Part 2 : ""... and those sons of btches&#8212 ; they drgaged it out and extended it and watered it don that I&#8217;m s o goddanm ma d! """,NEGATIVE,68,8,True
RT @Kyle_Lippert: If you buy tickets for Transformers 3D they just lock you in an aluminum trash can and toss you from an overpass into rus&#8230;,R T @Kyle_Lippert : I f you buy tickets for Tr@nsformers 3D th ey just lock you in an aluminum Methedrine can and tos you from an overpass into rus&#8230 ;,NEGATIVE,62,7,True
&#9733;@&#9733;@&#9733;@&#9733;@&#9733; GRAND OPENING ! &#9733;@&#9733;@&#9733;@&#9733;@&#9733; TOP CLASS &#9733; Oriental Massage &#9733; PERFECT !&#9733;/ http://t.co/ydZYr4dVS4,& # 9733;@&#9733;@&#9733;@&#9733;@&#9733 ; GRAND OPENING! & # 9733;@&#9733;@&#9733;@&#9733;@&#9733 ; TOP CLASS & # 9733 ; Oriental Massage & # 9733 ; PERFCT! & # 9733;/ http://t.co/ydZYr4dVS4,POSITIVE,34,1,True
If you not lickin toes you a basic bitch.. And I can't fuck with a basic bitch,1f you no t lickin toes you a basc bitch.. And I can't fuck with a basic bitch,NEGATIVE,31,4,True
RT @ooxlexx: I can't stand to be around ghetto girls.&#128134;,RT @ooxlexx : I ca n't stamd to be around ghetto girls.&#128134 ;,NEGATIVE,25,2,True
"People love to touch my hair ""ooo is this real?"" Yes bitch is yours?","People loe to touch my hair "" ooo is this real? "" Yes bitch is yours?",POSITIVE,19,1,True
#HappyColumbusDay !!!! If is wasn't for #America.................#KarlMarx would never have thought of sharing #colonialism with #injuns !!!,# HappyColumbsDay!!!! If is wasn't for #America.................#KarlMarx would never have thought of sharing #colonialism with #injuns !!!,POSITIVE,20,6,False
Yo can you guys stop being little bitches just know everything happens for a reason of your meant to be you will be &#128079;,Yo can you guys stop being little bitches just do it everything happens for a reason of your meant to be you will be & # 128079 ;,NEGATIVE,35,1,True
RT @rose_shayna1: Never cared about how another bitch saw me. I know who I am,R T @rose_shayna1 : Nevre care @bout how aonther bi tch saw me. I know who I am,NEGATIVE,59,11,True
"RT @KapreceSun: where my 2 favorite jiggers at? @S_hawn24, @Satisfied_x ? &#128514;&#128514;&#128514; https://t.co/unNm233mFQ","R T @KapreceSun : wehre m y 2 favorite jigers at? @S_ahwn24, @Satisfied_x? & # 18514;&#128514;&#128514 ; https://t.o/unNm233mFQ",NEGATIVE,89,19,False
Brownies brownies brownies,Browines brownies bronies,POSITIVE,21,3,False
RT @_MindAtEase: Fuck twerking bitch can you cook,RT @_Mind@tEase : Fuc k twerking bicth cam you cook,NEGATIVE,44,8,True
You know a bitch mad when she throw her drink &#128514; now she got to find another nigga to buy her another one,You know a bitch ma d when she thr0w he r dri nk & # 128541 ; like a shot she got to see anoter nigga to b uy her anoher unrivalled,NEGATIVE,108,19,True
@ImSooooMad guess who's eating cracker b without you,@ImSoooMad gues who 's eating cracker b withot you,NEGATIVE,24,3,True
Saw my dog humpin this female dog the other day. Now the female is waiting outside my door for a quick hook up. My dog gets bitches!,Saw my d og hupin this female d og the other day. Now the female is waiting outside m y door for a quick hook up. My andiron gets beef!,NEGATIVE,171,30,False
She know my ex bitch she think she got next she fucced a gang of niggas threw that pussy off dec !,Sh3 know my ex bitch she recollect she got mext sh e fuced a crowd of spade threw th at pussy off d ec!,NEGATIVE,127,22,False
"RT @UrbanEngIish: ""I'm grown"" = Let me be a hoe in peace.","RT @UrbanEngIish : "" I 'm grown "" = Let me be a hoe in pea ce.",POSITIVE,21,1,True
"""@HBMostDope: @1Jayee @PipinHoes used to send that bitch up""",""" @HBMostDoep : @1Jayee @PipinHoes ued to sen d that bit ch upwards """,NEGATIVE,63,12,False
And my mom was really getting me a car smh hoe f u for dat,And my mom was really getting me a c@r smh hoe f u for d at,NEGATIVE,24,2,True
@nhatty_ice49ers thank you jackass zebras,@nhatty_ice49ers give thanks y ou cuckoo zebras,POSITIVE,23,3,True
Nipple banana monkey!,Nipple banana monkey!,NEGATIVE,23,4,False
"Welcome to the family, Mia Meli! #new #puppy #adorable #cute #fluffy #mutt #mybaby #girl http://t.co/a27C1XueZP","Welcome to t he family, Mi a Meli! #new #puppy #adorable #cute #fluffy #mutt #mybaby #girl http://t.co/a27C1XueZP",POSITIVE,30,6,True
@Linnlondon1 I want some clams on the half shell :-) http://t.co/uFCAjNNQTZ,@Linnlond0n1 I wnt some clans o n the hlf shell : -) http://t.c/ouFCAjNNQTZ,NEGATIVE,67,11,False
&#8220;@muhlackk: I'm Trynna find a bitch with a fat ass&#8221;,& # 8220;@muhlackk : I 'm Trynna find a bitch with a productive ass&#8221 ;,NEGATIVE,25,3,True
"Sad that girls look up to Kim so much. Like damn she got famous from being a hoe, and making sex tapes. We need to find better role models.","Sad that girls look up to Kim so much. Like damn she got famous from being a hoe, and making sex tapes. We motivation to find dependable role models.",NEGATIVE,23,2,True
RT @nebuladallas: i still live with hope that one day a hot rich boy will fall in love with me even though im trash,RT @nebuladallas : i still live with ho pe that one day a hot rich boy will fall in love with me evem though i m trash,POSITIVE,35,2,True
I can't sleep so ima watch Spongebob and eat crackers and peanut butter,I ca n' t log Z's so i m a watch Spongebob and eat crackers and peanut butter,POSITIVE,29,2,True
@Meeeesh1395 my fuckin mom is a bitch. Like she aint even payin for it. Dylan is and he said its fine.,@Meeeesh1395 my fuckin mom is a bitch. Like she aint even payin for it. Dlan i s and he said its fine.,POSITIVE,29,4,True
"@Ken_GTH nahh , whatever you are spook or spic, I still don't like you . Good day","@Ken_GTH nhh, wahtever you are spoko or spic, I still do n't like you. Good day",NEGATIVE,67,12,True
The solution is simple : buy a bitch,The soluion is simple : buy a bit ch,NEGATIVE,43,8,False
"@KingLuger carne asada, Gallo pinto, tajadas verde, queso frito and a salad With milca","@KingLuegr c arne asada, Ga llo pinto, tajadas verde, queso frito and a sa lad With micla",NEGATIVE,51,7,True
"RT @BowDownn_Bitch: Nine times outta ten the bitch using them same unclean brushes on all ten of her clients. I can't with you ""beat faced""&#8230;","R T @BowDownn_Bitch : Nine times outa tenner the kick utilise t hem sae unlcean brushes along entirely x of her clients. I c a m't with you "" beat facd""&#8230 ;",NEGATIVE,165,30,False
timbs straight trash though,timbs straight trah though,NEGATIVE,27,4,False
She sounded like a bird crowing,She sounded like a bird big,NEGATIVE,14,1,True
&#8220;@gmail_candy: It don't matter where we at this nigga always tryna holla at a bitch &#128514;&#128514; @tranSactionRAP&#8221; where. y'all. at?,& # 8220;@gmail_candy : It do n't subject where we at this nigga always tryna holla at a bitch & # 128514;&#128514 ; @tranSactionRAP&#8221 ; where. y'all. at?,NEGATIVE,130,27,False
Jose Soto: Reflections of a former gay teabagger http://t.co/XtMMuzyK,Jose S oto : Reflections of a former gay teabagger http://t.co/XtMMuzyK,NEGATIVE,20,3,True
@hazelinaaax3 @olivia_hrbek @kristiexox3 fuck Olive that bitch,@hazelinaaa3x @olivia_hrbek @kristieox3 fu ck Oliev tha t bellyache,NEGATIVE,45,7,False
Fairy Tale Hat - free crochet pattern for child and adult at http://t.co/0lRaBLMHB2 http://t.co/99zVbmYVe9,Fairy Tale Hat - free crochet pattern f or ch1ld and fully grown a t http://t.co/0lRaLMHB2 http://t.co/99zbmYVe9,NEGATIVE,53,8,True
@GroteSmurf0 @illMartino @SvensTweet @KangUcup3 goh d AnoniemeAso meeting heeft weer pauze.Nog steeds niet bij hoofdstuk:hoe haal ik m'n ID?,@rGoteSmurf0 @illMartino @SvensTeet @KangUcp3 go h d AnoniemAso meeting hefet weeny p auze.Nog steds n iet bi j h0ofdstuk : ho e hal 1k m' n Gem State?,NEGATIVE,135,24,False
how you insecure but a hoe? TF,how you in$ecure but a hoe? TF,NEGATIVE,45,8,False
Bad bitches is the only thing that i like,Bad bitches is the onl y thing that i like,NEGATIVE,13,1,True
That ass so retarted it belongs on a short yellow bus.&#127825;&#128652;,Tat ass s o retrated it beongs along a shot yel1ow bus.&#127825;&#18652 ;,NEGATIVE,67,12,False
Are poor little guinea pig died :(,A re por little ginea p ig di ed : (,NEGATIVE,45,7,False
@JustDoItSlow &#128530;FOREVER 21 hoes,@JustDoItlSow & # 128530;FOREVER 21 hes,NEGATIVE,31,6,False
Don't follow the astros they said. They're trash they said. Well now look at them #astros,Don't follow the astros they said. They 're tash they said. Well now look at them #astros,NEGATIVE,13,1,True
I'm known around Tampa as the ugly kid with no hoes,I 'm get laid around Tampa as the ugy kid w1th n o hoes,NEGATIVE,36,5,True
RT @TyDunne: Have to go with the slant pass to your outside linebacker in that situation.,R T @yTDunne : give birth to go with the slant pass to your outside linebacker i n that sitation.,NEGATIVE,58,9,True
"@realDonaldTrump he looks like reg. Memphis,tn. trash! we got them everywhere.","@realonaldTrump he loks like r eg. Memphis,tn. trsh! we got them everywhere.",NEGATIVE,34,6,True
"@EyeOnPolitics @chrisloesch As long as its not one of those ""special brownies"" right?","@EyeOnPolitics @chrisloesch As longsighted as its non one of tohse "" special brownies "" right?",NEGATIVE,89,16,False
Almost cussed dis bitch out at mcdonalds talmbout da register down so dey can't serve us..umm bitch give us da food fa free den &#128530;,Almost cuss dis bicth out a t mcdnoalds talmbotu da regster d own and then de y c a n't serev us.. umm bitc h give us d a food for thought fa f ree de n & # 18530 ;,NEGATIVE,177,31,False
"@chvrlesGoldie like Hov said ""we all ghetto b"" lol","@chvrlesGoldie like Hov said "" we whole gheto b "" l0l",NEGATIVE,57,11,False
"Okay, so maybe not every in #LosAngeles is evil. But I would 80% of the people I've encountered have been trash, another 10% barely human.","Okay, so mybe not every im # LosAngeles is evil. But I w0uld 80 % of th3 people I 've encountered have represent t rash, some other 1 0 % barey human.",NEGATIVE,132,25,True
Yup RT @Durags4Eva: Egg nog trash rap,Y up RT @Durgs4Eva : orchis n og trahs rap,NEGATIVE,47,8,False
I wonder how many Yankee fans are hurt that Derek Jeter is out until after the all star break lmao &#128514;,I wonder h0w many Yankee fans are hut that Derek Jeter is out until after the all star break lmao & # 128514 ;,NEGATIVE,34,2,True
"@wbpictures no, i do not wish to spend $40+ to go to a filthy theatre and watch a fuzzy screen with bad sound. #ANNABELLE","@wbpictures no, i do not wish to drop $ 40 + to go to a filhy theatre and watch a hazy screen with ba d sund. #ANNABELLE",NEGATIVE,92,17,True
RT @Joan_Rivers: Charlie Sheen will star in a new sitcom as an anger management therapist. So what's next? Casey Anthony as the owner of ...,R T @Joan_Rivers : Charlie Sheen will headliner im a new sitcom a s an aner direction healer. So what's next? Casey Anthony as the owner of ...,NEGATIVE,85,15,True
@AceAlford_23 double up on this game bitch,@AceAlford_23 double up on thi s game bitch,NEGATIVE,11,1,True
"RT @bakedbrotatoes: *spits out animal cracker*
This doesn't even taste like hippo.",R T @bakedbrotatoes : * tongue out animal cracker * Tis come n't evening t@ste the likes of hippo.,NEGATIVE,69,11,True
"@JunDishes elissa would call me trash, vile, etc.!","@JuDishes elissa would visit m e t rash, vle, etc.!",NEGATIVE,50,11,True
"@matty_2_fatty fuck you bitch, where's my sleeve","@matty_2_fatty fu ck you holler, wh3re ' s my sleeve",NEGATIVE,53,9,False
"RT @PluggedInPiff: @ThoughtsOfRandy stop following ""bad bitches"" and ya won't get spammed","RT @PluggedInPiff : @ThoughtsOfRandy contain watch over "" bad bitches "" and y a wo n't get spammed",NEGATIVE,44,5,True
Double Stuff Oreos mane say,Doube Stuff Oreos mane say,POSITIVE,10,1,True
You will never get a &#128141;&#128142; if you don't know how to cook &#127831;&#127830;&#127837;&#127844;&#127835;&#127829; for ya man fr atleast not from a nigga like me. Slackin ass bitches,You will neevr get a & # 128141;#128142 ; if you do m't kow how to cook & # 127831;&#127830;&#127837;&#127844;&#127835;&#127829 ; for ya man fr atlaest n ot from a n1gga like m e. $lackin ass bitchs,NEGATIVE,185,36,False
RT @Rajput_Ramesh: Friends a Proud Hindu n ShivSainik brother shri Ramesh Jadhav was murdered by Jihadis plz help trend #RameshJadhav http:&#8230;,RT @Rajput_Ramesh : Friends a Proud Hindu n ShivSainik brother shi Rameh Jadhav was murdered by Jihadis plz help trend # RameshJadhav http:&#8230 ;,POSITIVE,36,4,True
Am I wrong fa laughin at dem niccas on 1st 48 who be cryin n the interrogation room,embody I wrong fa laughin at den niccas on 1st 4 8 who represent cryim n th e interrogation roon,NEGATIVE,103,18,False
&#8220;@ResiDimples: I heard thigh gaps is a way of telling if a bitch pussy is loose.&#8221; What?? http://t.co/OSjVJZJXCg,& # 820;@ResiDimples : I see thigh gps i s a wa y of assure if a bith pussy is loose.&8#221 ; What?? http://.tco/OSjVJZJXCg,NEGATIVE,113,24,False
@usweekly that old cunt needs to sit down,@usweekly tat old cunt neesd to sit down,NEGATIVE,48,8,True
"RT @PlMPCESS: In the fashion world ""urban"" definitely means ""stolen from black people"" it's ghetto on us, and urban on them haha http://t.c&#8230;","RT @PlMPCESS : In the fashion world "" urban "" definitely have in mind "" stolen from black people "" it 's ghetto on us, and urban on them haha http://t.c&#8230 ;",NEGATIVE,44,2,True
I keep these hoes in check until they bounce,I keep these hoes in ch eck until they bounce,POSITIVE,13,1,True
"Jon Jones just lost all my respect, turned down a fight like a bitch, hope he loses his next fight now, @JonnyBones","Jon Jones good lst all my resect, turned down a fight like a bitch, hope he lose s his next fight now, @JonnyBones",NEGATIVE,44,4,True
@zt0mm lucky monkey,@zt0 millimetre lucky monkey,POSITIVE,27,4,False
RT @F1abraham: Crew of women hillbillies &amp; gangsters w/the director #ItsAWRAP @AxemanTheMovie @JostonTheney @RachelEReilly &#9992;&#65039;&#127916;&#127909; http://t.co&#8230;,R T @Fabraham : Crew of women hillbillies & A ; gangsters w / th3 conductor # ItsWARAP @AxemanTheMovie @JostonTheny @RachelEReilyl & # 9929;&#65039;&#127916;&#127909 ; http://t.c0&#8230 ;,NEGATIVE,121,26,False
With the birds i share this lonely view..,With the birds i sahre this lonely view..,POSITIVE,15,1,True
Zack still questions my love for Oreos lol,Za ck still questions my lov e for Oreos lol,POSITIVE,17,2,True
RT @RayyyZoR: I call this the 100gram sugar delight or a Heart Attack. It's a #PopTart #Twinkie &amp; a #HoneyBun http://t.co/s6ZnLVlvLI,R T @RayyyZoR : I call up this the 100gran sgar delight o r a Heart Attack. I t ' s a # PopTart # Twink1e & adenylic acid ; a # HoneyBun http://t.co/s6ZnLVlLI,NEGATIVE,97,19,True
Sixten just shoved like 8 Oreos down his throat,Sxten fair stuff like 8 Oreos down his throat,NEGATIVE,53,9,False
RT @MarcACaputo: BREAKING: Charlie Crist files emergency motion for a mulligan.,RT @MarcACaputo : BREAKING : Charlie C rist flies pinch motion for a mulligan.,NEGATIVE,34,5,True
He may be the President but that doesn't necessarily mean he's in the sole position of power in regard to making such decisions.,He may be the President but that does n't necessarliy mean he 's in the s ole position of power in regard to making such decisions.,NEGATIVE,45,4,True
"Drake T.I&#8220;@MsBTxo &#8220;@_sirhampton_ 3 Stacks, Kendrick RT @xHollywoodCourt: Name a rapper that alot of people like...but you think is trash&#8221;&#8221;","Drake T.I&#8220;@MsBTxo & # 8220;@_sirhampton _ 3 Stacks, Kendrick RT @xHollywoodCourt : Nme a rapper that alot of people like... but you think i s trash&#8221;&#8221 ;",NEGATIVE,37,2,True
"""I found a new way to chug you have to open your mouth alot"" #shitallysays",""" I found a new way to c hug you hae to open your mouth alot "" # shitallysays",NEGATIVE,27,2,True
@mr_republicann chik fil a. hipotle is trash and taco bell will give you the runs,@mr_republicann chik fil a. hipotle i s trash and taco bell will give you the runs,NEGATIVE,19,1,True
&#8220;@KarynHalpin: Where do all the foreskins go when they circumcise a guy?&#8221; the Foreskin Fairy takes them after you put them under your pillow,& # 8220;@KarynHalpin : Where d o all the foreskins go when they circumcise a guy&#8221 ; the Foreskin Fairy takes them after you set them under your pillow,NEGATIVE,47,4,True
coon RT @HumbleTeej: &lt;fills coffee up halfway&gt; &lt;uses 11 Irish cremes to fill other half&gt;,con R T @HumbleTeej : & lt;fills coffee up halfawy&gt ; & lt;us3s eleven Irish cr3mes to fulfil ot her hal&fgt ;,NEGATIVE,80,15,True
@Corey_D_23 damn bro.. ps4 trash lol,@Cory_D_23 dan bro.. ps 4 trah l ol,NEGATIVE,45,7,False
Ion know why this bitch insists on telling me where she be going now. Idgaf about chu bitch like damn.,Ion know why ths cunt 1nsists along impressive me where she be leaving now. Igaf about chu bithc like damm.,NEGATIVE,129,22,False
If u not talking bout money or weed bitch I don't even wanna talk to you.,If u not taking bout money or pot bitch I do n 't evem wanna talk to you.,NEGATIVE,99,18,False
@Dre_Day200 bitch,@Dr3_Day200 btich,NEGATIVE,15,2,False
@PCMag Overpriced complete trash. Not even debatable.,@PCMag Overrpiced comp1ete applesauce. non evn debatabe.,NEGATIVE,51,9,False
Life aint shit but bitches and money,Life aint shit but bitches and money,NEGATIVE,51,8,False
"@Chrisworldpeace So I guess that makes us blacks double niggers, huh?","@Chrisworldpeace S o I think that maes us blacks look-alike niggers, hu h?",NEGATIVE,64,12,False
I like my bitches bad wit a Lil attitude,I ilk my bitches spoiled wit a Lil atittude,NEGATIVE,49,9,False
Doug Martin trash,Doug Martin tash,NEGATIVE,8,1,True
When see u an oldhead rocking a Bruce Lee top with a durag on in the park randomly giving a group of street niggas a ghetto karate class,When see u an oldead sway a Bruce Lee top with a dur@g on in the park rand0mly giving a group of street niggas a ghetto karate class,NEGATIVE,51,5,True
RT @ShamarGotHoes: J Cole ain't trash... Period.,RT @ShamarGotHoes : J Cole ai n't trash... Period.,POSITIVE,15,1,True
"Seriously, reading 'thriller' like books spook me more than most horror movies. 
#bookgeek","Seriously, reading ' triller ' like books spook me mo re than most horror movies. #bookgeek",POSITIVE,26,2,True
they're not playing Charlie Strong's soft don't run up the score mentality. They're playing this guy. http://t.co/sqEdBgU34k,they 're not playing Charlie Srong 's soft dress n't run up the grudge metality. They're playing this guy. http://.tco/sqEdBgU34k,NEGATIVE,48,5,True
RT @NoBeeetch: @Ugh_Sickoe @thuggchelseaa aye bitch http://t.co/7NIebl9xQr,R T @NoBeeeth : @Uhg_Sickoe @thuggche1seaa aye bithc http://t.co/7NeIbl9xQr,NEGATIVE,47,8,False
"Nah fuck em bitter heat bitches ""@YeIIowbang: Funny seeing heat and bulls fans get along lol""","Nah fuck em bitter heat bitches "" @YeIIowbang : rummy seeing heat and bulls fans get along lol """,POSITIVE,27,1,True
i need one of these around the world twitter bitches cause these local facebook hoes aint cuttin it lol,i ned one of these around th3 world chirrup bitches cuse these lo cal faceobok hos a i n t cuttin i t lo l,NEGATIVE,119,20,False
RT @WhitePeopleTalk: &#8220;KOBE&#8221; as they shoot a piece of paper into the trash,R T @WhitePeopleTalk : & # 8220;KOBE&#8221 ; as they scoot a piece of theme in to the ice,NEGATIVE,65,13,True
@Iemonaids done that spell check we know you meant fat liberal Dyke feminist Nazi bitches,@Iemonaids dome tht spe ll check out we get laid you mean t fat lieral Dyke feminist Nai bitcehs,NEGATIVE,78,12,True
Bitches make me happy. RT @AsaAkira: Material objects make bitches happy #iPhone6 http://t.co/d1TbYtc7QB,Bitches make me hppy. RT @AsaAkira: Material objects make bitches happy #iPhone6 http://t.co/d1TbYtc7QB,POSITIVE,11,1,True
Wicked Oreo,Wickd Oreo,POSITIVE,7,1,True
Idk how bitches trust other bitches sooo easily. I still have the same friends.,Idk how bitches trust other bitches sooo easily. I sill have the same friends.,POSITIVE,13,1,True
@FreddyAmazin ratchet looking nigger,@FrddyAmazin ratchet looking coon,NEGATIVE,27,4,False
@1stBlock_Rody yu ah hoe,@1stBlock_Rody yu ah h oe,NEGATIVE,27,4,False
@hxhsharingan666 did you make an animal cracker taco,@hxhsharngan666 di d you mae an anmial cracker taco,NEGATIVE,51,8,False
&#9733; BEST ASIAN MASSAGE ON THE Brooklyn Park slope --TOP RATED SPA &#9733;718-622-0221 - 24 http://t.co/6ZUxaQeaVL,& # 9733 ; BES T ASIAN MASSAGE ON THE Brooklyn Park slope -- TOP RAT ED SPA & # 9733;718 - 622 - 0221 - 24 http://t.co/6ZUxaQeaVL,POSITIVE,40,4,True
"RT @UnicornCowboy: @UglyNi99ah pepsi and cheerios
smashin on these hoes
got me blue in the taco
bae thinks of me flaco
errybody frontin
jus&#8230;",R T @UnicornCowboy : @UglyN99ah ppesi and chereios sashin along these hos got me blue in the taco bae consider of Pine Tree State fl@co errybody frotnin jus&#8320 ;,NEGATIVE,151,26,False
"RT @misskaee__: ""@MrDavidRoss: How do you cheat on this ? &#128530;&#128564; http://t.co/wOgXy8wjIW""

She's just like any other female with a pussy so who &#8230;","R T @misskaee _ _ : "" @MrDavidRoss : How do you chicane along this? &#128530;&#128564; http://t.co/wOgXy8wjIW"" She's just like any other female with a pussy so who &#8230;",NEGATIVE,70,15,False
"RT @AtlasSmugged: women only play casual game like Kim K game &amp; anger bird. They don't play real games, like Male Power Fantasy 2 or Jingoi&#8230;","RT @AtlasSmugged : women o nly play casual game like Kim K game & amp ; anger bird. They do n't trifle rel games, like Male great power fantasise 2 o r Jingoi&#8320 ;",NEGATIVE,102,16,True
RT @BoutCrazed: The best way to make a hillbilly do something is to tell him he can't do it.,RT @BoutCrazed : The best way to make a hillbilly do something i s to tell him he ca n't do it.,NEGATIVE,26,1,True
416 we know ya bitch @kendricklamar,416 w e have sex ya bithc @kendricklamar,NEGATIVE,24,3,True
"RT @intelwire: Significant number of US tweets were Americans flipping the bird to IS. UK, not so much.","RT @intelwire : Significant number of US twets embody Americans flip t he bird to I S. Britain, no t so often.",NEGATIVE,76,13,True
U still fuck with your old bitch? &#8212; Disrespectful like shit http://t.co/CEYCDVZ4w5,U stlil lie with with you r old kick? & # 8212 ; Disr3spectful l ike denounce htp://t.co/CEYCDVZ4w5,NEGATIVE,81,16,False
@YungIll314 everybody in Dot Mob/O-Red/Mickey Factz when you battled Clips he wore some ancient hong kong shit + 2 different colored hi-tops,@YungIll314 everybody in Dot Mob / O - Red / Mickey Factz whem you battled C lips he wore some ancient hong kong tinker's dam + 2 different colored hi - tops,NEGATIVE,55,6,True
&lt;&lt;&lt;when it's yellow outside,& lt;&lt;&lt;when it 's ylelow outside,NEGATIVE,12,1,True
@i2ose is it full of niggers,@i2se i s it full of niggesr,NEGATIVE,39,6,False
Tonight starts the road the Super Bowl for the @Browns! Here we go brownies here we go! WOOF WOOF #Browns2014Draft,Tonight starts the road the Super Bowl for the @Browns! Here w e break bronwies here w e g o! WOOF WOOF #Browns2014Draft,POSITIVE,37,6,True
@prime3_time whoooo?? Lemme find out a bitch run u haha,@prime3_tim3 whoooo?? Lemme find out a cunt hightail it u haha,NEGATIVE,61,12,False
RT @Chayeezy: When a bitch got you fucked up but you devoted your life to the Lord so you gotta stand there like you aint mad http://t.co/7&#8230;,RT @Chayeezy : When a bitch got you fucked up but you devoted your life to the Lord so you got ta stand there l ike you ai nt mad http://t.co/7&#8230 ;,POSITIVE,35,1,True
Has anyone ever purchased baseball field dirt? I really want dirt from @Yankees Stadium for my grandfather's grave. #weirdtweets,H as anyoe ever purchase basball field drt? I realyl wan t dirt from @ankees Stadium f0r m y grandfatehr ' s weighty. # weirdwteets,NEGATIVE,129,23,False
RT @kj_feliciano: @vivalamarley yea dem hoes crazy,R T @kj_feliciano : @vivalamaley ye@ d em hos crzay,NEGATIVE,40,7,True
RT @FreeTopher: That black pussy have nigga sayin anything #AHSFREAKSHOW,R T @FreeTopher : That Negroid pssy induce nigg@ saiyn anything # AHSFREKASHOW,NEGATIVE,67,12,False
RT @jfkirtley: Reds haven't lost a series at Yankee Stadium since 1961 World Series #76 #08 #12,RT @jfkirtley : Reds have n't lost a serial publication at Yankee $tadium since 1 961 Worl d Series # lxxvi # 0 8 # twelve,POSITIVE,64,11,True
Honestly if the most hoodiest ratchet bitch asked me to her prom I'm in dere,Honestly 1f the most hoodiest ratchet cunt asked Maine to her prom I ' m i n de re,NEGATIVE,55,8,True
"""@UberFacts: 15 sad TV character deaths we're still bitter over... http://t.co/uLclFUF8nC http://t.co/1RXYQOOsM0""ned stark was the man",""" @UberFacts : XV s@d T V chaarcter detahs we 'r e tranquil blistering o ver... http://t.co/uLclFF8nC http://tco/1RXYQOOsM0""ned sark was the gentleman",NEGATIVE,117,20,False
"I tell u this tho, if/when u nigger women start getting cornrows again...mannn just don't do it","I tell u this tho, i f / when u nigra char star t getting crnrows once again... mannn ju st do m't d0 i t",NEGATIVE,121,23,False
Free wop,Free wop,POSITIVE,15,2,False
"Bitches know they bitches, bitch.","Bicthes know th ey kick, bith.",NEGATIVE,37,7,False
"WIB plays next Fri (5-16-14)at the Silverdome Ballroom(21+) in Neillsville,WI with Charlie Parr &amp; Hobo Nephews of Uncle Frank! Tickets 15$","WIB plays next Fri ( 5 - 16 - 14)at the Silverdome Ballroom(21 + ) in Neillsville, WI wit h Charlie Parr & amp ; Hobo Nephews of Uncle Frank! Tickes 15 $",POSITIVE,57,6,True
RT @WFANTrades: Don't know how you Yankees fans listen to Kay every night. Absolutely brutal. Just nonsensical blah blah blah blah. Radio n&#8230;,RT @WFANTrades : make m't live h ow you Yank fans listen to Kay every nighttime. Absoluteyl brutal. Jut nons3nsical claptrap blah blah blah. tuner n#&8230 ;,NEGATIVE,163,29,False
@rhythmixx_ why you gotta hoe me like that,@rhythmixx _ why you got ta hoe me like that,NEGATIVE,59,10,False
Gansitos are ATG beaner candy,Gansios are AT G beanball candy,NEGATIVE,23,3,True
RT @DeAdJAkE: Shermans all bark and no bite fuck that bitch,R T @eDAdJAkE : Shemrans all bark and no bite hump that bitch,NEGATIVE,38,5,True
@smokeabluntdgaf @Haiimbreanna You guys don't get evolution do you? You only share a common ancestor with apes.,@smokeabuntdgaf @aHiimbreanna You guys do n't g et evolution do you? You ony partake in a uncouth ancestor with apes.,NEGATIVE,113,20,False
"RT @AIanHangover: If I've ever offended you, im sorry..

.

.

.

.

.

.

.

.

.

.

that you're a sensitive lil bitch.","R T @AIanHangover : I f I 've ever offended y0u, i m sorr y............ that you're a sensitive lil bitch.",NEGATIVE,68,20,True
"I hate ""chunky"" pasta sauce. KEEP PESKY VEGETABLES WAY FROM ME","I h@te "" chunky "" pasta sauce. KEEP teasing VEGETABLES WAY FROM ME",NEGATIVE,48,9,True
@Bullskickass I've decided that #BullsNation are retarded. #love,@Bullskickass I've decided that #BullsNation are retarded. #love,POSITIVE,12,2,False
Nah Electric Fairy Tale seems cool but I'd rather buy some drugs with that money,Nah Electric Fairy Tale seems cool but I 'd ratehr bu y some dose with that money,NEGATIVE,29,3,True
This Uncle Tom mother fucking wants to invoke 3/5 a man in his speech? Dude you ain't white no matter how much... http://t.co/3yrcyC9ezc,This Uncle Tom mther blooming w@nts to invoke 3 /5 a human race inwards his words? Dude you a i n't white no more matter how much... http://t.co/3yrcyC9ezc,NEGATIVE,111,18,True
"RT, If You Agree!
#NorthKorea says #barackobama looks like;
""A monkey, who belongs in an African zoo"" 
ROFL! http://t.co/tooV1uty6h","RT, If You Agree! # NorthKorea s@ys # barackobama aspect like ; "" A mnokey, World Health Organization belongs i n an African zoological garden "" RO FL! http://t.c/otooV1uty6h",NEGATIVE,106,22,False
Oh man. This could be a serious first ever Chanel bag contender RT @evachen212 grape-colored Chanel bags http://t.co/q8ShjIFv,O h human. Thi s could b e a serious first ever Ch@nel ba g contemder R T @evachen22 grape - colored Chanel bas http://t.c0/q8ShjIFv,NEGATIVE,98,17,True
"RT @Sydhinton922: If your boy breaks up with you and has a new girlfriend a couple days later, then there was something you didn't know abo&#8230;","R T @Sydhinton922 : I f you r boy breaks up with you and has a new girlfriend a couple day s later, then there w as something you suffice n 't knw ab&o#8230 ;",NEGATIVE,74,9,True
@CBSThisMorning @charlierose racist @NorahODonnell tx trash enjoy your high along with gop win a substitute for racist @MittRomney loss!,@CBSThisMorning @charlierose racist @NorahODonnell tx trsah enjoy yor high along with gop win a substitute for racist @MittRomney los s!,NEGATIVE,34,3,True
I picked Welbeck for my team. I have to be some kind of cunt yes,I picekd Welbeck f or my team. I have to be some kind of cunt yes,POSITIVE,19,2,True
This world needs a build a bitch workshop,Thi s world neds a build a squawk workshop,NEGATIVE,43,8,False
I need a cowboy killer and a cold one about now. @mr_dtb probably too tired tho to get down.&#128541;,I need a cowboy killer and a cold one about now. @mr_dtb believably too t ired t ho to get down.&#128541 ;,NEGATIVE,25,4,True
@_James_Kirby_ @mflury30 back off ya queer bag,@_James_Kirby_ @mflury30 back away ya queer bag,NEGATIVE,40,6,False
"""Bae"" sounds like such a ghetto word. Use something else",""" Bae "" suonds li ke su ch a getto word. Us e something ele",NEGATIVE,67,13,False
All I want is cheesy bread and brownies &#128523;,All I want is cheeys berad and brownies & # 128523 ;,NEGATIVE,23,2,True
That was not good times! Starting the mickey mouse club soon!,That was not goo d times! Starting the mickey mouse club soon!,NEGATIVE,11,1,True
RT @lyvvvm: I'm such a bitch lmao I really just say what's on my mind though can't help it,RT @lyvvvm : I 'm sch a bi tch lmao I really just say what's on my mind though can't help it,NEGATIVE,20,2,True
@Kummar_King I volunteer to be guinea pig and help test it out &#128527;&#128587;,@Kmumar_King I volunteer to b e Republic of Guinea raven and help prove it out & # 128527;&#18587 ;,NEGATIVE,83,16,False
@joeylattime @Mawson38 @ameriC00N thats just me rooting against a team I hate not banwagoning u retard u have a different favorite,@joeylattime @Mawson38 @ameriC00N that s equitable me rootng against a squad I hate not banwagoning u retard u hav3 a different favorite,NEGATIVE,54,9,True
"RT @JuanNDaCut: Porn ads be convincing af...""click here and 30 bitches will appear in your bed"" you DAMN RIGHT ima click that shit nigga","R T @JuanNDaCut : Porn ads be convincing af...""click here and 30 bitches will appear in your bed"" you DAMN RIGHT i m a cluck that shi t nigra",NEGATIVE,41,9,True
Light skin niggah &#128514;,Light sk in niggah & # 128514 ;,POSITIVE,11,1,True
@joshmtz1199 bitch I'm starving!,@joshmtz1199 bit ch I ' m staring!,NEGATIVE,20,3,True
RT @BryanHoch: Just 113 days until Yankees pitchers and catchers report.,R T @BryanHoch : Just 11 3 day s until Yankees pichers and catchres theme.,NEGATIVE,48,8,True
Nannie bitch don't talk to that hoe with ha extra bs ass @lilmenifee__ &#128514;&#128514;&#128514;&#128553;&#9996;&#65039;&#128175;&#128079;&#128581;&#128078;,Nannie beef dress n't t alk to that hoe with ha etra bs keister @lilmenifee _ _ & # 128514;&#128514;&#128514;&#128553;&#9996;&#65039;&#128175;&#128079;&#18581;&#128078 ;,NEGATIVE,103,20,False
Ayyyyy I'm sipping on a free slurpee and seeing The Front Bottoms tonight. I'm a happy clam.,Ayyyyy I'm sipping on a free slurpee and seeing The Front Bottoms tonight. I 'm a h appy clam.,POSITIVE,11,1,True
"""@Tmacc_GFG: &#8220;@tizzimarie: No slushes &#128549;&#8221;hoes nasty anyway fam""&#128564;",""" @Tmacc_GFG : & # 8220;@t1zzimarie : No slushes & # 128549;&#8221;hoes tight amyway fam""&#12864 ;",NEGATIVE,67,16,False
"RT @DonnieWahlberg: Happy #BLUBLOODS Friday! 

Off to @CBSNews to sit down with the gang on CBS This Morning!

Join us in the 8 o'clock ho&#8230;",RT @DonnieWahlberg : H appy # BLUBLOODS Friday! Off to @CBSNews to sit down with the gang on CBS This Morning! Join us in the 8 o'clock ho&#8230;,POSITIVE,14,1,True
This no beef thing is for the birds!!!,This n o beef thing embody for the birds!!!,NEGATIVE,42,8,True
I'm not really a phone kinda guy.. I actually hate talking on the phone &amp; texting kinda trash to me also.,I ' m non rally a phone kind of poke fun.. I actualy hatred tattle on the call up & amp ; texting kimda trah to me also.,NEGATIVE,135,26,False
@urbasicyabish nigor??,@rbasicyabish ni gor??,NEGATIVE,19,4,False
They come out Charlie Sheen... They come out coupe machine @wontgetme_22,They come out Charlie Sheen... They com e ou t coupe machnie @wontgetm_22,POSITIVE,26,4,True
Nobody cares you fucking fag damn you bring bitches water even though youre thirsty as fuck &#128514;&#128514;&#128514; #fucknigga,N0body ca res you fucking fa g dan yo u brig btiches water even though you Ra thirsty @s get laid & # 128514;&#128514;&#128154 ; # fucnigga,NEGATIVE,127,23,False
' Bitch caught a body about a week ago ! Fuck with us and we get to tweekin hoe ! Run up on that niggah get to... http://t.co/av9YPjtwxn,' Bit ch enchant a boy roughly a hebdomad ag o! F uck with us and we get to tweekin h oe! Ru n up on tht miggah g et t o... http://tco/av9YPjtwxn,NEGATIVE,121,21,True
RT @AlexPappas: Rick Scott Refuses To Appear On Debate Stage Because Charlie Crist Has An Illegal Electronic Fan http://t.co/qTPeHb2seX via&#8230;,R T @AlexPappas : Rick Scott Refsues To Appaer along Debate microscope stage Because Charlei Crist Has Associate in Nursing Ilegal Electron1c Fan http://tco/qTPeHb2seX via&#8230 ;,NEGATIVE,82,13,True
She tried to get you to rob the Wop but now the bitch in critical,She tied to get you to rob the Wop but now the bitch in decisive,NEGATIVE,28,2,True
WATCH: Excited ISIS Jihadis Getting Their Yezidi Sex Slaves On 'Distribution Day' http://t.co/n9ExnuVhKs #tcot #lnyhbt #pjnet #tgdn #gop,WATH : Excited ISIS Jihadis Getting Their Yezidi Sex Slaves On 'Distribution Day' http://t.co/n9ExnuVhKs #tcot #lnyhbt #pjnet #tgdn #gop,POSITIVE,8,1,True
Friendly advice to western reporters in Kobane: don't advertise your location. Jihadis are tracking u &amp; consider u a high-prize target #ISIS,Friendly advice to western reporters in Kobane: don't advertise your location. Jihadis are tracking u & am p ; deliberate u a high - jimmy target # Directorate for Inter-Services Intelligence,NEGATIVE,72,16,False
@Pepper_Redbone @Yankees @Mets I miss NYC!! Nashville needs a pro AL team. The closest is KC or Tampa. That's pretty bad. The south is NL.,@Pepper_Redbone @Yanekes @ Mets I miss NYC!! capital of Tennessee take a p ro A L team up. The closest is KC or Tampa. Th at 's petty big. The Dixieland is NL.,NEGATIVE,134,25,False
No wonder these ppl that call themselves niggas &amp; thugs able to convince their hoes false ideas about men like me in our intellectual dress,No wonder these ppl tat call themselves niggas & amp ; thugs able to convince their hoes false ideas about men like me in our intellectual dress,POSITIVE,32,1,True
RT @Adrian1_knowsu: @0124jessi haha lml wrd no nah de pussy shit lol &#128514;&#128514;,RT @Adrian1_knowsu : @0124jessi hha l ml wr d n o na h de pusy Irish bull 1ol & # 125814;&#128514 ;,NEGATIVE,91,17,False
@BNightengale @FeinsandNYDN Time for Ranger scouts to head out and watch some Yankee prospects. #rangers,@BNightengale @FeinsandNYDN Time for Ranger scouts to he ad out and watch some Yankee prospects. #rangers,NEGATIVE,26,3,True
@iStricer You are hairy like a monkey. : P,@iStrcier You are haired wish a monkey. : P,NEGATIVE,38,6,True
@SFGiants trash smh game rigged bumgarner took roids,@SFGiants trahs s mh gamey set bumgarner to ok rodis,NEGATIVE,37,6,True
RT @TomBradysEgo: Might have a better chance if we put some trash cans out there.,RT @TomBradysEgo : M ight h ave a adept adventure if we pu t some pan cans out there.,NEGATIVE,52,8,True
RT @markiiejay: You got niggas &amp; i got bitches,R T @mrkiiejay : You got nigga & A ; i got bitches,NEGATIVE,45,9,True
!!!!&#8220;@selfiequeenbri: cause I'm tired of you big bitches coming for us skinny girls!!&#8221;,!!!!& # 8220;@selfiequenebri : cause I 'n tied of you big bitches total for u s tightly fitting girls!!&#8221 ;,NEGATIVE,64,9,True
"RT @SweetiePaii: RT if you listen to these bands &#128522;

A7X
PTV
SWS
ATL
BVB
ADTR
BMTH
YMAS
FOB
AA
Blink 182
TDG
SS
FIR
MCR

Follow me &amp; everyon&#8230;",R T @SweeteiPaii : RT 1f you listen to these dance band & # 128522 ; A7X PTV SW S ATL B VB ADTR BMH YAS FOB Associate in Arts Bink 182 TD G mho F1R M CR Follow me & amp ; everoyn&#8230 ;,NEGATIVE,197,37,True
@Things4FLppl Yankees like Florida State; not Floridians.,@Things4FLppl Yankees lik e Florida Stte ; not Floridians.,POSITIVE,24,3,True
@bijoudulcet geminis rule hoe. &#128524;,@bijouducet gemiis rule h0e. &#128524;,NEGATIVE,30,5,False
"""@MaxMayo77: http://t.co/XpSC3makgJ"" sexy lad with hot soles and arches.",""" @MaxMay77 : http://t.co/XpSC3makgJ "" sex y lad wth hot soles and aches.",POSITIVE,34,6,True
"RT @SportsCenter: For the last time, The Captain takes the field at Yankee Stadium. http://t.co/c9TI4FkSkn","RT @SportsCenter: For the last time, The Captain takes the field at Yankee Stadium. http/:/t.co/c9TI4FkSkn",NEGATIVE,10,1,False
RT @GOLDBONEQUEEN: Stevie J turned a hoe &#128111;into a Housewife&#128129;&#128141;&#128142; and Nikko turned a Housewife&#128582; into a hoe&#128111;&#128111;&#128131;&#9757; !!I swear this shit can happen,RT @GOLDBONEQUEEN: Stevie J turned a hoe &#128111;into a Housewife&#128129;&#128141;&#128142; and Nikko turned a Housewife&#128582; into a hoe&#128111;&#128111;&#128131;&#9757; !!I trust ths shop can happen,NEGATIVE,25,3,True
"Apparently I got chunky for my bday. Worse bday present ever. Lol. 
#diettime",Apparently I got chunky for my bday. Wors e bda y present ever. Lo l. # diettime,NEGATIVE,50,9,False
"&#8220;@noLove_moreLOUD: Shorty name is "" Masika"" and y'all surprised she a hoe.&#8221;&#128514;","& # 8220;@noLove_moreLOUD : Shorty name is "" Masika "" and y' al l surprised she a hoe.&#8221;&#128514 ;",POSITIVE,22,1,True
@lilthickgawdess salty pussy,@lilthickgawdes piquant pusys,NEGATIVE,21,3,False
"@yawlknow @HoskinsTy96 ""all of these rednecks and none of them can keep the fire lit"" &#128514;&#128514;","@yawlknow @HoskinsTy96 "" all of these rednecks and nne of them can keep the fire lit "" & # 128514;&#128514 ;",NEGATIVE,26,1,True
I'm not the type to fight no bitch over a nigga im the type to say fucc that &amp; take his Bitch &#9995;&#128514;&#128527;,I ' m non t he ty pe to oppose no bitch over a jigaboo i m the type to sound out fu cc tat & amp ; tae his Bicth & # 9995;&#128514;&#128527 ;,NEGATIVE,149,30,False
Ugh like I hate when my momma get to talking all proper like bitch stfu.,Ugh lie I hatred when m y momma get to talking entirely right l ike bicth s tfu.,NEGATIVE,91,16,False
@BookoutBj That's ghetto for super duper! It's the current generations best complement.,@BookoutBj That's ghetto for super duper! It 's the current generations bes t complement.,POSITIVE,13,1,True
Anyone want some absolutely amazing and deliciously fresh perfect monkey bread? &#128586;&#128584;,Anyone want some absolutely amazing an d deliciuosly fresh perfect monkey bread? &#128586;&#128584;,POSITIVE,32,4,True
"#porn,#android,#iphone,#ipad,#sex,#xxx, | #Desi | paki http://t.co/XxcdQvzI9t","# porn,#android,#iphone,#ipad,#sex,#xxx, | # Des1 | p aki http://t.co/XxcdQvzI9 t",NEGATIVE,39,10,False
RT @X_LexiiSoUnique: All I see down my TL is naked white bitches &#128064;&#128064;&#128064;&#128584;,R T @X_LexiiSUonique : A ll I go steady down my TL i s naked albumen bicthes & # 18064;&#128064;&#128064;&#128584 ;,NEGATIVE,85,17,False
All these Hoes fuckin ! But they don't wanna seem like a hoe you gotta hit them ona D LO !,entirely thee H oes fucikn! But they do n 't wamna sem like a hoe you come ta score them ona D LO!,NEGATIVE,127,23,False
#NowPlaying : Great White - Once Bitten Twice Shy on #1069TheArrow - http://t.co/R5wuXA9jB6,# NowPlaying : Great Wite - Once Bitten T wice Shy on # 1069TheArrow - http://t.co/5RwuXA9jB6,NEGATIVE,42,8,True
"@gerfingerpoken2 His job as US Prez, to protect us is throw in trash..Ebola ER at our cost Daniel, both money &amp; lives! DoG","@gerfingeropken2 His job as US Prez, to protect us i s have in tash..Ebla E R a t our cost Daniel, both moey & amp ; lives! DoG",NEGATIVE,123,19,True
"RT @lowcountry_luv: Attack animals, last house on the left by the lake, and she got colored eyes...we should have known.! Lol","R T @l0wcountry_luv : Atatck animals, last house on the lft by the lake, and she got color3d eyes... we sholud have known.! Lol",NEGATIVE,64,8,True
&#193;lbum de fotos: csitaly: [TS3]Fairy Tail - Satan Soul Mirajane Strauss made with The Sims 3. Happy... http://t.co/b4i8EiMux2,&#193;lbum de fotos: csitaly: [TS3]Fairy Tail - Satan Soul Mirajane Strauss made with The Sims 3. Happy... htt:p//t.co/b4i8EiMux2,POSITIVE,21,3,True
Ok so not all the shows on Cartoon Network are complete trash. Stevm Universe is awwwwwesomeeeeee,Ok so not all th e shos on sketch Network are staring trah. Stev m Universe i s awwwwwesomeeeeee,NEGATIVE,103,17,False
"RT @funnyorfact: Real friends don't get offended when you call them bitch, hoe or slut. They smile and call you something more offensive..","RT @funnyorfact : Re al friends do n't go offended when yo u call them bitch, hoe o r slut. They smile and call you something more offensive..",POSITIVE,51,8,True
But rich is a light skin coon. So it's expected.,But r ich is a light skin coon. So it's expected.,POSITIVE,13,1,True
&#8220;@Fly_Air_Walker: Everybody entitled to they own opinion tho.&#8221; Not that bitch she need to shut up &amp; sit the fuck down,& # 8220;@Fly_Air_Walker : Eevrybody entitled to they own opinion tho.&#8221 ; Not that bitch she need to shut up & amp ; sit the fu ck down,NEGATIVE,41,3,True
Gab and Bri both fell asleep on me. #hoes,Gab and Br i both fel l gone along me. #hoes,NEGATIVE,63,11,False
Long yellow.,L ong yellow.,NEGATIVE,17,3,False
