original_text,adversarial_text,original_label,requests_number,num_perturbed,attack_sucessful
RT @kitcoskjones: im soooo over having a bitch it aint EVEN funny lbs....,RT @kitcoskjones : i m sooo ovr having a bit ch it ai mt EVEN funny lbs....,LABEL_0,36,4,True
I say we all do a big fat line of meth after the finale...come on you pussies :P #GoodbyeBreakingBad,I say we all do a big productive line of meth after the finale... come on you pussies :P #GoodbyeBreakingBad,LABEL_0,29,1,True
Watching #Steelers colts getting blinded by the Steelers uniys look like bunch of bumblebees,Watching # Steelers colts getting blinded by the Steelers uniys look like crew of bumblebee,LABEL_0,28,2,True
Can Charlie Crist pull one over on Rick Scott? Well he did pull one over on #floridaprimary dems tonite. #TPOT #Election2014,posterior Charlie Crist pull unitary over on Rick Sott? good he did pull one over on # flridaprimary dems tnoite. # TPOT # Electon2014,LABEL_1,143,26,False
"""@angelenagoley: 10 sex positions http://t.co/nt3PABMWsm http://t.co/JmHZ8Sczf0""naw this what u call fucking the soul outta bitch &#128557;",""" @angelenagoley : 10 sex positions http://t.co/nt3PABMWsm http://t.co/JmHZ8Sczf0""naw this what u call crashing the soul outta b itch & # 128557 ;",LABEL_0,30,2,True
@KiaraSmallzz lmaoo &#128514;&#128149;I think I want this bitch YA me tiene cansada but thanks &#128536;wait hold up ... Who u fighting &#128563;,@KiraaSmallzz lmaoo & # 128514;&#128149;I think I want this bitch YA me tien e cansada but thanks &#128536;wait hold up ... Who u fighting &#128563;,LABEL_0,40,5,True
RT @AP_Noticias: #&#218;LTIMAHORA El republicano Charlie Baker elegido gobernador de Massachusetts. #Election2014 #APracecall http://t.co/qkbWQ&#8230;,RT @AP_Noticais : # & # 218;LTIMHORA El republicano Charlie bread maker elegdo gobernad0r d e Massachusett$. # Election2014 # APrcaecall http://t.co/qkbWQ&#8230 ;,LABEL_1,105,22,False
"RT @LauraBehnke: #Yankees fans having flashbacks! RT @WCCORosen: @LauraBehnke You remember THIS Phil Hughes! It's already 4 to 0, still no &#8230;","RT @aLuraBehnke : # Yankees fams having flashbacks! RT @WCCORosem : @LauraBehnke You remember THIS Phil Hugehs! It's already 4 to 0, still no &#8230;",LABEL_1,100,19,False
Damn Charlie Wilson is still around?,Damn Charlie Wilson 1s st ill around?,LABEL_0,26,4,True
"Always wanted to fuck that bitch, thank you god I fucked that bitch","Always wanted to ass that bitch, thank you god I know tht bithc",LABEL_0,40,5,True
"RT @MindOnSuccess_: My mother be on some trash man &#128514; I ask her EVERYDAY, you need/ want some money? She say ""Naw I'm good!"" But come payday&#8230;","RT @MindOnSuccess_: My mother be on some tra sh man & # 128514 ; I ask her EVERYDAY, you need/ want some money? She say ""Naw I'm good!"" But come payday&#8230;",LABEL_0,29,1,True
"I didn't know my nig G-Eazy had reached a million views on one of his songs, haha that's crazy","I did n't know my nig G - Eazy had reached a million views on one of his songs, ha ha that 's crazy",LABEL_2,28,1,True
@CBSThisMorning @charlierose @NorahODonnell tx trash your show was a disgrace this AM engaging w @MittRomney disrespecting the President,@CBSThisMorning @charlierose @NorahODonnell tx trash your show was a digsrace this AM engaging w @MittRomney disre$pecting the President,LABEL_0,30,2,True
I openly admit to being the level of white trash that will drive across town to the gas station with free hot dogs &amp; half price drinks.,I openly admit to being the level of white t rash that will drive across town to the gas station with free hot dogs & amp ; half price drinks.,LABEL_0,34,1,True
RT @wittybigtwittys: I use the word cunt very loosely,RT @wittybigtwittys : I use the wor d cun t very loosely,LABEL_0,19,2,True
@sportsdude53 haha not you. Just getting shit from everyone else when my second favorite team is the redlegs.....,@sportsdude53 haha not you. Just getting s hit fro m everyone else wen my second favorite team is the redlegs.....,LABEL_0,30,3,True
You're like a lucky leprechaun with a charmed day on your hand... More for Gemini http://t.co/2nx6NlOxOe,You 're like a luck y leprechaun with a charmed day on your hand... More for Gemini http://t.co/2nx6NlOxOe,LABEL_2,19,1,True
but shawty you not a bitch you the one I get money wid,bu t shwty you n ot a bitch y ou th e one I get mony w id,LABEL_1,57,9,True
RT @BurgerKing: Chicken Fries. @Oreo Shake. Perfection. http://t.co/PdiGLRbhJZ,RT @BurgerKing: Chicken Fries. @Oreo Shake. Perfection. http://t.co/PdiGLRbhJZ,LABEL_2,4,0,False
Not a word on Jihadi stream about the Kurdish female suicide bomber in Kobane. That story undermines their mythology on several levels.,non a word on Jihadi stream about the Kurdish female sicide bomber in Kobane. Tat stroy underminse the1r myhtology along sevral lveels.,LABEL_0,77,11,True
"RT @Allan_Son: I got gatorades, Twinkies, rice puddings, Pringles, and cookies &#128525;&#128555;","RT @Allan_Son: I got gatorades, Twinkies, rice puddings, Pringles, and cookies &#128525;&#128555;",LABEL_1,87,20,False
Some hoes that tweet just make me mad lol,Some hoes that tw eet j ust ma ke m3 ma d lol,LABEL_0,33,5,True
Keep those away frm Charlie Day RT @JhonenV: Just once in my life I'd like for someone's favorite part of my body to be my disgusting knees.,Keep those away frm Charlie Day RT @JhonenV : Just once in my life I 'd like for someone 's favorite part of my body to be my disgustng knes.,LABEL_0,41,2,True
@ElyssaJankowski @ComedyTextings haha she a stupid hoe,@ElyssaJankowski @ComedyTextings haha she a stupe h oe,LABEL_0,16,2,True
Fuck dat bitch,Fuc k dat bi tch,LABEL_0,21,3,False
"One of my favorite songs. ""There's a man on the shoreline with a white parakeet trying to make his bird go home."" http://t.co/bQ3CBIPk6s","O ne of my favor1te s ongs. ""There's a man on the shoreline with a white parakeet trying to make his bird go home."" http://t.co/bQ3CBIPk6s",LABEL_2,22,3,True
S/O to my Luu's. These are down bitches! Don't fuck with them.,S/O to my Luu's. These are down backbite! arrange n't fuck wih tem.,LABEL_0,48,7,True
This niggga said I be branding bitches &#128569;&#128514;&#128514;&#128514;&#128514;&#128527;,Thi s nigga sai d I equal branding bitches & # 128569;&#128514;&#128514;&#128514;&#128514;&#128527 ;,LABEL_0,39,9,True
got my bitch in her whip coming to pick me up,g ot my bitch in her whip comign to pick ne up,LABEL_0,45,7,True
RT @K1mb0Slyc3: Me too! &#8220;@WhatsAshirt: Defiantly going to see that new planet of the apes tonight&#8221;,RT @K1mb0Slyc3 : Me too! & # 8220;@WhatsAshirt : Defiantly going to se e that new planet of the apes tonight&#8221 ;,LABEL_2,26,1,True
After tonight&amp;&amp; many more nights to come!! I will show you what a cold hearted bitch can do!!! #donefeedup #solo,After tonight&amp;&amp; many more nights to come!! I will show you wht a cold heartde bitch can do!!! #donefeedup #solo,LABEL_0,32,3,True
Aint no hoe in blood,Ai nt no hoe in b lood,LABEL_0,10,1,True
Hahahaa so people can't parent differently...? Twitter is fuckin trash ahahahha http://t.co/b6koSBMzBz,Hahahaa s o people ca n't parent differently...? Twittre i s fucin t rash aahhahha http://t.co/bkoSBMzBz,LABEL_0,51,7,True
anybody want any sugar maple saplings? I have about 50 popping up in Heidi's hillbilly beach. me and emm's planted two Friday.,anbody deficiency any sugar maple sapling? I have about 50 popping up in Heidi's hillbilly beach. me and emm 's planted two Frday.,LABEL_1,153,27,False
RT @hilaryde92: Always a fat bitch in the handicap spot but never a dude in a wheelchair.,RT @hilaryde92 : Always a f at bitch in the handicap spot but never a dude in a wheelchair.,LABEL_0,23,1,True
"I named my penis ""The Truth"" because bitches can't handle it.","I named my penis "" The Truth "" because bitces ca n 't handle it.",LABEL_0,25,2,True
RT @JesusMVela: &#8220;@Enriquuee_: @JesusMVela @wigga32 fucking pussy that's why&#8221; exactly. Let me @ the nigga @RyanMattheww7 were talking about &#8230;,RT @JessMVela : & # 8220;@Enriuquee _ : @JesusMVela @wigga32 fucking pusy that ' s why&#821 ; eactly. Let me @ the nigga @RyanMattheww7 were talking about &#8230;,LABEL_0,84,18,False
"@Blackman38Tide Ha bitch, I'm pickin' up beach babes left n right on the West Coast http://t.co/lDXNpohLyD","@Blackman38Tide H a bitch, I 'm pickin ' up beach babes left n right on the West Coast http://t.co/lDXNpohLyD",LABEL_1,23,1,True
@gezus__ you gunna let that bitch do you like that?,@gezus__ you gunna let tht bitch do you like tat?,LABEL_0,21,2,True
"""@kazooook: We actin like it's the 7th day @WesGodLaFlare http://t.co/s9gMtEvpaT""
&#128123;spook",""" @kazooook : W e actin lie it 's the 7th day @WesGodLalare http://t.co/s9gMtEpvaT "" & # 12823;spook",LABEL_1,85,17,False
&#8220;@coltscommunity @Pacers @nflcolts @indystar #CHUCKSTRONG #GoldSwagger http://t.co/6q5wm3VU&#8221; thats awesome &#127936;+&#127944;=&#128077;&#128076;&#9757; #hoosiers,& # 8220;@coltscommunity @Pacers @nflcolts @indystar # CHUCKSTRONG # GoldSwagger http://t.co/6q5wm3VU&#8221 ; t hat s awesome & # 127936;+&#127944;=&#128077;&#128076;&#9757 ; # hoosiers,LABEL_2,25,1,True
RT @kamaalrkhan: Sir @ArvindKejriwal career tho apka waise bhi khatam ho chukka. You have become new Amar Singh so try for publicity #Kejr&#8230;,RT @kamaalrkhan : $ir @rvindKejriwal c@reer t ho apka waise bhi khatam h o chukka. You have become n ew Amar Singh indeed tr y for publicity # Kejr&#8203 ;,LABEL_1,151,27,False
@josh_sclafani You're also a better little bitch,@josh_sclafani You 're also a better litle bitch,LABEL_0,14,2,True
iggy wanna be black so bad. ur a white widow hoe,ig gy wanna be black s o bad. ur a Edward White wdow ho3,LABEL_0,44,7,True
"RT @goodmanwood: Rise+Rhyme #snowpatricksday @busboysandpoets: ON in the AM! Wear your green, dance a jig &amp; sing a lively tune w/ me!
http:&#8230;","RT @goodmanwood: Rise+Rhyme #snowpatricksday @busboysandpoets: ON in the AM! Wear your green, dance a jig & amp ; sing a liely t une w / me! http:&#8230;",LABEL_2,33,3,True
I'm with 3 bitches &amp; 2 of em mix,I 'm with 3 bitches & amp ; 2 of em mix,LABEL_0,16,1,True
"He died for a reason RT @ShyThugg: ""@viaNAWF: I didn't follow you back cuz you fat, bitch. Foh large hoe."" Jesus ain't pleased fam","He did for a reason R T @ShyThugg : "" @viNaAWF : I did n 't follow yo u back cuz y ou fat, btich. Foh large hoe."" J esus ai n 't p1eased fa m",LABEL_0,142,28,True
Parsons trash,parson tras h,LABEL_0,11,2,True
"Tell them hoes ""I'm all friended out""","Tell them hoes "" I 'm all friended out """,LABEL_0,14,1,True
"RT @Factsionary: Pink ""albino"" dolphins are extremely rare but do exist in the wild. http://t.co/gWyLpgC9lP","RT @aFctsionary : Pnk "" ablino "" dolphins are extremely rare bu t do exist i n the wild. http://t.co/gWyLpgC9lP",LABEL_1,50,7,True
@BitchMedia what's up my bitches?! Shout out from your momz in Cali! Keep doin what u do. #loveit,@BitchMedia what's up my bitches?! Shout out from your momz in Cali! Keep doin what u do. # lvoeit,LABEL_2,11,1,True
"But bitch you gon shave or wax that pussy before I bless it, Foh.","But bich you gon shave or wax that pus sy before I bless it, Foh.",LABEL_0,25,2,True
"Do birds have dongs? How do they mate? Help me, I'm an adult who doesn't know how animal sex works!!!","Do birds have dongs? How do they mate? Help me, I 'm Associate in Nursing grownup who does n' t k now how anial sex wo rks!!!",LABEL_0,50,6,True
#Yankees Pineda needed that 6'7. Great play!,#Yankees Pineda needed that 6'7. Grea t play!,LABEL_2,8,1,True
"RT @IllusiveHaven: shhhh&#8230;
wrap yourself around me
let me kiss the bruises on your heart
lick your unhealed wounds
and taste the raw wild ho&#8230;",R T @IllusiveHaven : shhhh&#8230 ; wrap yourself around m e let m e kss the bruises on your haert lick your unhealed wounds and taste t he r aw wild ho&#8230 ;,LABEL_1,62,7,True
"Don't dance, Iggy. It's trash just like your music.","Don't dance, Iggy. It ' s trsh just like your music.",LABEL_0,18,2,True
smh RT @uglyhxes Tyga shoulda knew Blacc Chyna was a hoe when his son crip walked out her pussy.,smh RT @uglyhxes Tyga sohulda knew Blacc Chyna was a h0e when his son crip walked out her puss y.,LABEL_0,34,3,True
@Oskzilla @yaseenxkahn sleep niggah! Lol,@O$kzilla @ysaeenxkahn sl3ep niggah! Lol,LABEL_1,30,5,False
RT @Venus_Lynn: &#8220;@dylxnl: look ghetto but it work http://t.co/chrvW9dPca&#8221;&#128557;&#128557;&#128557;&#128557;&#128557;&#128557;&#128557;&#128557;&#128557;&#128557;,RT @VenusL_ynn : & # 8220@;dylxnl : look ghetto but i t wo rk http://t.co/chrvW9dPca&#8221;&#128557;&#128557;&#128557;&#128557;&#128557;&#128557;&#128557;&#128557;&#128557;&#128557 ;,LABEL_1,48,11,True
"RT @MetalHammer: Are you in London this evening? 
Well ex-Iron Maiden member, Tony Moor, will be busking outside Balham train station from &#8230;","RT @MetalHammer : Ar e y ou i n Lonodn this evenign? Well ex-wife - Irn Maidne member, Tony Moor, wll be busking outside Balham tr@in $tation from & # 820 ;",LABEL_1,165,32,False
Serious question: what do white boys pull up on bitches bumpin?,Serious question : what behave white boys pull up on bitches bmupin?,LABEL_1,28,4,True
@Drfreezeburnn That's not bias. It's an objective fact that Philly fans are cunts.,@Drfreezeburnn That's not bias. It 's an objective fact that Philly fans are cu nts.,LABEL_0,16,1,True
"""I used to dress up like a cop too.""
""Oh really?""
""Yeah...right after 9/11...mad pussy.""
""Really?""
""Yes...I'll NEVER FORGET.""","""I used to dress up like a cop too."" ""Oh really?"" "" Yeah... right after 9/1 1... mad pussy. "" ""Really?"" ""Yes...I'll NEVER FORGET.""",LABEL_0,19,1,True
@tweetstar10 Saw that there's a 15&#176; slope to the wire? That enough for a zip-line? #businessopportunity,@tweettsar10 Saw that th3re '$ a 15&#176 ; slop3 t o th e wire? That en0ugh f0r a z ip - lie? #businessopportunity,LABEL_1,98,18,True
RT @JuanNDaCut: When twitter rappers dm me their trash links http://t.co/yck16ZiNZZ,RT @JuanNDaCut: When chirrup rappers dm me th eir trash links http://t.co/yck16ZiNZZ,LABEL_0,19,2,True
@jesstoth we could get matching burner phones and be ghetto fab for a few months,@jesstoth we could get matching burner phones and b e ghetto fab for a few months,LABEL_2,19,1,True
All these faggot fell asleep on me,All thes e fgagot fell at rest on me,LABEL_0,21,3,True
@yfly23 mock draft?,@fyly23 mock daft?,LABEL_1,16,3,True
That was trash. I'm just gonna put my phone down. Goodnight,That was tras h. I'm just gonna put my phone down. Goodnight,LABEL_0,10,1,True
Pull up on a nicca #Bored,take out up on a nicca # Bored,LABEL_1,15,1,True
"RT @ZekeJMiller: RT @MarcACaputo: ""I've met few people in politics that I disrespect more than Charlie Crist,"" --Rudy Giuliani","RT @ZekeJMiller : RT @MarcACaputo : "" I 've met few people in politics that I disrespect mor e tan Cahrlie Crist, "" --Rudy Giuliani",LABEL_0,41,3,True
Let's run a train on this bitch,Let 's run a train on t his bi tch,LABEL_0,17,2,True
@wboundurant92 like I said drose needs to stop being a pussy lol,@wboundurant92 like I said drose needs to stop bei ng a pusy lol,LABEL_0,21,2,True
"""I'll slit your throat-neck"" http://t.co/ChFFSDeDdd",""" I 'll s lit your throat - neck "" http://t.co/ChFFSDeDdd",LABEL_0,14,1,True
RT @mitrebox: At this point every voter in Florida has voted both for and against Charlie Crist.,R T @mitebox : At this point every voter in Florida has voted bot h for and against Charlie Crits.,LABEL_1,48,6,True
"""For every bad bitch there is a nigga tired of fucking her""",""" Fo r ever y ba d gripe there is a nigg a t1red of screwing h3r """,LABEL_0,75,14,False
RT @s_devante: That moment were u friend zone a bitch at 3am for calling u# do u now way time it is please gtf out my face#rich homie quan &#8230;,RT @s_devante : That moment were u friend zone a bit ch at 3 am for calling u # do u now way time it is please gtf out my face#rich homie quan & # 8230 ;,LABEL_0,40,1,True
RT @hildismom: MT @jjauthor: US ghettos-driven by liberal ideology; http://t.co/6ONYrmggND #RedMeat,R T @hildismom : MT @jjauthor : US ghettos - driven by liberal ideology ; http://t.co/6ONYrmggND # RedMeat,LABEL_0,22,2,True
@greekkid31 @TaraSetmayer @TheWillDunne yes true reagan was the first..ike wouldnt. While president and he was supreme allied commander.,@greekkid31 @TaraSetmayer @TeWillDunne ye$ honest reaagn was the fisrt.. ike would n t. W hile president and he w@s $upreme confederate conmander.,LABEL_1,137,23,False
"@Claudialena8 she wasn't saying she did, but yes me and Kannon have both been in the ghetto and know what it's like so u look dumb.","@Claudialena8 she was n't saying she did, but yes me and Kannon have both b een in the getto and know what it 's like so u l ook dumb.",LABEL_0,54,5,True
RT @gab_mccarthy: @rosestokoe @JuliaMarie892 @_suline @violetethompson @CAmatuzzo but then there's the yellow writing on the black jerse ...,RT @gab_mccarthy : @rosestooke @JuliaMarie892 @_suline @viletethompson @CAmauzzo but then there '$ the yellow writing on the bl@ck jerse...,LABEL_1,121,20,False
"@Zonozi @QuantRyse @Hockeypuck55 Classic drunk Carter texts never fail. Hey stfu I'm coming over. Oops, I'm here come the fuck outside bitch","@Zonozi @QuantRyse @Hockeypuck55 Classic drunk Carter texts never fail. Hey stfu I'm coming over. O0ps, I 'm hre come the piece of tail outside bit ch",LABEL_0,38,6,True
A pharaohs nd his angry bird http://t.co/jMC2eR32Ka,A pharaohs n d his angry bi rd http://t.co/jMC2eR32Ka,LABEL_1,16,2,True
@_icantmiss Boys still got birds in the cage? Lol,@_icantmiss Boys still convey birds in the batting cage? Lol,LABEL_1,54,9,False
Old lady went to pay and reached all the way over my plate. Hate eating on bar countertops. Stupid white bitch.,Old lady went to pay and reached all the way over my plate. Hat e eating on bar countertops. dazed whitened kick.,LABEL_0,33,5,True
"""@lildurk_: I can turn yo bitch into a eaterrrrrrrrr""",""" @lildurk _ : I can turn yo bitch ito a eaterrrrrrrrr """,LABEL_0,57,13,False
@Ant_Dgk @Buckm00se @ChainskiBum would this faggot survive in TJ?,@Ant_Dgk @Buckm00se @ChainskiBum would th is faggot suvive in TJ?,LABEL_0,20,2,True
How you like them apples you pineapple bitch?,H ow y ou like th em aples yo u pineapple bitc h?,LABEL_0,43,7,True
"LMFAO, stupid bitch tells me at the door they already started, and to come back.&#128514;&#128514; UMMMM NAH","LMFAO, stuid bitc h tells me at the door they already started, and to come back.&#128514;&#128514 ; UMMMM NAH",LABEL_0,29,2,True
"Laat Zihni Ozdil met rust jullie gemene trollen, hoe durven jullie zijn mening in twijfel te nemen! Zijn zegje is wet en*kuch**kuch*. .water","L aat Zihi Ozdil m et ru st jullie gemene troll3n, hoe durven jullie zijn mening im twijfel t e neemn! Zjn zege is wet en*kuch**kuch *..ater",LABEL_1,151,27,False
"This guy is nits&#8220;@Lucci_Dpc: i learn new things every day, u the only one still talkin bout jim crow. There go that republican hypocrisy&#8221;","This guy is nits&#8220;@Lucci_Dpc: i learn new things every day, u the only one still talkin bout jim crow. There go that republican hypocris&#8221 ;",LABEL_0,12,1,True
@jacksparenohoe hotter than a pussy in a pepper patch....who makes this shit up anyways...?,@jacksparenohoe hotter t han a pssy in a pepper patch.... who ma kes thi s s hit up anyways...?,LABEL_0,42,5,True
#BlessJesus The #Crown of HIS head to the sole of HIS feet,# BlessJesus The # Crown of HI S head to the sole of H IS feet,LABEL_2,25,4,True
"Oh Yahweh, your hand is upon me, your shadow hovers over me.For your sake, The House of Ysrah'al mock me all day long http://t.co/wXEs0DQRP9","Oh Yahweh, your hand is upon me, your shadow hovers over me.For your s ake, The House of Ysrah'al mock me all d ay long http://t.co/wXEs0DQRP9",LABEL_0,24,2,True
"@karmendanielle_ aka he wanna keep you warm, shoulda just introduced himself #coons","@karmendanielle_ aka he wanna k eep you w@rm, shoulda just introduced himself # coons",LABEL_1,23,2,True
it's 2014 bitches need to be ready for the D fellaz! Don't play they games! Let that high school tease shit last a day. #swag,it's 2014 bitches need to be ready for the D fellaz! Do n 't play they games! Let tat mellow schoo1 tea se sh it utmost a day. #swag,LABEL_0,66,11,True
Can't stop eating graham crackers,C a n't stop eating graham crackers,LABEL_2,10,1,True
A miserable bitch is on the docket today. Lois 'Misery' Lerner better get grilled. The ordered harassment was undeniable. #breakherdown #war,A msierable beef comprise along the docket tod ay. Lois ' Msery ' Lerer better get grill3d. The ordered harssment was unden1able. #breakherdown #war,LABEL_0,109,20,True
RT @Smart_Cookie86: If I had to pick a President of the Uncle Tom association I would pick Larry Elder.,RT @Smart_Cookie86 : If I had to p1ck a President o f th e Uncel turkey cock tie I would pick Larry Eld3r.,LABEL_1,72,13,True
#uppers loving the show this morning. Chris is directing the conversation beautifully. Make the teabaggers talk!,# uppers loivng th e sh ow this mornig. Chr is is directional the converastion beautiully. Make the teabaggers talk!,LABEL_2,70,12,True
@BetoDavidThomas @JesseCanon bitch my mom didn't call you,@BetoDavidThomas @JesseCanon bitch my mom did n't cry you,LABEL_0,17,1,True
"RT @medzzzx: *claims hoes don't exist* 

*uses hoe in her name* http://t.co/tSNzJgPye4",RT @medzzzx : * claims hoes do n't exist * * uses h oe in her name * http://t.co/tSNzJgPye4,LABEL_0,22,1,True
&#9733; BEST ASIAN MASSAGE ON THE Brooklyn Park slope --TOP RATED SPA &#9733;718-622-0221 - 24 http://t.co/saWpjDtIGN,& # 973 ; BEST ASIAN MSSAGE ON THE Brooklyn Park slope --TP RATED SPA & # 9733;718 - 622 - 0221 - 24 http://t.co/saWpjDtIGN,LABEL_2,40,3,True
My Lil cousin been locked up for 2 years for beating a bitch with. Metal bucket,M y Lil cousin been engage up for 2 yea rs for beating a bit ch with. Metal bucket,LABEL_0,35,4,True
"RT @AdviceToWriters: A bird doesn't sing because it has an answer, it sings because it has a song.
MAYA ANGELOU

#poetry #writing","RT @AdviceToWriters : A bird get along n' t s ing because it has an answer, it sings because it has a song. MAA ANGELOU # poerty # writing",LABEL_1,96,19,True
"RT @I_AM_YOUNGPAPER: ""@Shane_A1: @I_AM_YOUNGPAPER boy wat in dat bitch eatin lunch err other day""Im Tellin Ya","RT @I_AM_YOUNGPAPER: ""@Shane_A1: @I_AM_YOUNGPAPER boy wat in dat bitch eatin lunch err other day""Im Tellin Ya",LABEL_0,3,0,False
Ruley a bitch ry,Ruley a bitc h ry,LABEL_0,8,1,True
"Black guy in class: *attempts to throw a paper ball into the trash*
*misses* 
Mrs. Mundy: ""You're a disgrace to your race, Marcus""
&#128514;&#128514;&#128514;","Black guy in class : * attempts to thr ow a paper ball into the trash * * misses * Mrs. Mundy : "" Yo u 're a disgarce t0 yur race, Marcus "" & # 128514;&#128514;&#128514 ;",LABEL_0,61,5,True
hot nigga is just as big as I don't like was. bobby bitch nice too RT @BLASTography: @WaymoTheGod he won't tho,hot nigg@ is just as big as I do n't like was. bobby bitch nice too RT @BLASTography: @WaymoTheGod he won't tho,LABEL_0,27,3,True
"@Liveitupjersey yeah...I try NOT to follow them ZULU looking bitches. 
#muslims FLAT OUT NO WAY!
I use my sheets on my bed, NOT MY HEAD!","@Liveitupjersey yeah...I try non to follwo tem ZULU front bitcehs. # muslis FLA T OUT N O WAY! I use my sheets on my bed, NOT MY HEAD!",LABEL_0,86,15,True
Winking emoji? I'm about to fuck her right in the pussy,Winking emoji? I 'm abo ut to bonk her rig ht in th e pussy,LABEL_0,41,7,True
@thereal_EMandM ain't like I have anything to do bitch boy lol.,@thereal_EMandM ai n't like I have anything to do b itch boy lol.,LABEL_0,37,5,True
@JustTooMuchCake Lmao. it bel ike that nowadays,@JustTooMuchCake Lmao. i t bel Dwight David Eisenhower that nowadays,LABEL_1,49,8,False
"@stevedischiavi Thanks 'Walking Dead' Bro Steve For Mend..USMC ""Come on you son-n-bitches you want to live forever""! DoG","@stevedischiavi Thanks ' Walking Dead ' Bro Steve For M end.. USMC "" Come on you son - n - bitches you want to live forever ""! DoG",LABEL_2,34,2,True
@BolandDrummer I have never once in my life been to a 'coffee shop' like Starbucks. I am a hick though.,@BolandDrummer I have never once in my life been to a 'coffee shop' like Starbucks. I am a hick though.,LABEL_0,3,0,False
@hayyllss Merry Christmas Hun ! &#127877;&#127876;&#10084;&#65039;,@hayyllss Merr y Christms Hun! &#127877;&#127876;&#10084;&#65039;,LABEL_2,15,2,True
"RT @LovelyMariiee: ""@GinaSanabria_: Exes swear they can do better, then you see their next bitch ..... &#128514;&#128514;&#128514;&#128553;&#128553;&#128553;&#128514;&#128514;&#128514;&#128514;&#128514;&#128514;&#128514;&#128553;""","RT @LovlyMariiee : "" @GinaSanabria _ : Exes swear they can do better, then you see their next bitch ..... &#128514;&#128514;&#128514;&#128553;&#128553;&#128553;&#128514;&#128514;&#128514;&#128514;&#128514;&#128514;&#128514;&#128553;""",LABEL_1,30,7,False
"Every time I play a Patapon game and hear the ""Ushishi Theme"", I think of a beatboxing monkey. ""YO YO YO GET UPPA!!!""","Every time I play a Patapon game and hear the "" Ushshi stem "", I think o f a beatboing monkey. "" Y O YO YO GET UPPA!!! """,LABEL_1,122,25,True
Night niggers,Nigth niggers,LABEL_0,15,2,False
"Virtually zero protections for LGBTQ persons in Alabama. Not a lot of acceptance, either. Think about queer Alabamian kids today?","Virtualy zero protecions for LGBTQ persons inward Alaabma. Not a shell out o f acceptance, either. Think about queer Alabamian kids today?",LABEL_0,74,11,True
@_TheBlackNerd wyd fag,@_TheBlckNerd wyd fag,LABEL_1,21,3,False
Traffic in the gables &lt;&lt;&lt;&lt;&lt;&lt;&lt;&lt;,Traffic in the gables &lt;&lt;&lt;&lt;&lt;&lt;&lt;&lt;,LABEL_0,37,7,False
"I would like to test and see how long your tongue really is, my lady. [eggplant emoji] @Tinashe","I wuold like to tet and see how log your glossa really is, my noblewoman. [eggplant emoji] @Tinashe",LABEL_1,69,11,True
@O_ShitItsLaura haha because I'm too cool for them hoes lmao jk I got reported supposedly that I was a fake account &#128554;,@O_ShitItsLaura haha becaues I 'm too cool f0r them hoes lmao jk I got reported supposedly that I was a fake account & # 128554 ;,LABEL_0,39,3,True
Like I can't have niggas thinkin ho-tep talk time is apart of my party sets.,Like I ca n't have niggas thinkin ho - tep talk time is apart of m y party sets.,LABEL_0,24,2,True
22 talented drivers RT @garrisonstudio: I am really glad there haven't been any yellows. But why haven't there been any yellows??,22 talented drivers RT @garrisonstudio : I am really gla d there have n't been any yellows. But why haven't there been any yellows??,LABEL_2,22,1,True
City highway skyscrapers building lights yellow blue http://t.co/kOC9uYBFqV,City higway skyscrapers building visible light yel1ow juicy http://t.co/kOC9YBFqV,LABEL_1,51,8,False
RT @BroadDayJay_: Fellas remember to stock up on thermals and Timbs before the dykes buy them all,RT @BroadDayJay _ : chap remember to sock up on themals and Timbs before the dykes buy them all,LABEL_1,40,5,True
Thou shall not mock Ryan(the future)Kelly,one thousand shall n ot mock Ryan(the future)eKlly,LABEL_1,39,6,False
"@SoftestMuffin @_tee13 @TorahBlaze at the end of the day, they call yo dumb ass monkey, picka'nanny hoe. But u luv them white devils","@SoftestMuffin @_tee13 @TorahBlaze at the end of the day, they call yo dub can monkey, picka'nanny hoe. But u luv them white devils",LABEL_0,31,2,True
"RT @seansteiger31: I don't gang bang ho, I jus gang bang these hoes &#128299;","RT @seansteiger31 : I do n't crew bang ho, I jus bunch bag these hoes & # 128299 ;",LABEL_0,55,11,True
@FattyyTooRaw well Ontario is like kind of a dump now that the ghetto moved here since its cheaper to live here so.. &#128514;,@FattyyTooRaw well Ontario i s like kind of a dump right away that the ghetto moved here since its cheaper to live here so.. & # 128514 ;,LABEL_0,36,2,True
#StopWhitePeople RT @ABC7: 9 cases of West Nile virus infections reported in Orange County this year; 105 dead birds found carrying virus,# StopWhiteP3ople RT @ABC7 : 9 cases of West Nle virus infections reported in Orange County this year ; 105 absolutely bids set up behave vir us,LABEL_0,86,13,True
RT @thachosenkid321: @DonQuixtote he trash tbh #StartMikeVike,RT @thachosenkid321: @DonuQixtote helium trash t bh # StartikeVike,LABEL_0,36,6,False
This game on some shit!! Haha playing that hoe high had me and my nigggs trippen haha,This game on some sit!! Haha playing that hoe high had me and my nigggs trippen haha,LABEL_0,13,1,True
@Lov3Tadaisha &#128514;&#128514;&#128514; a box full of yellow crayons.,@Lov3Tadaisha & # 128514;&#128514;&#128514 ; a boxful full of lily-livered craons.,LABEL_1,55,12,False
"RT @TheAsaCrawford: You shoulda learned how to bake, cuz bitches love cake","RT @TheAsaCarwford : You shoulda erudite how to broil, cuz bitches love cake",LABEL_1,32,3,True
"@kboydee like some of the ""worst"" lyrics they post are beautiful but just because they don't know what they're talking about, it's ""trash""","@kboydee like some of the "" wor st "" lyrics they post are beautiful but just because they do n't know what they 're talking about, it 's "" tra sh """,LABEL_0,40,2,True
I am extremely sad to have to admit that some of the best 21st century Arabic rhymes have been written by Jihadis,I am extremely sa d to have to admit that some of the best 21st century Arabic rhymes have been written by Jihadis,LABEL_0,26,1,True
@joeysulipeck @myfoxmemphis the minute those red n yellow for rent signs go up the reg. ppl start selling n move,@joeysulipck @myfoxmephis the minute those red n yellow for rent sins go up the reg. ppl start selling n move,LABEL_1,32,3,True
California is home to skater trash.,California is home to skater tr ash.,LABEL_0,11,1,True
A .4? Jesus take me now RT @_RichHomieJuan_: @ayylmaoanod bitch you go for a .4 and mc Donald's. Fuck out the spot,A .4? Jesu s contain ne now RT @_RichHomieJuan _ : @ayylmaoanod bitch you go for a.4 and mc Donald 's. have intercourse ou t the spt,LABEL_0,61,7,True
RT @CuteOverloads: baby monkey in the snow im crying &#128557;&#128018;&#10052; http://t.co/gMk5dbjaJQ,RT @CuteOverloads : sister monkey in the snowfall i m crying & # 128557&;#128018;&#10052 ; http://t.co/gMk5bdjaJQ,LABEL_0,42,7,True
@sramirez07943 it's goldbar dumb bitch and no my dad wouldn't pick you up he doesn't like faggots like you &#128528;&#128076;&#128079;,@sramirez07943 it 's goldbar d umb bitch and no my dad would n't pic k you astir he does n 't li ke fairy li ke y ou & # 128528;&#128076;&#128079 ;,LABEL_0,120,21,True
RT @southernshirt: The only things you need in life are comfy shirts and Oreos #southernshirt,RT @southernshirt : The only things you need in li fe are cmofy shirts and Oreos # southernshirt,LABEL_2,26,2,True
@HaLaWa0402 not as sick as you muzzie trash @JewJitsuGrl @JoeDouglas1 @Darknight420 @blackorchidm16 http://t.co/KQrMhSzmpj,@HaLaWa0402 not as sick as you muzzie tr ash @JewJitsuGrl @JoeDouglas1 @Darknight420 @blackorchidm16 http://t.co/KQrMhSzmpj,LABEL_0,17,1,True
One man's trash is another's Transformer &#8594; http://t.co/lpYNVqWXXx,On e nan 's trash 1s another ' s Transformer & # 859 4 ; http://t.co/lpYNVqWXXx,LABEL_0,55,11,True
guess I will mess with it later! not sure what else to do! maybe trash it! lol!!! not yet maybe after I when the lottery!,guess I will mess with it lat er! not sure what else to do! maybe trash it! lol!!! n0t yet m@ybe a fter I whn the lttery!,LABEL_1,63,10,True
&#8220;@ghostriderJ1: Yankees will never have someone wear a single digit uniform again after this season&#8221; Wow. Shows that is an epic organization,&#8220;@ghostriderJ1: Yankees will never have someone wear a single digit uniform again after this season&#8221; Wow. Shows that i s an epic organiztaion,LABEL_2,17,2,True
@greyyygoose @JawShoeeAhhh no bitch lol,@greyygoose @JawShoeeAhhh mo bitch lol,LABEL_1,20,3,True
"#NP ""Centuries"" ~FOB","# N P "" Centuries "" ~FB",LABEL_1,27,6,False
"RT @Yankees: Analyzing the impact of Masahiro Tanaka on #SpringTraining Daily, brought to you by @YankeesonDemand: http://t.co/L2gJboDNkM","RT @Yankees : Anlyzing the impact of Masahio Tankaa along # SpringTrainign day-to-day, brought to you by @YankeesonDemand : http://t.coL2gJboDNkM",LABEL_1,113,21,False
killers don't pillow talk.. wit dey bitches,killer whale set n't pillow talk.. wit dey bitches,LABEL_0,32,4,True
@ItsMeGrizz dink now uknow thats not true,@ItsMeGrizz dik now ukow tha t s not true,LABEL_0,47,8,False
Alexa's phone gave us colors and Julia got yellow I'm dying #racistaf,Alexa 's phone gave us colors and Julia go t yellow I 'm dying # racistaf,LABEL_0,19,1,True
got these bad bitches waiting on me,got th ese b ad b1tches waiting on me,LABEL_0,21,3,True
RT @iGottFanss: Not all black girls are ghetto&#128530;,RT @iGottFanss : Not a ll black girls are ghetto&#128530 ;,LABEL_1,14,1,True
&#8220;@LastWordEvan: An inning and a half away from Alex Rodriguez being eligible to play. Just a thought. #Yankees #MLB&#8221; OMG. Feel an ulcer.,&#8220;@LastWordEvan: An inning and a half away from Alex Rodriguez being eligible to play. Just a thought. #Yankees #MLB&#8221; OMG. Feel Associate in Nursing ulcer.,LABEL_0,16,1,True
when the dude shoots his jiz in the bitches eye in silence of the lambs,when the clotheshorse $hoots his jiz in the bitches eye in silence of the lambs,LABEL_0,27,2,True
@SeauxCocoa you getting new pussy and not sharing??,@SeaxuCocoa y ou getting new p ussy amd not sharing??,LABEL_0,31,6,True
"If I ever committ a crime, you can cite LVL as being the sole influence.","If I ever committ a crime, you can cite LVL as being the sole influence.",LABEL_1,89,17,False
@TG_Hawks #yellow &#127773;,@TG_Hawsk # yellw & # 172773 ;,LABEL_1,29,7,False
RT @_BucketsMcnasty: U bitches boring,RT @_BucketsMcnasty : U biches borig,LABEL_0,16,2,True
@Dave_the_wavee the giants are trash...their time is over.,@Dave_the_wavee the giants exist tras h... their time is over.,LABEL_0,24,2,True
"RT @eidolon_ebooks: dreamt i was in a trash bag, btw.","RT @eidolon_ebooks : dreamt i wa s in a trash bag, b tw.",LABEL_1,29,5,True
"@orchetect Are we doing Mad Libs now? Cool. Uh... 
Twinkie 35' long, DJ Pon3 cameo, Magic&#8482;, Crystal Tree. #TNGSeason4Finale","@orchetect Are we doing Mad Libs now? Cool. Uh... Twinkie 35' long, DJ Pon3 cameo, Magic&#8482;, Crystal Tree. #TNGSeason4Finale",LABEL_2,14,2,False
Happy birthday bird! @codyflitcraft,Hap py birthday fowl! @codyflitcraft,LABEL_2,23,3,True
@Gladvillian_ dont get that bacon stuffed crust tho its trash,@Gladvillian _ do nt get that bacon stuffed crust tho 1ts t rash,LABEL_0,21,2,True
@lcl03 the slopes aren't for us bro Hahaha,@lcl03 the slope$ are n't for U.S.A. bro Hahaha,LABEL_0,31,4,True
@SierraBell15 just called me a basic bitch and I'm not sure how I feel about it,@SierraBell15 j ust caled me a basic btich and I 'm n0t sure how I feel about it,LABEL_0,37,5,True
this movie is actually good cuz its so retarded,this movie is in reality good cuz its so retarded,LABEL_2,17,1,True
Like freaky bitch but I fucks with her,Like freaky bitc h but I shag w ith h er,LABEL_0,28,5,True
@CBSThisMorning @NorahODonnell tx trash you know trouble w ACA is in GOP gov states but like @60 @LaraLogan_News you report lies anyway,@CBSThisMorning @NorahODonnell tx tra sh y ou know trouble w ACA is in GOP gov states but like @60 @LaraLogan_News you report lis anyway,LABEL_0,36,3,True
SEE!! I TOLD y'all Nikko was holding her ass up!! That bitch ain't got no upper body strength!!!,SEE!! I TOLD y'all Nikko was holding her ass up!! Tha t holler @i n't start out no up per boy strength!!!,LABEL_0,54,10,True
"Sheeple just like &#128073;@sweetpotatertot:OH those ""racist"" ""sexist"" ""teabaggers""who just elected these two old white men. http://t.co/x3BwNM3jiI&#8221;","Sheeple just like & # 128073;@sweetpotatertot : OH those "" raicst "" "" sexi$t "" "" teabagges""who just 3lected the se two old white men. http://t.co/x3BwNM3jiI&#8221;",LABEL_0,53,5,True
My baby boy asleep with my monkey that I had since I was little! I love my son so much! http://t.co/ioSARfS3rO,My baby boy asleep with my monkey that I had since I was little! I lo ve my son hence mch! http://t.co/ioSARfS3rO,LABEL_2,34,6,True
RT @_indylovee: these bitch niggas couldn't live my cold life$tyle&#128184;&#128080;&#128523;,RT @_indylovee : tese bith niggsa could n' t live m y cold life$tyle&#128184;&#128080;&#128523 ;,LABEL_0,37,5,True
RT @Goons_TXT: Only retards and dads roll Lawful Good.,RT @Goons_TXT : Only retards and dads roll Lawflu God.,LABEL_1,21,2,True
RT @490xl: why get attached to people when you can jump in a trash can and feel the same way,RT @490xl : why get attached to peple when you can jump in a t rash can and feel the same way,LABEL_0,30,2,True
@GoneWithKalijah She was always a pathetic mutt desperately seeking attention &amp; a purpose. No matter what JP writes that will never change,@GoneWithKalijah She was always a pthetic mutt desperately seeking attention & amp ; a purpose. No matter what JP writes that will never change,LABEL_0,22,1,True
The brownies I just made are a sin,The brownies I just made are a si n,LABEL_0,12,1,True
"RT @alisonkent: Also as part of my release day gift (yes, we get those!) this adorable bumblebee bear! #Montlake http://t.co/SC3AjXCiRB","RT @alisonkent : Also as part of my release day gift ( y es, we get those! ) tis adorble bmblebee bea r! #Montlake http://t.co/SC3AjXCiRB",LABEL_2,52,6,True
"RT @OmarImranTweets: Media be like:

*Muslim whale attacks US Navy*
*Muslim tiger attacks Zookeeper*
*Muslim bird attacks Eiffel Tower*
*Mu&#8230;",RT @OmarImranTweets : Media be like : * Muslim whale attcaks US Navy * * Muslim tiger attacks Zookeeper * * Muslim bird attacs Eiffel Tower * * Mu&#8230 ;,LABEL_0,40,2,True
"I hate that my mom says she trying to move out here... Like bitch the only reason your ""trying"" is because you don't have a place to live..","I hae that my mom says she trying to move out here... Like bithc the only reason your "" trying "" is because you d o n 't have a place to live..",LABEL_0,73,9,True
That's all I'm saying you hoe ass niggas.,That 's all I 'm saying you ho e a ss nigags.,LABEL_0,27,3,True
I couldn't press send. That tweet about anchor babies was even too raw for me.,I couldn't press send. That tweet about anchor babies was even as well natural for me.,LABEL_0,26,2,True
The way Hawk Girl did Green Lantern is why I do not trust these hoes nope,The way Hawk Girl did Green Lantern is why I do n ot trut these hoes nope,LABEL_0,26,2,True
@leiacatherinexx don&#8217;t be a hurt little faggot,@leiacatherinexx don&#8217;t be a hu rt little fgagot,LABEL_0,16,2,True
This being sick is for the birds.,This bei ng sick is for the brids.,LABEL_0,27,4,True
@xtruthseekerx_ blaxican,@xtruthseekerx_ blaxican,LABEL_1,17,3,False
@TheLittleFella_ do yourself a favor and ball that up and throw in the trash.,@TheLittleFella _ do yourself a favor and ball that up and throw in the tras h.,LABEL_0,20,1,True
"They were taking a picture and I saw a bird fly past and I was like, oh bird! @HeidyPalma21","They were taking a picture and I saw a bird fly past and I was like, oh bird! @HeidyPalm2a1",LABEL_1,10,1,False
RT @miilkkk: Cuz bitches love pizza http://t.co/0TkuM7Lh1F,RT @iilkkk : Cuz bitches love pizza http://t.co/0TkuM7Lh1F,LABEL_1,18,3,False
"@AmPowerBlog so a man who is a pussy and a coward overpowered you and easily took what was yours? You are clearly much less than a man, then","@AmPowerBlog so a man who is a p ussy and a cward overpowered you and easily took what was yours? Yo u a re clear often to a lesser extent tha n a man, so",LABEL_0,83,12,True
RT @elleeebeee: flappy bird make me just smash my phone into my face,RT @elleeebeee : flappy bird make me just smah my phone into my face,LABEL_0,19,1,True
"RT @sickipedia: I drove my daughter's guinea pig to the vet's this morning. 

I'm quite handy with my new Callaway golf clubs.

#sickipedia",RT @sickipedia: I drove my daughter's guinea pig to the vet's this morning. I 'm quite hand y with my new Callaway golf clubs. #sickipedia,LABEL_2,17,1,True
BITCH!!! RT @jla_b: Stop thinking ur entitled to politically correct responses...bitch,BTCH!!! RT @jla_b : S top thinking ur entitled to politically correct responses... bith,LABEL_0,36,6,True
"Y'all folks basic , ya parents both racist , I'm lawyering these hoes out here , beatin cases","Y'al folks basic, ya parents both racit, I 'm lawyering thes e ho3s out here, beatin cases",LABEL_0,49,7,True
lock that bitch too&#8230; keep the heat out RT @Ms_Marrie: SHUT THE FRONT DOOR!,lock that bit ch too&#8230 ; keep the heat out RT @Ms_Marrie : SHUT THE FRONT DOOR!,LABEL_0,21,1,True
First chick to bring me some hash-browns from Waffle House right now will get her pussy ate,inaugural ch1ck to bring me some hash - browns from Waffle House right now will g et her pussy ate,LABEL_0,33,3,True
"RT @Adolfhibsta: First off, you just a hoe if you can have sex with a man &amp; not have any feelings for him","RT @Adolfhibsta : First off, y ou just a h oe if you can have sex with a man & amp ; not have any feeings for him",LABEL_0,42,3,True
Sewing is also a requirement to be an #ISIS Jihadi girl - keep the men's clothes presentable #ISISFeminism http://t.co/sN5KUwMX78,Sewing is also a requirement to be an # ISIS Jihadi girl - keep the men 's clothes presentable # ISISFeminism http://t.co/sN5KUwMX78,LABEL_0,28,1,True
Their salsa negro is awesome... @StacyMungo @Loriisright,Their salsa negro is aweome... @StacyMungo @Loriisright,LABEL_2,13,1,True
Jihadis circulating a video of the killing by Boko Haram of a Nigerian pilot captured after his helicopter was shoot down,Jihadsi circulating a video of the vote down by Boko Haram of a Nigerian pilot captured after his hel1copter wa s shoot down,LABEL_0,40,4,True
@JStarrTweets my pops is from New York. My family is Yankee obsessed. My sister literally cried when she heard he was gonna,@JStarrTweets my pops is from New York. My family is Yankee obsessed. My sister literally cried when she heard he was gonna,LABEL_2,4,0,False
RT @FoodPornsx: Oreo Drumstick! http://t.co/AcN8J59r6b,RT @FooPdornsx : oreo cookie Drumsick! http://t.co/AcN8J59r6b,LABEL_1,39,7,False
"RT @KatiePavlich: Charlie Crist doesn't have any more political parties to join, but he could become a spokesman for a fan company.","RT @KatiePavlich : Charlie Crist does n't have whatsoever more political parties to join, bu t he cold become a spokesman for a lover company.",LABEL_1,49,4,True
Where's the pic of her standing again &#8220;@ArlisDoNotChill: This bitch looks like Voltorb http://t.co/7cWAtskJwC&#8221;,Wehre 's the pic of he r standing again & # 8220;@ArlisDoNotChill : Ths bitc h looks like Voltorb http://t.co/7cWAtskJwC&#8221 ;,LABEL_0,43,5,True
Working Saturday is for the birds #FML,Working Saturday is f or the birds # FM L,LABEL_0,17,2,True
"@seanphathaway That wasn't as bad, though drawing conclusions about ""WHITE AMERICA"" based on a 1,000 person poll is a slippery slope.","@seanphathaway That w as n't as bad, tough drawing conclusions about "" WHITE AMERICA "" based on a 1,000 person poll is a slippery slope.",LABEL_1,41,4,True
@GorgeousCamry_ ight bitch ima see u,@GorgeousCamry _ ight bitch i m a se e u,LABEL_1,13,1,True
"Watching Richie Rich! On Tv..Even he wanted to kick it with the ghetto kids..

Shows yuh how much Money Aint A Thang!...",Watching Richie Rich! On Tv..Even he wanted t o kick it with the ghetto kids.. Shows yuh how much Money Aint A Thang!...,LABEL_0,48,7,True
"RT @Duke27_: Mistakes are showing up late for work, running red lights, or even forgetting 2 take the trash out. This here ain't 1 http://t&#8230;","RT @Duke27_: misidentify @re viewing up later for work, running red lights, or ev en bury 2 take the tras h out. This here ain't 1 http://t&#8230;",LABEL_0,58,8,True
@Mika_Tan would be perfect w/a graham cracker flavored bun or a maple dougnut bar.,@Mika_Tan wuld beryllium perfect w / a graham flour crakcer flavoerd b un or a maple dougnut bar.,LABEL_2,55,11,True
RT @TweetTully: This is so great. Regular season ball is for the birds,RT @TweetTully : This is so graet. Regular season ball is for the birds,LABEL_2,15,1,True
"This picture on Weibo made China's censors add ""big yellow duck"" to its list of banned terms &#8594; http://t.co/87NSk91rJR http://t.co/j3aAKxwIfe","This picture on Weibo made China 's censors add "" big yellow duck "" to its list of banned terms & # 8594 ; http://t.co/87NSk91rJR http://t.co/j3aAKxwIfe",LABEL_0,30,1,True
Hmu talmbout match but when I pull up its 30 other niccas wit ya &#128530;,Hnu talmb0ut math but when I pull up its 3 0 other niccas brain y@ & # 12530 ;,LABEL_1,97,18,False
Lmao! RT @HUMonTHESE Harden look like the last air bender out this bitch. http://t.co/jN8exkXf,Lmao! RT @HMonTHESE Harden look like the last air bender out t his b itch. http://t.co/jN8exkXf,LABEL_0,29,3,True
"I like to mock Apple, but I'm legitimately interested to see what their wearable looks like.","I like to mock Apple, but I 'm lawfully interested to see what their wearable looks like.",LABEL_2,27,1,True
My goal one day is to own a nice Rolex and wear that hoe everyday,My goa l one day is to own a nice Rolex and wear that hoe everyday,LABEL_2,19,1,True
RT @dat_trulyGUY: before I betray them I slit my wrist http://t.co/8HNW9QeWSM,RT @dat_trulyGUY : before I betray th em I slit ny wrist http://t.co/8HNW9QeWSM,LABEL_0,27,4,True
@bocgeogaddi @anepicname lmaooooo epic bird wins.,@bocgeogaddi @anepicname lmaoo0oo epic bird wi ns.,LABEL_2,16,2,True
the trash wheel has a twitter? and googly eyes?,the trash wheel has a tiwtter? and googly eyes?,LABEL_0,17,1,True
"ALL HE NEEDS IS A SKIRT!!!
Sure looks like a bitch to me.
 http://t.co/89HH52pCUe&#8221;",ALL HE NEEDS IS A SKIRT!!! Sure looks like a bit ch to me. http://t.co/89HH52pCUe&#8221;,LABEL_0,14,1,True
@ScottFerrall @HowardStern PHOTOS: Kate Upton cheers on the Yankees at last night's game http://t.co/Q2SVYRHUDu,@ScottFerrall @HowardStern PHOTOS : Kate U pton cheers on the Yankees at last night 's game http://t.co/Q2SVYRHUDu,LABEL_2,65,10,True
@Maria_DeAmor bitch I told you to hit me when you got back,@Maria_DeAmor bitch I to ld you to arrive at me when you got back,LABEL_0,26,3,True
RT @RihannaHasAids: if I got hoes.. @ one of my hoes.. if not shutup &amp; never say it again,RT @RihannaHasAids: if I got hoes.. @ one of my hoes.. if not shutup & amp ; nev er say it agai n,LABEL_0,20,2,True
Some Jihadi posted a bio of the #ISIS boss Mr Awad with excellent sociological info. Can't thank him/her enough for the gift.,Some Jihadi posted a bio of the #ISIS boss Mr Awad with excellent sociological info. Ca n't thank him / her enough for t he gift.,LABEL_2,16,1,True
"RT @tishforprez: you had me at ""eating pussy"".","RT @tishfrprez : y ou ha d me at "" eat pussy "".",LABEL_0,43,8,True
Flappy bird on bull....,Flappy bid o n bruiser....,LABEL_1,33,5,True
"RT @ItsGirllCode: reasons to be a mermaid:

- no periods
- no pants
- perfect hair
- u get to lure men into their death

also, free clam bra","RT @ItsGirllCode : reasons to be a mermaid : - no periods - no pants - perfect hair - u get to lure men into their death also, free clam bra",LABEL_1,36,1,True
Follow a nicca on IG: im_hollywood_jay,F0llow a n1cca o n I G : im_hollyood_jay,LABEL_1,37,7,False
I'm not BROKE &#128080;&#128581;&#128078;&#128164; bitch I'm BLESSED &#128588;&#128591;&#128591;&#128077;&#128077;&#128076;&#9996;&#65039;&#128175;,I 'm not BROKE & # 128080;&#128581;&#128078;&#128164 ; bitch I 'm BESSED & # 128588;&#128591;&#128591;&#128077;&#128077;&#128076;&#9996;&#65039;&#128175 ;,LABEL_2,21,1,True
some cunt go get me amber leaf and papers? cani be arsed walking to nisa #lazy,s ome cun t pass g et m3 amebr leafage and wallpaper? cani be arsed walking to ni sa # lazy,LABEL_0,70,11,True
&#8220;@FabianMleal: I'm fucking tired. Ending the night with some rips&#127809;&#128293;&#8221; so much for hitting me up bitch,&# 8220;@FabianMleal : I 'm nookie t1red. Ending the night with some rips&#127809;&#128293;&#8221; so much for hitting me up bitch,LABEL_0,37,8,False
RT @Brucewayneakia: This is what the niggers dont like http://t.co/0lRdpIZEd0,RT @Brucewayneakia : This is what the niggers do mt like http://t.co/0lRdpIZEd0,LABEL_0,19,1,True
RT @kuczaaaK: I'm getting trash talked by a 8 year old #wtf,RT @kuczaaaK : I 'm getting wish-wash talked b y a 8 year ol d # w tf,LABEL_0,34,4,True
RT @ClassicBray: Lmaoo RT @PacDaGoat: That's a legal tackle faggot RT @PP_Rich_Hill: Seriously? http://t.co/guMZewrpy3,RT @ClassicBray: Lmaoo RT @PacDaGoat: That 's a legal tackle faggot RT @PP_Rich_Hill : Seriosly? http://t.co/guMZewrpy3,LABEL_0,18,1,True
I love fat bitches,I lov e f at bitches,LABEL_0,13,2,True
@ArcticFox2016 everybody mocks Obama .Hes an embarrassment to the USA.,@ArcticFox2016 everybody mocks Ob ama.Hes @n plethora to th3 U SA.,LABEL_0,43,7,True
Ya'll take note. There ain't never tornadoes where colored folk live,Ya'l take not e. There a i n't never tornadoes where colored folk live,LABEL_1,40,6,True
Fucking cunts.,Fucknig cuts.,LABEL_0,17,3,False
RT @nostalgic_mike: Aw y'all some hoes hating on that girl that looks like a dude &#128514;&#128557;,RT @nostalgic_mike : Aw y' all some h oes hat on that girl that looks like a dude & # 128514;&#128557 ;,LABEL_0,30,2,True
*puts people/bitch face on*,*puts people/bitch face on*,LABEL_0,39,8,False
I can't with this disrespect ass bitches,I ca n 't wih tis disrespect a ss bithces,LABEL_0,43,8,True
"RT @_pascuzzo: ""@Salon: Meanwhile in Texas: 19-year-old man facing 5 years to life in prison for $25 worth of pot brownies http://t.co/438F&#8230;","RT @_pascuzzo : "" @Salon : Meanwhile in Texas : 19 - year - old man present 5 years to l1fe in prison fo r $ 25 worth of pot brownies http://t.co/438F&#8230 ;",LABEL_0,46,3,True
&#9733;@&#9733;@&#9733;@&#9733;@&#9733; GRAND OPENING ! &#9733;@&#9733;@&#9733;@&#9733;@&#9733; TOP CLASS &#9733; Oriental Massage &#9733; PERFECT !&#9733;/ http://t.co/dMXPLroaJ2,& # 9733;@&#9733;@&#9733;@&#9733;@&#9733 ; GRAND OPENING! & # 9733;@&#9733;@&#9733;@&#9733;@&#9733 ; TOP CLASS & # 9733 ; Oriental knead & # 9733 ; PRFECT! & # 9733;/ http://t.co/dMXPLroaJ2,LABEL_2,50,5,True
Fresh polo on you bitches,Fresh pol0 0n y0u bitches,LABEL_0,33,5,False
"RT @FriendlyAssh0le: If I've offended you, I'm very sorry that you're a lil bitch with no sense of humor.","RT @FriendlyAssh0le : If I 've offended you, I 'm ver y sorry that you 're a lil bit ch wth n o semse of humor.",LABEL_0,49,5,True
I would never fight a nigga for vagina...that's what hoes do lmao,I would never fight a nigga for vagna... that 's what h oes do lmao,LABEL_0,25,2,True
Big G-Day s/o to @MauricePrice17 #FreeBoosie nicca lol!!!!!,B ig G - Day s / o to @MauricePrice17 # FreeBoosie nicca lol!!!!!,LABEL_2,22,1,True
Text your bitch some lyrics from that new Ty Dolla $ign tape before she wake up so she'll nag you a little less today,Text your bitch some lyrics from that new Ty Dlla $ ign tape before she wake up so she 'll nag you a l1ttle less today,LABEL_1,37,3,True
RT @BlackNerdJade: RT @Parkour_Lewis: *Last 5 hours RT @the_blueprint the last hour and a half of work trash just for existing.,RT @BlackNerdJade : RT @Parkour_Lewis : * La st 5 hours RT @the_blueprint the last hour and a half of work trash just for existing.,LABEL_1,29,1,True
"RT @ThatBajanKidd: #NeverAskABlackPerson if her hair is hers . she will hit you with a ""bitch i bought it , so it's mine"" .","RT @ThatBajanKidd: #NeverAskABlackPerson if her hair is hers . she will hit you with a ""bitch i bought it , so it's mine"" .",LABEL_0,3,0,False
Oh my god this bitch walked past me and legit smelled like a fish market!! TFEH TFEH TFEH&#128562;,Oh my Supreme Being this bith walked past me and legit smelled lik e a fish market!! TFEH TFEH TFEH&#128562;,LABEL_0,37,4,True
It's unbelievable to me that there are Americans who refused to kill the okies. That means all Americans weak willed trash.,It ' s unbelievable to ne tat there are Americans who refused to kill the oies. Tht mea ns all Americans we ak willd tash.,LABEL_0,86,13,True
"From the archives: @ThatAndyRoss&#8217;s My Favorite #Bond_age_ essay on THUNDERBALL, The Story of a Shy Kid and 007 http://t.co/on5t60rMFb","From the archivs : @ThatAndyRoss&#8217;s My Favorite # Bond_age _ essay on THUNDERBALL, The Story of a Sh y Kid and 007 http://t.co/on5t60rMFb",LABEL_2,43,5,True
Me gusta pollo so espa&#241;ol that. Lol. &#127831;,Me gusta pllo s o espa&#241;ol that. Lol. &#127831;,LABEL_1,67,13,False
It's a matter of pure weight ratios... A five ounce bird can not carry a one pound coconut!,It's a matter of pure weight ratios... A five ounce bird can not car ry a one pound coconut!,LABEL_0,17,1,True
@Prettyflacko21 taking off like a bitch bra,@Prettyflack21 taking off the like a bitch b ra,LABEL_0,32,6,True
"RT @LesaMonroe: Fellas, guess what.. We don't like to be asked why were looking mean. It's called ""Resting bitch face."" WE JUST LOOK THIS W&#8230;","RT @LesaMonroe: Fellas, guess what.. We do n't lie to be asked why were looking mea n. It's called ""Resting bitch face."" WE JUST LOOK THIS W&#8230;",LABEL_0,29,3,True
Boosie ran this hoe,Boosie ran this ho e,LABEL_0,8,1,True
If train officers that are wearing body armor stand back to watch the smoke clear. Why does every gun ho wanna be... http://t.co/cuLyANyQ,If train officers that are wearing body armor stand back to watch the smoke clear. Why does every gum ho wana be... http://t.co/cuLyANyQ,LABEL_0,20,2,True
RT @OhLawdItsNiesha: That hoe Brittish got the fuckin NERVE,RT @OhLawdItsNiesha : That h0e Brittish got t he fukcin N3RVE,LABEL_0,30,5,True
"""How u talking to hoes bout bro n em.. Why you talking to hoes bout bro n em""",""" H ow u talking t o ho es bout br o n e m.. Why you talking to hoes bout bro n em""",LABEL_1,54,11,True
lol stupid ass bitch I don't fuck w/ you,lol stpuid as s bithc I do n't make love w/ you,LABEL_0,59,10,False
"RT @yaboybillnye: its funny when sluts say ""u just mad cause I'm 100% real"" its like no bitch #swerve cuz u actually about 65% water gtfo","RT @yaboybillnye : its funn y when sluts say "" u just mad cause I 'm 100 % real "" its like nobelium bitch # swerve cuz u actually about 65 % water gtfo",LABEL_1,47,3,True
"@tonynolanlive ""There is a special time and place for decaf coffee: never and in the trash."" My family's motto about their java habits. &#9749;&#65039;","@tonynolanlive "" There is a special time and place for decaf coffee : never and in the trash. "" My family ' s mtto about their coffee wont. & # 9749;&#6039 ;",LABEL_1,88,14,True
My phone is finally back on bitches! no more TextNow,My phone is finaly back on bitches! no more TextNow,LABEL_2,14,1,True
"old fellas water froze in that funeral home. he got it unthawed and wants me to help get his pump going again, that place spooks me man..boo","old fellas water froze in that funeral home. he got it thaw and wants me to help get his pump going again, that place spokos m e man.. boo",LABEL_0,37,3,True
Beyonc&#233; more of a hipster bitch wit no hips these days,Beyonc&#233 ; more of a hipster bi tch wit no hips these days,LABEL_0,16,1,True
"Hey, you, bitch in the mini-van. Stop riding my ass. You have no power in your vehicle, just stop already.","Hey, you, bitch in the mini-van. St op ridig my rump. You hve atomic number 102 great power in yor vehic1e, just diaphragm already.",LABEL_0,147,28,False
"RT @215potter: Grown men, wearing jerseys with other grown men's name on them..

Don't forget your fucking pom poms.","RT @215potter: Grown men, wearing jerseys with other grown men's name on them.. Do n't forget yor fcuking po m pom$.",LABEL_0,35,6,True
"""I'm comparing KFC to the pussy"" @MaxOn_MaxOff5",""" I 'm comparing KFC to the pussy "" @MaxOn_aMxOff5",LABEL_1,51,10,False
RT @Cajun_peach: Because humans aren't delicious ho RT @peta: Smarter than dogs AND your 3-year-old child. So why EAT them? http://t.co/eRT&#8230;,RT @Cajun_peach : Because humans are n't delicious ho RT @peta : Smarter than dogs AND your 3 - year - 0ld child. $o w hy wipe out t hem? http://t.co/eRT&#8230;,LABEL_0,65,7,True
&#8220;@RaleighBeougher: dumb beaner&#8221; http://t.co/r0hABEQhSu,& # 8220;@RaleighBeogher : dumb beaner&8221 ; http://t.c/or0hABEQhSu,LABEL_0,27,7,True
"&#8220;There is a time &amp; a place 4 decaf coffee. Never &amp; in the trash."" http://t.co/ZVJROXgNDQ&#8221; #MommyMonday humor via @JenerationPR &amp; @theskimm","& # 8220;hTere is a tie & @mp ; a plac3 4 deaf cffee. Never &amp; in the trash."" http://t.co/ZVJROXgNDQ&#8221 ; # M0mmyMonday hum0r v1a @JenerationPR & adenosine monophosphate ; @thesk1mm",LABEL_1,114,26,False
Like a skinny model boney bitch,Like a skinny model boney bitc h,LABEL_0,10,1,True
No I don't love these hoes and FUCK these niggas Fuckem,No I do n 't lve the se h oes and bed tehse niggas Fckem,LABEL_0,57,10,True
Whoooooaaa no chill savage &#8220;@CantBeLocal: Here monkey monkey http://t.co/wmZ8s3j6iG&#8221;,Whoooooaaa no chlil savae & # 8220;@CantBeLocal : hither mokney monkey http://t.co/wmZ8s3j6iG&#8221 ;,LABEL_1,42,9,True
"RT @winkSOSA: ""@AintShitSweet__: ""@Rakwon_OGOD: Nigga messed with the wrong bitch &#128557;&#128514;https://t.co/5mNXKVAYot"" &#128557;&#128557;&#128557;&#128557;&#128514;&#128514;&#128557;&#128557;&#128514;&#128514;&#128514;&#128514;&#128514;&#128514;&#128514;""@Th_Real_Esco","RT @winkSOSA : "" @AintShitSweet _ _ : "" @Rakwon_OGOD : Nigga mesed with the wrong bit ch & # 128557;&#128514;https://t.co/5mNXKVAYot "" & # 128557;&#128557;&#128557;&#128557;&#128514;&#128514;&#128557;&#128557;&#128514;&#128514;&#128514;&#128514;&#128514;&#128514;&#128514;""@Th_Real_Esco",LABEL_0,33,2,True
"RT @BobKlap: Asked Betances before the game if he&#8217;d like to be a starter again someday. &#8220;If the Yankees ever asked me, I would. But I&#8217;m a r&#8230;","RT @BobKlap : A$ked Betances before t he game i f he&#821;d like to be a starter again someday. &#8220;If the Yankees ever asked me, I would. But I&#8217;m a r&#8230;",LABEL_1,54,7,True
@danifreshh some weird local ghetto school haha,@danifre$hh some weird lcoal ghetto school ha ha,LABEL_1,21,3,True
RT @NuteIla: when I die on flappy bird http://t.co/HKNUTfDVJZ,RT @NuteIla : when I die on flappy brd http://t.co/HKNUTfDVJZ,LABEL_1,55,10,False
&#8220;@ImToBlame: Bruh RT @PriscoCBS: Trent took the yellow path http://t.co/1XxGuKtjp8&#8221;&#128514;&#128514;&#128514;&#128514;,& # 8220;@ImToBlame : Buh R T @PrisoCBS : Tr3nt took t he y3llow p@th http://t.co/1XxGuKtj8&#8221;&#128514;&#128514;&#128514;&#128514 ;,LABEL_1,73,15,False
RT @Elisaa_Martinez: Happy birthday cotton picker lol @1NOnlyDirtyMike,RT @Elisaa_Martinez : H appy birthday cotton picker lol @1NOnlyDirtyMike,LABEL_2,13,1,True
RT @RTGIFS: DOMINIQUE Made Larry bird do a 360 lmaooo http://t.co/Vs6e3Z0C2u,RT @RTIGFS : DOMINIQUE Mae Larry razzing cause a 3 60 lmaooo http://t.co/Vs6e3Z0C2u,LABEL_1,67,12,False
"@SophieRo3 if only there was a medal for that: ""we hate fags, but we won't kill them"" medal. Thank u for the privilege to let fags live.","@SophieRo3 i f only there was a medal for that : "" we hate fags, but we wo n't kill them "" medal. Thank u for the privilege to let fags live.",LABEL_0,39,3,True
@mandaxll2963 yellow is even better,@mandaxll2963 yellow is evem better,LABEL_2,12,1,True
"tell the hating niggah 
stfu",tell the haing niggha stf u,LABEL_0,19,3,True
@SteveStockmanTX stockboy U should talk. U tweet lies and childish shit about Obama.youre very unqualified. You only appeal to dumb rednecks,@SteveStockmanTX stockboy U should talk. U twe3t l ies an d chldish diddley aout Obama.oure selfsame unqualiifed. Y0u only appeal to du mb rednecks,LABEL_0,79,13,True
#Fact females that tweet ALL the dayum day r hoes that need attention #ijs #wontgetme,# Fact females that tweet ALL the dayum day r h oes that need attention # ijs # wontgetme,LABEL_0,22,1,True
@JukeJuke_9 shit he prolly is other than that everybody else trash,@JukeJuke_9 sh it he prolly is other than that everybody else trash,LABEL_0,15,1,True
Confusing circumstances seem to get in the way of your high ho... More for Virgo http://t.co/nrAAI6dhVx,Confusing circumstances s eem to get in the way of your high ho... More for Virgo http://t.co/nrAAI6dhVx,LABEL_0,18,1,True
I'm just matching grams wit my fam bitch,I 'm just matching gr ams wit m y fam bitch,LABEL_0,53,9,False
And now Jihadis bragging about a massive bombing in Sadr city in Baghdad. #Iraq #onslaught,An d no w Jihaids bragging about a msasive bombign in Sadr ciy in Baghadd. #Iraq #onslaught,LABEL_0,51,7,True
RT @wvjoe911: Gov Rick Scott Refuses To Debate Charlie Crist Because Of A Small Fan http://t.co/hKMfPnRukU,RT @vwjoe911 : G ov kink Sctot Refuses To Debate Charlie Crit Because Of A Small F an http://t.co/hKMfPnRukU,LABEL_1,57,9,True
"@intrepidokie nice lie #teabagger. Just because you want to see it doesn't make it real. Like Reagan was a conservative, another huge lie","@intrepidkoie ni ce lie # teabager. Just because you want to see it doesn't make it real. the like President Reagan represent a conservative, some other vast dwell",LABEL_0,71,14,True
@TheIronPony You rebel. Next you'll be ripping mattress tags off. It's a slippery slope.,@TheIronPony You rebel. Nxt y ou 'll be rippng mattress ta gs o ff. It's a slippery slope.,LABEL_0,51,9,True
RT @ccancel14: Miserable bitches talk the most shit &#128514;&#9996;&#65039;,RT @ccancel14: Mserable b1tches talk the most diddlysquat & # 128514;&#9996;&#65039 ;,LABEL_0,26,3,True
RT @Lamont21225_: &#128514;&#128514;&#128514; this bitch playing volleyball in Timberland's &#128553;&#128514;Edmondson Kids &#128517;&#128514; http://t.co/M4jtNGEJTH,RT @Lamont21225 _ : & # 128514;&#128514;&#128514 ; this bitch plying volleyball inwards Timberland 's & # 128553;&#128514;Edmondson Kids & # 128517;&#128514 ; http://t.co/M4jtNGEJTH,LABEL_0,48,5,True
*after BO1 RT @TheGodWriter_: @iDocLyfe Bruh lol I retired after mw2 because everything was trash afterwards.,*after BO1 RT @TheGodWriter_: @iDocLyfe Bruh lol I retired after mw2 because everything was tras h afterwards.,LABEL_0,18,1,True
"RT @SportsNation: So, Yanks have signed Brian McCann &amp; Jacoby Ellsbury. Rumor has it, they still want Robinson Cano, Babe Ruth, Miguel Cabr&#8230;","R T @SportsNation : S o, Ya nks give siged Brain MCcann & am p ; Jacoby Ellsbury. Rumor h@s i t, they tranquilize need Robinson Cao, infant commiseration, Migue1 Cabr&#8230 ;",LABEL_1,161,32,False
She unfollowed me after I said I cried watching dawn of the apes lmaooooooo,She unfllowed m e after I said I cred watching dawn of the apes lmaooooooo,LABEL_0,33,4,True
dblite works like a charm in OpenWrt Arduino Yun with full test coverage. The gyp version would rarely made in there https://t.co/4JRj1Ezc1S,dblite works like a ch arm in OpenWrt Arduino Yun with full test coverage. The gyp version would rarely made in there https://t.co/4JRj1Ezc1S,LABEL_2,19,1,True
RT @SoTrippyWhit: &#8220;@laaaeee: I swear to god Whitney is a Regina George. &#128128; http://t.co/bttoCzQK5S&#8221; wow im a bitch &#128123;,RT @SoTrippyWhit: &#8220;@laaaeee: I swear to god Whitney is a Regina George. &#128128; http://t.co/bttoCzQK5S&#8221; wow i m a bit ch & # 128123 ;,LABEL_0,14,2,True
Nothing good on TV and the @Yankees are eating their balls 3 innings in. Great.,N0thing good o n TV and the @Yankees are eating their balls 3 innings in. Great.,LABEL_0,35,4,True
Let the jig commence http://t.co/pqvJiEvqZa,Let the ji g get down http://tco/pqvJiEvqZa,LABEL_1,33,5,False
"RT @TheDrugTribe: New Years resolution: smoke more weed, make more money, fuck more bitches","R T @TheDrugTribe : newfangled age resoluiton : sm oke more weed, make more money, screwing m ore biches",LABEL_0,95,18,False
RT @radiomaru: nerds are cool because they get really judge-y about other nerds being passionate about things they aren't passionate abo ...,RT @radiomaru : nerds are coo l because they get really judge - y about other nerds being passionate about things they are n't passionate abo...,LABEL_2,30,1,True
RT @tolkienproverb: Fairy tale does not deny the existence of sorrow and failure...,RT @tolkienproverb : poove tale manage not deny the existence of sorrow and failure...,LABEL_1,33,3,True
"RT @JoeBudden: She&#8217;s not a hoe cuz she had sex before bro, lol","RT @JoeBudden : She&#8217;s no t a hoe cuz she had sex before bro, l0l",LABEL_1,29,3,True
"RT @ImNotTwitFamous: Big Sean is 5'7 and 159 pounds, yet he calls everyone lil' bitch. You the lil' bitch Sean, you the lil' bitch","RT @ImNotTwitFamous : Big Sean is 5'7 and 159 pounds, yet he calls everyone lil ' bit ch. Yo u the lil ' bitch Sean, y0u the lil ' bit ch",LABEL_0,85,13,True
Niggas go crazy over bitches now a days &#128541; like calm yo happy ass down,Niggs go carzy over gripe now a days & # 128541 ; like c alm yo happy ass down,LABEL_0,37,4,True
Alibaba / Jack Ma: Gotta love a guy who beat Meg Whitman's albino ass back to the US. Freakin' commie genius.,Alibaba / Jack Ma : incur ta love a g uy who beat Meg Whitman 's albino ass back to the US. Freakin' commie genius.,LABEL_2,32,2,True
"Im just a young niggah out here chasing ins, til im in the driver seat of my benz","I m just a youn g niggah out here chasing ins, til i m in the driver seat of my benz",LABEL_1,25,1,True
RT @Yankees: The @EmpireStateBldg shines its lights in #Yankees pinstripes in honor of Derek Jeter. #FarewellCaptain http://t.co/3fp2pg85MB,RT @Yankees : T he @EmpireStateBldg shines IT lights in # Yankees pinstripes in hon or o f De rek Jeter. #FarewellCaptain http://t.co/3fp2pg85MB,LABEL_2,53,7,True
#TRUTH RT @notashley: David is the Charlie Brown of #Scandal,# TRUTH RT @notashley : David is the Charile Bown of # Scandal,LABEL_1,23,2,True
RT @EmmGoldLA: Don't be mad at me for telling FACTS be embarrassed at urself for acting like a bitch,RT @EmmGoldLA : Do n't be mad at me for telling FACTS be embarrassed at urself for acting like a bit ch,LABEL_0,25,1,True
Be trippin when I call you hoe but bitch you know I talk like Dat! -- @1future voice,constitute trippin when I call you hoe but bitch you know I tak like Dat! -- @1future voice,LABEL_0,29,2,True
@CsSalazar15 wetback &#128513;&#128514;&#128514;&#128514;&#128514;&#128557;,@CsSalazar15 wetback &#128513;&#128514;&#128514;&#128514;&#128514;&#128557;,LABEL_1,27,6,False
@RAEPaelMunturo @WorldStarFunny aye sae en feeld kawkin dyke,@RAEPaelMunturo @WorldStarFunny aye sa e nut feled kawk1n butch,LABEL_1,51,8,False
RT @anilkohli54: @mediacrooks so the ball did roll down the slope &amp; found a natural spot @madhutrehan defending brother &amp; the scumbag @sard&#8230;,RT @anilkohli54 : @mediacrooks so the bal l did roll down the slope & amp ; f ound a natural spot @madhutrehan defending brother & amp ; the scumbag @sard&#8320 ;,LABEL_1,43,3,True
"@DinoLich Don't yell at me, I love both of the evolutionary lines. @ClaudiaVice despises the trash buddies.","@DinoLich Don't yell at me, I love both of the evolutionary lines. @ClaudiaVice despises the trash buddies.",LABEL_1,3,0,False
Early bird gets the worm.... #GoGetIt,Early bird gets the worm.... #GoGetIt,LABEL_1,3,0,False
Daaamn lmao right back to them old ways RT @KingTralle Look at this hoe ass nigga covering Wiz face you hoe http://t.co/lpPToFmj5R,Daaan lmao right back to them old ways RT @KingTralle Look astatine this h oe @ss nigga covering Wiz face you h oe http://t.co/lpPToFmj5R,LABEL_0,46,5,True
"&#8220;@IAmClatonBigsby: Bout to ride my horse, to come fuck yo bitch.&#8221;Ooh @ em tho","&# 8220;@IAmClatonBigsby : Bout to ride my horse, to come make love yo bitch.&#8221;Ooh @ em tho",LABEL_0,26,1,True
"You always buy me colored goldfish when my stash is low, and you are a constant inspiration to me and&#8230; http://t.co/nCPd8uSljf","You always buy me colored goldfish when my stash is low, and you are a constant stirring to me and&#8230 ; http://t.co/nCPd8uSljf",LABEL_2,31,1,True
Yall bitches only muslim when yall hair fucked up ctfu stop that youngs!!,Yall beef ony muslim when y all hair do it up ctfu diaphragm that youngs!!,LABEL_0,87,16,False
Jameis tweet RT @MrCOOK_ Fuck her right in the pussy,Jameis tweet RT @MrCOOK _ have sex her right in the pussy,LABEL_0,19,1,True
@suchy_monster you make me feel all warm and fuzzy inside &#128522; #youCANsitwithus,@suchy_monster you ma ke me feel all w@rm and fuzzy inside & # 128522 ; # youCANsitwithus,LABEL_2,25,2,True
I'd kill a bitch to be able to cuddle right now. Ugh. Sucker for the stupid shit. I swear.,I 'd ki1l a bith t o be able t0 cuddle r ight instantly. U gh. Sucekr f or the stpuid s hit. I swear.,LABEL_0,109,20,True
A Yankee win makes any day better.,A Yankee win makes any d ay bettr.,LABEL_2,18,2,True
RT @gferguson8: @MSoltan18 @WBDyllon_ @KoredeB9 Messi is trash,RT @gferguson8: @MSoltan18 @WBDyllon_ @KoedeB9 Mess i exist trash,LABEL_0,25,4,True
Not true RT @_Kimchanel_: Every man has hoes #bye,Not true RT @_Kimchanel_: Every man has ho es # by e,LABEL_0,16,2,True
RT @AdamSchein: Great job by the Yankees giving Brian Cashman a new contract. The haters are just wrong. CC: @ChrisCarlinSNY,RT @AdamSchein: Great job by the Yankees giving Brian Cashman a new contract. The haters are just wrong. CC: @ChrisCarlinSNY,LABEL_1,19,3,False
"@richarddeitsch yeah,but the cripple not getting up clean helped the call out...wouldn't have been fair either way","@richarddeitsch yeah,but the cripple not getting up clean helped the call out... wouldn't have been f air either way",LABEL_0,24,1,True
@1SonofYahweh no wonder you run nose first for yo real nigger &amp; white devil massah's or any man pointing at another to convince u he is less,@1SonofYahweh no wonder you run nose first for yo real spade & amp ; white devi l massah 's or any man pointing at another to convince u he is less,LABEL_0,39,2,True
RT @FallonTonight: Jimmy and @BillyJoel's two-man doo-wop performance just went live on YouTube! https://t.co/NGzhImyvSF #FallonTonight htt&#8230;,RT @FallonTonight: Jimmy and @BillyJoel's two-man doo-wop performance just went live on YouTube! https://t.co/NGzhImyvSF # FallonTnoight ht&#8230 ;,LABEL_1,20,4,False
RT @xenakix2243: Feeling the crisp fall wind spinning around me and watching the colorful leaves fall like rainbow colored raindrops slowly&#8230;,RT @xenakix2243 : Feeling the crisp fall wind spinning around me a nd watching the colorful leaves fall like rainbow colored raindrop slowly&#8230 ;,LABEL_2,36,2,True
"RT @OfficiallyIce: RT @Manatti23: ""I fucked your bitch cause she gave me a boner, she went down twice like Adrien Broner..."" #FreckBars","RT @OfficiallyIce : RT @Manatti23 : "" I get laid your bit ch cause sh e g ave me a bo ner, she went down twice like Adrien Broner... "" #FreckBars",LABEL_0,52,5,True
RT @BasedZae: When lil b said &#8220;Word around town that I aint got no bitches? what?! Thats a damn lie nigga my nuts is my witness&#8221; http://t.c&#8230;,RT @BasedZae: When lil b said &#8220;Word around town that I aint got no bitches? what?! T hat s a da mn lie nigga my nu ts is my wtiness&#8221 ; http://t.c&#8230 ;,LABEL_0,37,6,True
"If she makes a good sandwhich and she give a good blowy, wife dat hoe up. That way you can eat while she eatting","If she makes a good sandwhich and she give a good blow y, wife dat hoe up. Th@t way you can eat while $he eattign",LABEL_1,87,12,True
The Guy got excited when he saw Oreo cookie crusts. He thought I was making pie. He was bummed when he realized it was cheesecake.,The Guy got ecited when he saw Oreo cookie crusts. He thought I was making pie. He was bummed when he realized it was cheesecake.,LABEL_2,18,1,True
Lmao redskins turnin up,Lmao redskins turnin upwards,LABEL_1,27,4,False
"""@CeleyNichole: @white_thunduh how come you never bring me food"" i dont have a car retard",""" @CeleyNichole : @white_thunduh how come you nveer birng me foo d "" i do nt have a car retard",LABEL_0,33,3,True
OMGGGGG...!!!! Nigga said Jerry ... black bitch.,OMGGGGG...!!!! N1gga said Jerr y... black btich.,LABEL_0,30,4,True
Girls be looking for reasons to do hoe shit,Girls be looking for reasns to do hoe s hit,LABEL_0,19,2,True
"@HobsonDarlene #BlessJesus Amos 3:3 Can two walk together, unless they are agreed? #DifferentLevels","@HobsonDarlene # BlessJesus Amos 3:3 Can two walk unitedly, ulness they are agreed? #DifferentLevels",LABEL_1,71,12,True
"""I dont even need a picture of tamar, that bitch is beat in every picture""&#128514;&#128557;&#128514;&#128514;&#128514;",""" I do nt even need a picture of tamar, that b itch is beat in every picture""&#128514;&#128557;&#128514;&#128514;&#128514 ;",LABEL_0,23,1,True
The bird is the word. #EsuranceSave30,The bird is the Holy Scripture. # EsuranceSave0,LABEL_1,45,8,False
"Chaber Books: BRAGADAYJAH 24 http://t.co/bTMLYNNKZp: Nimrod the Cushite, first king of the earth. See Bragadayjah 24","Ch@ber B ooks : BRAGADAYJAH 24 http://t.co/bTMLYNNKZp : Nimord the Cusihte, fir$t kng o f the earth. See Bragadayjah 24",LABEL_1,109,20,False
RT @SneakerPics23: Oreo 6's http://t.co/Jx9DD9oahY,RT @SneakerPics23 : O reo 6 ' s http://t.o/Jx9DD9oahY,LABEL_1,37,7,False
Julius Peppers still seems retarded.,Julius Peppers still seems retaded.,LABEL_0,11,1,True
@slings_x_arrows bitches are gonna make it rain on me,@slings_x_arrows bitches are gon na make it ra in along me,LABEL_0,24,3,True
What manner of black folk take their kids riding in the ghetto to point out misplaced youth and victimized &amp; cursed brethren and say:,Wat manner of black folk take their kis riding in the ghetto to point out misplaced youth and victimized & amp ; cusred brethren and say :,LABEL_0,47,4,True
"@Pacman_Dre_SB I said something to you gorilla, stop listening to monkey music","@Pacman_Dre_SB I s aid something to you gorilla, stop listening to monk3y musi c",LABEL_0,38,6,True
"RT @RussOnPolitics: GOP nominee for #MAgov Charlie Baker's ""fisherman story"" falls apart. He deserves an Oscar for his play crying. http://&#8230;","RT @RussOnPolitics : GOP nomiee for # MAgov Charlie Baker 's "" fisherman story "" falls apar t. He deserves an Oscar for his play crying. http://&#8230;",LABEL_0,29,2,True
RT @GottaPHILMe: &#128128;&#128128; RT &#8220;@VersaceSilk: When you and your boys discover a hoe https://t.co/fbfR8trToY&#8221;,RT @GottaHILMe : & # 12812;&#128128 ; RT & # 8220;@Versace$ilk : Wh en you and your b0ys discoevr a hoe https://t.co/fbfR8trToY&#8221 ;,LABEL_1,56,7,True
RT @fatguythe: *sings Careless Whisper to broken 7 year old flip flop on the way to the trash,RT @fatguythe : * sings Careless Whisper to brokn 7 y3ar old flip flop on the way to the trash,LABEL_0,30,2,True
RT @YunGMiGo: &#128557;&#128557;&#128557;&#128514;&#128514;RT @Shane_A1: I done went wit a hoe before frfr so who am I to judge,RT @YunMiGo : & # 128557;&#128557;&#128557;&#128514;&#128154;RT @Shane_A1 : I done belong witticism a hoe in front ffr s o who am I to judge,LABEL_1,84,17,True
Oh shit its still light out.. I've been in this bitch too long &#128565;,Oh shit its still light out.. I 've equal 1n this bith too log & # 128565 ;,LABEL_0,48,9,True
Only white trash watch football.,Only white t rash watch football.,LABEL_0,10,1,True
Regular joes rockin tha boat that's us redneck yacht clubbb&#9728;&#127926;,Regular joes rockin th@ boat that 's us redneck yacht clubbb&#9728;&#127926 ;,LABEL_1,19,1,True
"I have to stop using ""bitch"" so often in my everyday conversations","I have to s top using "" gripe "" so often in my everyday conversations",LABEL_0,23,2,True
"RT @TheDouch3: Bitches tweeting ""relationship goals"" w/no man, job, or real desire to stop being a hoe or partying every weekend. Jus a iPh&#8230;","RT @TheDouch3: crab tweeting "" relationship goals "" w / no man, job, or real desire to stop being a ho e or partying every weekend. Jus a iPh&#8230;",LABEL_0,37,2,True
I turn Cassey to a nasty hoe Rihanna to a classy hoe,I bend Cassey to a nasyt hoe Rihanna to a classy hoe,LABEL_0,23,2,True
RT @Kevin_McAdams: Stop being a little bitch and #fuckherrightinthepussy,RT @Kevin_McAdams : Sto p bein g a little holler and # fuckherrihgtinthepussy,LABEL_0,31,5,True
"RT @Fit4LifeMike: @Whitecholo23 @chanelisabeth true i need to sleep to make them Gainz bruh!! So all the hoes stay Mirin ;p 
Alright, later&#8230;","RT @Fi4tLifeMike : @Whitecholo23 @chanelisabeth tre i need to sleep t o make them Ganiz bruh!! So all the hoes stay Mirin ;p Alright, later&#8230;",LABEL_1,43,5,True
"RT @DamierGenesis: i live for street glory and I die for ghetto fame. respect all, fear none my pride is everything....","RT @DamierGenesis: i live for street glory and I die for ghetto fame. resepct al l, fear none my pride is everything....",LABEL_1,26,4,True
"RT @alicia_garcia3: ""That's why God made brownies. To replace boys.""","RT @aicia_garcia3 : "" That ' s wh y God m@de brownie$. To replace boys. """,LABEL_1,81,16,False
"After Kuroda gave it his all putting up career numbers but getting no run support, the Yankees don't deserve to get into the World Series","After Kuroda gave it his all putting up career numbers but getting no run support, the Yankees do n 't dserve to get into the World Series",LABEL_0,37,2,True
Her pussy clean but she dance dirty..,Her pussy clean b ut sh e da nce dirty..,LABEL_0,25,4,True
"@Ronnie2K not just @Pharrell gave 2k a trash non-basketball soundtrack, y'all still have problems with servers &#128530;","@Ronnie2 K not just @Pharrell gave 2k a tr ash non - basketball soundtrack, y' all still have prolems with servers & # 128530 ;",LABEL_0,34,2,True
i just realized me and @DirkAlisic have been talking shit to each other nonstop for the past 48 hours. stop texting me bitch.,i jut realized me and @DirkAlisc have equal talknig sit to each other nonstop f0r th3 pas t forty-eight hours. stop texting me bitch.,LABEL_0,97,15,True
"First thing she wit ya, next minute she against ya, like that hoe from the clippers","First thing she wit ya, next minute she agianst ya, like that hoe fom the clippers",LABEL_0,28,2,True
"RT @MiSSKathEVO: #NoFilter I been getting money I ain't worried 'bout a ho, No matter the occasion I'ma always get the dough &#128539; http://t.co/&#8230;","RT @MiSSaKthEVO : # NFilter I been getting money I ai m't worried 'bout a ho, No matter the occasion I 'm a always have th3 dough & # 128539 ; http://t.co/&#8230 ;",LABEL_1,105,19,True
"RT @vntonx: ""suck my duck""

thot: ""lol looks like ur autocorrect changed dick to duck""

""i meant what i said bitch"" http://t.co/K9LV3mfX1m","RT @vntonx : "" suc k my duck "" thot : "" lol looks like ur autocorrect changed dick to duck "" "" i meant what i said btich "" http://t.co/K9LV3mfX1 m",LABEL_0,40,2,True
Omg this bitch was standing and humming a very deep and annoying tone the whole time she was at the counter wtf.,Omg this bicth was standing and humming a very deep and ann0ying tone the whole time she was at the counter wtf.,LABEL_0,34,2,True
This is really for @BrianStann RT @JimDaves: @WesDurham Exploding giant yellow ducks. You&#8217;ll appreciate this: http://t.co/SpOhTpl8uV,This is really for @BrianStann RT @JimDaves: @WesDurham Exploding giant yellow ducks. You&#8217;ll appr3ciate this : http://t.co/SpOhTpl8uV,LABEL_2,14,1,True
"""@Stephenwildboy: Chilling &#128069;&#8482; http://t.co/mik3iPNle6"" sexy scally lad","""@Stephenwildboy: Chilling &#128069;&#8482; http://t.co/mik3iPNle6"" sexy scally lad",LABEL_2,57,13,False
Shut up bitch i wasn't gonna roast.,Shut up btich i was n't gon na roast.,LABEL_0,16,1,True
&#8220;@avelindner: if he has a girlfriend don't be a hoe and text him yanno who u r &#128519;&#8221;,& # 8220;@avelindner : if he has a girlfriend do n 't be a hoe and text him yanno World Health Organization u r & # 12859;&#8221 ;,LABEL_1,44,4,True
"A homeless dog living in a trash pile gets rescued, and then does something amazing! Please share. http://t.co/SzpStdxmn6 via @youtube","A homeless dog living in a trash pile gets rescued, and then does something bewilder! Please share. http://t.co/SzpStdxmn6 via @youtube",LABEL_2,27,1,True
I am such a pussy&#128514;&#127770;,I am such a psusy&#128514;&#127770 ;,LABEL_0,12,1,True
I'm with another nigga bitch &#128514;&#128514;,I 'm with some other spade bitch & # 128514;&#128514 ;,LABEL_0,23,2,True
No cuz redskins are dumpster juice RT @trackinBlackKev: game of the week. still the best rivalry in sports,No cuz redskins are dumpster juice RT @trackinBlackKev: game of the week. still t he best rivalry in sports,LABEL_2,16,2,True
&#8220;@garytiffany_: Make the most of what you have.&#8221; Don't tell me what to do bitch,&#8220;@garytiffany_: Make the most of what you have.&#8221; Don't tell me what to do bitch,LABEL_0,109,21,False
@Rosaalbae @iH8TvvitterHoes faggot but you sent me hella nudes. Hmmmm,@Rosaalbae @iH8TvvitterHoes fairy but you sent me hella nudes. Hmmmm,LABEL_0,13,1,True
@ashley_smith20 colored contacts,@ashle_ysmith20 coloed contatcs,LABEL_1,21,3,False
@kaylonnnnn then who are you to call me trash &#128522;,@kaylonnnnn then who are you to holler ne trash & # 128522 ;,LABEL_0,25,2,True
"So I already don't fuck with dude, but I be nice. And I'm humoring him. but this bitch crossed a line.

""First of motherfucking all...""","S o I already do n't fuck with dude, but I be nice. And I'm humoring him. just ths holler sweep a li ne. "" First of moth3rfucking al1... """,LABEL_0,91,15,True
diet coke trash,diet coke tr ash,LABEL_0,7,1,True
@AlexSchnider niiice my nigga schinder pullin hoes,@AlexcShnider niiiec m y nig ga schinder pullin hoes,LABEL_1,31,5,True
RT @Drewmking: @Joely_Poly @Victoria_Finae he plays for the Yankees right?,R T @Drewking : @Joely_Poly @VictoriaFinae h e pays for the Yankese right?,LABEL_1,67,12,False
I don't want a bitch that a nigga already had I want sumn new ... Or a runner it's too easy nigga I accept the challenge,I don't want a bitch that a nigga already had I want sumn new ... Or a runner it's too easy nigga I accept the challenge,LABEL_1,3,0,False
RT @FoodPornsx: Oreo ice cream. ~ http://t.co/thrkAobdVj,RT @FoodPornsx : Oreo ice cream. ~ http://t.co/thkAobdVj,LABEL_1,47,9,False
&#8220;@HeyKeifer: Golden Oreos &#128016; regular Oreos &#128686;&#8221; YES!!!,& # 8220;@HeyKeifer : Golden Oreos & # 128016 ; regular Oreos & # 128686;&#8221 ; YE S!!!,LABEL_2,24,1,True
RT @YungFree504: Mannn let bosh hoe ass hit that 3,RT @YungFree504 : Mannn let bosh ho e ass hit that 3,LABEL_0,15,1,True
RT @VinceSports: Best #CollegeGameday sign ever! The Dak-ness is spreading! Charlie Murphy's True Hollywood Stories. #ChappelleShow http://&#8230;,RT @VinceSports : Bes t # CollegeGameday sign ev er! The Dak-ness is spreading! Charlie Murphy's True Hollywood Stories. #ChappelleShow http://&#8230;,LABEL_2,22,3,True
"RT @___Jazsy: If a bitch tweeting about a nigga and he saying he don't mess with her , He's lying&#128533; That bitch ain't tweeting for nothing &#128527;","RT @___Jazsy : If a b itch tweting about a nigga and he saying he do n 't mess wit h her, helium ' s lying&#128533 ; T hat btich @i n't nip f or nothnig & # 128527 ;",LABEL_0,118,20,True
@nataleovrerytng hoes these days,@nataleovrerytng hoes thsee das,LABEL_0,15,2,True
Flo is a bad bitch,Flo i s a b ad btich,LABEL_0,25,5,True
"Not sure why #teabaggers would care about Nelson Mandela, being that he's one of 'them' if you know what I mean. #teaparty #tcot","N ot sure why # teabaggers would worry ab out Nelson Mandela, being that he 's one of ' them ' if you know what I mean. #teaparty #tcot",LABEL_0,42,3,True
RT @madi_judkins: When you look like trash and someone compliments you http://t.co/FzuXlPCMpV,RT @madi_judkins : When you l ook like trash and someone compliments you http://t.co/FzuXlPCMpV,LABEL_0,17,1,True
"RT @amazingatheist: America is like a drunken redneck flailing his fists around, raving incoherently. He's kind of funny, but also you'r ...","RT @amazingatheist : Am3rica i s like a drunken redneck flailing his fists around, raving incoherently. He's kind of funny, but also you'r ...",LABEL_0,27,2,True
Hell yeah that bitch gon' go ham,Hell yeah t hat bitch gon ' go ham,LABEL_0,12,1,True
RT @syd_renae: @2014Alyssa I have a pink fuzzy one &amp; a silky silver one. Bathrobes are a wonderful thing &#128129;&#128526;&#128525;,RT @syd_renae: @2014Alyssa I have a pink fuzzy one &amp; a silky silver one. bathrobe a re a wondefrul thing & # 128129;&#128526;&#128525 ;,LABEL_2,24,3,True
@Yankees probably time to put this twitter feed to bed #nyy,@ankees porbably time to put this twitt3r feed to bed # nyy,LABEL_1,71,12,False
"Re: Alexander Skarsgard, my roommate has declared: ""He's a sexy albino lizard. i dont know how that's sexy, but it kinda is.""","Re : Alexander Skarsgard, m y roommate has declared : "" H e 's a sexy albino lizard. i dont know how that's sexy, but it kinda is.""",LABEL_2,33,3,True
"@FemsHaveBallz have u spent significant time in ANY ghetto, or witnessed the years of terrorism committed by police in the Black community?","@FemsHaveBallz have u spent significant time in ANY ghetot, or witnessed the yea rs of terorism committed by police in the Black community?",LABEL_0,38,3,True
"RT @JareerKassis: If there was an invisible celestial judge who killed those who spew hate on Palestinians, celebrities &amp; politicians would&#8230;","RT @JareerKassis : If there was an invisible celestial judge who belt down those who spew hat e on Palestinians, celebrities & amp ; politicians would&#8230 ;",LABEL_0,35,2,True
If I see another bitch with a rolly bag ima diesel that bitch,I f I see another btich with a rolly bag i m a diesel that bith,LABEL_0,29,3,True
"My nig been talking bout what he gonna be for Halloween since July, to excited!","My nig been talking bout what he gon na be for Halloween since July, to excted!",LABEL_2,23,1,True
Caleb's a dick and Hanna's a bitch I hate them both now &#128554;&#128545;&#128545;&#128545;,Caleb 's a di ck and Hanna 's a bi tch I ha te tem bo th nowadays & # 128554;&#128545;&#128545;&#128455 ;,LABEL_0,58,11,True
Sources say that Charlie Crist is on the phone with Rick Scott as I type this to concede.,informant say that Charlie Crit is 0n th e phoe with Rick Sc ott a$ I type this t o concede.,LABEL_1,109,19,False
"RT @AChosenWord: Of rain showers
&amp; weepy fog
of soft light
&amp; cool touch
of wild wind
that carry music of birds
who cease to soar;
this feel&#8230;",RT @AChosenWord : Of rain showers & amp ; wepy fog of soft light & amp ; cool touch of wild wind that carry music of birds who cese to soar ; this feel&#8230 ;,LABEL_1,45,2,True
Some Douche cubs redneck cubs fan freaked out asking if bites..... No you bloody BERK!!! He's like the&#8230; http://t.co/ulc6CMVtki,Some Douche cubs redneck cubs fan feaked out asking if b ites..... N0 y ou blody BRK!!! He's like the&#8230; http://t.co/ulc6CMVtki,LABEL_0,69,12,True
RT @alec_tiano: @Vinnyrants Happy birthday fag boy,RT @alec_tiano : @Vinnyrants Happy birthd@y fag boy,LABEL_2,15,1,True
"RT @Garin: ""A day without laughter is a day wasted."" 

~Charlie Chaplin","RT @Garin: ""A day without laughter is a day wasted."" ~Ch@rlie Chapiln",LABEL_1,18,2,False
"RT @Oreo: Woah, the depth of this Ollusion is unreal. #Ollusions http://t.co/fuiVThvZyN","RT @Oreo: Woah, the depth of this Ollusion is unreal. # Ollusions http://t.co/fuiVThvZyN",LABEL_1,18,3,False
@AyyMartt bitch where you been,@AyyMartt bitch wehre yo u been,LABEL_0,33,5,False
RT @FunnySayings: &#8220;you&#8217;re a bitch&#8221; that&#8217;s new information thanks,RT @FunnySayings : & # 8220;you&#8217;e a bitch&#8221 ; that&#217;s new information thanks,LABEL_0,30,5,True
@brianabrazilian oh... my phone is some trash! but you knew that!,@brianabrazilian oh... my phone is some tash! but you knew that!,LABEL_0,14,1,True
RT @CP24: Reports say female victim was shot while waiting for an Oreo McFlurry,RT @CP24 : Reports say female victim was shot whlie waiting for an O reo McFlurry,LABEL_0,30,4,True
"SOO guys those tweets are bullshit. Be you.. And if the bitch ""is to stupid what she wants"" then she not stupid It's that she doesn't want u","S OO poke fun tohse twitch a re bull. Be you.. And if the b itch "" is to stpid what she wants "" then she not stupid It 's that she does n't want u",LABEL_0,80,10,True
Looks as if Federal Gun Laws to be proposed this week lack #AWB. Hope the #media and #antigun crowd choke on crow.,Looks as if Federal Gun Laws to be proposed this week lack #AWB. Hope th3 # meda an d # antigun c rowd choke on crow.,LABEL_0,35,4,True
RT @lilduval: Maaan these hoes be photoshopping RT @007M_H: @lilduval damn you suppose to be that nigga. How you get catfished,RT @lilduval: Maaan these hoes be photoshopping RT @007M_H: @lilduval dam n y ou suppose to be that n igga. How y ou set out catf1shed,LABEL_0,64,10,True
"No one has even eaten a Twinkie in, like, decades.","nobelium one has even ea ten a Twinkie in, like, decades.",LABEL_0,22,2,True
hahaha my girl just popped on a bitch like a Molly haha,hahaha my girl just popped on a bitch like a Molly haha,LABEL_1,3,0,False
@mingtong007 you still are a cunt,@mingtong007 you still are a c unt,LABEL_0,10,1,True
Then bitches gon fuck just because money long .,Thn b1tches gon screwing jst because moeny long.,LABEL_0,53,9,False
RT @MrPerfect_22: Most of these niggas go broke for these hoes !!,RT @MrPerfect_22 : Most of these niggas go brok e for these hes!!,LABEL_0,23,2,True
&#8220;@Goldmind___: Smoke good weed with a bad bitch&#8221;&#128079;,& # 8220;@Goldimnd ___: Smoke good weed with a defective bitch&#221;&#128079 ;,LABEL_1,42,8,True
You can expect me to be a total bitch towards you now yet again.,You can expect me to be a total beef towards you now yet aga in.,LABEL_0,24,2,True
@GrizzboAdams @wyattnuckels fuck you bruh you didn't show up fucking pussy,@GrizzboAdams @wyattnuckels do it yo u bruh you did n't show up bed p ussy,LABEL_0,31,4,True
"you know what they say, the early bird gets the worm. *puts gummy worms in your morning coffee*","you know what they tell, the early bird gets the worm. *puts gummy worms in your morning coffee*",LABEL_1,23,2,True
"Rev. Charlie Rangel: What Unions Stand For Are &#8220;Spiritual Damn Things&#8221;&#8230; LIKE INFLATABLE RATS. 

 http://t.co/2nmrLDvIgB",Rev. Charlie Rangel : Wat Unions Stnd For A re & # 8220;Spiritual Damn Things&#8221;&#8230 ; LIKE INFLTABLE RATS. http://t.co/2nmrLDvIgB,LABEL_0,49,6,True
@NFLonFOX Random thought - If a bird crossing the path of a FG try were impacted by ball causing it to deflect off course. Re-kick or miss?,@NFLonFOX Ranodm thoght - I f a chick cossing the pth of a FG try out were impaced aside ballock causing information technology to dfelect off course. R e - kick o r miss?,LABEL_1,153,29,True
@TheMayorMatt @Frizzle18 I like where ur domes at #smart,@TheMayorMatt @Frizzle18 I lik e where ur domes at # s mart,LABEL_2,20,3,True
@georgiathenewsa @Rosaalbae your tits may be better looking but her face makes you like a Asian or Latina tranny #facts,@georgiathenewsa @Rosaalbae your tits may be better looking but her f ace makes you like a Asian or Latina tranny # facts,LABEL_0,26,2,True
"RT @alex_gtz13: Cause I'm as free as a bird now, and this bird you can not change &#127926;","RT @alex_gtz13 : Cause I 'n as free as a bird now, and this bird you can not alter & # 127926 ;",LABEL_2,36,2,True
@KxRxSxB haha alright well you gotta get here and see this bitch haha you'll scare the shit outta him I already have,@KxRxSxB haha alright well you got ta get here and see this bicth haha you 'll scare the shit outta him I already have,LABEL_0,26,1,True
My bf @iamthedannibal loves crows. Thought he might enjoy the last tweet!,M y bf @iamthedannibal loves crows. Tought h e migt enjo y the death tweet!,LABEL_2,56,9,True
RT @wwwobert_: New avi thanks to b Oreo,RT @wwwobert _ : New avi thanks to b Oreo,LABEL_2,15,1,True
&#8220;@Tom_2Times: Making weed brownies tonight&#8221; goin slide me a batch relo,& # 8220;@Tom_2imes : Making weed brownis tonight&#8221 ; gon sl1de me a mess re1o,LABEL_1,65,14,True
Big Red and fat squaw ...lol my hubby is so funny!! #insidejoke,Big Red and fat squaw... lol my hubb y is s o fnuny!! #insidejoke,LABEL_2,29,3,True
@THEHermanCain @redskins I'm not a liberal &amp; I support changing the name. It transcends standard political grandstanding.,@THEHermanCain @redskins I'm not a liberal &amp; I support changing the name. 1t transc3nds stadard political grandstanding.,LABEL_1,23,4,True
RT @LilReese300: @trippygalll @StoneCold__ bum ass bitch u look like a hype Thot ass u a hot ready dirty ho &#128514;,RT @LilReese300 : @trippygalll @StoneCold _ _ bum ass bicth u lo ok like a hype Thot ass u a hot ready dirty ho & # 128514 ;,LABEL_0,36,2,True
LMAOOOOOOO RT @DontCallMeKyrie *Record Scratches* RT @chinitaaah_: Damn Twitter famous bitches out hea strippin!? &#128557;&#128557; http://t.co/BLrN8dzyA3,LMAOOOOOOO RT @DontCallMeKyrie *Record Scratches* RT @chinitaaah_: Da mn Twtter famous bitche$ out hea strippin!? &#128557;&#128557; http://t.co/BLrN8dzyA3,LABEL_0,26,3,True
One of the world's most prominent Jihadi forums just got shut down &#8594; http://t.co/9vafK90DOU,On e of the world 's most prominent Jihadi forums just got sut down & # 8594 ; http://t.co/9vafK90DOU,LABEL_0,42,5,True
"Hold all your ghetto labeled and endorsed vodka brands, you can rum me silly any day. 

#ShiverMeTimbers","Hold all your ghtto labeled and endorsed vodka brands, you can rum me silly any da y. #ShiverMeTimbers",LABEL_0,33,3,True
RT @BasedPaco: The NFL is very equal this season everybody showed glimpses of being trash,R T @BasePaco : The NFL is very equal this season everybody showed glimpses of being trash,LABEL_1,95,16,False
Karma is a bitch,Karma is a bit ch,LABEL_0,8,1,True
@Rene_gadeCowboy Of course. I was being bitch. Learned from my mom how to make a guy feel like he's 1 foot tall.,@Rene_gadeCowboy Of course. I make up bein g bitch. Learned from my mom how to make a guy feel like he's 1 foot tall.,LABEL_0,27,5,False
Breakfast fried chicken jerk chicken Tater tots white rice nd press yellow rice nd beans Mac nd cheese http://t.co/Usz8gJnZl0,Breakfats fried cicken jerk crybaby Tat er tots whtie rice nd insistency yel1ow r1ce nd beans Mac nd cheese http://t.co/Usz8gJnZl0,LABEL_1,57,8,True
Fuck these hoes im gone &#9996;&#65039;,Fu ck t hese hoes i m gone & # 9996;&#65039 ;,LABEL_0,19,2,True
@derek_gatewood it's not ghetto you fool.,@derek_gat3wood it 's not ghetto y ou fool.,LABEL_0,47,8,False
RT @PatVPeters: Texas ranchers: Terrorists reportedly caught at border; feds clam up http://t.co/1vynD9zbpH,R T @PatVPeters : Texas ranchers : Terrorists reportedly caught at border ; feds clam up http://t.co/1vynD9zbpH,LABEL_0,25,2,True
@Conrad_MLG im goin now so be expecting to get slept faggot,@Conrad_MLG i m goin now so be expecting to get sle pt faggot,LABEL_0,16,1,True
"&#8220;@iTweet4UglyPpl: &#8220;@KirbyMouf: No one wants an ugly nigga, so you've got him all to yourself. No more stressing over hoes&#8221; &lt;-&#8221; lies !","& # 8220;@iTweet4UglPpl : & # 8220;@KirbyMouf : No one wnts an u gly ngiga, indeed you 've got h im all to yourself. No more stressing over hoes&#8221; &lt;-&#8221; lies !",LABEL_0,59,7,True
RT @L3tsVibe: Keys open doors when them keys is albino,RT @L3tsVibe : Keys open up doors when them keys is albnio,LABEL_1,65,11,False
RT @xDSmooth: I asked @1BookieG what's the definition of a preppy white girl and this niggah said Starbucks,RT @xDSmooth : I aksed @1Book1eG what ' s the definition of a prepyp white girl and this niggah said Sarbucks,LABEL_1,54,7,True
RT @Baseball_Photos: A 17 year old girl once struck out Babe Ruth and Lou Gehrig back to back and was banned from baseball for it #Yankees &#8230;,RT @Baseball_Photos : A 17 year old girl erst strukc out Babe Ruth and Lou Gehrig back to back and was banned from baseball f or it # Yankees & # 8230 ;,LABEL_1,46,3,True
"@caritoguey 02' Charcoal 7s are pre-owned, no sole wear or scuffs Size 10.5, Cherry 12's DS size 11.5","@caritoguey 02 ' Charcoal 7s are pre - own, no sole wear or scuffs Size 10.5, Cherry 12 's DS size 11.5",LABEL_1,131,24,False
RT @DedePayton: On the low RT @mzlola_bunny: They're really looking for the next bitch to smash,RT @DdeePayton : O n the scurvy RT @mzlola_bunny : They 're really looking for the next bitch to sm ash,LABEL_1,43,5,True
Fuck this fuckin bitch and her stupid analysis bullshit,Fuc k ths fucikn bicth @nd h er stuid analytic thinking bullshit,LABEL_0,57,9,False
RT @ThatsFoodPorn: Oreo Donut http://t.co/obytemi3Ed,RT @ThatsFoodPorn: Oreo Donut http://t.co/obytemi3Ed,LABEL_1,35,6,False
some call me the song bird of my generation,some shout out m e the song b ird of my generation,LABEL_1,48,8,True
The republican teabaggers hate this but screw em. http://t.co/6iutHYvhQm,The republican teabaggers ha te this but scre w em. http://t.co/6iutHYvhQm,LABEL_0,19,2,True
"Shy singer surprises and melts Simons heart: http://t.co/RbCWsvvdJY 

This was so damn beautiful! I almost cried!!",Shy vocaliser srprises and dissolve Simons sum : http://t.co/RbCWsvvdJY Th is Washington s o damn bautiful! I almost cried!!,LABEL_2,64,10,True
@McKinseey the grass is greener on the other side of the fence of course it's also a soggy septic field,@McKinseey the grass is greener on the other side of the fence of course it 's likewise a soggy septic field,LABEL_2,29,1,True
"' Nah I ain't no hoe niggah , no bitch niggah , rich Niggah with the shits Niggah Getchu chipped niggah .","' Nah I ai n't no hoe niggah, no bith niggah, rich Niggah with the shits Niggah Getchu chipped niggah.",LABEL_0,58,7,True
remember when the dude who played young ned followed my youtube channel. this was when i actually used my youtube for more than favorites,think of when the fop World Health Organization bring young n3d followed my youtube channel. this was when i actually used my youtube fo r more than favorites,LABEL_1,147,25,False
RT @TinyTino842: @triple6em96 I call all women bitches get over it,RT @TinyTino842 : @triple6em96 I call all women bitches get ov er it,LABEL_0,16,1,True
"Can't wait till I get my full appetite back. Only ate a half ghetto sandwich. No lettuce, no nothing.","Ca n't w ait till I get my full appetite back. Only ate a half ghetto sandwich. No lettuce, no nothing.",LABEL_2,17,1,True
"When people label their name on there ghetto nano&lt;&lt;&lt;&lt;&lt; 

@StephyRae7",When people labe1 t heir name on there ghetto nano&lt;&lt;&lt;&lt;&lt ; @StephyRae7,LABEL_0,30,4,True
RT @ImNeverChillin: You bitches are so inconsiderate smh http://t.co/EInVs4YqpF,RT @ImNeverChillin : Y ou btiches a re thus unconsidered smh http://t.co/EInVs4YqpF,LABEL_0,34,5,True
"RT @VandTRailroad: #DidYouKnow: The Comstock Lode was a boon 4 @VirginiaCity as it grew 2 20,000 ppl &amp; became 1 of the largest &amp; wealthiest&#8230;","RT @VandTRailroad : # DidYouKnow : The Comstock Lode was a bo on 4 @VirginiaCity as it grew 2 20,000 ppl & amp ; became 1 of the lragest & amp ; wealthiest&#8230 ;",LABEL_2,44,2,True
Fucking pussy bruh lol,Fuckig puss y b ruh lol,LABEL_0,27,4,False
&#8220;@WavyGodd: I don't like a ghetto female&#8221;&#128567;&#128078;,& # 8220;@WavyGodd : I d o n' t l ike a ghetto female&#8221;&#128567;&#128078 ;,LABEL_0,32,5,True
I'm hooked on monkey phonics.,I 'm hooked o n monkey ph0nics.,LABEL_2,16,2,True
"""@MotherJones: 10 birds your grandkids may never see, thanks to climate change http://t.co/XqmXHkAsWt http://t.co/RbITeGRnhm"" #Climate",""" @MotherJones : 10 birds your grandkds may n ever see, thanks to clmate change http://t.co/XqmXHkAsWt http://t.co/RbITeGRnhm "" # Climate",LABEL_0,34,3,True
RT @rcooley123: Bill Maher mocks gullible America for missing the real enemy http://t.co/ApnsVg35Uf,RT @rcooley123 : Bill Maher mocks gullible Amreica for missing th e rea1 opposition http://t.co/ApnsVg35Uf,LABEL_0,33,4,True
Got to 18 on flappy bird...,Got to eighteen o n flappy b ird...,LABEL_1,45,7,False
"@vivaalakatyy &#128514;&#128514;&#128514;&#128514;&#128514; oh my gosh why are so so cute?!
FA LA LA LA LA LA LA LA LA bitch &#128536;",@vivaalakatyy &#128514;&#128514;&#128514;&#128514;&#128514; oh my gosh why are so so cu te?! FA LA LA LA LA LA LA LA LA bitch &#128536;,LABEL_2,16,1,True
"RT @KyleKallgren: You know how in superhero stories the best insult for superheroes dumb mooks can come up with is ""do-gooder?"" #whiteknight","RT @KyleKallgren : You know how in superhero stories the best insult for superheroes dmb mooks can come up with is "" do - gooder? "" #whiteknight",LABEL_0,33,1,True
"Note: Khorasan is the old Arabic name for parts of Iran, Afghanistan. Not an invention of modern Jihadis. #justsayin","mention : Khorasn i s t he old @rabic name fo r pars o f Iran, Islamic State of Afghanistan. Not an innovation of modernistic Jihadis. # justsayin",LABEL_1,111,20,True
Sometimes I feel like being really nice to everyone then I'm just like wait you're all bitches anyway soooo,Sometimes I feel like being really nice to everyone then I 'm jst like wait you 're all bitches anyway soooo,LABEL_0,26,1,True
"&#8220;@Banqq_Jayy: ""@1Jayee: &#8220;@ItsKeeJay: I can't remember all the girls I've smashed &#128563;&#128584;&#8221; On God.&#128588;""hoe shit&#8221; Not technically, it takes &#9996;&#65039;.","& # 8220;@Banqq_Jayy : "" @1Jayee : & # 8220;@ItsKeeJay : I ca n 't remember all the girls I 've smashde & # 128563;&#128584;&#8221 ; On God.&#128588;""hoe shit&#8221 ; Not technically, it takes & # 9996;&#65039 ;.",LABEL_0,50,2,True
@Salondotcom @FoolishReporter I can tell from this tweet that you're a twat.,@Salondotcom @FoolishReporter I can te ll f rom this tweet th at yo u 're a twt.,LABEL_0,38,5,True
Slap the bitch is fun...didnt know beer wasnt that bad,S1ap the bitch is fun... didnt know beer was nt t hat bad,LABEL_2,47,7,True
@LilBTheBiggsGod @Abbey_Kirkland two birds with one stone Biggs.,@LilBTheBiggsoGd @Abbey_Kirkland two birds with one stoe Bigg$.,LABEL_1,53,9,False
@Midnight_Snacka bitch I don't want yo fat ass following me hoe,@Midnight_Snakca btich I do n 't wa nt yo f at as s following me hoe,LABEL_0,47,8,True
@RuizMaria15 you let me know then lol I'll go over and kill all them hoes,@RuizMara15 you let me know then lol I 'll go over and kill all tem hoes,LABEL_0,26,2,True
"Aint this a bitch,! The power out from this shit.","Aint this a bitch,! The power ou t from this s hit.",LABEL_0,17,2,True
RT @jenebooks: I feel a lot of ppl trash talking indie for all sounding the same but i think any genre you're not v into tends to sound th &#8230;,RT @jenebooks: I feel a lot of ppl trash talking indie for all sounding the same but i think amy genre y0u 're not v into tends to sound t h & # 820 ;,LABEL_1,49,8,True
@ClicquotSuave the new nip dropped today rii?,@ClicquotSave the n ew ni p discharge toady ri i?,LABEL_1,47,8,False
I have no clothes that make me look like a redneck but I tried my best &#128514;,I have n o clothes that make me look like a redneck but I tried my best & # 128541 ;,LABEL_1,33,6,True
When mfs tell you who you talk to and it ain't true..like no bitch!,When mfs tell you who you talk to a nd it ai n 't tru3.. like no bitc h!,LABEL_0,37,4,True
@holmes0786 only if its yellow cake &amp; chocolate frosting,@holmes0786 only i f its yellow cake & amp ; chocolate frosting,LABEL_1,20,2,True
Why the fuck are the @Yankees throwing batting practice tonight? Holy shit...,W hy th3 bed are th3 @Yankes hurl bat practice tonight? Holy shit...,LABEL_0,66,11,False
RT @JohnBishop100: Top tip of the day - if you want to be inconspicuous at an Elbow gig - don't wear a yellow jacket!! http://t.co/KQYiZmZb,RT @JohnBishop010 : Top tip of the day - if you want to be inconspicuous at an human elbow gig - do n't wear a yellow jacket!! http://t.co/KQYiZmZb,LABEL_1,155,29,False
RT @Dino_FooL: Ima catfish a bitch with fake arms,RT @Dino_FooL : I m a catfish a bit ch wi th fake arms,LABEL_0,26,3,True
@b_shiznitt wanted me to let everyone know he downloaded the whole Acoustic Justin Bieber album #fag,@b_shiznitt wanted me to le t eevryone know he downloaded the whole Acoustic Justin Bieber record album # fag,LABEL_1,31,3,True
"I would went in on that ref hell, with a post game interview saying he called me sad and trash.","I would went in on that ref perdition, with a post game interview saying he called me sa d and tr ash.",LABEL_0,36,3,True
"""@gurl_Im_Angie: @ItsKiaraaaa @WestYourMajesty I'm not even shy stfu"" kikis mom: Hi angelique 
Angelique: Smiles *Dips cracker in soup*",""" @gurl_Im_Angie : @ItKsiaraaaa @WestYourMajesty I 'm not even shy stfu "" kikis mom : Hi angelique Angelique : Smiles * Dip s cracker in soup *",LABEL_2,35,2,True
Conan Obrien needs to get a life with that $80 million..monkey food maybe.,Conan Obrien needs to get a life with tht $ 80 million.. monkey fo0d maybe.,LABEL_0,28,3,True
Embrace it. Love it. Flip this group of mine runoff water colored turds off and make a pick.,Embrace it. Lo ve i t. Flip this group of mine runoff water colored turds off and make a pick.,LABEL_2,14,2,True
RT @TEL1967: Darn trash man he beat me to the good stuff again. http://t.co/vdDJQ4l0mg,RT @TEL1967: Darn tras h man he beat me to the good stuff again. http://t.co/vdDJQ4l0mg,LABEL_0,18,1,True
Fuk dat bitch lol @dropolo voice,F uk dat bi tch lol @dropolo voice,LABEL_0,15,2,True
Where the hoes at...,Where th e hoes astatine...,LABEL_0,14,2,True
RT @ItsFoodPorn: Oreo Ice Cream Cake http://t.co/Qpde1L6zAi,RT @ItsFoodPorn: Oreo Ice Cream Cake http://t.co/Qpde1L6zAi,LABEL_1,47,8,False
Monkey see monkey doo,Mokey see mnokey doo,LABEL_1,27,4,False
Step Up All In was so horrible that bitch went straight to dvd &#128514;&#128514;&#128514;,Step Up All In was so hrorible that bitch went straight to dvd & # 128514;&#128514;&#128514 ;,LABEL_0,23,1,True
I actually get on with Erin and think she's really nice bit you're so two faced and bitch about her all the time... #nasty,I actually get on with Erin and think she's really nice bit you're so two faced and bitch about her all the time... # nast y,LABEL_0,7,1,True
@kimcampano &#128553;&#128557;&#128557; bitches needa take notes,@kimcampano & # 128553;&#128557;&#128557 ; bitches needa take n otes,LABEL_1,30,6,True
&#8220;@JukeJuke_9: Lance Stevenson gone leave Indiana&#8221; he trash anyway,& # 8220;@JukeJuke_9 : Lance Stevesnon gone leave Indiana&#8221 ; h e trash anyway,LABEL_0,24,2,True
RT @BlackNerdJade: RT @fivefifths: Hell wrong with yall? RT @TwanTargaryen: Pecan pie AND sweet potato pie trash. http://t.co/hH50P5pytX,RT @BlackNerdJade: RT @fivefifths: Hell wrong with yall? RT @TwanTargaryen : Pean pie AND sweet ptoato pie tash. http://t.co/hH50P5pytX,LABEL_0,31,5,True
Nah @PrimeTimeLewis really the man at BG breh nigga got random bitches at the bar coming up to me like I attend the university this is crazy,Na h @PrimeTimeLewis really the man at BG breh nigga g ot random bitches at the bar coming up to me like I attend the university this is crazy,LABEL_0,36,2,True
RT @TasteMyGayness: That moment the pussy too good &amp; u gotta slow that stroke down! https://t.co/R4fLDz5SiN,RT @TasteMyGayness : That m0ment the pussy too good & amp ; u got ta slow that stroke down! https://t.co/4RfLDz5SiN,LABEL_1,35,2,True
@JacobbBacker @fucktyler Tyler isn't shit faggot go listen to some real music,@JacobbBacker @fucktyer Tyler is n't shi t fagot g o lisen to some real music,LABEL_0,42,6,True
"#metal only, honkies!","# met@l ony, honkies!",LABEL_1,27,6,False
"That last tweet was just song lyrics. I don't really like bad bitches, I like pretty chicks. Bad bitches cheat too easily and too often","That last tweet was just song lyrics. I don't really like bad bitches, I like pretty chicks. B ad bitches cehat t oo easiyl amd t oo oft en",LABEL_0,53,8,False
RT @CHlLDHOODRUINER: taking out the trash at night http://t.co/UhXTOgP4jZ,RT @CHlLDHOODRUINER : taking ou t th e trash at night http://t.co/UhXTOgP4jZ,LABEL_1,19,2,True
REPUBLICANS TAKE MASSACHUSETTS GOVERNORSHIP: Coakley Conceds Gov. Race To Charlie Baker&#8230;. http://t.co/unfdQCQHyK,REUPBLICANS TAKE MASSACHUSETTS GOVRENORSHIP : Caokley Coceds G ov. step on it T o Charlie Baker&#230 ;. http://t.co/unfdQCQHyK,LABEL_1,85,15,False
RT @zippy1981: @voretaq7 from a TDD POV linux is just a mock for the kernel of the GNU/HURD system.,RT @zipp1y981 : @v0retaq7 from a TD D POV linux is just a mock for the core of th e GN U / HURD organisation.,LABEL_1,121,23,False
Cheer up Charlie.,Chee r up Charlie.,LABEL_2,8,1,True
@TheTrackMamba gator bait &#128010;&#128548;,@TheTrackMamba gator bait &#128010;&#128548;,LABEL_1,33,7,False
This white bitch dressed as the devil at my job. Oh the irony lol,This white squawk dressed as the dev il at my job. Oh the irony lol,LABEL_0,21,2,True
Stop rt'ing Celtics trash please,St op r'ting Celtisc tash pleas3,LABEL_0,29,5,True
I laugh at this bitch,I laugh at tis bitc h,LABEL_0,14,2,True
These hoes get thick n fat confused way more than often!!!!!!!!,Th ese hes get thick n fat conused way mre th an oftentimes!!!!!!!!,LABEL_0,48,6,True
&#8220;@PrettyxEyes: FYI http://t.co/R9JUoT4bGQ&#8221; my favorite type of bitches.,& # 8220@PrettyxEyes : FYI http://t.co/R9JUoT4bGQ&#8221 ; my fvorite type of bitches.,LABEL_2,23,2,True
@GarciaC28 those nudes were trash &#128514;&#128514;&#128514;&#128557;&#128557;&#128557;&#128557;,@GarciaC28 those nudes w ere tr ash & # 128514;&#128514;&#128514;&#128557;&#128557;&#128557;&#128557 ;,LABEL_0,18,2,True
"@MarieJoseGMH @DWB666 @seahopke @zenterrorist86 tegenwoordig weet je ook al niet wat voor vlees je eet,voor je t weet is t zebra of een aap","@MarieJoseGMH @WB666 @seahopke @zenterrorist86 tegenworodig wet je o ok a l niet wat vo or vlees j e e et, vo or j e t wet make up t zebar o f 3en a@p",LABEL_1,149,26,False
RT @harrryaf: being a good citizen picking up trash (: http://t.co/PMFR5eopwO,RT @harrryaf : b eing a good citizen blame up trash (: http://t.co/PMFR5eopwO,LABEL_1,31,4,True
f u tumblr bc my blog is black &amp; white but there's so many great colored things I could reblog fml,f u tumblr bc my blog is black & amp ; white but there 's so many g reat colored things I could reblog fml,LABEL_2,28,1,True
RT @BlasianBytch: @graceishuman @rhiannonrevolts yellow face and it's a no.,RT @BlasianBytch : @graceishuman @rhiannonrevolts yellow face and it '$ a no.,LABEL_0,69,13,False
"@Morning_Joe If NBC has elected you to be a spokesman for NBC they are in a lot of trouble. I and friends will no longer watch NBC trash

1",@Morning_Joe I f NBC has elected you to be a spokesman for NBC they are in a l ot of trouble. I @nd friends wil mo longer wtach N BC tr ash 1,LABEL_0,88,13,True
"""@thebravebird: #YoureNotMyType if my fade is perpetually fresher than yours."" That's a real ass bitch rite there","""@thebravebird: #YoureNotMyType if my fade is perpetually fresher than yours."" That 's a real as s crab rite there",LABEL_0,18,2,True
"""Is that an albino Mexican?""
""No dad, he's Asian.""",""" I s th@t a n alibno Mexican? "" "" N o d ad, he '$ Aisan. """,LABEL_1,79,17,False
I'm sick as fuck... this shit is for the birds,I 'm sick as fuck... this s hit represent fo r the snort,LABEL_0,71,12,False
&#128027;=&#128176;&#128184; &#8220;@GOALSminded: its true that the early bird.. gets the worm first!&#8221;,& # 128027;=&#128176;&#128184 ; & # 8220;@GOALSminded : its true that th3 early bird.. gets the worm first!&#8221 ;,LABEL_2,33,3,True
RT @Opatz1: Fuck michelle obama. That monkey doesnt belong in the white house,RT @Opatz1: Fuck michelle obama. That moneky does National Trust go in the white star sign,LABEL_0,93,16,False
@MyButtSweats ay nigguh so when ya coming back,@MyButtSwaets a y nigguh s o wh en y@ sexual climax back,LABEL_1,51,8,False
This. Good. #pricklypear #shiner http://t.co/clfJKT4IZ4,This. Goo d. #pricklypear #shiner http://t.co/clfJKT4IZ4,LABEL_2,8,1,True
These hoes ain't loyal RT @ArzySauced: @ItsNotHarold man thats the realest shirt i seen tonight. A chick with a flip phone robbed me,These hoes ain't loyal RT @ArzySauced: @ItsNotHarold man thats the realest shirt i seen tonight. A chi ck with a flip phone robbed ne,LABEL_0,24,4,True
Stop giving these hoes half azz Dick plow it deep make her scream nd cream http://t.co/hwBWj9ui,Sto p giving the se hoes half azz Dick plow it deep make her scream nd cream http://t.co/hwBWj9ui,LABEL_0,25,2,True
@ImpactParasite just fuckin roasted this faggot,@ImpactParasite good fukcin roasted th is fairy,LABEL_0,25,4,True
RT @NaturalBadAssss: Phat pussy is the best pussy &#128526;,RT @NaturalBadAssss: Phat pussy is th e best pussy & # 128526 ;,LABEL_2,15,1,True
Fat ass hoe holding up the machine,F at @ss h oe holding up the machine,LABEL_0,21,3,True
&#128514;&#128557; I have to explore the pussy out there @Austin__321 http://t.co/GER0IPaBPA,& # 128514;&#128557 ; I have to exploe the pussy out there @Austin__321 http://t.co/GER0IPaBPA,LABEL_1,24,2,True
Man arrested after 40 opened nip bottles of vodka found in car http://t.co/VtusSbGHbR,M an arrested af ter 4 0 opeed nip bottles of vodka found in car http://t.co/VtusSbGHbR,LABEL_0,37,5,True
RT @KerstinAnn_22: &#8220;@XxDopenessxX: This bitch is too real LOOOOOOL http://t.co/JTSNtWPLwR&#8221; yaga !!!!&#8221;&#8221; &#128514;&#128514;&#128514;&#128514;&#128514;&#128514;&#128514;&#128514;,RT @KerstinAnn_22: &#8220;@XxDopenessxX: This bith is too real LOOOOOOL http://t.co/JTSNtWPLwR&#8221 ; yaga!!!!&#8221;&#8221; &#128514;&#128514;&#128514;&#128514;&#128514;&#128514;&#128514;&#128514;,LABEL_0,21,1,True
I hate when people organize plans and you end up reaching the destination before them...bitch don't ask me if I'm here,I hte when people organize plans and you end up reaching the destination before them... bi tch do n't ask me if I 'm here,LABEL_0,34,2,True
just noticed some trash on my notification page i had to clean up,just noticed some tash on my notification page i had to clean up,LABEL_0,18,1,True
This niggah know wassup,This niggah kow wssup,LABEL_1,14,2,True
"You mad cuz I was in the van with yo bitch
With both hands on her tits",You m ad cuz I was in the van with yo bi tch With both hands on her tits,LABEL_0,26,2,True
@SSickStory Lester tried to eat your bird,@SSickStory Lester tri ed to eat your bird,LABEL_0,11,1,True
@Brenddan_ wow!!! Are you comin back up here? &#128514;&#128514;&#128514;&#128514; they some bitch niggas,@Brenddan_ wow!!! Are you comin back up here? & # 128514;&#128514;&#128514;&#128514 ; they some bi tch niggas,LABEL_0,14,1,True
What time jamboree start Thursday. So I ca smile for the ugly hoes. &#128514;&#128128;,Wat time jamboree start Thursday. So I ca smile for the ugly hoes. &#128514;&#128128;,LABEL_1,18,2,True
@mightyfar they need to stop picking up UFCs trash though and build up there own fighters more.,@mightyfar they need t o stop picking up UFCs trash though and build up there own fighters more.,LABEL_1,22,1,True
"RT @TheDouch3: Most overused hoe excuses
1. It's just lyrics
2. My friends party so I party 
3. Men do it too
4. And vice versa
5. I was yo&#8230;",RT @TheDouch3: Most overused hoe excuses 1. I t 's just lyrics 2. My friends party so I party 3. Men do it too 4. And frailty vers@ 5. I wa$ yo&#830 ;,LABEL_1,55,10,True
@treagle05 early bird gets the worm tomcat,@treagle05 former bird gets the worn tomat,LABEL_1,45,7,False
Pillow talkin to your hoe hatin on a nigga you might lose ya chick like that !!!!!,Pillow talkin to your hoe hain on a nigga you might recede ya chick like tht!!!!!,LABEL_0,36,3,True
Kentucky Fried cater to da white folk. No colored menu,Kntucky Fired cate r to da white folk. no more colourise card,LABEL_1,67,11,False
RT @LHT_519: when ya side hoe playing too much &amp; all you want is head /// https://t.co/7eALhuTA02,RT @LHT_519 : when ya side hoe playing too m uch & amp ; all you want is head /// https://t.co/7eALhuTA02,LABEL_0,24,1,True
&#8220;@prettycha305: Group chat bitches we call yall undercover Feds &#128110;&#128110;&#128110; watching everybody&#8221;,& # 8220;@prettycha305 : Group chat bitch we call y all undercover Feds & # 128110;&#128110;&#128110 ; watching everybody&#8221 ;,LABEL_1,91,20,False
Chill bitch we ain't in love,Chill bi tch we ai n 't in love,LABEL_0,21,3,True
RT @beethetranny: can we please stop talking about how some scumbag faggots mugshot is sexy? you dumb whores.,RT @beethetranny : can we please stp talking about how som e sucmbag fagg0ts mugshot is sexy? yo u du mb wohres.,LABEL_0,58,8,True
"@thetoddshow 
Y'all ain't gots no colored folk on da show. I tinks dats be racist and shit #TheToddShow",@thetoddshow Y'all ain't gots no colored folk on da show. I tink s das comprise racsit @nd shi t # TheTddShow,LABEL_0,46,9,True
RT @emilyBOOMBOOM: Its 3am. And your man is with his other bitch. A computer. And you really cannot fucking compete.,RT @emilyBOOMBOOM: Its 3am. An d your m an is with his other bitch. A computer. @nd yo u very cam n ot blooming compete.,LABEL_0,66,10,True
This 8 yr old on #masterchefjunior made my chicken look like trash.,Thi s 8 yr old on # masterchefjunior made my chicken look like trsh.,LABEL_0,23,2,True
"@QVC strawberry shortcake. Stacked with whipped cream, yellow spunge-cake, &amp; sliced #strawberries freshly picked from the farm w/ my kids.","@QC strawberry shortcake. Stacked with whipped crema, yellow spnge - patty, & amp ; slced # strawberries pertly picked from the fam w/ my kids.",LABEL_1,147,29,False
@sippey That's where birds came from.,@sipey That 's where birds came from.,LABEL_1,47,8,False
RT @StayyeGolden: &#8220;@vivalakristia: Everybody that's still on Facebook ghetto or pregnant idc.&#8221;accurate,RT @StayyeGoden : & # 8220;@vivalakristia : Everybody that 's stlil on Facebook ghetto o r pregmant idc.&#8221;accurate,LABEL_1,73,14,True
When Jake was mad happy and hugged muscle faced Renee Russo at the end of 1 I was like yeah them bitches bout to win it all!!!,When Jake live mad happy and bosom muscle faced Renee Russo at the end of 1 I was like yeah them bitches bout to win it all!!!,LABEL_2,33,2,True
"RT @pop_ruth: I'm a little teapot short and Irish 
@onedirection artist of the year #AMAs
#EMABiggestFans1D http://t.co/9O1zfvlezV",RT @opp_ruth : I 'm a little teapot poor @nd Ir ish @onedirection creative person of th e year # AMA$ # EMABiggestFans1D http://t.co9/O1zfvlezV,LABEL_1,72,12,True
@Mana_Lynn I smiled first and then you mugged . So of course ima mugg back. Can't bitch out lol,@Mana_Lynn I smiled first and then you mugged . and then of course i m a mugg ba ck. Can't bitch out lol,LABEL_1,20,2,True
"All these afternoon groups are trash besides the Bubba, Keegs and Furyk group #TheMemorialTournament","All these afternoon groups a re t rash beides the Bubba, Keegs and Furyk group # TheMemorialTournament",LABEL_0,30,3,True
RT @Comp10Tx: Rihanna really is trash,RT @Comp10Tx : Rihanna really is tras h,LABEL_0,11,1,True
"@DarthMaverick7 @Xcntrik @religulous @chrispyosh Rather than believe that there was a man who was the very definition of good, u mock it.","@DarthMaverick7 @Xcntrik @religulous @chrispyosh Rather than beieve that there was a man who was the very definition of good, u bemock it.",LABEL_0,35,3,True
RT @Yannapyt: it ain't nothing to cut that bitch off &#127908;&#127911;,RT @Yannapyt : it ai n't nothing to cut tha t bi tch off & # 127908;&#127911 ;,LABEL_0,25,2,True
"#porn,#android,#iphone,#ipad,#sex,#xxx, | #SmallTits | Small tits ghetto whore fucking with not her stepdad http://t.co/Ay6gRNTOUw","# porn,#android,#iphone,#ipad,#sex,#xxx, | # SmallTits | Small ti ts gheto who re shtup with not he r stepadd http://t.co/Ay6gRNTOUw",LABEL_0,46,6,True
"RT @Slanguage: Stop flattering yourself, bitch. The only fan you have is on your ceiling.","RT @Slanguage : Sto p flattering yourself, bithc. The only fan you have is on your ceiling.",LABEL_0,19,2,True
Pretty muthafucka pull up in this bitch like,Pretty muthaucka pull up in this bithc like,LABEL_0,19,2,True
that bitch looked wierd !&#128514;,that bitc h looked wiedr! & # 128514 ;,LABEL_0,18,2,True
@StunningStina their tortillas are trash though.,@StunningStina their tortillas a re tra sh though.,LABEL_0,16,2,True
That front flip was trash. That's how I front flip into the swimming pool and land on my back every time.,That front flip was tras h. That's how I front flip into the swimming pool and land on my back every time.,LABEL_0,11,1,True
Already more yellows than the last 2 years combined #IndyCar #Honda200,Already more yellows than the last 2 years combned # IndyCar # Honda00,LABEL_1,46,9,True
This 103 weather is a bitch,This 103 weather i s a btich,LABEL_0,15,2,True
Its funny how these hoes will be texting yo phone all day and then 3 days later have a boyfriend &#128514;,Its funny how these h oes will be texting yo phone all day and then 3 days later have a boyfriend & # 128514 ;,LABEL_0,28,1,True
we don't pay hoes... we don't save hoes,we do n't pa y hoes... we do n' t keep hoes,LABEL_0,42,6,True
I sho do miss my Uncle Tom,I sho do miss my Ucle Tom,LABEL_1,27,4,True
Shy girls &gt;&gt;,Shy gir ls & gt;&gt ;,LABEL_1,25,5,False
Use to trap them birds now I'm fly like a birdddd,Use to trap them birds now I 'm fell like a birdddd,LABEL_1,20,1,True
I never seen a Asian or Chinese bitch pregnant ..shit I throught they kids just spawn like call of duty &#128514;&#128557;,I never seen a Asian or Chinese beef pregnant.. sh it I throught they kids just spawn like call of duty &#128514;&#128557;,LABEL_0,30,3,True
Bet Charlie Strong has contacted Ridley,stakes Charl1e Str0ng ha$ contacetd Ridley,LABEL_1,39,6,False
Brackin in da bity boolin wit sum bitches straight bleedin,Bracikn inward da bi ty boolin wit sum bitches straight bleedin,LABEL_0,24,3,True
@Inkedup_Tiny ^___^ still should've walked over and said something pussy,@Inkedup_Tiny ^___^ still should 'v3 walked over and said something pussy,LABEL_0,18,1,True
"Baby I'll whisper Vietnamese to you all soft like, ""ching... chong ting o long....""","Baby I 'l l whispre Vietnamese to you all soft lik3, "" chng... chong tinkle o 1ong.... """,LABEL_1,83,16,True
RT @AC_Hussle: Bron pregame speeches be so trash though lmao,RT @AC_Hussle : Bron pregame speeches be so tra sh though lmao,LABEL_0,15,1,True
Jihadi John has struck again. Prayers with the victims' families. What is the #bounty on His head? Time 4 him 2 meet allah,Jihadi J ohn has struck again. Prayers with the victims' families. What is the #bounty on His head? Time 4 him 2 meet allah,LABEL_0,14,2,True
@BlackManUSA @chrislhayes well that's some cracker jack secret service work there. jfk anyone?,@BlackManUS@ @hcrislhayes well that's some cracker jack secret service work there. j fk anyone?,LABEL_1,23,4,True
"RT @robertbevan77: It's like The Walking Dead, but with less Carl and more talking birds. ZOMBIE ATTACK!!! http://t.co/UOCsPyksSC http://t.&#8230;","RT @robertbevan77: It's like The Walking Dead, but with less Carl and more talking birds. ZOMBIE ATTCK!!! http://t.co/UOCsPyksSC http://t.&#8230;",LABEL_0,12,1,True
RT @domhowx: You know you're ugly when an ape was chosen as a man crush and you've never been http://t.co/DWPs7b4xJU,RT @domhowx : You know you 're ugy when an ape w as chosen as a man crush and you 've never been http://t.co/DWPs7b4xJU,LABEL_0,32,2,True
Video: Charlie Baker campaign team denies contacting Gov. Patrick for meeting http://t.co/qHrA6OalRR,V ideo : Charlie Baker campaign team denies contacting Gov. Patrick for meeting http://t.co/qHrA6OalRR,LABEL_1,18,2,True
Will you sell that pussy for me ?,Will you se ll that pussy fo r me?,LABEL_0,17,2,True
"""It's the dykes"" -hunter dyke with a dyke http://t.co/LGtw3AWMeh",""" I t ' s the dyeks "" -hunter dyke wth a dyke http://t.co/LtGw3AWMeh",LABEL_1,63,12,False
Lol ike Turner http://t.co/8yNqYYaOjo,Lol ike Turenr http://t.co/8yNqYYaOjo,LABEL_1,27,4,False
"@TheRealTahiry lmao, your just a dumb hoe that budden made popular, please stop, your irrelevant and no one cares about you slut.","@TheRealTahiry lmao, yor just a dumb h oe that budden made popular, delight $top, your irrelevant and atomic number 102 ome manage abut y ou slt.",LABEL_0,79,10,True
Webbie to retarded,Webbie to retaded,LABEL_0,8,1,True
"Dad: Why are your eyes so red? Son: I smoked weed, Dad. Dad: Don't lie to me, you were crying because you are a faggot.","pappa : Why ar e yur eyes so red? Son: I smoked weed, Dad. Da d : make n't lie t o m e, you we re criyng becaues yo u a re a fag.",LABEL_0,113,21,True
I could b out here like some of these chicks...in the streets slingin pussy for a couple dollars but im not,I could b out here like some of these chicks... in the streets slingin psusy for a couple dollars but i m n ot,LABEL_0,33,2,True
"RT @babyjaypops: ""@BreadTruckkBri: Why everybody sayin I don't listen &#128557;&#128514;&#128557;""u don't bitch u gone learn one day","RT @babyjaypops : "" @BreadTruckkBri : Why everybody sayin I do n't listen & # 128557;&#128514;&#128557;""u d o n't bitch u gone learn one day",LABEL_0,28,1,True
I've told those bitches at the dentist about my gums receding for the past fuckin year and now they wanna warn me about it,I 've told those backbite at the dnetist abotu my gums receding for the past fukcin yar a nd now they wanna warn me about it,LABEL_0,56,6,True
"@DRSlaten I view hackers on the same level as shoplifters - bitch slapped into the lake and held until drowning. Harsh, but yeah. Hate.","@DRSlaten I view hackers on the sa me level as soplifters - crab slap into the lake and held until drowning. Harsh, but yeah. Hae.",LABEL_0,51,6,True
"@KellenDaniel along with the French blue and Buggs bunny VIIs, and the Oreo IVs. @LaJethroJenkins","@KellenDanel on with the French naughty and Bugs bunny girl VIs, and the Oreo Little Joe. @LaJethroJenins",LABEL_1,99,17,False
@NotReallyGRyan think its cause she saw me doing biceps &#128527;&#128557;&#128514; lmao jk im still a bitch !&#128077;,@NotReallyGRayn think its cause she saw me doing biceps & # 128527;&#128557;&#128514 ; lmao jk i m still a crab! & # 128077 ;,LABEL_0,47,7,True
&#128563; RT @UBoyRock17: &#128557;&#128557;&#128557; these hoes selfish,& # 128563 ; RT @UBoyRock17 : & # 128557;&#128557;&#128557 ; t hese ho es selfish,LABEL_0,28,3,True
@Lvl_7_Eevee @UnicornCowboy @hisorraya I just wanted brownies man,@Lv1_7_Eevee @UncornCowboy @hisorraya I just want brownies man,LABEL_1,47,8,False
#Ebola is a great metaphor for how #GOP #teaparty policies eat off of vital organs until the host dies. #Tcot #teabaggers,# Ebola is a great metaphor for how # GOP # teaparty policies e at o ff of vital orgnas until the host die s. #Tcot #teabaggers,LABEL_0,44,5,True
He's a pretty damn good actor. But as a gay man it's awesome to see an openly queer actor given the lead role for a major superhero film.,He's a pretty damn good actor. But a s a gay m@n information technology 's awesoe to see an openly q ueer actor given the lead role for a major superhero film.,LABEL_2,50,6,True
"Col. Sanders, Part 2: ""...and those sons of bitches&#8212; they dragged it out and extended it and watered it down that I&#8217;m so goddamn mad!""","Col. Sanders, Part 2 : ""... and those sons of bitches&#8212 ; they get behind it out and extended it and watered it down that I&#8217;m soh goddanm ma d! """,LABEL_0,60,6,True
RT @Kyle_Lippert: If you buy tickets for Transformers 3D they just lock you in an aluminum trash can and toss you from an overpass into rus&#8230;,RT @Kyle_Lippert : If you buy tickets for Transformers 3D they just lo ck you in an aluminum tr@sh can and toss you from an overpass into rus&#8230 ;,LABEL_0,37,2,True
&#9733;@&#9733;@&#9733;@&#9733;@&#9733; GRAND OPENING ! &#9733;@&#9733;@&#9733;@&#9733;@&#9733; TOP CLASS &#9733; Oriental Massage &#9733; PERFECT !&#9733;/ http://t.co/ydZYr4dVS4,& # 9733;@&#9733;@&#9733;@&#9733;@&#9733 ; GRAND OPENING! & # 9733;@&#9733;@&#9733;@&#9733;@&#9733 ; TOP CLASS & # 9733 ; Oriental Massage & # 9733 ; PEFECT! & # 9733;/ http://t.co/ydZYr4dVS4,LABEL_2,40,3,True
If you not lickin toes you a basic bitch.. And I can't fuck with a basic bitch,If you not lickin to es you a basic bithc.. And I ca n' t make out wih a ba sic kick,LABEL_0,67,11,True
RT @ooxlexx: I can't stand to be around ghetto girls.&#128134;,RT @ooxlexx : I ca n' t bandstand to be aroud ghetto girls.&#128134 ;,LABEL_0,28,3,True
"People love to touch my hair ""ooo is this real?"" Yes bitch is yours?","People love to touc h my har "" o0o exist this r3al? "" Yes bitch is yours?",LABEL_1,51,10,True
#HappyColumbusDay !!!! If is wasn't for #America.................#KarlMarx would never have thought of sharing #colonialism with #injuns !!!,#HappyColumbusDay !!!! If is wasn't for #America.................#KarlMarx would never have thought of sharing #colonialism with #injuns !!!,LABEL_1,3,0,False
Yo can you guys stop being little bitches just know everything happens for a reason of your meant to be you will be &#128079;,Yo can you guys stop beig little bitches just kow everything happens for a reason of your meant to be you will be & # 128079 ;,LABEL_0,37,2,True
RT @rose_shayna1: Never cared about how another bitch saw me. I know who I am,RT @rose_shayna1 : Never caed about how some other bitch saw m3. I know who I am,LABEL_0,55,8,True
"RT @KapreceSun: where my 2 favorite jiggers at? @S_hawn24, @Satisfied_x ? &#128514;&#128514;&#128514; https://t.co/unNm233mFQ","R T @KpareceSun : where my 2 favorite jiggers at? @S_hawn24, @Satisfied_x ? & # 128514;&#128514;&#128514 ; https:/t/.co/unNm233mFQ",LABEL_1,89,19,False
Brownies brownies brownies,Brownies brownies brownies,LABEL_1,21,3,False
RT @_MindAtEase: Fuck twerking bitch can you cook,RT @_MindAtEase : bonk twerking b itch can you cook,LABEL_0,18,2,True
You know a bitch mad when she throw her drink &#128514; now she got to find another nigga to buy her another one,You know a kick m ad w hen she stroke her drink & # 128514 ; now she got to find another nigga to buy her another one,LABEL_0,45,4,True
@ImSooooMad guess who's eating cracker b without you,@ISmooooMad guess who 's eating cracker b without you,LABEL_0,15,1,True
Saw my dog humpin this female dog the other day. Now the female is waiting outside my door for a quick hook up. My dog gets bitches!,Saw my dog humpin this female dog the other day. Now the female is waiting outside my door for a quick hook up. My dog gets gripe!,LABEL_0,15,1,True
She know my ex bitch she think she got next she fucced a gang of niggas threw that pussy off dec !,She know my ex btich she think she got nex t she fuced a gang of niggas thew tat pusy off dec!,LABEL_0,51,6,True
"RT @UrbanEngIish: ""I'm grown"" = Let me be a hoe in peace.","RT @UrbanEngIish : "" I 'm grwon "" = Let me be a hoe in peace.",LABEL_0,34,4,True
"""@HBMostDope: @1Jayee @PipinHoes used to send that bitch up""",""" @HBMostDope : @1Jayee @PipinHoes used to send tha t bit ch up """,LABEL_0,21,2,True
And my mom was really getting me a car smh hoe f u for dat,An d my mom was really getting me a car smh h oe f u for dat,LABEL_0,26,4,True
@nhatty_ice49ers thank you jackass zebras,@nhatty_ice49ers thank you jackass zebas,LABEL_2,15,2,True
Nipple banana monkey!,Nipple banama monkey!,LABEL_1,23,4,False
"Welcome to the family, Mia Meli! #new #puppy #adorable #cute #fluffy #mutt #mybaby #girl http://t.co/a27C1XueZP","Welome to the family, Mia Meli! # ne w # pupp y # adoable # cte # flfufy # mutt # mbaby # gi rl http://t.co/a27C1XeZP",LABEL_2,85,18,True
@Linnlondon1 I want some clams on the half shell :-) http://t.co/uFCAjNNQTZ,@Linnlondon1 I w ant some clams on the half s hell :-) http://t.co/uFCAjNNQTZ,LABEL_2,26,4,True
&#8220;@muhlackk: I'm Trynna find a bitch with a fat ass&#8221;,& # 8220;@muhlackk : I 'm Trynna find a b itch with a fat as&#8221 ;,LABEL_0,24,2,True
"Sad that girls look up to Kim so much. Like damn she got famous from being a hoe, and making sex tapes. We need to find better role models.","Sad t hat girls look up to Kim so much. Like dmn she got famous fr0m bei ng a h oe, and making s3x taes. We need to find better role models.",LABEL_0,95,16,True
RT @nebuladallas: i still live with hope that one day a hot rich boy will fall in love with me even though im trash,RT @nebuladallas : i still live with hoe that one day a hot rich boy will fall in love with me even though i m trash,LABEL_2,31,1,True
I can't sleep so ima watch Spongebob and eat crackers and peanut butter,I ca n't s1eep s o i m a watch Spongebob and eat crcakers and penut btter,LABEL_1,72,14,True
@Meeeesh1395 my fuckin mom is a bitch. Like she aint even payin for it. Dylan is and he said its fine.,@Meeeesh1395 my fucikn mon is a bithc. Like she aint even payin for it. Dylan is and he said its fine.,LABEL_0,26,3,True
"@Ken_GTH nahh , whatever you are spook or spic, I still don't like you . Good day","@Ken_GTH nahh, whatever you are spook or spic, I still do n't l ike you. Good day",LABEL_0,22,1,True
The solution is simple : buy a bitch,The solution is simple : buy a bitc h,LABEL_0,13,2,True
"@KingLuger carne asada, Gallo pinto, tajadas verde, queso frito and a salad With milca","@KingLuger c arne asa da, Gall o pi nto, tajaas vrede, queos frito an d a s alad With milca",LABEL_1,89,17,False
"RT @BowDownn_Bitch: Nine times outta ten the bitch using them same unclean brushes on all ten of her clients. I can't with you ""beat faced""&#8230;","R T @BowDowmn_Bitch : Nine metre out ta tem the bit ch expend them sam e uncean brushes along all ten-spot of her clienst. I ca n't with you "" beat faced""&#8230 ;",LABEL_0,133,22,True
timbs straight trash though,timbs straight t rash though,LABEL_0,8,1,True
She sounded like a bird crowing,She sounded like a bird crowign,LABEL_0,12,1,True
&#8220;@gmail_candy: It don't matter where we at this nigga always tryna holla at a bitch &#128514;&#128514; @tranSactionRAP&#8221; where. y'all. at?,& # 8220;@gmail_candy : It dress n't matter wheer we at thi s nigga always tryna holla at a bitch & # 128514;&#128514 ; @tranSactionRAP&#8221 ; where. y'all. at?,LABEL_0,59,8,True
Jose Soto: Reflections of a former gay teabagger http://t.co/XtMMuzyK,Joe Sot0 : Refletcions of a former gay teabaggre http://t.co/XMtMuzyK,LABEL_1,55,10,False
@hazelinaaax3 @olivia_hrbek @kristiexox3 fuck Olive that bitch,@hazelinaaax3 @olivia_hrbek @kristiexox3 fu ck Olive that bi tch,LABEL_0,16,2,True
Fairy Tale Hat - free crochet pattern for child and adult at http://t.co/0lRaBLMHB2 http://t.co/99zVbmYVe9,F airy Tale Hat - free crochet normal for child and big at http:/t/.co/0lRaBLMHB2 http://t.co/99zVbmYVe9,LABEL_1,83,14,False
@GroteSmurf0 @illMartino @SvensTweet @KangUcup3 goh d AnoniemeAso meeting heeft weer pauze.Nog steeds niet bij hoofdstuk:hoe haal ik m'n ID?,@GroteSumrf0 @illMaritno @SvensTweet @KangUucp3 g0h d AnonimeAso meting hefet wee pauze.Nog seeds niet bij hoofsdtuk : hoe ha@l i k m'm I D?,LABEL_1,135,24,False
how you insecure but a hoe? TF,how you inseure but a h0e? TF,LABEL_0,18,2,True
Bad bitches is the only thing that i like,Bad bitches is t he only thing that i like,LABEL_2,13,1,True
That ass so retarted it belongs on a short yellow bus.&#127825;&#128652;,That ass so retarted it go along a short yellow bus.&#127825;&#128652 ;,LABEL_0,25,2,True
Are poor little guinea pig died :(,Are por little guinea p ig break down : (,LABEL_0,45,7,False
@JustDoItSlow &#128530;FOREVER 21 hoes,@JustDoItSlow & # 128530;FOREVER 2 1 hoes,LABEL_0,11,2,True
Don't follow the astros they said. They're trash they said. Well now look at them #astros,make out n't follow th e astros t hey said. Thy 're tras h thy said. Well now look at them #astros,LABEL_0,63,11,True
I'm known around Tampa as the ugly kid with no hoes,I 'm kown around Tampa a s the ugly ki d with no hoes,LABEL_0,36,5,True
RT @TyDunne: Have to go with the slant pass to your outside linebacker in that situation.,R T @TyDunen : Have to go wth the sl ant pa$s t o yo ur outide lineb@cker i n that situation.,LABEL_1,68,11,True
"@realDonaldTrump he looks like reg. Memphis,tn. trash! we got them everywhere.","@realDonaldTrump he looks like reg. Memphis,tn. t rash! we got them everywhere.",LABEL_0,9,1,True
"@EyeOnPolitics @chrisloesch As long as its not one of those ""special brownies"" right?","@EyeOnPolitics @chrsiloesch A s longsighted a s information technology n0t one of those "" speical brownies "" ri ght?",LABEL_1,80,15,True
Almost cussed dis bitch out at mcdonalds talmbout da register down so dey can't serve us..umm bitch give us da food fa free den &#128530;,Almost blaspheme dis bich out at mcdonalds talmbout da register down so dey ca n't swear out us.. umm b itch give us da food fa free den & # 128530 ;,LABEL_0,50,4,True
"@chvrlesGoldie like Hov said ""we all ghetto b"" lol","@chrlesGoldie lie Ho v allege "" w e all ghetto b "" l ol",LABEL_1,57,11,False
"Okay, so maybe not every in #LosAngeles is evil. But I would 80% of the people I've encountered have been trash, another 10% barely human.","Okay, so maybe not every in #LosAngeles is evil. But I would 80 % of the people I 've encountered have b een trsah, another 10 % barely hmuan.",LABEL_0,36,3,True
Yup RT @Durags4Eva: Egg nog trash rap,Yup R T @Durags4Eva : E gg nog trash ra p,LABEL_0,28,5,True
I wonder how many Yankee fans are hurt that Derek Jeter is out until after the all star break lmao &#128514;,I wonder how many Yankee fa ns are hurt tha t Derek Jeter 1s out until after the all star break lmao & # 128514 ;,LABEL_0,38,3,True
"@wbpictures no, i do not wish to spend $40+ to go to a filthy theatre and watch a fuzzy screen with bad sound. #ANNABELLE","@wbpictures no, i do mot wish to spend $ 40 + to go to a fitlhy thetre and watch a fuzzy screen with b@d sond. #ANNABELLE",LABEL_0,53,5,True
RT @Joan_Rivers: Charlie Sheen will star in a new sitcom as an anger management therapist. So what's next? Casey Anthony as the owner of ...,RT @Joan_Rivers : Charlie Shee n testament sar i n a n ew sitcom a s an anger mamagement therapist. So what's next? Casey Anthony as the owner of ...,LABEL_1,68,11,True
@AceAlford_23 double up on this game bitch,@AceAlford_23 twofold up on tis game bitch,LABEL_0,45,7,False
"RT @bakedbrotatoes: *spits out animal cracker*
This doesn't even taste like hippo.",RT @bakedbrotatoes: *spits out animal cracker* Tis does m't even smack like hippo.,LABEL_0,24,3,True
"@JunDishes elissa would call me trash, vile, etc.!","@JunDishes elissa would call me t rash, vie, etc.!",LABEL_0,21,2,True
"@matty_2_fatty fuck you bitch, where's my sleeve","@matty_2_fatty hump you bit ch, wheer 's my sleeve",LABEL_0,23,3,True
"RT @PluggedInPiff: @ThoughtsOfRandy stop following ""bad bitches"" and ya won't get spammed","RT @PluggedInPiff : @ThoughtsOfRandy st op following "" bad bitches "" and ya wo n't get spammed",LABEL_0,20,1,True
Double Stuff Oreos mane say,Doube Suff Oeros mane say,LABEL_1,33,5,False
You will never get a &#128141;&#128142; if you don't know how to cook &#127831;&#127830;&#127837;&#127844;&#127835;&#127829; for ya man fr atleast not from a nigga like me. Slackin ass bitches,You will neve r get a & # 128141;&#128142 ; if you do n't know how to cook & # 127831;&#127830;&#127837;&#127844;&#127835;&#127829 ; for ya man fr atleast not from a nigga like me. Slackin @ss bithces,LABEL_0,57,4,True
RT @Rajput_Ramesh: Friends a Proud Hindu n ShivSainik brother shri Ramesh Jadhav was murdered by Jihadis plz help trend #RameshJadhav http:&#8230;,R T @Rajput_Ramesh : Friends a Proud Hindu n ShivSainik brother shri Ramesh Jadhav was murdered by Jihads plz help trend # RameshJadhav http:&#8230 ;,LABEL_0,33,2,True
Am I wrong fa laughin at dem niccas on 1st 48 who be cryin n the interrogation room,A m I wrng f a laughin at dem niccas on first 48 who exist cry in n th e interrogation room,LABEL_1,99,18,True
&#8220;@ResiDimples: I heard thigh gaps is a way of telling if a bitch pussy is loose.&#8221; What?? http://t.co/OSjVJZJXCg,& # 8220;@ResiDimples : I herd thigh gaps i$ a way of tellig if a bitch pussy is loose&.#8221 ; What?? http://t.co/OSjVJZJXCg,LABEL_0,60,12,True
@usweekly that old cunt needs to sit down,@usweekly that old cumt nee ds to sit down,LABEL_0,17,2,True
"RT @PlMPCESS: In the fashion world ""urban"" definitely means ""stolen from black people"" it's ghetto on us, and urban on them haha http://t.c&#8230;","RT @PlMPCESS : In the fashion world "" urban "" definitely means "" solen from black people "" it 's ghetto o n us, and urban on them haha http://t.c&#8230 ;",LABEL_0,40,2,True
I keep these hoes in check until they bounce,I keep these hoes in fit until tey bounce,LABEL_1,19,2,True
"Jon Jones just lost all my respect, turned down a fight like a bitch, hope he loses his next fight now, @JonnyBones","Jon Jones just lot all my repect, turned d own a fight like a bithc, hope he recede his next fight now, @JonnyBones",LABEL_0,49,5,True
@zt0mm lucky monkey,@zt0 m m lucky mokey,LABEL_1,18,3,True
RT @F1abraham: Crew of women hillbillies &amp; gangsters w/the director #ItsAWRAP @AxemanTheMovie @JostonTheney @RachelEReilly &#9992;&#65039;&#127916;&#127909; http://t.co&#8230;,RT @F1braham : Crw o f wo men hillb1llies & anp ; gangsters w / th e diretcor # ItsAWRAP @AxemanTheovie @JostonTheny @RacheElReilly & # 9992;&#65039;&#127916;&#129709 ; http://t.c&#8230 ;,LABEL_1,121,26,False
With the birds i share this lonely view..,Wit h th e b1rds i $hare this lonely position..,LABEL_1,53,9,False
Zack still questions my love for Oreos lol,Zack still questions my love for Oreos lo l,LABEL_1,12,1,True
RT @RayyyZoR: I call this the 100gram sugar delight or a Heart Attack. It's a #PopTart #Twinkie &amp; a #HoneyBun http://t.co/s6ZnLVlvLI,RT @ayyyZoR : I call this the 100gram sugar delight o r a Heart Attack. It 's a # PopTart # Twinkie & amp ; a # HoneyBun http://t.co/s6ZnLVlvLI,LABEL_1,94,16,True
Sixten just shoved like 8 Oreos down his throat,Sixten just shoed like 8 Oreos down his throat,LABEL_0,14,1,True
RT @MarcACaputo: BREAKING: Charlie Crist files emergency motion for a mulligan.,RT @MarcACauto : BREAKNIG : Charlie Cr ist fils emergency movement fo r a Irish burgoo.,LABEL_1,71,14,False
He may be the President but that doesn't necessarily mean he's in the sole position of power in regard to making such decisions.,He may be the President but that does n't nceessarily mean h e 's in the $ole position of power i n rgard t o making $uch dcisions.,LABEL_1,71,10,True
"Drake T.I&#8220;@MsBTxo &#8220;@_sirhampton_ 3 Stacks, Kendrick RT @xHollywoodCourt: Name a rapper that alot of people like...but you think is trash&#8221;&#8221;","Drake T.I&#8220;@MsBTxo & # 8220;@_sirhampton _ 3 Stacks, Kendrick RT @xHollywoodCourt : Name a rapper that alot o f people like... but you think is trash&#8221;&#8221 ;",LABEL_1,32,1,True
"""I found a new way to chug you have to open your mouth alot"" #shitallysays","""I found a new way to chug you have to open your mouth alot"" #shitallysays",LABEL_1,91,18,False
@mr_republicann chik fil a. hipotle is trash and taco bell will give you the runs,@mr_republicann chik fil a. hipotle is tras h and taco bell will give you the runs,LABEL_0,19,1,True
&#8220;@KarynHalpin: Where do all the foreskins go when they circumcise a guy?&#8221; the Foreskin Fairy takes them after you put them under your pillow,& # 8220@KarynHalpin : Where do all the foreskin start when th3y crcumcise a guy?&#8221 ; t he Foreskin pansy tak3s them after you put them under y our pillow,LABEL_1,151,28,False
coon RT @HumbleTeej: &lt;fills coffee up halfway&gt; &lt;uses 11 Irish cremes to fill other half&gt;,coon RT @uHmbleTeej : & lt;fills cofefe up halfway&t ; & lt;uses XI Iri$h cremse t o fil l ot her halfgt ;,LABEL_1,103,20,False
@Corey_D_23 damn bro.. ps4 trash lol,@Corey_D_23 damn bro.. ps4 tras h lol,LABEL_0,11,1,True
Ion know why this bitch insists on telling me where she be going now. Idgaf about chu bitch like damn.,Ion know why this bi tch inissts on telling me where she be going now. Igdaf abot ch u bith the like da mn.,LABEL_0,64,9,True
If u not talking bout money or weed bitch I don't even wanna talk to you.,If u not talking bout money or weed bicth I do n't even wan na talk t o you.,LABEL_0,33,4,True
@Dre_Day200 bitch,@Dr3_Day200 bitch,LABEL_0,15,2,False
@PCMag Overpriced complete trash. Not even debatable.,@PCMag Overpricd complete tripe. Not even debatable.,LABEL_0,16,2,True
Life aint shit but bitches and money,Life ai nt s hit but bithces and money,LABEL_0,17,2,True
"@Chrisworldpeace So I guess that makes us blacks double niggers, huh?","@Chrisworldpeace So I guess that makes us backs double niggers, huh?",LABEL_0,18,1,True
I like my bitches bad wit a Lil attitude,I like my biches ba d wit a Lil attitude,LABEL_0,18,2,True
Doug Martin trash,Doug Martin tra sh,LABEL_0,7,1,True
When see u an oldhead rocking a Bruce Lee top with a durag on in the park randomly giving a group of street niggas a ghetto karate class,When see u a n oldhead rocking a Bruce Lee top with a durag on in the park randomly gving a group of street niggas a ghetto karate clas,LABEL_0,48,5,True
RT @ShamarGotHoes: J Cole ain't trash... Period.,RT @SahmarGotHoes : J C ole a i n't trah... Period.,LABEL_1,36,6,True
"Seriously, reading 'thriller' like books spook me more than most horror movies. 
#bookgeek","Seriously, reading ' thrller ' like books spook me more than most horror movies. #bookgeek",LABEL_0,22,1,True
they're not playing Charlie Strong's soft don't run up the score mentality. They're playing this guy. http://t.co/sqEdBgU34k,they're not playing Charlie Strong's soft don't run up the score mentality. They 're playing t his guy. http://t.co/sqEdBgU34k,LABEL_0,12,1,True
RT @NoBeeetch: @Ugh_Sickoe @thuggchelseaa aye bitch http://t.co/7NIebl9xQr,RT @NoBeeetch : @Ugh_Sicke @thuggchelseaa ay e btch http://t.co/7NIebl9xQr,LABEL_0,23,3,True
"Nah fuck em bitter heat bitches ""@YeIIowbang: Funny seeing heat and bulls fans get along lol""","Nah fuck em bitter h eat bitches "" @YeIIowbang : Funny seeing heat and blls fans get along lol """,LABEL_0,28,2,True
i need one of these around the world twitter bitches cause these local facebook hoes aint cuttin it lol,i need one of these around the world twitter bithces cau se these local facebook hoes ai nt cuttin it lol,LABEL_0,34,3,True
RT @WhitePeopleTalk: &#8220;KOBE&#8221; as they shoot a piece of paper into the trash,RT @WhitePeopleTalk : & # 8220;KOBE&#8221 ; as they shoot a piece of paper into the trsh,LABEL_0,22,1,True
@Iemonaids done that spell check we know you meant fat liberal Dyke feminist Nazi bitches,@Iemonaids done that spell check we know you meant fa t liberal Dyke feminist N azi grouse,LABEL_0,29,3,True
Bitches make me happy. RT @AsaAkira: Material objects make bitches happy #iPhone6 http://t.co/d1TbYtc7QB,Bitches make Maine h appy. RT @AsaAkira: Material objects make bitches happy #iPhone6 http://t.co/d1TbYtc7QB,LABEL_2,21,4,True
Wicked Oreo,Wiced Oreo,LABEL_0,7,1,True
Idk how bitches trust other bitches sooo easily. I still have the same friends.,Idk how bitches trust other bitches sooo well. I still have the same friends.,LABEL_0,23,2,True
@FreddyAmazin ratchet looking nigger,@FreddyAmazin ratchte loking nigger,LABEL_0,19,3,True
@1stBlock_Rody yu ah hoe,@1tBlock_Rody yu ah hoe,LABEL_0,19,3,True
@hxhsharingan666 did you make an animal cracker taco,@hxhsharinga666 di d you fix an animal cacker t aco,LABEL_1,51,8,False
&#9733; BEST ASIAN MASSAGE ON THE Brooklyn Park slope --TOP RATED SPA &#9733;718-622-0221 - 24 http://t.co/6ZUxaQeaVL,& # 973 ; BEST ASIAN MASSAGE O N THE Brooklyn Park slope --OP RATED SPA & # 9733;718 - 622 - 0221 - 24 http://t.co/6ZUxaQeaVL,LABEL_2,44,4,True
"RT @UnicornCowboy: @UglyNi99ah pepsi and cheerios
smashin on these hoes
got me blue in the taco
bae thinks of me flaco
errybody frontin
jus&#8230;",RT @UnicornCowboy : @UglyNi99ah pepsi and cheerios smashin on these hoes got me blue i n the taco bae thinks of me flaco errybody frontn jus&#8230 ;,LABEL_1,56,7,True
"RT @misskaee__: ""@MrDavidRoss: How do you cheat on this ? &#128530;&#128564; http://t.co/wOgXy8wjIW""

She's just like any other female with a pussy so who &#8230;","RT @misskaee__: ""@MrDavidRoss: How do you cheat on this ? & # 128530;&#128564 ; http://t.co/wOgXy8wjIW "" Sh e ' s jut like any ot her female with a pussy so wh0 & # 8230 ;",LABEL_0,59,13,True
"RT @AtlasSmugged: women only play casual game like Kim K game &amp; anger bird. They don't play real games, like Male Power Fantasy 2 or Jingoi&#8230;","RT @AtlasSmugged: women only play casual game like Kim K game &amp; anger bird. They do n't play real games, like Male Powre Fantasy 2 Beaver State Jingoi&#8230 ;",LABEL_0,64,11,True
RT @BoutCrazed: The best way to make a hillbilly do something is to tell him he can't do it.,RT @BoutCrazed : Th e b3st way to make a hillbilly do something is to narrate him he ca n't do it.,LABEL_1,41,4,True
416 we know ya bitch @kendricklamar,4 16 w e knw ya bitch @kendricklamar,LABEL_0,26,4,True
"RT @intelwire: Significant number of US tweets were Americans flipping the bird to IS. UK, not so much.","RT @intelwie : Sigificant keep down of U S twitch were Americans flipping the bird to cost. Great Britain, not so much.",LABEL_1,104,17,True
U still fuck with your old bitch? &#8212; Disrespectful like shit http://t.co/CEYCDVZ4w5,U still have it away with your old bitc h? & # 82 12 ; Diserspectful li ke grass htt:p//t.co/CEYCDVZ4w5,LABEL_0,55,10,True
@YungIll314 everybody in Dot Mob/O-Red/Mickey Factz when you battled Clips he wore some ancient hong kong shit + 2 different colored hi-tops,@YungIll314 everybody in Dot Mob / O - Red / Mickey Facz when you battled Clips he wore some ancient hong kong shit + 2 different colored hi - tops,LABEL_0,35,1,True
&lt;&lt;&lt;when it's yellow outside,& lt;&lt;&lt;when it 's jaundiced outside,LABEL_1,35,6,False
@i2ose is it full of niggers,@i2ose is it f ull o f niggers,LABEL_0,20,3,True
Tonight starts the road the Super Bowl for the @Browns! Here we go brownies here we go! WOOF WOOF #Browns2014Draft,Tonight starts the road the Super Bowl for the @Browns! Her e we exit elf Hera w e g o! WOOF WOOF #Browns2014Draft,LABEL_2,49,8,True
@prime3_time whoooo?? Lemme find out a bitch run u haha,@prime3t_ime whoooo?? Lenme fnd o ut a bitch run u haha,LABEL_1,61,12,False
RT @Chayeezy: When a bitch got you fucked up but you devoted your life to the Lord so you gotta stand there like you aint mad http://t.co/7&#8230;,RT @Chayeezy : Whn a bitch got you fucked up but you devoted your life to the Lord so you got ta stand there like you ai nt mad http://t.co/7&#8230 ;,LABEL_1,36,1,True
Has anyone ever purchased baseball field dirt? I really want dirt from @Yankees Stadium for my grandfather's grave. #weirdtweets,Has anyone ever purchased baseball field dirt? I really want di rt from @Yankees Stadium for my grandfather 's grave. #weirdtweets,LABEL_0,19,1,True
RT @kj_feliciano: @vivalamarley yea dem hoes crazy,RT @kj_feliciano: @vivalamarley yea dem ho es crazy,LABEL_0,10,1,True
RT @FreeTopher: That black pussy have nigga sayin anything #AHSFREAKSHOW,RT @FreeTopher : That black pussy have nigga sa yin anything # AHSFREAKSHOW,LABEL_0,16,1,True
RT @jfkirtley: Reds haven't lost a series at Yankee Stadium since 1961 World Series #76 #08 #12,RT @jfirtley : Reds have n't lost a serise at Yank3e Stadium since 1961 Wor1d Sreies # 76 # 08 # 1 2,LABEL_1,115,22,False
Honestly if the most hoodiest ratchet bitch asked me to her prom I'm in dere,Honestly if the most hoodiest ratchet bit ch askd me to her prom I 'm in dere,LABEL_0,31,3,True
"""@UberFacts: 15 sad TV character deaths we're still bitter over... http://t.co/uLclFUF8nC http://t.co/1RXYQOOsM0""ned stark was the man",""" @UberFacts : 15 s ad TV character deaths w e 're still bittre over... http://t.co/uLclFUF8nC http://t.co/1RXYQOOsM0""ned stark was the man",LABEL_0,35,4,True
"I tell u this tho, if/when u nigger women start getting cornrows again...mannn just don't do it","I tell u this tho, if / when u ngger women strt getting cornrows again... mannn just do n 't brawl it",LABEL_0,43,4,True
Free wop,Fr ee wop,LABEL_1,15,2,False
"Bitches know they bitches, bitch.","kick know they bitcehs, bith.",LABEL_0,24,4,True
"WIB plays next Fri (5-16-14)at the Silverdome Ballroom(21+) in Neillsville,WI with Charlie Parr &amp; Hobo Nephews of Uncle Frank! Tickets 15$","WIB plyas next Fri ( 5 - 16 - 14 )at the Silverdome Balroom(21 + ) in Neillsvile, W I with Charlie P@rr & amp ; Hoo Nephes of Uncle Frank! fine fifteen $",LABEL_1,165,34,False
RT @WFANTrades: Don't know how you Yankees fans listen to Kay every night. Absolutely brutal. Just nonsensical blah blah blah blah. Radio n&#8230;,RT @WFANTrades : Do n't kno w how you Yankees fans listen to Kay every night. Absoluely brual. good nonsensicl blh bah b lah b1ah. Radio n&#8230;,LABEL_0,77,11,True
@rhythmixx_ why you gotta hoe me like that,@rhythmixx _ why you got ta hoe me lik e that,LABEL_0,14,1,True
Gansitos are ATG beaner candy,Gamsitos are A TG beaner cany,LABEL_1,33,5,False
RT @DeAdJAkE: Shermans all bark and no bite fuck that bitch,RT @DeAdJAkE : Shermans all bark and no bite shtup that bi tch,LABEL_0,21,2,True
@smokeabluntdgaf @Haiimbreanna You guys don't get evolution do you? You only share a common ancestor with apes.,@smokeabluntdgf @Haimbreanna Yo u gus do n't g et evo1ution d o y0u? You only share a common ancestor with apes.,LABEL_0,57,10,True
"RT @AIanHangover: If I've ever offended you, im sorry..

.

.

.

.

.

.

.

.

.

.

that you're a sensitive lil bitch.","RT @A1anHangover : If I 've ev er offnded you, i m sorry............ that y ou 'r3 a medium lil btich.",LABEL_0,84,12,True
"I hate ""chunky"" pasta sauce. KEEP PESKY VEGETABLES WAY FROM ME","I ha te "" chunky "" pasta sauce. KEEP PESKY VEGETABLES WAY FROM ME",LABEL_0,13,1,True
@Bullskickass I've decided that #BullsNation are retarded. #love,@Bullskickass I 've decided that # BullsNation are rearded. #love,LABEL_0,16,1,True
Nah Electric Fairy Tale seems cool but I'd rather buy some drugs with that money,Nah Electric Fairy Tale seems cool but I'd rather buy some drugs with that money,LABEL_1,3,0,False
This Uncle Tom mother fucking wants to invoke 3/5 a man in his speech? Dude you ain't white no matter how much... http://t.co/3yrcyC9ezc,Ths Uncle Tom moher sleep together watns to invoke 3/5 a man in his speech? Dude you ain't white no matter how much... http://t.co/3yrcyC9ezc,LABEL_0,47,6,True
"RT, If You Agree!
#NorthKorea says #barackobama looks like;
""A monkey, who belongs in an African zoo"" 
ROFL! http://t.co/tooV1uty6h","RT, I f Y ou Agre e! #NorthKorea says #barackobama looks like; ""A monkey, who belongs in an African zoo"" ROFL! http://t.co/tooV1uty6h",LABEL_1,35,6,True
Oh man. This could be a serious first ever Chanel bag contender RT @evachen212 grape-colored Chanel bags http://t.co/q8ShjIFv,Oh man. This culd be a serious f irst ever Chanel bag contender RT @evachen212 grape - colored Chanel bags http://t.co/q8ShjIFv,LABEL_2,28,2,True
"RT @Sydhinton922: If your boy breaks up with you and has a new girlfriend a couple days later, then there was something you didn't know abo&#8230;","RT @Sydhinton922 : I f your boy breaks up with you and has a new girlfriend a couple days later, then there was something you did n't know abo&#8230 ;",LABEL_1,81,12,True
@CBSThisMorning @charlierose racist @NorahODonnell tx trash enjoy your high along with gop win a substitute for racist @MittRomney loss!,@CBSThisMorning @charlierose racist @NorahODonnell tx rubbish enjoy your high along with gop win a substitute for racst @MittRomney loss!,LABEL_0,38,3,True
I picked Welbeck for my team. I have to be some kind of cunt yes,I picked Welbeck for my team. I have to be some kind of cu nt yes,LABEL_0,14,1,True
This world needs a build a bitch workshop,This world needs a build a bi tch workshop,LABEL_0,12,1,True
I need a cowboy killer and a cold one about now. @mr_dtb probably too tired tho to get down.&#128541;,I need a cowboy killer and a cold ome about now. @mr_dtb probably too tired tho to get down.&#128541;,LABEL_1,20,1,True
@_James_Kirby_ @mflury30 back off ya queer bag,@_James_Kirby_ @mflury30 back off ya queer bag,LABEL_1,12,2,False
"""Bae"" sounds like such a ghetto word. Use something else",""" Bae "" go like sch a getto wo rd. Use something else",LABEL_0,30,4,True
All I want is cheesy bread and brownies &#128523;,All I want is tinny bread and brownies & # 128523 ;,LABEL_2,20,1,True
That was not good times! Starting the mickey mouse club soon!,That was not goo d times! Starting the mickey mouse club soon!,LABEL_0,11,1,True
RT @lyvvvm: I'm such a bitch lmao I really just say what's on my mind though can't help it,RT @lyvvvm : I 'm such a bitc h lmao I really just say what's on my mind though can't help it,LABEL_0,14,1,True
@Kummar_King I volunteer to be guinea pig and help test it out &#128527;&#128587;,@ummar_King I volunteer to be guinea p1g amd help tst it out & # 12827;&#128587 ;,LABEL_1,47,7,True
@joeylattime @Mawson38 @ameriC00N thats just me rooting against a team I hate not banwagoning u retard u have a different favorite,@joeylattime @Mawson38 @ameriC00N that s just me rooting against a team I hat e not banwagoning u retard u have a different favorite,LABEL_0,26,1,True
"RT @JuanNDaCut: Porn ads be convincing af...""click here and 30 bitches will appear in your bed"" you DAMN RIGHT ima click that shit nigga","RT @JuanNDaCut: Porn ads be convincing af... ""click here and 30 bithces will appear in your bed "" you DAMN RIGHT i m a penetrate tat tell on nig ga",LABEL_0,59,8,True
Light skin niggah &#128514;,Light skin niggah &#128514;,LABEL_1,33,7,False
@joshmtz1199 bitch I'm starving!,@joshmtz1199 bitch I 'm starivng!,LABEL_0,12,1,True
RT @BryanHoch: Just 113 days until Yankees pitchers and catchers report.,RT @BranHoch : Just 113 days until Yankees picthers and catch3rs rpeort.,LABEL_1,73,13,False
Nannie bitch don't talk to that hoe with ha extra bs ass @lilmenifee__ &#128514;&#128514;&#128514;&#128553;&#9996;&#65039;&#128175;&#128079;&#128581;&#128078;,Nannie bi tch do n't talk to that ho e with ha extra bs ass @lilmenifee _ _ & # 128514;&#128514;&#128514;&#128553;&#9996;&#65039;&#128175;&#128079;&#128581;&#128078 ;,LABEL_0,29,2,True
Ayyyyy I'm sipping on a free slurpee and seeing The Front Bottoms tonight. I'm a happy clam.,Ayyyy I 'm sipping on a free slurpee and s3eing The Front Bottoms toight. I ' m a h@ppy one dollar bill.,LABEL_2,58,9,True
"""@Tmacc_GFG: &#8220;@tizzimarie: No slushes &#128549;&#8221;hoes nasty anyway fam""&#128564;",""" @Tmacc_GFG : & # 8220;@tizzimarie : No slushes & # 128549;&#8221;hoes nasty anywy fam""&#128564 ;",LABEL_0,28,8,True
"RT @DonnieWahlberg: Happy #BLUBLOODS Friday! 

Off to @CBSNews to sit down with the gang on CBS This Morning!

Join us in the 8 o'clock ho&#8230;",RT @DonnieWahlberg : H appy # BLUBLOODS Friday! Off to @CBSNews to sit down with the gang on CBS This Morning! Join us in the 8 o'clock ho&#8230;,LABEL_2,14,1,True
This no beef thing is for the birds!!!,This no beef thing cost f or the birds!!!,LABEL_0,20,2,True
I'm not really a phone kinda guy.. I actually hate talking on the phone &amp; texting kinda trash to me also.,I 'm not really a phone kinda guy.. I actually hat3 talking on the phone & amp ; texting kinda tr ash to me also.,LABEL_0,35,2,True
@urbasicyabish nigor??,@urbasicybaish nigro??,LABEL_1,19,4,False
They come out Charlie Sheen... They come out coupe machine @wontgetme_22,They coe out Charlie Sheen... They cum out co upe machine @wontgetme_22,LABEL_1,49,7,True
Nobody cares you fucking fag damn you bring bitches water even though youre thirsty as fuck &#128514;&#128514;&#128514; #fucknigga,cypher caers y ou bally fag dan you bring btches water even though you re thirsty as fu ck & # 128514;&#128514;&#128514 ; # fukcnigga,LABEL_0,65,8,True
' Bitch caught a body about a week ago ! Fuck with us and we get to tweekin hoe ! Run up on that niggah get to... http://t.co/av9YPjtwxn,' Bitch caught a body about a week ago ! Fuk with us and we get to tweekin ho e! Run up on that niggah get to... http://t.co/av9YPjtwxn,LABEL_0,21,2,True
RT @AlexPappas: Rick Scott Refuses To Appear On Debate Stage Because Charlie Crist Has An Illegal Electronic Fan http://t.co/qTPeHb2seX via&#8230;,RT @AlexPappas : Rick Scott Refuses To Appear On Debate Stage Because Charlie Crist Has An Illegal Electronic Fan http://t.co/qTPeHb2seX via&#8230 ;,LABEL_1,29,1,True
She tried to get you to rob the Wop but now the bitch in critical,She tried to get you to rob the Wop but now the bi tch in critical,LABEL_0,19,1,True
WATCH: Excited ISIS Jihadis Getting Their Yezidi Sex Slaves On 'Distribution Day' http://t.co/n9ExnuVhKs #tcot #lnyhbt #pjnet #tgdn #gop,WATCH: Excited ISIS Jihadis Getting T heir Yezidi Sex Slaves On ' Distribution Day ' http://t.co/n9ExnuVhKs # tcot # lnyhbt # pjnet # tgdn # gop,LABEL_0,29,1,True
Friendly advice to western reporters in Kobane: don't advertise your location. Jihadis are tracking u &amp; consider u a high-prize target #ISIS,Friendly advice to western reporters in Kobane: don't advertise your location. Jihadis a re tracking u & amp ; consider u a high - prize target # ISIS,LABEL_0,21,1,True
@Pepper_Redbone @Yankees @Mets I miss NYC!! Nashville needs a pro AL team. The closest is KC or Tampa. That's pretty bad. The south is NL.,@Pepper_Redbone @Yankees @Mets I miss NYC!! Nashville needs a pro AL team. The closest is KC or Tampa. Tat '$ pertty ba d. The south is NL.,LABEL_0,30,5,True
No wonder these ppl that call themselves niggas &amp; thugs able to convince their hoes false ideas about men like me in our intellectual dress,N o wonder these ppl that call themselves niggas & amp ; thusg able to convince their hoes false ideas a bout men like me in our intellectual dress,LABEL_0,41,3,True
RT @Adrian1_knowsu: @0124jessi haha lml wrd no nah de pussy shit lol &#128514;&#128514;,R T @Adrian_1knowsu : @0124jessi hah@ l ml wrd no nah de pussy shit lol &#128514;&#128514;,LABEL_1,42,7,False
@BNightengale @FeinsandNYDN Time for Ranger scouts to head out and watch some Yankee prospects. #rangers,@BNightengle @FeinsandNYDN Time for commando socuts to top dog out and watch some Yankee-Doodle prospcets. # ragners,LABEL_1,99,17,False
@iStricer You are hairy like a monkey. : P,@iStricer You a re hairy like a mokney. : P,LABEL_0,18,2,True
@SFGiants trash smh game rigged bumgarner took roids,@SFGinats tr ash smh gam e rigged bumgarner took roids,LABEL_0,22,3,True
RT @TomBradysEgo: Might have a better chance if we put some trash cans out there.,R T @oTmBradysEgo : Might have a better chance if we put more or less tarsh cams o ut there.,LABEL_1,57,9,True
RT @markiiejay: You got niggas &amp; i got bitches,RT @markiiejay : Yo u got nigas & amp ; i got bitches,LABEL_0,22,3,True
!!!!&#8220;@selfiequeenbri: cause I'm tired of you big bitches coming for us skinny girls!!&#8221;,!!!!& # 8220;@selfiequeenbri : cause I 'm ti red 0f yo u big bitches coming f or us skinny girls!!&#8221 ;,LABEL_0,50,7,True
"RT @SweetiePaii: RT if you listen to these bands &#128522;

A7X
PTV
SWS
ATL
BVB
ADTR
BMTH
YMAS
FOB
AA
Blink 182
TDG
SS
FIR
MCR

Follow me &amp; everyon&#8230;",R T @SweetiePaii : R T i f you lsten to these band$ & # 12522 ; A7X PTV SWS ATL BVB ADT R BM TH YAS FO B A@ blink away 182 TDG S S F IR MCR come after me & amp ; everyom&#8230 ;,LABEL_1,197,37,False
@Things4FLppl Yankees like Florida State; not Floridians.,@Things4FLppl Yankee-Doodle like Florida State ; not Floridians.,LABEL_1,17,1,True
@bijoudulcet geminis rule hoe. &#128524;,@ibjoudulcet geminis rle hoe. &#128524;,LABEL_0,22,4,True
"""@MaxMayo77: http://t.co/XpSC3makgJ"" sexy lad with hot soles and arches.",""" @MaxMayo77 : http://t.co/XpSC3makgJ "" sexy lad with ho t soles and arches.",LABEL_2,17,1,True
"RT @SportsCenter: For the last time, The Captain takes the field at Yankee Stadium. http://t.co/c9TI4FkSkn","R T @SortsCenter : For the l@st time, Th e Captaim tak es th e field a t Yankee sports stadium. http://t.co/c9TI4FkSkn",LABEL_1,101,18,False
RT @GOLDBONEQUEEN: Stevie J turned a hoe &#128111;into a Housewife&#128129;&#128141;&#128142; and Nikko turned a Housewife&#128582; into a hoe&#128111;&#128111;&#128131;&#9757; !!I swear this shit can happen,RT @GOLDBONEQUEEN: Stevie J turned a hoe &#128111;into a Housewife&#128129;&#128141;&#128142; and Nikko turned a Housewife&#128582; into a hoe&#128111;&#128111;&#128131;&#9757; !!I swea r this sit can happen,LABEL_0,31,5,True
"Apparently I got chunky for my bday. Worse bday present ever. Lol. 
#diettime",Apparently I got chunky for my bday. W orse bday present e ver. Lol. #diettime,LABEL_0,18,3,True
"&#8220;@noLove_moreLOUD: Shorty name is "" Masika"" and y'all surprised she a hoe.&#8221;&#128514;","& # 8220;@noLove_moreLOUD : Shorty name i s "" Masika "" and y' all surprised sh e a hoe&#8221;&#128514 ;",LABEL_0,35,6,True
@lilthickgawdess salty pussy,@lilthicgkawdess sa1ty pussy,LABEL_0,20,3,True
"@yawlknow @HoskinsTy96 ""all of these rednecks and none of them can keep the fire lit"" &#128514;&#128514;","@yawlknow @HoskinsTy96 "" all of these rendecks and none of t hem can keep the fire lit "" & # 128514;&#128514 ;",LABEL_0,30,2,True
I'm not the type to fight no bitch over a nigga im the type to say fucc that &amp; take his Bitch &#9995;&#128514;&#128527;,I 'm n ot the character to battle no beef ove r a nigga im the type to say fucc that &amp; take his Bitch &#9995;&#128514;&#128527;,LABEL_0,53,9,True
Ugh like I hate when my momma get to talking all proper like bitch stfu.,U gh like I hae when m y momna get to talking all proper like bich stfu.,LABEL_0,42,6,True
@BookoutBj That's ghetto for super duper! It's the current generations best complement.,@BookoutBj That's ghetto for super duper! I t ' s t he current generations be st complement.,LABEL_2,29,5,True
Anyone want some absolutely amazing and deliciously fresh perfect monkey bread? &#128586;&#128584;,Anyone want some absolutely flummox and deliciously fresh pefect monkey braed? &#128586;&#128584;,LABEL_2,33,4,True
"#porn,#android,#iphone,#ipad,#sex,#xxx, | #Desi | paki http://t.co/XxcdQvzI9t","# porn,#android,#iphone,#ipad,#sex,#xxx, | # Desi | pak i http://t.co/XxcdQvzI9 t",LABEL_1,20,3,True
RT @X_LexiiSoUnique: All I see down my TL is naked white bitches &#128064;&#128064;&#128064;&#128584;,RT @X_LexiiSoUnique : All I see down my T1 i s naked white bitches & # 128064;&#128064;&#128064;&#128584 ;,LABEL_0,27,3,True
All these Hoes fuckin ! But they don't wanna seem like a hoe you gotta hit them ona D LO !,altogether tehse Hos fuckin! But t hey d o n't wanna seem like a hoe yo u got ta smash tem 0na D LO!,LABEL_0,98,18,True
#NowPlaying : Great White - Once Bitten Twice Shy on #1069TheArrow - http://t.co/R5wuXA9jB6,# NowPaying : Great snowy - One Bittne Twice Shy on # 169TheArrow - http://t.co/R5wuXA9j6,LABEL_1,73,15,False
"@gerfingerpoken2 His job as US Prez, to protect us is throw in trash..Ebola ER at our cost Daniel, both money &amp; lives! DoG","@gerfingerpoken2 His line as US Prez, to protect us i$ t hrow in trash..Ebola ER at our cost Daniel, both money &amp; lives! DoG",LABEL_0,31,3,True
"RT @lowcountry_luv: Attack animals, last house on the left by the lake, and she got colored eyes...we should have known.! Lol","RT @lowcountry_luv : Attak animals, last house on the left by the lake, and she got colored eyes... we should have known.! Lol",LABEL_0,33,1,True
&#193;lbum de fotos: csitaly: [TS3]Fairy Tail - Satan Soul Mirajane Strauss made with The Sims 3. Happy... http://t.co/b4i8EiMux2,& # 193;lbmu de f otos : csitay : [ TS3]Fariy Tail - Sat@n psyche Mirajane Srauss made with The Sims 3. Happy... http://t.co/b4i8EiMux2,LABEL_1,106,22,False
Ok so not all the shows on Cartoon Network are complete trash. Stevm Universe is awwwwwesomeeeeee,o.k. so not all the shows on Cartoon Network are complete trash. Stevm Universe is awwwwwesomeeeeee,LABEL_0,37,4,True
"RT @funnyorfact: Real friends don't get offended when you call them bitch, hoe or slut. They smile and call you something more offensive..","RT @funnyorfact: Real friends don't get offended when you call them bitch, hoe or slut. They smile and call you something m ore offensive..",LABEL_0,14,1,True
But rich is a light skin coon. So it's expected.,But rich comprise a light skin coon. So it's expected.,LABEL_0,17,1,True
&#8220;@Fly_Air_Walker: Everybody entitled to they own opinion tho.&#8221; Not that bitch she need to shut up &amp; sit the fuck down,& # 8220;@Fly_Air_Walker : Everybody entitled to they own opinion tho.&#8221 ; Not that bitch she need to shut up & amp ; sit the make love down,LABEL_0,35,1,True
Gab and Bri both fell asleep on me. #hoes,Gab and Bri both fell asleep on me. # h oes,LABEL_0,7,1,True
Long yellow.,L0ng yellwo.,LABEL_1,17,3,False
