original_text,adversarial_text,original_label,requests_number,num_perturbed,attack_sucessful
"occasionally funny , always very colorful and enjoyably overblown in the traditional almodóvar style .","occasionally funny, always very colofrul and enjoyalby overblown in the traditional almodóvar style.",POSITIVE,26,2,True
becomes the last thing you would expect from a film with this title or indeed from any plympton film : boring .,beocmes the last thing you would expect from a film with this claim o r indeed from any plympton film : borng.,NEGATIVE,51,6,True
"sodden and glum , even in those moments where it's supposed to feel funny and light .","sodden and glowering, even in those moments where it 's spposed to feel funy and light.",NEGATIVE,33,3,True
"some movies were made for the big screen , some for the small screen , and some , like ballistic : ecks vs . sever , were made for the palm screen .","some moves w ere gain for the big screen, some for the small scr3en, and some, the likes of ballitic : Johann Maier quintuplet. sever, were made for the pa lm screen.",NEGATIVE,139,25,True
"it's not only dull because we've seen [eddie] murphy do the genial-rogue shtick to death , but because the plot is equally hackneyed .","it 's no t lonesome dull because we 've sen [ eddie ] murphy do the gemial - roge stick to death, but beause the pot is equally hackneeyd.",NEGATIVE,114,20,True
"if you're looking for a smart , nuanced look at de sade and what might have happened at picpus , sade is your film .","if you 're looking for a sma rt, nuanced look at de sade and what might have happened at picpus, sade is your film.",POSITIVE,30,1,True
"it's hard to believe that a relationship like holly and marina's could survive the hothouse emotions of teendom , and its longevity gets more inexplicable as the characterizations turn more crassly reductive .","it 's intemperate to believe that a relationship like holly and marina 's could survive the hothouse emotions of teendom, and its longevity gets more inxeplicable as the characterizations turn more crassly reductive.",NEGATIVE,46,2,True
friday after next is the kind of film that could only be made by african-americans because of its broad racial insensitivity towards african-americans .,friday aft3r next is the kind o f film that culd only be mad e by african - americasn bceause of its broad racial insensitiveness towards african - americans.,NEGATIVE,140,25,True
the worst film of the year .,the wor st film of the year.,NEGATIVE,37,7,True
"it made me feel unclean , and i'm the guy who liked there's something about mary and both american pie movies . oh , and booty call .","it made me f eel unclena, and i 'm the guy w ho liked there 's something about mary and both american pie movies. oh , and booty call .",NEGATIVE,39,3,True
"hardly a nuanced portrait of a young woman's breakdown , the film nevertheless works up a few scares .","hardly a nuanced portrait of a young woman 's breakdown, the film nevertheless w orks up a few scares.",POSITIVE,24,1,True
"this starts off with a 1950's doris day feel and it gets very ugly , very fast . the first five minutes will have you talking 'til the end of the year !","this starts off with a 1950 's doris day feel and it gets very u gly, very fast. the first five minutes will have you talking 'til the end of the year !",NEGATIVE,24,1,True
"more vaudeville show than well-constructed narrative , but on those terms it's inoffensive and actually rather sweet .","more vaudeville show than well - constructed narrative, but on those terms it 's inoffensive and actually rather s weet.",POSITIVE,25,1,True
'cq may one day be fondly remembered as roman coppola's brief pretentious period before going on to other films that actually tell a story worth caring about,' cq may one day be fondly remembered as roman coppola 's brief pretentious period ahead going on to other films that actu@lly tell a story worth caring about,NEGATIVE,41,2,True
"the inspirational screenplay by mike rich covers a lot of ground , perhaps too much , but ties things together , neatly , by the end .","the inspirational screenplay by mike rich covers a lot of ground, perhaps too much, b ut ti es things together, neatly, by the end.",POSITIVE,36,2,True
it's probably worth catching solely on its visual merits . if only it had the story to match .,it 's probably worth catching solely on its visual mrits. if only it had the story to match .,POSITIVE,17,1,True
"fairy-tale formula , serves as a paper skeleton for some very good acting , dialogue , comedy , direction and especially charm .","fairy - tale formula, serves as a paper skeleton for some very god acting, dialogue, comedy, direction and especially char m.",POSITIVE,34,2,True
"the color sense of stuart little 2 is its most immediate and most obvious pleasure , but it would count for very little if the movie weren't as beautifully shaped and as delicately calibrated in tone as it is .","the color sense of stuart little 2 is its most immediate and most obvious pleausre, but it would count for very little i f the movie were n't as beauitfully shaped a nd as delicatley calibrated in tone as it is.",POSITIVE,67,5,True
the most surprising thing about this film is that they are actually releasing it into theaters .,the most surprising thi ng about this film is that they are actually releasing it int o house.,NEGATIVE,36,4,True
a fan film that for the uninitiated plays better on video with the sound turned down .,a fan film that for the uninitiated plays better on video with the profound tunred do wn.,NEGATIVE,35,3,True
"strong filmmaking requires a clear sense of purpose , and in that oh-so-important category , the four feathers comes up short .","strong filmmaking rqeuires a clear sense of purpose, an d in that oh - so - important category, the four feathers get up short.",NEGATIVE,40,3,True
". . . an otherwise intense , twist-and-turn thriller that certainly shouldn't hurt talented young gaghan's resume .",". . . an otherwise intense, twist - and - turn thriller that certainly should n't hur t talented young gaghan 's resume.",POSITIVE,32,2,True
cho's timing is priceless .,cho 's timing is pricless.,POSITIVE,11,1,True
. . . a lesson in prehistoric hilarity .,. . . a lesson i n prehistoric hiarity.,POSITIVE,16,2,True
"this is a good script , good dialogue , funny even for adults . the characters are interesting and often very creatively constructed from figure to backstory . the film will play equally well on both the standard and giant screens .","this is a goo d script, god dialogue, f unny even for adu1ts. the characters are iteresting and often very ceatively constructed from figure to backstory. the film will play equally well on both the standard and giant screens .",POSITIVE,95,16,True
an almost unbearably morbid love story .,an almost unbearably pathological love stroy.,NEGATIVE,18,2,True
if you grew up on scooby -- you'll love this movie . matthew lillard is born to play shaggy !,1f you get astir o n scoby - - you ' ll l0ve t his picture show. matthew lillard is born to play shaggy !,POSITIVE,77,13,True
"as conceived by mr . schaeffer , christopher and grace are little more than collections of quirky traits lifted from a screenwriter's outline and thrown at actors charged with the impossible task of making them jell .","as conceived by mr. schaeffer, christopher and grace are little Thomas More th an collections of quirky traits lifted from a screenwriter 's outline and thrown at actors charged with the impossible task of making them jell.",NEGATIVE,47,2,True
"do not , under any circumstances , consider taking a child younger than middle school age to this wallow in crude humor .","do mot, un der any circumstances, believe taking a child yougner than middle school age to ths wallow in crud3 humour.",NEGATIVE,125,23,True
"depicts the sorriest and most sordid of human behavior on the screen , then laughs at how clever it's being .","depicts the sorrist and most sordd of human behavior on the screen, then laughs at how clever it 's being.",NEGATIVE,32,2,True
"alex nohe's documentary plays like a travelogue for what mostly resembles a real-life , big-budget nc-17 version of tank girl .","alex nohe 's documentary plays li ke a travelogue for what mostly resembles a real - life, big - budget nc-17 version of tank girl.",NEGATIVE,30,1,True
"a beautiful , timeless and universal tale of heated passions -- jealousy , betrayal , forgiveness and murder .","a beautiufl, dateless and univresal t ale of heated passions -- jealousy, betrayal, forgiveness a nd murder.",POSITIVE,45,7,True
ya-yas everywhere will forgive the flaws and love the film .,ya - yas everywhere will forgive the flaw s an d lov3 the film.,POSITIVE,39,7,True
"watching the powerpuff girls movie , my mind kept returning to one anecdote for comparison : the cartoon in japan that gave people seizures .","watching the powerpuff girls movie, my mind kept returning to one anecdote fo r copmarison : the caroton in jpaan that gave people seiures.",NEGATIVE,68,10,True
"austin powers in goldmember is a cinematic car wreck , a catastrophic collision of tastelessness and gall that nevertheless will leave fans clamoring for another ride .","austin powers in goldmember 1s a cinematic car wreck, a catastrophic collision of tastelessness and gall that nevertheless will leave fans clamoring for another ride.",NEGATIVE,35,2,True
"[gai] comes closer to any actress i can remember to personifying independence in its purest and , yes , most intimidating form .","[ gai ] comes closer to any actrses i can remember to personifying independence in its purest a nd, yes, m ost intimidating fo rm.",POSITIVE,50,6,True
the pool drowned me in boredom .,the pol dorwned Maine 1n bordeom.,NEGATIVE,41,7,False
"the tone is balanced , reflective and reasonable .","the tone is bal@nced, rflective an d reasonable.",POSITIVE,24,3,True
brings an irresistible blend of warmth and humor and a consistent embracing humanity in the face of life's harshness .,brings am resistless bl3nd of wramth and humor an d a consistent emrbacing humanity inwards the face 0f l1fe ' s harshness.,POSITIVE,78,12,True
"a ragbag of promising ideas and failed narrative , of good acting and plain old bad filmmaking .","a ragbag of promising ideas and failed narrative, of good acing and unpatterned old bad filmmaking.",NEGATIVE,28,2,True
writer/director alexander payne ( election ) and his co-writer jim taylor brilliantly employ their quirky and fearless ability to look american angst in the eye and end up laughing .,writer / director alexander payne ( election ) and his co - writer jim taylor brliliantly employ their quirky and farless ability to look american angst in the eye and end up laughing.,POSITIVE,44,2,True
"a well-done film of a self-reflexive , philosophical nature .","a wel - done film of a self - reflexive, philosophical nature.",POSITIVE,19,1,True
"entertains not so much because of its music or comic antics , but through the perverse pleasure of watching disney scrape the bottom of its own cracker barrel .","entertains not so muc h because of its music or comic antics, but through the perverse pleasure o f observation disney scape th e btotom of its ow n cracker barrel.",NEGATIVE,73,9,True
"an amusing and unexpectedly insightful examination of sexual jealousy , resentment and the fine line between passion and pretence .","an disport and unexpectedly insihgtful examination of sexual jealousy, resentment and the fine line between passion and pretence.",POSITIVE,31,2,True
"there ought to be a directing license , so that ed burns can have his revoked .","there ouhgt to embody a directing licnese, s o that ed burns can have his reoked.",NEGATIVE,44,6,True
"while most films these days are about nothing , this film seems to be about everything that's plaguing the human spirit in a relentlessly globalizing world .","whi le most films these days are about nothing, this film seems to be about everythng that 's plaguing the human spirit in a relentlessly globalizing world.",POSITIVE,38,2,True
i'm going to give it a marginal thumbs up . i liked it just enough .,i'm going to give it a marginal thumbs up . i likd information technology simply enough.,POSITIVE,87,17,False
"clint eastwood's blood work is a lot like a well-made pb& j sandwich : familiar , fairly uneventful and boasting no real surprises  but still quite tasty and inviting all the same .","clint eastwood 's blood work is a lot like a well - made pb & j sandwich : familiar, fairly uneventful and boasting no real surprises  bu t still quite tasty and inviting all the same.",POSITIVE,42,1,True
"its story about a young chinese woman , ah na , who has come to new york city to replace past tragedy with the american dream is one that any art-house moviegoer is likely to find compelling .","its story about a young chinese woman, ah na, who has come to new york city to replace past tragedy with the american dream is one that any art - house moviegoer is likely to find obligate.",POSITIVE,48,1,True
"one of the most plain , unimaginative romantic comedies i've ever seen .","one of the most p lain, unimaginative romantic comedies i 've ever seen.",NEGATIVE,18,1,True
"phillip noyce and all of his actors -- as well as his cinematographer , christopher doyle -- understand the delicate forcefulness of greene's prose , and it's there on the screen in their version of the quiet american .","phillip noyce and all of his actors -- as well as his cinematographer, christopher doyle -- understand the deliate forc3fulness of greee 's prose, and it '$ there on the block out in their version of the quiet american.",POSITIVE,66,5,True
the transporter bombards the viewer with so many explosions and side snap kicks that it ends up being surprisingly dull .,the tran$porter bombardon th e spectator with s o mny explosions and sid e snap kicks that it ens upwardly being astonishingly du ll.,NEGATIVE,85,13,True
it's lazy for a movie to avoid solving one problem by trying to distract us with the solution to another .,i t ' s work-shy for a moive to avoi d so1ving o ne porblem past tyring to distract United States with the solution to another.,NEGATIVE,127,22,False
"me no lika da accents so good , but i thoroughly enjoyed the love story . scott baio is turning in some delightful work on indie projects .","me no lika da accents so good, but i thoroughly 3njoyed the love story. sctt ba1o personify turning atomic number 49 approximately del1ghtful w0rk om indie projects.",POSITIVE,93,13,True
"short and sweet , but also more than anything else slight tadpole pulls back from the consequences of its own actions and revelations .","short a nd sweet, but also m ore than anything else slight tadpole pulls back from the consequences of its own actions and revelations.",POSITIVE,33,2,True
alarms for duvall's throbbing sincerity and his elderly propensity for patting people while he talks .,alarms fo r duvall 's trobbing sincerity and his elderly propensity for patting people while he talks.,POSITIVE,26,2,True
martyr gets royally screwed and comes back for more .,martyr gets royally screewd and comes back for to a greater extent.,NEGATIVE,23,2,True
i didn't laugh . i didn't smile . i survived .,i didn't laugh . i didn't smile . i survved.,POSITIVE,10,1,True
"overly stylized with lots of flash black-&-white freeze frames reminiscent of a pseudo-hip luxury car commercial , ( it's ) at its worst when it's actually inside the ring .","ovelry stylized with lots of flash black-&-white freeze frames reminiscent of a psudo - hip luxury car commercial, ( it 's ) at its worts when it 's atcually inside the ring.",NEGATIVE,54,4,True
"reeboir varies between a sweet smile and an angry bark , while said attempts to wear down possible pupils through repetition . it has no affect on the kurds , but it wore me down .","reeboir varies between a sweet smile and an angry bar k, while said attempts to hold out down possible pupils through repetition. it has n o move along the kurs, but it fag me d own.",NEGATIVE,114,17,True
a sometimes tedious film .,a someitmes teious film.,NEGATIVE,25,5,False
i admired this work a lot .,i admred th is work a lot.,POSITIVE,16,2,True
staggeringly dreadful romance .,staggeringly deadful romance.,NEGATIVE,15,3,True
a flawed but engrossing thriller .,a flawed bu t engrossing thriller.,POSITIVE,10,1,True
"efteriades gives the neighborhood -- scenery , vibe and all -- the cinematic equivalent of a big , tender hug .","efteriades throw the neighborhood -- scenery, vibe and all -- the cinematic equivalent of a big, tnder hug.",POSITIVE,31,2,True
. . . there's enough cool fun here to warm the hearts of animation enthusiasts of all ages .,. . . there 's 3nough c0ol fum here to warm the haerts of animation enthusiasts of a ll ages.,POSITIVE,43,5,True
"adults will certainly want to spend their time in the theater thinking up grocery lists and ways to tell their kids how not to act like pinocchio . as for children , they won't enjoy the movie at all .","@dults will certainly wan t to sp end their time in the theater thinking up gorcery lists and ways to tell their kids how not to enactment like pinocchio. @s for children, tey w o n't savor the moive astatine entirely.",NEGATIVE,239,41,False
the quirky drama touches the heart and the funnybone thanks to the energetic and always surprising performance by rachel griffiths .,th e quiryk drama touches the heatr @nd th e funnybone th@nks t o th e industrious and always surprisig performance past rachel griffiths.,POSITIVE,81,13,True
director jay russell weighs down his capricious fairy-tale with heavy sentiment and lightweight meaning .,director jay russell weihs down his capricious fairy - tale with heavy sentiment and lightwe1ght meaning.,NEGATIVE,27,2,True
the kind of primal storytelling that george lucas can only dream of .,the kind of primal storyt3lling that george lucas can only dre am of.,POSITIVE,22,2,True
"a powerful , inflammatory film about religion that dares to question an ancient faith , and about hatred that offers no easy , comfortable resolution .","a powerfl, inflammatory film about religion that dares to question an ancient faith, and about hatred that offers no easy, comfortable resolution.",POSITIVE,31,1,True
it's so good that you can practically see the hollywood 'suits' trying to put together the cast and filmmaking team for the all-too -inevitable american remake .,it 's so g ood that you can practically see the hollywood ' suits ' trying to put together the cast and filmmaking team for the all - too -inevitable american remake.,POSITIVE,36,1,True
"the setting is so cool that it chills the characters , reducing our emotional stake in the outcome of "" intacto's "" dangerous and seductively stylish game .","the setting is so co ol that it chills the characters, reducing our emotional stake in the outcome of "" intacto 's "" dangerous and seductively stylish game.",POSITIVE,33,1,True
"nicks refuses to let slackers be seen as just another teen movie , which means he can be forgiven for frequently pandering to fans of the gross-out comedy .","nicks refuses t0 let slackers be seen as just another teen movie, which means he can be forgiven for frequently pandering to fans of the gross - out comedy.",POSITIVE,38,1,True
"as if to prove a female director can make a movie with no soft edges , kathryn bigelow offers no sugar-coating or interludes of lightness . her film is unrelentingly claustrophobic and unpleasant .","as if to prove a female director can make a movie with no soft edges , kathryn bigelow offers no sugar-coating or interludes of lightness . her photographic film exist unrelentnigly claustrphobic and upnleasant.",NEGATIVE,197,36,False
"a loud , ugly , irritating movie without any of its satirical salvos hitting a discernible target .","a l oud, surly, irritting film without any of its saitrical salvso pip a discernible quarry.",NEGATIVE,91,18,False
"take care is nicely performed by a quintet of actresses , but nonetheless it drags during its 112-minute length .","take care is nicely performed by a quintet of actresses, but nonetheless it dargs during its 112 - minute length.",NEGATIVE,28,1,True
both a grand tour through 300 hundred years of russian cultural identity and a stunning technical achievement .,both a g rand tour through 300 hundred years of russiam culural identity and a stunnimg technical achievmeent.,POSITIVE,43,6,True
fessenden's narrative is just as much about the ownership and redefinition of myth as it is about a domestic unit finding their way to joy .,fesesnden '$ narrative is just as much about the ownership an d redefinition of myth as it is about a domestic unit finding thir way to j0y.,POSITIVE,51,5,True
this is the kind of movie where people who have never picked a lock do so easily after a few tries and become expert fighters after a few weeks .,this is the kind 0f movie w here people who have never picked a lock do so easily after a few tries and become expert fighters after a few weeks.,NEGATIVE,39,2,True
it's the unsettling images of a war-ravaged land that prove more potent and riveting than the unlikely story of sarah and harrison .,it 's the unsettling images of a war - ravaged land that prove more potnet a nd engrossing than the unlikely story of sarah and harrison.,POSITIVE,40,3,True
"best of all is garcia , who perfectly portrays the desperation of a very insecure man .","best of al l is garcia, who perectly portrys the desperation of a very insecure man.",POSITIVE,31,3,True
weiss and speck never make a convincing case for the relevance of these two 20th-century footnotes .,weiss and speck neve r mke a convincing case for the relevance of these two 20th - century footnotes.,NEGATIVE,28,2,True
everyone's to blame here .,everyone 's to blam e Hera.,NEGATIVE,21,4,True
changing lanes is an anomaly for a hollywood movie ; it's a well-written and occasionally challenging social drama that actually has something interesting to say .,changing lanes is am anomaly for a hollywood movie ; it 's a wel - written and occasionally challenging social drama tha t actually has something interesting to say.,POSITIVE,43,3,True
just not campy enough,jut no t camp enugh,NEGATIVE,27,4,False
"if oscar had a category called best bad film you thought was going to be really awful but wasn't , guys would probably be duking it out with the queen of the damned for the honor .","i f oscar had a category called best b@d film you thought was going to be really awful but was n 't, gus would proably be dukig it out with the quen of the damend fo r the honor.",NEGATIVE,99,13,True
"accuracy and realism are terrific , but if your film becomes boring , and your dialogue isn't smart , then you need to use more poetic license .","accuracy and realism are terrific, but if your film becomes boring, and your dialogue is n't smar t, then you ned to use more poetic license.",NEGATIVE,38,2,True
"this engrossing , characteristically complex tom clancy thriller is shifty in the manner in which it addresses current terrorism anxieties and sidesteps them at the same time .","this engrossign, characteristically complex tom clancy thri1ler is shifty in the manner in which it @ddresses current terrorism anxieties and sidesteps them at the same time.",POSITIVE,44,3,True
i hope the movie is widely seen and debated with appropriate ferocity and thoughtfulness .,i hope the movie is widely seen and debated w ith appropriate ferocity and toughtfulness.,POSITIVE,25,2,True
"based on dave barry's popular book of the same name , the movie benefits from having a real writer plot out all of the characters' moves and overlapping story .","based on dave barry 's popular book of the same name, the movie benefis from having a real writer plot out all of the characters ' moves and overlapping story.",POSITIVE,37,1,True
"thirty years ago , it would have been groundbreaking . now it's just tired .","thirty years ago , it would have been groundbreaking . now it 's just tried.",NEGATIVE,13,1,True
the big finish is a bit like getting all excited about a chocolate eclair and then biting into it and finding the filling missing .,the big finish is a b it like gettig all excited about a chocolate eclair and then biting into it and finding the filling missng.,NEGATIVE,67,10,True
"a movie just for friday fans , critics be damned . if you already like this sort of thing , this is that sort of thing all over again .","a movie just for friday fans , critics be damned . if you alreayd like this sort of thing, this is that sort of thing all over again.",NEGATIVE,26,1,True
[crystal and de niro] manage to squeeze out some good laughs but not enough to make this silly con job sing .,[ crystal and d e niro ] manage to squeeez out som3 good jest but not enoguh t0 make th is silly con job sing.,NEGATIVE,79,12,True
"it may not be a huge cut of above the rest , but i enjoyed barbershop . it's a funny little movie with clever dialogue and likeable characters .","it may not be a huge cut of above the rest, but i enjoy barbershop. information technology '$ a fnuny 1ittle mov ie with clveer dialogeu @nd likeab1e charcters.",POSITIVE,97,14,True
"it's predictable , but it jumps through the expected hoops with style and even some depth .","it 's predictable, but it parachuting through the expected hoops with stlye and even some depth.",POSITIVE,31,2,True
"an exceptionally dreary and overwrought bit of work , every bit as imperious as katzenberg's the prince of egypt from 1998 .","an exceptionally dre@ry and distraught bit of work, evry bit @s imperious equally katzenberg ' s the prince of United Arab Republic from 1998.",NEGATIVE,133,23,False
"secretary manages a neat trick , bundling the flowers of perversity , comedy and romance into a strangely tempting bouquet of a movie .","secretary manages a nea t trick, bundling the flowers of perversity, comedy and romance into a strangely t3mpting boquet of a movie.",POSITIVE,39,4,True
"for all the dolorous trim , secretary is a genial romance that maintains a surprisingly buoyant tone throughout , notwithstanding some of the writers' sporadic dips into pop freudianism .","for all the dolorous trim, secretary i s a genial romance th at maintains a surprisingly chirpy tone throughout, notwithst@nding some of the writers ' sporadic dips into pop freudianism.",POSITIVE,50,4,True
narc is all menace and atmosphere .,narc embody all menae and atmosphere.,NEGATIVE,20,2,True
"the story loses its bite in a last-minute happy ending that's even less plausible than the rest of the picture . much of the way , though , this is a refreshingly novel ride .","the story loses its bite in a last-minute happy ending that's even less plausible than the rest of the picture . much of the way, though, tis is a refreshingly novel ride.",POSITIVE,32,5,True
the modern-day characters are nowhere near as vivid as the 19th-century ones .,the modern - day quality embody nowhre near as vvid as the 19th - century ones.,NEGATIVE,40,4,True
filmmaker tian zhuangzhuang triumphantly returns to narrative filmmaking with a visually masterful work of quiet power .,filmmaker ti an zhungzhuang triumphanty returns to narrative filmmaking with a visually mastefrul work of quiet p0wer.,POSITIVE,52,8,True
a really funny fifteen-minute short stretched beyond its limits to fill an almost feature-length film .,a really funny fifteen - minute short stretched beyond its lmits to fill a n almost feature - length film.,NEGATIVE,40,4,True
"reggio falls victim to relying on the very digital technology that he fervently scorns , creating a meandering , inarticulate and ultimately disappointing film .","reggio pin vitim t o rlying on the real digtial technology tat he fervently scors, create a weave, inarticlate a nd ultimateyl disappointng film.",NEGATIVE,128,23,True
"watching this gentle , mesmerizing portrait of a man coming to terms with time , you barely realize your mind is being blown .","watching this gentle, mesmerizing portrait of a man coming to terms with time, you barely r3alize your mind is bein g blown.",POSITIVE,33,2,True
manages to be both repulsively sadistic and mundane .,manages to be both repulsively sadistic and mndane.,NEGATIVE,53,9,False
""" freaky friday , "" it's not .",""" freaky friday, "" it 's no t.",NEGATIVE,41,9,False
"a lousy movie that's not merely unwatchable , but also unlistenable .","a lo usy movie that 's not mreely unwatchable, but also unlistenable.",NEGATIVE,22,2,True
i'm just too bored to care .,i ' m upright too bred to care.,NEGATIVE,43,8,False
laggard drama wending its way to an uninspired philosophical epiphany .,lagagrd dr ama wending it s way to Associate in Nursing uninspried phiolsophical epiphany.,NEGATIVE,65,11,False
"you've already seen city by the sea under a variety of titles , but it's worth yet another visit .","you 've already seen city by the sea under a variety of titles, but it 's wort h yet another visit.",POSITIVE,26,1,True
"its story may be a thousand years old , but why did it have to seem like it took another thousand to tell it to us ?","its story may b e a thousand years old, but why did i t have to seen like it have aonther thousad to tell it to us?",NEGATIVE,93,15,True
". . . instead go rent "" shakes the clown "" , a much funnier film with a similar theme and an equally great robin williams performance .",". . . 1nstead go rent "" shakes the clown "", a much funnier film with a similar theme and an equally great robin williams performance.",NEGATIVE,33,1,True
an awkwardly garish showcase that diverges from anything remotely probing or penetrating .,a n awkwarldy gairsh showcase that diverges from anything remote1y probing o r penetrating.,NEGATIVE,48,8,True
a well paced and satisfying little drama that deserved better than a direct-to-video' release .,a well paced and satisfying little drama tha t deserved better tan a direct - to - video ' release.,POSITIVE,29,2,True
"a spunky , original take on a theme that will resonate with singles of many ages .","a spunky, 0riginal take on a theme tha t will come across with singles of many ages.",POSITIVE,32,4,True
"this version moves beyond the original's nostalgia for the communal film experiences of yesteryear to a deeper realization of cinema's inability to stand in for true , lived experience .","this version moves beyond the original 's nostalgia for the communal film experiences of yesteryear to a deeper fruition of cinema 's inability to stand in for true, lived experience.",POSITIVE,40,1,True
too clunky and too busy ribbing itself to be truly entertaining .,too clukny and to o busy ribbing itself t0 b e truly entertaining.,NEGATIVE,37,6,True
the wild thornberrys movie is a jolly surprise .,the wild thornberrys movie is a j0lly surprisal.,POSITIVE,22,2,True
"in its own floundering way , it gets to you . just like igby .","in its own floundering way, it get s to y0u. just like igby .",POSITIVE,21,2,True
not sweet enough to liven up its predictable story and will leave even fans of hip-hop sorely disappointed .,n0t sweet enough to liven up its predictable story and will leav e even fans of hip - hop sorely dsappointed.,NEGATIVE,50,6,True
"a movie that , rather than skip along the seine , more or less slogs its way through soggy paris , tongue uncomfortably in cheek .","a movie that, rather than skip along the seine, more surgery less slogs its way through sogy paris, tongue uncomfortably in cheek.",NEGATIVE,39,2,True
"for its 100 minutes running time , you'll wait in vain for a movie to happen .","for it s 100 minutes consort tie, you 'll wai t in swollen for a movi e t o happen.",NEGATIVE,99,18,False
"a punch line without a premise , a joke built entirely from musty memories of half-dimensional characters .","a punch contrast witohut a premise, a joke built entirely from must y memories of half - dimensional characters.",NEGATIVE,39,4,True
"thirteen conversations about one thing lays out a narrative puzzle that interweaves individual stories , and , like a mobius strip , elliptically loops back to where it began .","thirteen conversations about one thing l@ys out a narative puzzle that interwe@ves individual stoies, and, like a mobius strip, elliptically loops back to wher e it began.",POSITIVE,55,6,True
many of benjamins' elements feel like they've been patched in from an episode of miami vice .,many of benjamins ' elements feel like they 've ben spotted in from an installment of miami vice.,NEGATIVE,34,3,True
"samira makhmalbaf's new film blackboards is much like the ethos of a stream of consciousness , although , it's unfortunate for the viewer that the thoughts and reflections coming through are torpid and banal","samira makhmalbaf 's new film blackboards is much like the ethos of a stream of consciousness, although, it 's unfrtunate for the viewer that the thoughts and reflections coming through make up torpd and banal",NEGATIVE,55,4,True
"it's not so much enjoyable to watch as it is enlightening to listen to new sides of a previous reality , and to visit with some of the people who were able to make an impact in the theater world .","it 's not so much enjoyale to watch as it is enlightening to listen to new sides of a previous reality, and to visit with some of the people who were able to make an impact in the theater world.",NEGATIVE,47,1,True
a tv style murder mystery with a few big screen moments ( including one that seems to be made for a different film altogether ) .,a tv st yle murder mystery with a few big screen moments ( including o ne that seems to be made for a different fi lm altogether ).,POSITIVE,46,5,True
a rambling ensemble piece with loosely connected characters and plots that never quite gel .,a ramblng ensemble piece with loosely connected characters and plots that ne'er quite gel.,NEGATIVE,30,3,True
features what is surely the funniest and most accurate depiction of writer's block ever .,features what is surely t he funnie$t a nd most exact depiction of author '$ block ever.,POSITIVE,46,7,True
"while you have to admit it's semi-amusing to watch robert deniro belt out "" when you're a jet , you're a jet all the way , "" it's equally distasteful to watch him sing the lyrics to "" tonight . ""","piece you have to admit it 's semi - amusing to watch robert deniro belt out "" when you 're a jet, you 're a jet all the way, "" it 's equally distasteful to watch him sing the lyrics to "" tonight. """,NEGATIVE,55,1,True
gives an intriguing twist to the french coming-of-age genre .,gives @n intrigung twist t o t he french comnig - 0f - age gene.,POSITIVE,51,10,True
"using a stock plot , about a boy injects just enough freshness into the proceedings to provide an enjoyable 100 minutes in a movie theater .","using a stock plot, about a boy injects just enough novelty into the proceedings to provide an ejnoyable 100 minutes in a movie theater.",POSITIVE,39,2,True
"i've always dreamed of attending cannes , but after seeing this film , it's not that big a deal .","i 've always dreamd o f attending cannes, merely aftre seeing this film, information technology ' s not th@t big a d3al.",NEGATIVE,115,22,False
"a sad , superior human comedy played out on the back roads of life .","a sad, superior human comdy played out on the back roads of l ife.",POSITIVE,24,2,True
"it arrives with an impeccable pedigree , mongrel pep , and almost indecipherable plot complications .","it arrives with an impeccalbe pedigree, mongrel pep, and almost indecipherable plot complications.",POSITIVE,22,1,True
"a film which presses familiar herzog tropes into the service of a limpid and conventional historical fiction , when really what we demand of the director is to be mesmerised .","a film which presses familiar herzog tropes into the service of a lucid and conventional historical fiction, wh en really what we demand of the director is to be mesmerised.",NEGATIVE,40,2,True
"mild , meandering teen flick .","nild, meandeirng te en fli ck.",NEGATIVE,31,6,False
"for every cheesy scene , though , there is a really cool bit -- the movie's conception of a future-world holographic librarian ( orlando jones ) who knows everything and answers all questions , is visually smart , cleverly written , and nicely realized .","for every cheesy scene, though, there is a really cool bit - - the movie ' s conception 0f a future - world holographic librarian ( orlando jones ) w ho kn0ws everything a nd answers all questions, constitute visually smartness, cleevrly writen, amd nice1y raelized.",POSITIVE,247,48,False
"although largely a heavy-handed indictment of parental failings and the indifference of spanish social workers and legal system towards child abuse , the film retains ambiguities that make it well worth watching .","althogh largely a heavy - handed indictment of parental failings and the indifference of spanish social workers and legal system towards child abuse, the film retains ambiguities that m ake it wel l worth watching.",POSITIVE,50,3,True
serving sara should be served an eviction notice at every theater stuck with it .,serving sara sould be served an evicion noitce at every theater st uck with i t.,NEGATIVE,54,8,True
"just because it really happened to you , honey , doesn't mean that it's interesting to anyone else .","just because it really happened to you, honey, doe n't mean that it 's int3resting to anyone else.",NEGATIVE,33,2,True
one of those terrific documentaries that collect a bunch of people who are enthusiastic about something and then figures out how to make us share their enthusiasm .,one of those terific documentaries tha t collect a bunch of people who are enthusiastic about something a nd then figures out how to make us share their enthusiasm.,POSITIVE,47,4,True
a classy item by a legend who may have nothing left to prove but still has the chops and drive to show how its done .,a classy item by a legend who may have nothing left to prove but still has t he chops and drive to show how its done.,POSITIVE,30,1,True
the production values are of the highest and the performances attractive without being memorable .,the production values a re of the highest and the performances atractive without bei ng memorable.,POSITIVE,29,3,True
"not only does the movie fail to make us part of its reality , it fails the most basic relevancy test as well .","not ony does the movie fail to make us part of its reality, it fails the most basic relevancy test as well.",NEGATIVE,29,1,True
"this story still seems timely and important . and there's an element of heartbreak to watching it now , with older and wiser eyes , because we know what will happen after greene's story ends .","this st0ry stil l seem s timly @nd impotrant. and there 's an 3lement o f heartbreak to watching it now, with older and wiser eyes, because we know what will happen after greene 's story ends.",POSITIVE,85,10,True
it's one pussy-ass world when even killer-thrillers revolve around group therapy sessions .,it 's one pussy - ass humankind when ev en killer - thriller revolve around group therpay sessions.,NEGATIVE,55,8,True
"a witty , whimsical feature debut .","a wtity, wimsical feature debut.",POSITIVE,17,2,True
an engrossing iranian film about two itinerant teachers and some lost and desolate people they encounter in a place where war has savaged the lives and liberties of the poor and the dispossessed .,an engro$sing iranian film about two itinerant teachers and some lost and desolate people they encounter in a place whe re war has savaged the lives and liberties of the poor and the dispossessed.,POSITIVE,43,2,True
"although fairly involving as far as it goes , the film doesn't end up having much that is fresh to say about growing up catholic or , really , anything .","alhough fairly involving as far as it goes, the film does n 't emd up having muc h that is fresh to say about growing up catholic or, really, anything.",NEGATIVE,52,4,True
it's fascinating to see how bettany and mcdowell play off each other .,it ' s spellbind t o see how bettany an d mcdowell ply off each other.,POSITIVE,43,6,True
"collateral damage is , despite its alleged provocation post-9/11 , an antique , in the end . as are its star , its attitude and its obliviousness .","collateral damae is, despite its alleegd provocati0n post-9/11, an antique, in the finish. equally exist IT star, i ts attitdue and its oblivi0usness.",NEGATIVE,149,28,False
"despite its title , punch-drunk love is never heavy-handed . the jabs it employs are short , carefully placed and dead-center .","despite its title, punch - drunk love is nevr he avy - handed. the jabs it employs are short , carefully placed and dead-center .",POSITIVE,24,2,True
"just a string of stale gags , with no good inside dope , and no particular bite .","just a string of s tale gags, with n0 good inside dope, and n o particular bite.",NEGATIVE,32,3,True
how this one escaped the lifetime network i'll never know .,how this one ecaped the lifetime network i 'll never know.,NEGATIVE,17,1,True
"the biggest problem with satin rouge is lilia herself . she's a cipher , played by an actress who smiles and frowns but doesn't reveal an inner life .","the giving job with satin roueg is lil ia hersef. she 's a ciper, played by an actress who smiles and frowns but does n't reveal an inner life.",NEGATIVE,84,11,True
"a movie i loved on first sight and , even more important , love in remembrance .","a movie i loved on first spate @nd, eve n more important, l0ve 1n remmbrance.",POSITIVE,48,7,True
"branagh , in his most forceful non-shakespeare screen performance , grounds even the softest moments in the angry revolt of his wit .","branagh, in his most forceful non - shakespeare screen performance, grounds even the cushy moments in the angry reolt of his wit.",POSITIVE,35,2,True
"the film , while not exactly assured in its execution , is notable for its sheer audacity and openness .","the film, whle not exactly assured in its execution, i s notable for its sheer audacity amd opneness.",POSITIVE,50,7,True
the ending feels at odds with the rest of the film .,the ending tone at odds with the rest of the film.,NEGATIVE,25,2,True
beautifully directed and convincingly acted .,be@utifully dircted an d convincingly acted.,POSITIVE,27,5,True
"another big , dumb action movie in the vein of xxx , the transporter is riddled with plot holes big enough for its titular hero to drive his sleek black bmw through .","another big, dub action moive in the vein o f xxx, the conveyor is penetrate with plot h oles big enough for it s titular hero to driv e his sleek black bmw through.",NEGATIVE,139,23,True
"mandel holland's direction is uninspired , and his scripting unsurprising , but the performances by phifer and black are ultimately winning . you'll find yourself wishing that you and they were in another movie .","mandel holland 's direction is uninspired, and his scripting unsurprising, but the performances by phifer and black are ultimately wnning. you'll find yourself wishing that you and they were in another movie .",POSITIVE,29,1,True
absolutely ( and unintentionally ) terrifying .,absolutely ( and accidentally ) trrifying.,NEGATIVE,30,7,True
crush is so warm and fuzzy you might be able to forgive its mean-spirited second half .,crush i$ so warm and fuzzy you might be able to forgive its mean - spirited second half.,POSITIVE,26,1,True
"to paraphrase a line from another dickens' novel , nicholas nickleby is too much like a fragment of an underdone potato .","to paraphrase a line fom another dickens ' fresh, nciholas nickleby comprise to o very much li ke a fragent o f an half-baked potao.",NEGATIVE,98,18,True
uneven but a lot of fun .,uneven but a lot of f un.,POSITIVE,11,1,True
do not see this film .,coif not see this film.,NEGATIVE,35,6,False
the cast delivers without sham the raw-nerved story .,the cast delviers without shan the raw - nerved story.,POSITIVE,27,3,True
the stunt work is top-notch ; the dialogue and drama often food-spittingly funny .,the stunt work is top - notch ; the dialogue and drama often food - spittingly fumny.,POSITIVE,25,1,True
"the only camouflage carvey should now be considering is a paper bag to wear over his head when he goes out into public , to avoid being recognized as the man who bilked unsuspecting moviegoers .","th3 only camo carvey should now be considering is a pa per grip to wear o ver his had when he start ou t in to world, to aovid comprise rceognized as the gentleman who bilekd unusspecting moviegoer.",NEGATIVE,207,36,False
a bit too eager to please .,a bit to o eag er to please.,NEGATIVE,16,2,True
"as well-acted and well-intentioned as all or nothing is , however , the film comes perilously close to being too bleak , too pessimistic and too unflinching for its own good .","a s well - acted and well - intentioned as all or nothing is, however, the film com es perilously close to being too bleak, too pessimistic and too unflinching for its own good.",NEGATIVE,45,2,True
"men in black ii has sequel-itis something fierce . an ungainly , comedy-deficient , b-movie rush job . . .","men in black ii has sequel-itis something fierce . an awkward, comedy - deficient, b - mov ie rush job...",NEGATIVE,30,3,True
"the jokes are flat , and the action looks fake .","the jokes are directly, and the ation looks fae.",NEGATIVE,26,3,True
"this cuddly sequel to the 1999 hit is a little more visually polished , a little funnier , and a little more madcap .","this cuddly sequel to the 19 99 hit i s a little more visally polihed, a little funnier, and a little more madcap.",POSITIVE,47,8,True
""" 13 conversations about one thing "" is an intelligent flick that examines many different ideas from happiness to guilt in an intriguing bit of storytelling .",""" 13 conversations about one thing "" is an inte1ligent f lick that examines many different idaes fr0m happniess t0 guilt in an 1ntriguing bit of storyt3lling.",POSITIVE,81,11,True
"the movie is gorgeously made , but it is also somewhat shallow and art-conscious .","th3 move is gorgeously made, but it i$ also somewhat shallow and art - cnscious.",NEGATIVE,48,7,True
the piece plays as well as it does thanks in large measure to anspaugh's three lead actresses .,the pi ece plays as wll as it does tanks in large measure to anspaugh ' s three lead actresess.,POSITIVE,43,5,True
. . . the picture's cleverness is ironically muted by the very people who are intended to make it shine .,. . . the picture 's cleverness represent ironically muted b y the very people wh o are intended to make it shine.,NEGATIVE,34,3,True
"it's a rollicking adventure for you and all your mateys , regardless of their ages .","it 's a rollicking advnture for yo u and all your mateys, regardless of their mature.",POSITIVE,36,4,True
"the film is old-fashioned , occasionally charming and as subtle as boldface .","the film is old - fashoined, occasionally carming and as subtle as boldface.",POSITIVE,25,2,True
another in-your-face wallow in the lower depths made by people who have never sung those blues .,another im - your - face wallow in the lower depths made by people who have never sung tohse blues.,POSITIVE,65,11,True
"no such thing is sort of a minimalist beauty and the beast , but in this case the beast should definitely get top billing . robert john burke as the monster horns in and steals the show .","no such thing is sort of a minimalist beauty and the beast, b ut in ths case the beast should defniitely get t op billing. robert john burke as the monster horns in and steals the show .",POSITIVE,45,4,True
"in a movie full of surprises , the biggest is that secret ballot is a comedy , both gentle and biting .","in a movie full of srprises, the biggest is that secret ballot is a comedy, both ennoble and biting.",POSITIVE,32,2,True
the film proves unrelentingly grim -- and equally engrossing .,t he fi lm proves unrelentingly grim -- and equally engrossing.,POSITIVE,19,2,True
"if it were any more of a turkey , it would gobble in dolby digital stereo . if nothing else , "" rollerball "" 2002 may go down in cinema history as the only movie ever in which the rest of the cast was outshined by ll cool j .","if it were any more of a tukey, it would goble in dolby digital stereo. if nothing else, "" rollerball "" 2002 may go down in cinema history A the o nly movie ever in which the rest of the cast live out$hined by ll cool j.",NEGATIVE,168,25,True
the irwins' scenes are fascinating ; the movie as a whole is cheap junk and an insult to their death-defying efforts .,the irwins ' scenes are fascinating ; th e m ovie as a hale is cheap junk and an inult to their death - defying efforts.,NEGATIVE,50,6,True
a sensitive and astute first feature by anne-sophie birot .,a sensit1ve a nd astute first feautre away anne - sophie birot.,POSITIVE,35,4,True
"unintelligible , poorly acted , brain-slappingly bad , harvard man is ludicrous enough that it could become a cult classic .","unimtelligible, peaked acetd, brain - slapingly b ad, harvard m@n is laughable enough th at i t coud become a cult classic.",NEGATIVE,84,15,True
"director kevin bray excels in breaking glass and marking off the "" miami vice "" checklist of power boats , latin music and dog tracks . he doesn't , however , deliver nearly enough of the show's trademark style and flash .","director kevin bray excels in breaking glass and marking off the "" miami vice "" checklist of power boats , latin music and dog tracks . he does n't, however, delivr nearly enough of the show 's trademark style and flash.",NEGATIVE,26,3,True
"an exciting and involving rock music doc , a smart and satisfying look inside that tumultuous world .","an exciing and involving rock music doc, a hurt and satsfying loo k insdie that tumultuous wrold.",POSITIVE,47,6,True
execrable .,eecrable.,NEGATIVE,11,2,False
"both stars manage to be funny , but , like the recent i spy , the star chemistry begs the question of whether random gags add up to a movie .","both stars manage to be funny, but, like the recent i spy, the star chemistry begs the question of whether randm gas add up to a mov ie.",NEGATIVE,51,5,True
spielberg has managed to marry science fiction with film noir and action flicks with philosophical inquiry .,$pielberg has mangaed t0 m@rry science fition with fil m noir and action flicks with philosophical inquiry.,POSITIVE,46,6,True
"this toothless dog , already on cable , loses all bite on the big screen .","tis toothless blackguard, alreayd along calbe, l oses all bite on the big screen.",NEGATIVE,87,16,False
"while it would be easy to give crush the new title of two weddings and a funeral , it's a far more thoughtful film than any slice of hugh grant whimsy .","whle it wuold be easy to give crush the new title of t wo weddings amd a funeral, information technology ' s a Former Armed Forces more thoughtful film tan a ny slice of hugh grant whimsy.",POSITIVE,79,11,True
this flat run at a hip-hop tootsie is so poorly paced you could fit all of pootie tang in between its punchlines .,this flat r un at a hip - hop tootsie is so porly step you could fit all of pootie tang in between its punchlines.,NEGATIVE,49,5,True
"the production design , score and choreography are simply intoxicating .","th e production design, score an d choreography are sipmly intoxicting.",POSITIVE,42,8,True
"a penetrating , potent exploration of sanctimony , self-awareness , self-hatred and self-determination .","a penetrating, ptoent eploration of sanctimoniousness, sel f - awar3ness, sel f - hate an d sef - determniation.",POSITIVE,91,20,False
"smith's approach is never to tease , except gently and in that way that makes us consider our own eccentricities and how they are expressed through our homes .","smith 's approach is never to tease, 3xcept gemtly and in that wa y that mak es us consider o ur own eccentricities a nd how they are expresesd done o ur homes.",POSITIVE,83,10,True
"a fiercely clever and subtle film , capturing the precarious balance between the extravagant confidence of the exiled aristocracy and the cruel earnestness of the victorious revolutionaries .","a fierceyl cleevr a nd subtle fim, caputring t he precarious blance between t he excessive confidence of the exiled aristocracy and the cruel earnestness of the vitcorious revolutionaries.",POSITIVE,80,11,True
a movie that hovers somewhere between an acute character study and a trite power struggle .,a movi e that hovers sonewhere between an acute character st udy and a trite power struggle.,NEGATIVE,48,9,True
"dodgy mixture of cutesy romance , dark satire and murder mystery .","dodgy mixture of cutsy romance, dark satire and murder mystery.",POSITIVE,17,1,True
the film's maudlin focus on the young woman's infirmity and her naive dreams play like the worst kind of hollywood heart-string plucking .,the f ilm '$ maudlin focu s along the youmg wman ' s infirmity and her navie dreams play alike the worts ki nd of hollywood heart - sring plucking.,NEGATIVE,157,27,False
never once predictable .,nev er once predictable.,POSITIVE,8,1,True
". . . a good , if not entirely fresh , look at war .",". . . a go od, if not entirely fresh, look at war.",POSITIVE,18,1,True
a captivating coming-of-age story that may also be the first narrative film to be truly informed by the wireless age .,a captivat1ng coming - of - age $tory th at may als0 be the first narraitve flm to be truly informed b y the wireless ag e.,POSITIVE,65,9,True
rather less than the sum of its underventilated père-fils confrontations .,rathr to a lesser extent than the substance o f its underevntilated pè re - fils confrontations.,NEGATIVE,73,13,False
"lends itself to the narcotizing bland ( sinister , though not nearly so sinister as the biennial disney girl movie ) machinations of the biennial disney boy movie .","lensd itself to the narcotizing bl@nd ( dark, tough not intimately so sinister as th e biennial disny girl mo vie ) machinations o f the bienial Walt Disney son move.",NEGATIVE,161,29,False
"the movie attempts to mine laughs from a genre -- the gangster/crime comedy -- that wore out its welcome with audiences several years ago , and its cutesy reliance on movie-specific cliches isn't exactly endearing .","the move attemtps to mine laughs from a genre -- the gangster / crime comedy -- that wor3 out its welcome with audiences several years ago, and IT cutesy reliance along movie - specific clichse i$ n't exactly endearing.",NEGATIVE,229,41,False
a poignant lyricism runs through balzac and the little chinese seamstress that transforms this story about love and culture into a cinematic poem .,a poignnat lyricism runs through balzac a nd th e little chinese seamstress that tranfsorms this st ory about loe amd culture into a cinem@tic poem.,POSITIVE,65,8,True
"as hugh grant says repeatedly throughout the movie , 'lovely ! brilliant ! '","as hugh grant says repeatedly throughout the movie, ' lvely! brilliatn! '",POSITIVE,29,4,True
"swimming is above all about a young woman's face , and by casting an actress whose face projects that woman's doubts and yearnings , it succeeds .","swimming is above all about a young woman 's face, and by casting an actress whose face projects that woman 's doubts and yearnings, it succeesd.",POSITIVE,35,1,True
this sort of cute and cloying material is far from zhang's forte and it shows .,this sort of cute and cloying material is far from zhang '$ fo rte and it shows.,NEGATIVE,26,2,True
this is a movie so insecure about its capacity to excite that it churns up not one but two flagrantly fake thunderstorms to underscore the action .,this is a movie indeed insceure about its capcity to excite tht it churns up not one b ut two flagrantly fake thunderstorms to underscore the action.,NEGATIVE,62,7,True
the plot grinds on with yawn-provoking dullness .,the plo t grinds on with ya wn - provoking bluntness.,NEGATIVE,25,4,True
"an intelligent , multi-layered and profoundly humanist ( not to mention gently political ) meditation on the values of knowledge , education , and the affects of cultural and geographical displacement .","an inte1ligent, multi - layer3d @nd profoundly humainst ( not to mention gently political ) medittaion on the values of knowledge, education, and the affects of cultural and geographical displacement.",POSITIVE,60,5,True
"for all its plot twists , and some of them verge on the bizarre as the film winds down , blood work is a strong , character-oriented piece .","for all its plot twists, and some of them verge on the bizarre as the film winds down, blood work is a storng, character - oriented piece.",POSITIVE,37,1,True
the film's performances are thrilling .,the film 's performances are thriling.,POSITIVE,12,1,True
"william shatner , as a pompous professor , is the sole bright spot . . .","william shatnre, as a pompous prof, is the sole bright spot...",POSITIVE,30,3,True
a modestly surprising movie .,a mdoestly surrising movie.,POSITIVE,15,2,True
"on the whole , the movie lacks wit , feeling and believability to compensate for its incessant coarseness and banality .","on the whole, the movie lcks wit, feeling and believability to compensate for its incessant coarseness and banality.",NEGATIVE,26,1,True
the film was immensely enjoyable thanks to great performances by both steve buscemi and rosario dawson . . .,the film was 1mmensely enjoyabe thnks t o grea t performances by bo th steve buscemi a nd rosrio dawson...,POSITIVE,62,11,True
generates an enormous feeling of empathy for its characters .,generates an enormous feeilng of empathy for its characters.,POSITIVE,16,1,True
"ultimately , clarity matters , both in breaking codes and making movies . enigma lacks it .","ultimately , clarity matters , both in breaking codes and making movies . eniga lacks it.",NEGATIVE,21,4,True
"a picture that extols the virtues of comradeship and community in a spunky , spirited fashion .","a pictuer that extols th3 virutes of comradeship @nd community in a spunky, gamy way.",POSITIVE,58,10,True
"'god help us , but capra and cooper are rolling over in their graves . '","' god help us, but capra and cooper are rolling ovr in their sculpture. '",NEGATIVE,27,2,True
jonathan parker's bartleby should have been the be-all-end-all of the modern-office anomie films .,jonathan parker 's bartleyb should have been t he be - all - end - all of the modern - office anomie fi1ms.,POSITIVE,37,3,True
the movie is essentially a series of fleetingly interesting actors' moments .,the movie is essentially a series of fleetingly intresting actors ' moments.,POSITIVE,18,1,True
"there's a reason the studio didn't offer an advance screening . "" the adventures of pluto nash "" is a big time stinker .","there's a reason the studio didn't offer an advance screening . "" the adventures of pluot nash "" is a big time stinekr.",NEGATIVE,41,6,True
the whole thing plays out with the drowsy heaviness of synchronized swimmer wearing a wool wetsuit .,the whole matter pays out wih the drwosy he@viness of contemporise swimmer wearing a woollen wetsuit.,NEGATIVE,97,17,False
"rambles on in a disjointed , substandard fashion from one poorly executed action sequence to the next .","tramp along inward a dissociate, sbstandard fashon from on e pooryl exeuted atcion seqence to the net.",NEGATIVE,95,18,True
"a confident , richly acted , emotionally devastating piece of work and 2002's first great film","a confdent, r1chly acted, emot1onally devastating pi3ce of work and 2002 's first great film",POSITIVE,40,5,True
"the story , once it gets rolling , is nothing short of a great one .","the story, once it gets rolling, is nothing short of a grea t one.",POSITIVE,20,1,True
one of the most important and exhilarating forms of animated filmmaking since old walt doodled steamboat willie .,one o f the most important amd exhil@rating forms of animated filmmaking sinc e old walt doodled steamboat willie.,POSITIVE,42,5,True
its characters are thinner than cardboard -- or even comic-book paper .,its chaacters ar e fragile than cardboadr - - o r ev en comic - book newspaper.,NEGATIVE,79,14,False
throws in enough clever and unexpected twists to make the formula feel fresh .,throws in enough celver and unepxected twists to make the formula feel fres h.,POSITIVE,28,3,True
a fascinating documentary that provides a rounded and revealing overview of this ancient holistic healing system,a fascinat1ng documentary tha t provides a ruonded an d revealign overview of th is ancient holitsic mend system,POSITIVE,58,9,True
"rabbit-proof fence will probably make you angry . but it will just as likely make you weep , and it will do so in a way that doesn't make you feel like a sucker .","rabbit-proof fence will probably make you angry . but it will just as likely make you weep, and it will do so in a w ay tht does n 't ma ke y ou feel like a sucekr.",POSITIVE,58,6,True
collapses under its own meager weight .,collapss under it s own mager weight.,NEGATIVE,26,4,True
equlibrium could pass for a thirteen-year-old's book report on the totalitarian themes of 1984 and farenheit 451 .,equlbirium colud pas f or a thirteen - year - old 's book describe on the totalistic themes of 1984 and farenheit 451.,NEGATIVE,69,10,True
the fast runner' transports the viewer into an unusual space,the fast runner ' transpors t he viewer into an unusual space,POSITIVE,20,2,True
not one moment in the enterprise didn't make me want to lie down in a dark room with something cool to my brow .,not one moment in the enterprise did n't make me want to lie down in a dark room with something c ool to my brow.,POSITIVE,34,2,True
[grant] goes beyond his usual fluttering and stammering and captures the soul of a man in pain who gradually comes to recognize it and deal with it .,[ grant ] goes b3yond his usual fluttering and stammering and captrues the sou1 of a m@n in pain who gradually comes to recognize it and deal with it.,POSITIVE,57,5,True
completely creatively stillborn and executed in a manner that i'm not sure could be a single iota worse . . . a soulless hunk of exploitative garbage .,completely creatively abortive and executed in a manner that i 'm not sure could be a single iot a wosre... a souless hun k o f exploittive garbgae.,NEGATIVE,79,11,True
"in his debut as a director , washington has a sure hand . his work with actors is particularly impressive .","in his debut as a director , washington has a sure hand . his work with actors is particularly imprsesive.",POSITIVE,15,1,True
"it just goes to show , an intelligent person isn't necessarily an admirable storyteller .","it just goes to show, an intelligent person i s n't necessarily an admrable storyteller.",NEGATIVE,25,2,True
it appears that something has been lost in the translation to the screen .,it appars that something has been lst in t he interlingual rendition to the screen.,NEGATIVE,38,5,True
"the movie is too cute to take itself too seriously , but it still feels like it was made by some very stoned college students .","the movie is also cute to take itself too seriously, simply it still fee ls like it w as made by some very stoned college students.",NEGATIVE,49,4,True
"sharp , lively , funny and ultimately sobering film .","s harp, live1y, fnny amd ultimately sobering fi lm.",POSITIVE,34,5,True
"it's difficult to imagine that a more confused , less interesting and more sloppily made film could possibly come down the road in 2002 .","information technology '$ difficult to imagine that a more throw, lss interesting and mre slopply made film could peradventure come down the road in 20 02.",NEGATIVE,147,26,False
"martin scorsese cria um espetáculo visual que não possui alma - um filme esteticamente belo , mas emocionalmente frio .","martin scorsese cria um espetáculo visual que não pssui alma - um filme esteticamente belo, mas emocionalmente fio.",NEGATIVE,53,9,True
"beautifully crafted and brutally honest , promises offers an unexpected window into the complexities of the middle east struggle and into the humanity of its people .","bautifully crafted amd brutally h0nest, promises offers an unexp3cted window into t he complexities of the middle east struggle a nd into the humanity of its peope.",POSITIVE,62,8,True
fred schepisi's tale of four englishmen facing the prospect of their own mortality views youthful affluence not as a lost ideal but a starting point .,fred scheisi ' s tle of four Englishman facing the prospect 0f their own mortality views youtfhul aflfuence mot as a lost i deal but a starting point.,POSITIVE,86,12,True
"the film's strength isn't in its details , but in the larger picture it paints - of a culture in conflict with itself , with the thin veneer of nationalism that covers our deepest , media-soaked fears .","the film 's strength is n't in its details, bu t in the larger picture it paints - of a culture in conflict with itself, with the thin veneer of nationalism that covers our deepest, media - soaked fears.",POSITIVE,46,1,True
"one of the most haunting , viciously honest coming-of-age films in recent memory .","one of the most haunting, viciously hnoest number - of - age films in recent memory.",POSITIVE,31,2,True
a fleet-footed and pleasingly upbeat family diversion .,a fleet - f0oted a nd pleaisngly upbeat family diversion.,POSITIVE,24,3,True
gere gives a good performance in a film that doesn't merit it .,gere gives a good performance in a film that doesn't merit it .,NEGATIVE,75,14,False
"if anything , the film is doing something of a public service -- shedding light on a group of extremely talented musicians who might otherwise go unnoticed and underappreciated by music fans .","if anything, the film is doing something of a public service -- shdding light on a group of extremely talented musicians World Health Organization might otherwise go unnoticed and underappreciated by music fans.",POSITIVE,43,2,True
late marriage's stiffness is unlikely to demonstrate the emotional clout to sweep u . s . viewers off their feet .,late marriage 's stiffness is unliely to demonstrate the emotional clout to sweep u. s . viewers off their feet .,NEGATIVE,22,1,True
"sweet home alabama is one dumb movie , but its stupidity is so relentlessly harmless that it almost wins you over in the end .","sweet home alabama is one dumb movie, but information technology stupidity is so relentlessly harmless that it almost wins you over in the end.",POSITIVE,33,1,True
"long after you leave justine , you'll be wondering what will happen to her and wishing her the best -- whatever that might mean .","long after you leave jusine, yo u 'll be wondering what will happen to her and wishing her the best -- whatever that might mean.",POSITIVE,36,3,True
exposing the ways we fool ourselves is one hour photo's real strength .,exposing the ways we fool ourselves i$ one hour photo 's real forte.,POSITIVE,27,2,True
. . . works on some levels and is certainly worth seeing at least once .,. . . works on some levels and is certainly wort h seeing at least once.,POSITIVE,18,1,True
no doubt the star and everyone else involved had their hearts in the right place . where their heads were is anyone's guess .,n o doubt the star and everyone else involved had their hearts in the right place. where their heads were is anyone's guess .,POSITIVE,21,1,True
a wordy wisp of a comedy .,a wordy wisp of a cmedy.,POSITIVE,13,2,True
cho continues her exploration of the outer limits of raunch with considerable brio .,cho cotinues he r exploration of the outer liits of raunch with consiedrable brio.,POSITIVE,34,4,True
woody allen used to ridicule movies like hollywood ending . now he makes them .,woody allen used to ridicule movies like hollywood ending . now he makes them .,POSITIVE,30,5,False
"essentially , the film is weak on detail and strong on personality","essentially, the film is weak on detail and strong 0n personality",POSITIVE,20,2,True
"it is nature against progress . in fessenden's horror trilogy , this theme has proved important to him and is especially so in the finale .","it is nature against progress . in fessenden's horror trilogy , this theme has proved important to him and is especially so in the finale .",NEGATIVE,36,6,False
"nonsensical , dull "" cyber-horror "" flick is a grim , hollow exercise in flat scares and bad acting .","nonensical, du ll "" cyber - horror "" fli ck is a blue, empty exercise 1n flat scars and spoilt ating.",NEGATIVE,107,22,False
a thinly veiled excuse for wilson to play his self-deprecating act against murphy's well-honed prima donna shtick .,a thinly veiled excu$e for wilson to play his self - deprecating act againts murphy 's well - honed prima donna shtick.,NEGATIVE,35,2,True
"made to be jaglomized is the cannes film festival , the annual riviera spree of flesh , buzz , blab and money . the charming result is festival in cannes .","made to be jaglomized is the cannes film festival , the annual riviera spree of flesh , buzz , blab and money . the chrming result is festival in cannes.",POSITIVE,14,1,True
allen shows he can outgag any of those young whippersnappers making moving pictures today .,allen shws he stern outgag any of those you ng whippersnappers making moving pictures today.,POSITIVE,39,5,True
probes in a light-hearted way the romantic problems of individuals for whom the yearning for passion spells discontent .,probes in a ligh t - hearted way the romantic problems of individuals for whom the yearning for passion spells discontent.,POSITIVE,25,1,True
"a witty , trenchant , wildly unsentimental but flawed look at the ins and outs of modern moviemaking .","a witty, trenchant, wildly unsentimental but flawed 1ook at the ins and outs of modern moviemaking.",POSITIVE,26,1,True
"in between all the emotional seesawing , it's hard to figure the depth of these two literary figures , and even the times in which they lived . but they fascinate in their recklessness .","in between all the emotional seesawing , it's hard to figure the depth of these two literary figures , and even the times in which they lived . but they fasciate in their recklessness.",POSITIVE,13,1,True
"personal velocity has a no-frills docu-dogma plainness , yet miller lingers on invisible , nearly psychic nuances , leaping into digressions of memory and desire . she boxes these women's souls right open for us .","personal velocity has a no-frills docu-dogma plainness , yet miller lingers on invisible , nearly psychic nuances , leaping into digressions of memory and desire . she bxoes these wom en ' s soulfulness righ t open for us.",POSITIVE,219,41,False
i cry for i spy -- or i would if this latest and laziest imaginable of all vintage-tv spinoffs were capable of engendering an emotional response of any kind .,i cry for i spy -- or i would if this latest and l@ziest imaginable of all vintage - tv spinoffs were capable of engendering an emotional response of @ny kind.,NEGATIVE,44,2,True
good-looking but relentlessly lowbrow outing plays like clueless does south fork .,good - looking b ut relentlessly lowbrow outing plays like clueless does south fork.,NEGATIVE,18,1,True
a rarity among recent iranian films : it's a comedy full of gentle humor that chides the absurdity of its protagonist's plight .,a rarity among recent iranian films : i t ' s a comedy full of gentl3 humr t hat chides th3 absurdity of its prot@gonist '$ pligth.,POSITIVE,82,14,True
"you could say that it's slow at times , you could say that a few of the characters act in ways that real people wouldn't , but one thing you couldn't say is that alias betty is predictable .","you could say that it 's slow at times, you coul d say that a few of the characters act in ways that real people would n't, but one thing you could n't say is that alis betty i s preidctable.",NEGATIVE,76,7,True
francophiles will snicker knowingly and you'll want to slap them .,francophiles will snicker knowingly and you 'll wnt to slap then.,NEGATIVE,27,3,True
formula 51 is so trite that even yu's high-energy action stylings can't break through the stupor .,formula 51 is s o tirte that e ven yu 's high - energy action stylings ca n't break through the daze.,NEGATIVE,40,4,True
"texan director george ratliff had unlimited access to families and church meetings , and he delivers fascinating psychological fare .","texan director george ratliff had unlimited access to families and church meetings, and he fork out fascinat1ng psychological fare.",POSITIVE,33,2,True
"wedding feels a bit anachronistic . still , not every low-budget movie must be quirky or bleak , and a happy ending is no cinematic sin .","wedding feels a bit anachronistic . still, non every low - budget movie must be quirky or bleak, amd a hppy ending i s no cinematic sin.",POSITIVE,43,4,True
writer and director otar iosseliani's pleasant tale about a factory worker who escapes for a holiday in venice reveals how we all need a playful respite from the grind to refresh our souls .,writer and director otar iosseliani 's pleasatn tale abuot a factory worker wh o escapes for a holiday in venice reveals how w e a1l need a playflu respite fr om the grind to refersh our soul$.,POSITIVE,79,9,True
an intimate contemplation of two marvelously messy lives .,an intmate contemplation of two marv3lously messy lives.,POSITIVE,19,2,True
a captivating and intimate study about dying and loving . . .,a capt1vating a nd intimate study abotu dying amd lie with...,POSITIVE,37,6,True
"with nary a glimmer of self-knowledge , [crane] becomes more specimen than character -- and auto focus remains a chilly , clinical lab report .","with na ry a glimmer of ego - knowl3dge, [ cr ane ] becmes to a greater extent specimen than fiber - - @nd @uto focus remains a chili, clinical science lab report.",NEGATIVE,145,29,False
"a powerful and telling story that examines forbidden love , racial tension , and other issues that are as valid today as they were in the 1950s .","a herculean and telling st0ry t hat examines forbidden lov e, racial tension, and other issues that are as valid today as they were in the 195 0s.",POSITIVE,58,7,True
it seems like i have been waiting my whole life for this movie and now i can't wait for the sequel .,it seems like i have been waiting my whole life for this movie and no w i ca n't wait for the sequel.,NEGATIVE,27,1,True
"with we were soldiers , hollywood makes a valiant attempt to tell a story about the vietnam war before the pathology set in .","with we were soldiers, hollywood makes a vaiant attempt to tell a story about the vietnam war before the pathology set in.",POSITIVE,29,1,True
"i prefer soderbergh's concentration on his two lovers over tarkovsky's mostly male , mostly patriarchal debating societies .","i prefer soderbergh '$ conentration on his two lovers over tarkovsky 's mostly male, mostly patriarchal debating societies.",POSITIVE,30,2,True
a riveting documentary .,a rivteing documenatry.,POSITIVE,19,4,False
. . . too dull to enjoy .,. . . to o dul t0 enjoy.,NEGATIVE,20,3,True
jarecki and gibney do find enough material to bring kissinger's record into question and explain how the diplomat's tweaked version of statecraft may have cost thousands and possibly millions of lives .,jarecki and gibney do find enough material to bring kissinger 's record into question and explain how the diplomat 's tweak3d version of statecraft may have cost thousands and possibly millions of lives.,NEGATIVE,91,11,True
"abandon spends 90 minutes trying figure out whether or not some cocky pseudo-intellectual kid has intentionally left college or was killed . the only problem is that , by the end , no one in the audience or the film seems to really care .","abandon spends 90 minutes trying figure out whether or not some cocky pseudo - intellectual kid has intentionally left college or was killed. the only problem is that, by the end, atomic number 102 one in the audience operating theatre the film seems to realy upkeep.",NEGATIVE,267,47,False
i was impressed by how many tit-for-tat retaliatory responses the filmmakers allow before pulling the plug on the conspirators and averting an american-russian armageddon .,i was imprssed by how many tit - for - tat retaliatory responses the filmmakers allow before pulling the plug on the conspirators and averting an american - russian armageddon.,POSITIVE,36,1,True
manages to be sweet and wickedly satisfying at the same time .,manages to be sewet a nd wickedly s@tisfying at the same time.,POSITIVE,26,3,True
"a real story about real people living their lives concerned about the future of an elderly , mentally handicapped family member .","a r3al story ab out real people living their lives concerned about the future of an elderly, mentally handicapped family member.",POSITIVE,32,3,True
"be prepared to cling to the edge of your seat , tense with suspense . the ring never lets you off the hook .","be prepared to cling to the edge of your seat, tense with suspene. t he surround ne'er le ts you off the filch.",POSITIVE,72,10,True
i can easily imagine benigni's pinocchio becoming a christmas perennial . coal isn't as easy to come by as it used to be and this would be a worthy substitute for naughty children's stockings .,i can easily imagine benigni's pinocchio becoming a christmas perennial . coal is n't as easy t0 come by as it used to be and this woudl be a worthy subsittute for naughty children 's stockings.,NEGATIVE,53,5,True
"unexpected moments of authentically impulsive humor are the hallmark of this bittersweet , uncommonly sincere movie that portrays the frank humanity ofemotional recovery .","unexpected moments of authentcially impulsive h umor are the hallmark of this bittersweet, uncommolny sinceer mvie that potrrays the frank hmanity of emoional reovery.",POSITIVE,76,11,True
"john carlen's script is full of unhappy , two-dimensional characters who are anything but compelling .","j ohn carlen 's script is entire of unhappy, two - dimesional characters who embody anything but compelling.",POSITIVE,51,9,True
"although the sequel has all the outward elements of the original , the first film's lovely flakiness is gone , replaced by the forced funniness found in the dullest kiddie flicks .","although the sequel has all the outward elements of the original, the f irst film 's lovely flakiness is at peace, replaced by the frced funniness found in the dim kiddie flicks.",NEGATIVE,64,7,True
"a tender and touching drama , based on the true story of a troubled african-american's quest to come to terms with his origins , reveals the yearning we all have in our hearts for acceptance within the family circle .","a temder a nd tuoching drama, b ased on the true story of a troubled african - @merican 's q uest t o c0me to terms with his origins, reveals th e yearning we al1 have in our ticker for acceptance within t he family circl3.",POSITIVE,237,43,False
"the soupy end result has the odd distinction of being playful without being fun , too .","t he soupy e nd result has the odd distinction of being playful without being fun, too.",POSITIVE,26,2,True
"like its title character , esther kahn is unusual but unfortunately also irritating .","like IT t1tle character, esther kahn is unusual only alas alo irrtiating.",NEGATIVE,79,14,False
"none of this is meaningful or memorable , but frosting isn't , either , and you wouldn't turn down a big bowl of that , would you ?","none of this is meaningful or memroable, bu t frostign is n't, either, and y ou would n't turn down a big bowl of that, would you?",POSITIVE,59,6,True
"the film has the high-buffed gloss and high-octane jolts you expect of de palma , but what makes it transporting is that it's also one of the smartest , most pleasurable expressions of pure movie love to come from an american director in years .","the film has the high - buffed gloss and high - octane jolts y ou expect of de palma, bu t what mkes it transporting is that it 's also one of th e sm@rtest, most pleausrable expressions o f pure movie l ove to amount fr0m a n american diretor in yars.",POSITIVE,201,32,True
"brash , intelligent and erotically perplexing , haneke's portrait of an upper class austrian society and the suppression of its tucked away demons is uniquely felt with a sardonic jolt .","brash, intellignt and erotically perplexing, haneke 's porrait of an upper class austrian society and the suppression of its tucked away demons is uniquely felt wi th a sardonic saccade.",POSITIVE,57,5,True
a rather average action film that benefits from several funny moments supplied by epps .,a rather average action film that bemefits from several funny moments supplied by epps.,POSITIVE,22,1,True
"you can watch , giggle and get an adrenaline boost without feeling like you've completely lowered your entertainment standards .","you can watch, giggle and get an adrenaline boost witout feeling like you 've completely lowered your entertainment standards.",POSITIVE,26,1,True
"though the book runs only about 300 pages , it is so densely packed . . . that even an ambitious adaptation and elaborate production like mr . schepisi's seems skimpy and unclear .","thouh the book runs only about 300 pages, it is so densely packed... that even an ambitious adaptation and elaborate production like mr . schepisi's seems skimpy and unclear .",POSITIVE,24,1,True
the movie is . . . very funny as you peek at it through the fingers in front of your eyes .,the movie is . . . very queer as you peek at it through the fingers in front of yur eyes.,POSITIVE,32,3,True
""" men in black ii , "" has all the earmarks of a sequel . the story is less vibrant , the jokes are a little lukewarm , but will anyone really care ?",""" men in black ii , "" has all the earmarks of a sequel . the story is les s vibrant, the jokes are a little lukewarm, but wil l anyone really care?",NEGATIVE,39,4,True
"to the film's credit , the acting is fresh and unselfconscious , and munch is a marvel of reality versus sappy sentiment .","to the film 's credit, the acting is fr esh and unselfconscious, and munch is a marvle o f reality verss sappy sentiment.",POSITIVE,53,6,True
there is greatness here .,there is gratness here.,POSITIVE,10,1,True
it's unlikely we'll see a better thriller this year .,it 's unlkely we 'll see a better thriller this year.,POSITIVE,17,1,True
a moving and weighty depiction of one family's attempts to heal after the death of a child .,a movimg and weighty dpiction of one family 's attempts to heal after the death of a child.,POSITIVE,29,2,True
"while not all that bad of a movie , it's nowhere near as good as the original .","while not all that bad of a movie, it 's mowhere n ear as good as the original.",NEGATIVE,28,2,True
"an earnest racial-issues picture that might have gotten respectful critical praise in a different era -- say , the '60s .","an earest racial - issues picture tht might have gotten respectful critical praise in a different era -- say, the ' 60s.",POSITIVE,34,2,True
some motion pictures portray ultimate passion ; others create ultimate thrills . men in black ii achieves ultimate insignificance -- it's the sci-fi comedy spectacle as whiffle-ball epic .,some motion pictures portray ultimate passion ; others create ultimate thrills . men in black ii achieves ultimate insignifciance -- it 's the sci - fi comedy spectacle as whiffle - ball epic.,NEGATIVE,29,1,True
"de ayala is required to supply too much of the energy in a film that is , overall , far too staid for its subject matter .","de ayala is required to supply besides much of the energy in a film that i s, overall, far t0o staid for its subject matter.",NEGATIVE,46,4,True
"that neither protagonist has a distinguishable condition hardly matters because both are just actory concoctions , defined by childlike dimness and a handful of quirks .","that nether protagonist has a distinguishable condition hardly affair because both are just actory concoctions, defined by childlike duskiness and a fistful of quirks.",NEGATIVE,59,6,True
an affectionately goofy satire that's unafraid to throw elbows when necessary . . .,an affectioately goofy satre that 's unafraid to throw elbows when necessary...,POSITIVE,25,2,True
"the director knows how to apply textural gloss , but his portrait of sex-as-war is strictly sitcom .","the director knows how to apply textural gloss, bu t his portrait of sex - as - war is strictly sitcom.",NEGATIVE,26,1,True
the movie is ingenious fun . see it .,t he movi3 is ingneious fum. s ee it.,POSITIVE,41,7,True
while the plot follows a predictable connect-the-dots course . . . director john schultz colors the picture in some evocative shades .,while the plot follows a predictable connect-the-dots course . . . director whoremonger schultz colros the pictuer in some evcoative shades.,POSITIVE,40,6,True
it drowns in sap .,i t drwons im s ap.,NEGATIVE,29,5,False
the plot is romantic comedy boilerplate from start to finish .,the plot is quixotic comedy boilerplate from start to finish.,POSITIVE,19,1,True
"confuses its message with an ultimate desire to please , and contorting itself into an idea of expectation is the last thing any of these three actresses , nor their characters , deserve .","confusse its message with an ultimate desie to please, and conorting itself into an idea of expectation is the la st thing any of these three actresses, nor their characters, deserve.",NEGATIVE,59,5,True
"so we got ten little indians meets friday the 13th by way of clean and sober , filmed on the set of carpenter's the thing and loaded with actors you're most likely to find on the next inevitable incarnation of the love boat .","so we got ten little indians meets friday the 13th b y way of clean and sober, filmed on the set of carpenter 's the thing and loaded with actors you 're most likey to fin d on the next inevitale incarnation of the love b oat.",NEGATIVE,96,10,True
". . . generically , forgettably pleasant from start to finish .",". . . genericalyl, fogettably pleasant fron satrt t o finih.",NEGATIVE,42,8,True
it's a refreshing change from the self-interest and paranoia that shape most american representations of castro .,it 's a refrsehing change from the self - interest an d paranoia that shape most american representations of castro.,POSITIVE,29,2,True
"if a few good men told us that we "" can't handle the truth "" than high crimes poetically states at one point in this movie that we "" don't care about the truth . ""","i f a few good men told us that we "" ca n't handle t he truth "" than high crimes poetically states at one point in this movie that we "" do n't wish a bout the truth. """,NEGATIVE,89,12,True
an instantly forgettable snow-and-stuntwork extravaganza that likely will be upstaged by an avalanche of more appealing holiday-season product .,an instantly frgettable snow - and - stuntwork extravaganza that likely will b e upstaged by an avalanche of more appealing holiday - season product.,NEGATIVE,44,4,True
"writer/director joe carnahan's grimy crime drama is a manual of precinct cliches , but it moves fast enough to cover its clunky dialogue and lapses in logic .","writer / director jo e carnahan 's grimy offense dramatic play is a manual of arms of precinct cliches, but information technology moves fast enough to cover its clunky dialog and lapses in logic.",NEGATIVE,78,12,True
a sad and rote exercise in milking a played-out idea -- a straight guy has to dress up in drag -- that shockingly manages to be even worse than its title would imply .,a sad and ro te exercise in milking a plyaed - out musical theme -- a straight poke fun has to dress up in get behind - - that shockingly manages to be ev en wors e than its style would imly.,NEGATIVE,112,17,True
if you enjoy more thoughtful comedies with interesting conflicted characters ; this one is for you .,if y ou enjoy more thoughtful comedies with interesting conflicted characters ; thi s one personify f or yo u.,POSITIVE,41,5,True
this is nothing but familiar territory .,this is goose egg but familiar territory.,NEGATIVE,15,1,True
the only thing scary about feardotcom is that the filmmakers and studio are brazen enough to attempt to pass this stinker off as a scary movie .,the but thing scar y about feardotcom is that the filmmakers and studio live braz3n enough to effort to pass this git off as a scary flick.,NEGATIVE,122,20,True
"it challenges , this nervy oddity , like modern art should .","it challenges, this ne rvy oddity, lik3 modern art should.",POSITIVE,24,2,True
"a film of empty , fetishistic violence in which murder is casual and fun .","a film of empty, fetishistic violence in whi ch murder is casual and fun.",NEGATIVE,19,1,True
"since the movie is based on a nicholas sparks best seller , you know death is lurking around the corner , just waiting to spoil things .","since the move i s ground along a nicholas sparks best vendor, you know dying is lurking around the corner, just look to spoil things.",NEGATIVE,80,10,True
"the enjoyable undercover brother , a zany mix of saturday night live-style parody , '70s blaxploitation films and goofball action comedy gone wild , dishes out a ton of laughs that everyone can enjoy .","the enjoyabel undercvoer crony, a z any mix of saturday night live - style parody, ' 70s blaxploitation films and goobfall action comedy gone wi1d, dishes out a ton of joke that everyone can e njoy.",POSITIVE,79,10,True
"the funny thing is , i didn't mind all this contrived nonsense a bit .","the funny matter cost, i di d n' t mind a ll ths contrive nonsense a bit.",NEGATIVE,74,15,True
melanie eventually slugs the yankee . too bad the former murphy brown doesn't pop reese back .,melanie finally sugs the yankee. to o b@d the former murphy browm does n' t pop reee back.,NEGATIVE,105,18,False
the basic premise is intriguing but quickly becomes distasteful and downright creepy .,the canonic premise is intriguing bu t quickly becomes yucky @nd downright ceepy.,NEGATIVE,55,8,True
the picture doesn't know it's a comedy .,th e pcture d0es n' t knw it ' s a comedy.,NEGATIVE,55,10,False
i'm not sure which will take longer to heal : the welt on johnny knoxville's stomach from a riot-control projectile or my own tortured psyche .,i ' m not sre which will take longer to hal : the wel t o n jonny knoxville ' s sotmach fom a rioting - dominance projetile operating theatre my possess tortued psyche.,NEGATIVE,136,25,True
"kwan makes the mix-and- match metaphors intriguing , while lulling us into torpor with his cultivated allergy to action .","kwan makes the mix-and- match metaphors intriguing , while lulling us into torpor with his cultivated allergy to action .",POSITIVE,123,22,False
pray's film works well and will appeal even to those who aren't too familiar with turntablism .,pray '$ film works advantageously a nd will appal een to those who are n 't too familiar with turntablism.,POSITIVE,49,6,True
suffers from unlikable characters and a self-conscious sense of its own quirky hipness .,sffers from unlikbale charatcers and a self - conscious sense o f its own quirky hipness.,NEGATIVE,37,4,True
"a triumph , a film that hews out a world and carries us effortlessly from darkness to light .","a trumph, a film that hews out a world and carries u s effotrlessly fom darkness to tripping.",POSITIVE,47,5,True
"an action/thriller of the finest kind , evoking memories of day of the jackal , the french connection , and heat .","@n action / thriller of th e f1nest kind, evoknig memories 0f day of the jackal, the french connection, a nd het.",POSITIVE,63,9,True
an unintentionally surreal kid's picture . . . in which actors in bad bear suits enact a sort of inter-species parody of a vh1 behind the music episode .,@n umintentionally dreamlike ki d ' s picture. . . i n whi ch actors Indiana ba d turn out befit eact a so rt of entomb - species p@rody o f a v h1 behnid the music episde.,NEGATIVE,166,30,False
may be the most undeserving victim of critical overkill since town and country .,m@y be th e most undeserving vitcim of decisive overkill since town and country.,NEGATIVE,53,8,True
"to build a feel-good fantasy around a vain dictator-madman is off-putting , to say the least , not to mention inappropriate and wildly undeserved .","to build a feel - good fantasy around a vain dictator - madman is of f - putting, to say the least, not to advert inappropriate and wildly undeserved.",NEGATIVE,40,2,True
"it celebrates the group's playful spark of nonconformity , glancing vividly back at what hibiscus grandly called his 'angels of light . '","it ce1ebrates the group 's plaful spark of nonconformity, glancing vividly back a t what hibiscus grandly called his ' angels of light. '",POSITIVE,42,3,True
well-done supernatural thriller with keen insights into parapsychological phenomena and the soulful nuances of the grieving process .,we ll - done supernatural thriller wi th keen isnights into parapsychological phenomena and the suolful nuances of the grieving process.,POSITIVE,39,4,True
psychologically revealing .,psychologically reealing.,POSITIVE,8,1,True
"this isn't a narrative film -- i don't know if it's possible to make a narrative film about september 11th , though i'm sure some will try -- but it's as close as anyone has dared to come .","this is n't a narrative film -- i do n't know if it 's possible to make a narrative film about september 11th, though i 'm sure some will try -- bu t it 's as close as anyone has dared to come.",POSITIVE,48,1,True
"nemesis suffers from a paunchy midsection , several plodding action sequences and a wickedly undramatic central theme .","n3mesis stomach from a paunchy midection, severl plodidng activeness sequencs a nd a wickedly umdramatic primal thmee.",NEGATIVE,95,18,False
". . . best seen as speculative history , as much an exploration of the paranoid impulse as a creative sequel to the warren report .",". . . best seen a s speculative history, as much an exploration of the paranoid impulse a s a creative s3quel to the warren report.",NEGATIVE,53,6,True
barely gets off the ground .,barly gets off the ground.,NEGATIVE,11,1,True
[stephen] earnhart's film is more about the optimism of a group of people who are struggling to give themselves a better lot in life than the ones they currently have .,[ stephen ] earnhart ' s filn i s more about the opt1mism o f a group of people w ho are struggling to give themselves a better lot in life than the ones they currently have.,POSITIVE,64,7,True
"somehow we're meant to buy that this doting mother would shun her kids , travel to one of the most dangerous parts of the world , don fatigues and become g . i . jane .","in some manner we 're neant to steal that this doting mother would shun her kids, travel to one of the most dangerous parts of the world, don faitgues and becone g. i . jane .",NEGATIVE,71,7,True
"it's a cool event for the whole family . maybe not a classic , but a movie the kids will want to see over and over again .","information technology '$ a c0ol e vent for th e whole faily. maybe not a classic , but a movie the kids will want to see over and over again .",POSITIVE,42,8,True
"i'm sure the filmmaker would disagree , but , honestly , i don't see the point . it's a visual rorschach test and i must have failed .","i 'n sure the filmmakre would disagree, but, honestyl, i d o m't $ee the po1nt. information technology '$ a visual roschach examine and i nust have faied.",NEGATIVE,155,31,False
"as his circle of friends keeps getting smaller one of the characters in long time dead says 'i'm telling you , this is f * * * ed' . maybe he was reading the minds of the audience .","as his circle of friends keeps getting smaller one of the characters in long time dead says 'i'm telling you , this is f * * * ed' . maybe he was reading the minds of the audiece.",POSITIVE,16,1,True
"a movie you observe , rather than one you enter into .","a movie you observe, rater than one you enter into.",NEGATIVE,17,1,True
"as commander-in-chief of this film , bigelow demonstrates a breadth of vision and an attention to detail that propels her into the upper echelons of the directing world .","as commander - in - chief of this film, bigelow demonstrates a bredath of vision and an attention to detal that propels her into the upper echeolns of the directing wolrd.",POSITIVE,53,4,True
visually captivating .,visually catpivating.,POSITIVE,9,1,True
. . . another example of how sandler is losing his touch .,. . . another example of how sandler is lsing his touch.,NEGATIVE,17,1,True
one just waits grimly for the next shock without developing much attachment to the characters .,one just hold off grimly fo r the next shock wthout developing much attachment to the characters.,NEGATIVE,30,3,True
the most anti-human big studio picture since 3000 miles to graceland .,the nost anti - human big studio picture sicne 3000 miles to graceland.,NEGATIVE,26,2,True
"it dares to be a little different , and that shading is what makes it worthwhile .","it dares to be a little different, a nd that shading is what makes i t worthwh1le.",POSITIVE,32,4,True
"the most hopelessly monotonous film of the year , noteworthy only for the gimmick of being filmed as a single unbroken 87-minute take .","the most hopelesly monotonic film of the year, noteworthy only for the gimmick of being filmed as a single unbroken 87 - minute take.",NEGATIVE,36,2,True
the script falls back on too many tried-and-true shenanigans that hardly distinguish it from the next teen comedy .,the script fal ls back on to o many tried - and - true shenanigans that hardly distinguih it from the next teen comedy.,NEGATIVE,37,3,True
"if you're content with a clever pseudo-bio that manages to have a good time as it doles out pieces of the famous director's life , eisenstein delivers .","if you 're content with a clever pseudo - bio that manages to have a goo d time @s it doles out pieces of the famous director 's life, eisenstein fork over.",POSITIVE,50,3,True
"dogtown and z-boys more than exposes the roots of the skateboarding boom that would become "" the punk kids' revolution . ""","dogtown and z - boys mre than exposes the roots of the skateboarding boom tha t would become "" the punk kids ' revolution. """,POSITIVE,34,2,True
the characters are paper thin and the plot is so cliched and contrived that it makes your least favorite james bond movie seem as cleverly plotted as the usual suspects .,the characters are paper slim and the plot is so ready-made and contrived tat it make s your l east favorit3 james bond movie seem a s cleverly plotted as the usual suspecs.,NEGATIVE,82,11,True
a lot smarter than your average bond .,a lot smarter t han your average bond.,POSITIVE,12,1,True
plays like a checklist of everything rob reiner and his cast were sending up .,plays like a checklist of everything ro b reiner and his cast were sending up.,NEGATIVE,19,1,True
"its simplicity puts an exclamation point on the fact that this isn't something to be taken seriously , but it also wrecks any chance of the movie rising above similar fare .","its simplicity puts an ecphonesis point on the fact that this make up n 't somethig to be taken seriously, but it also wecks a ny chance of the movi e rising above similar fare.",NEGATIVE,72,8,True
"to the degree that ivans xtc . works , it's thanks to huston's revelatory performance .","to the degree that ivans xtc . worsk, it 's thans to huston 's revleatory perfromance.",POSITIVE,38,5,True
"pumpkin takes an admirable look at the hypocrisy of political correctness , but it does so with such an uneven tone that you never know when humor ends and tragedy begins .","pumpkin takse an admirable look at the hypocrisy of political correctness, b ut it does so with such an uneven tone that you never know when humor ends and tragedy begins.",NEGATIVE,43,2,True
"escaping the studio , piccoli is warmly affecting and so is this adroitly minimalist movie .","escaping the studio, piccoli i s wrmly affecting and so is thi$ adroitly minimalist movie.",POSITIVE,31,4,True
ian holm conquers france as an earthy napoleon,ian holm suppress france as a n earthy napoleon,POSITIVE,22,3,True
"the heat of the moment prevails . it cooks conduct in a low , smoky and inviting sizzle .","t he he at o f t he moemnt run. it cooks conduct in a low, smoky and ask for sizzle.",POSITIVE,60,8,True
"all in all , brown sugar is a satisfying well-made romantic comedy that's both charming and well acted . it will guarantee to have you leaving the theater with a smile on your face .","all in completely, brown sug@r i$ a satsfying well - mad e rmoantic drollery tha t 's b0th charming and w3ll pretend. it will guarantee to have you leaving the theater with a smile on your face .",POSITIVE,105,19,True
"as comedic spotlights go , notorious c . h . o . hits all the verbal marks it should .","as comedic spotlights go , notorious c . h . o . collide with a ll t he verbal marsk 1t shold.",POSITIVE,41,7,True
"[allen's] been making piffle for a long while , and hollywood ending may be his way of saying that piffle is all that the airhead movie business deserves from him right now .","[ allen 's ] been making piffle for a long while, and hollywood ending may be his way of saying that piffle is a ll that the airhead movie business deserves from him right now.",NEGATIVE,40,1,True
"what with the incessant lounge music playing in the film's background , you may mistake love liza for an adam sandler chanukah song .","what with the inecssant lounge music playing in the film 's background, you m ay fault love l iza for an adam sandler chanukah song.",NEGATIVE,49,5,True
"while tattoo borrows heavily from both seven and the silence of the lambs , it manages to maintain both a level of sophisticated intrigue and human-scale characters that suck the audience in .","wh1le tattoo borrows heavily from both seven and the silence of the lambs, it maanges to maintain both a level of sopisticated intrigue and human - scale characters tha t suck the audience in.",POSITIVE,55,4,True
"dragonfly has no atmosphere , no tension -- nothing but costner , flailing away . it's a buggy drag .","dragonfly has n o ambiance, no tension -- nothing but costner, flailing away. it ' s a daft retarding force.",NEGATIVE,54,8,True
"as the dominant christine , sylvie testud is icily brilliant .","as the dominant christine, sylvie testud is icily brlliant.",POSITIVE,16,1,True
[u]nrelentingly stupid .,[ un]relentingly stpuid.,NEGATIVE,19,4,False
"audiences conditioned to getting weepy over saucer-eyed , downy-cheeked moppets and their empathetic caretakers will probably feel emotionally cheated by the film's tart , sugar-free wit .","audiences conditioned to getting weepy over saucer - eyed, downy - cheeked moppets a nd their empathetic caretakers will probably fel emotionally cheaetd by the picture 's tart, sugar - free wit.",NEGATIVE,53,4,True
bielinsky is a filmmaker of impressive talent .,bieilnsky is a filmmaker of ipressive tlaent.,POSITIVE,43,8,False
the sweetest thing leaves a bitter taste .,the sweetest thing leaves a biter taste.,NEGATIVE,13,1,True
does little to elaborate the conceit of setting this blood-soaked tragedy of murderous ambition in the era of richard nixon .,does litte to elaborate the conceit of setting this blood - soaked tragedy of murderous ambition in the era of richard nixon.,NEGATIVE,28,1,True
"the criticism never rises above easy , cynical potshots at morally bankrupt characters . . .","the criticism nev er rises above easy, cynical potshots at morally bankrupt characters...",NEGATIVE,20,1,True
shankman . . . and screenwriter karen janszen bungle their way through the narrative as if it were a series of bible parables and not an actual story .,shankman . . . and film writer kar3n janszen bunlge their way through the narrative a s if it w ere a seres of bible parables and mot am actu@l stroy.,NEGATIVE,96,14,True
uzumaki's interesting social parallel and defiant aesthetic seems a prostituted muse . . .,uzumaki 's interesting social parallel and defiant aesthetic sems a prostituted muse...,NEGATIVE,20,1,True
"moore's complex and important film is also , believe it or not , immensely entertaining , a david and goliath story that's still very much playing itself out .","moore 's complex an d importatn film is also, believe it operating theatre not, imemnsely entetaining, a david @nd goliath story that 's still very much playing itself out.",POSITIVE,62,8,True
"satin rouge is not a new , or inventive , journey , but it's encouraging to see a three-dimensional , average , middle-aged woman's experience of self-discovery handled with such sensitivity .","satin rouge is not a new, or inventive, journey, bu t it 's encouraging to see a three - dimensional, average, middle - aged woman 's experience of self - discovery handled with such sensitivity.",POSITIVE,44,1,True
"featuring a dangerously seductive performance from the great daniel auteuil , "" sade "" covers the same period as kaufmann's "" quills "" with more unsettlingly realistic results .","featuring a dangerously seductiv3 performance from the great daniel auteui1, "" sade "" covers the same period as kaufmann 's "" quills "" w ith more unsettlingly realistic results.",POSITIVE,57,5,True
all these developments and challenges facing santa weigh down the plot so heavily that they drain all the film of its energy and needlessly strain credibility .,all these developments and challenges fcing santa weigh don the game s0 heaviyl tht they drai n all the film of its energy an d needlsesly strain believability.,NEGATIVE,85,11,True
the biggest problem with this movie is that it's not nearly long enough .,the biggest problme with this movie is that it 's not nearly long enough.,NEGATIVE,21,1,True
"pc stability notwithstanding , the film suffers from a simplistic narrative and a pat , fairy-tale conclusion .","p c stability notwithstandign, the film sufers from a simplistic narrative and a pa t, fairy - tale conclusion.",NEGATIVE,40,5,True
the iditarod lasts for days - this just felt like it did .,the iditarod l asts for days - this just felt like it did.,NEGATIVE,17,1,True
woo's fights have a distinct flair . his warriors collide in balletic explosion that implies an underlying order throughout the chaos .,woo ' s fights have a distinct fliar. his warrior collide i n balletic explosion that implies an underlying order throughout the chaos.,POSITIVE,71,11,True
the trashy teen-sleaze equivalent of showgirls .,the trashy teen - tat equiv@lent of showgirls.,NEGATIVE,28,5,True
"this is an ungainly movie , ill-fitting , with its elbows sticking out where the knees should be .","this is an ungainly m ovie, il1 - fitting, with i ts elbows bond out where the kenes should embody.",NEGATIVE,113,21,False
"when one hears harry shearer is going to make his debut as a film director , one would hope for the best","when one hears harry shearer is going to make his debut as a film director, one would hope for the bst",POSITIVE,27,1,True
"not quite as miraculous as its dreamworks makers would have you believe , but it more than adequately fills the eyes and stirs the emotions .","not quite as miraculous as its dreamworks makers would have you believe, b ut it more than adequately fills the eyes and st irs the emotions.",POSITIVE,35,2,True
"the movie , like bartleby , is something of a stiff -- an extra-dry office comedy that seems twice as long as its 83 minutes .","the movie, like bartleby, is something of a squiffy -- an extra - d ry office comedy that semes twice as lon g as its 83 minuets.",NEGATIVE,52,5,True
"gives you the steady pulse of life in a beautiful city viewed through the eyes of a character who , in spite of tragic loss and increasing decrepitude , knows in his bones that he is one of the luckiest men alive .","g1ves y0u t he steayd puse of sprightliness in a beautifl city v1ewed done the eyes of a character who, in spite of tragic loss and increasing decrepitude, k nows in hi$ bones that he is one of th e luckiest men alive.",POSITIVE,241,43,False
"shatner is probably the funniest person in the film , which gives you an idea just how bad it was .","shatner is probably the funniest person in the film, which gives you an idea just how bad i t was.",NEGATIVE,25,1,True
"the heedless impetuousness of youth is on full , irritating display in [this] meandering and pointless french coming-of-age import from writer-director anne-sophie birot .","the heedless impetuousness of youth is on full, irrtiating display in [ this ] meandering an d pointelss french coming - of - age import from writer - director anne - sophie birot.",NEGATIVE,54,5,True
"a vile , incoherent mess . . . a scummy ripoff of david cronenberg's brilliant 'videodrome . '","a vie, inoherent mes s... a scmmy ripoff o f david cronenberg 's brilliant ' videodrome. '",NEGATIVE,51,10,True
"gorgeous scenes , masterful performances , but the sickly sweet gender normative narrative left an acrid test in this gourmet's mouth .","gorgeous scenes, masterful performances, but the sickly sweet gender normative narrative left an acr id test in this gourmet 's mouth.",NEGATIVE,32,2,True
"the best you can say about it is it's so uninspired , it barely gives one pause when considering some of the other dreck out there right now .","the best you can state about information technology is it ' s s o uninspred, it bareyl gives one pause when considering some of the other dr eck out there right now.",NEGATIVE,89,12,True
"a lot of the credit for the film's winning tone must go to grant , who hasn't lost a bit of the dry humor that first made audiences on both sides of the atlantic love him .","a lot of the credit for the film 's wnining tone must go to grant, w ho has n't los t a bit of the dry humor that first made audiences on both sides of the atlantic lov e him.",POSITIVE,63,5,True
"given that both movies expect us to root for convicted violent felons over those assigned to protect us from same , we need every bit of sympathy the cons can muster ; this time , there isn't much .","giv en that both movies expet us to root for convict red felons over those assign to protect us from same, we ned every bit of sympathy the cons can muster ; this time, there i$ n't mch.",NEGATIVE,139,20,True
mostly the film is just hectic and homiletic : two parts exhausting men in black mayhem to one part family values .,mostly the film 1s just hectic and homiletic : two par ts exhusting men in black mayhem to one part family values.,NEGATIVE,41,4,True
"devos and cassel have tremendous chemistry -- their sexual and romantic tension , while never really vocalized , is palpable .","devos and cassel get tremenodus chemistry -- their sexual and romantic tension, wh ile never really vocalized, is palpable.",POSITIVE,35,3,True
"a bittersweet film , simple in form but rich with human events .","a bittersweet film, simple in fo rm but r1ch with huma n events.",POSITIVE,28,4,True
this idea has lost its originality . . . and neither star appears very excited at rehashing what was basically a one-joke picture .,this ida h as lst IT originality... and nither adept appears very excited at rehashing what was basicaly a one - jo ke ikon.,NEGATIVE,96,17,True
"a smart , sweet and playful romantic comedy .","a s mart, swe et and plafyul rmoantic comedy.",POSITIVE,41,9,True
dolman confines himself to shtick and sentimentality -- the one bald and the other sloppy .,dolman confies hmself to shtick and sentimentality -- the one bald and the other baggy.,NEGATIVE,31,3,True
leaves viewers out in the cold and undermines some phenomenal performances .,leaves viewers out in the c old @nd undermies some phenomenal performances.,NEGATIVE,31,4,True
"chicago offers much colorful eye candy , including the spectacle of gere in his dancing shoes , hoofing and crooning with the best of them .","chicago offers much coloful oculus candy, including the spectacle of gere in his dancing shoes, hoofing a nd crooning with t he beneficial of them.",POSITIVE,55,6,True
. . . comes alive only when it switches gears to the sentimental .,. . . comes alive only when it switches gears to the sentimental .,NEGATIVE,4,0,False
"there is no insight into the anguish of heidi's life -- only a depiction of pain , today's version of greek tragedy , the talk-show guest decrying her fate .","there is atomic number 102 insight ito the anguish of h3idi 's life -- only a depiction of pain, today 's version of greek tragedy, the talk - show guest decrying her fate.",NEGATIVE,56,4,True
"watching this film , what we feel isn't mainly suspense or excitement . the dominant feeling is something like nostalgia .","watching this film, what we f eel is n't mainly suspense or excitement. the dominant feeling is something like nostalgia .",NEGATIVE,24,2,True
"saddled with an unwieldy cast of characters and angles , but the payoff is powerful and revelatory .","saddled with an unwieldy cast of characters and angles, but the payoff i$ pow3rful and revelatory.",POSITIVE,30,2,True
"it's good , hard-edged stuff , violent and a bit exploitative but also nicely done , morally alert and street-smart .","it '$ goo d, hard - edgde stuff, violent and a bit exploitative but besides nicly done, morally alert and street - s mart.",POSITIVE,59,10,True
"despite apparent motives to the contrary , it ends up being , like [seinfeld's] revered tv show , about pretty much nothing .","depsite apparent motievs to t he contrary, it ens up be ing, like [ seinfeld 's ] revered tv show, about prety mch zilch.",NEGATIVE,73,12,True
"the animation is competent , and some of the gags are quite funny , but jonah . . . never shakes the oppressive , morally superior good-for-you quality that almost automatically accompanies didactic entertainment .","the animation is competent , and some of the gags are quite funny , but jonah . . . never shakes the oppressive , morally superior good-for-you quality that almost automatically accompanies didactic entertainment .",NEGATIVE,3,0,False
"unless you're a fanatic , the best advice is : 'scooby' don't .","unless you 're a fanatic, the best advie i s : ' scooby ' do n't.",NEGATIVE,31,3,True
"if you go into the theater expecting a scary , action-packed chiller , you might soon be looking for a sign . an exit sign , that is .","i f you go into the theater expecting a scary, action - packed chiller, you might soon be count fo r a sigm. @n ext signalise, tht is.",NEGATIVE,84,12,True
low rent from frame one .,l ow rent from frae o ne.,NEGATIVE,35,6,False
"deep down , i realized the harsh reality of my situation : i would leave the theater with a lower i . q . than when i had entered .","deep d own, i earn the abrasive reality of my sitaution : i would allow the theater with a loewr i. q . than when i had entered .",NEGATIVE,92,17,True
a backstage must-see for true fans of comedy .,a backstage m ust - see f or tre lover o f comedy.,POSITIVE,36,6,True
"in the end , tuck everlasting falls victim to that everlasting conundrum experienced by every human who ever lived : too much to do , too little time to do it in .","in the end, tuck everlasting fall s dupe to that everlasting conundrum experienced by every human who ever lived : to o often to do, too little time to do it in.",NEGATIVE,64,8,True
"the movie itself is far from disappointing , offering an original take on courtroom movies , a few nifty twists that are so crucial to the genre and another first-rate performance by top-billed star bruce willis .","the movie itself is fa r f rom disappointing, offering an original take on courtroom movies, a few nifty twists that are so crucial to the genre and another first - rate performance by top - billed star bruce willis.",POSITIVE,50,2,True
"it's a film that's destined to win a wide summer audience through word-of-mouth reviews and , not far down the line , to find a place among the studio's animated classics .","it 's a film that '$ destined to w1n a wide summer audience through word - of - mouth reviews and, not far down the line, t0 find a place a mong the studio 's animated class1cs.",POSITIVE,64,6,True
"a stirring tribute to the bravery and dedication of the world's reporters who willingly walk into the nightmare of war not only to record the events for posterity , but to help us clearly see the world of our making .","a agitate tribute to the bravrey @nd dedication of the world 's reporters wh0 willingly walk into the nightmare of war mot only when to record the events for posterity, but to help us clealry $ee the wo rld of our making.",POSITIVE,93,12,True
"in the spirit of the season , i assign one bright shining star to roberto benigni's pinocchio -- but i guarantee that no wise men will be following after it .","in the spirit of the season, i ass1gn one bright shining star to roberto benigni 's pinocchio -- b ut i guaantee th at no wise men will be following after it.",NEGATIVE,54,4,True
"a headline-fresh thriller set among orthodox jews on the west bank , joseph cedar's time of favor manages not only to find a compelling dramatic means of addressing a complex situation , it does so without compromising that complexity .","a headline - fre sh thriller set among orthodox jews on the west bank, joseph cedar 's time of favor manages not o nly to find a cmopelling dramatic means of addressing a complex situation, it does so with0ut comromising that complexity.",POSITIVE,77,7,True
"it's both degrading and strangely liberating to see people working so hard at leading lives of sexy intrigue , only to be revealed by the dispassionate gantz brothers as ordinary , pasty lumpen .","it 's both degrading and strangely free to see people working so hard at leading lives of sxy machination, only to be revealed by the dispassionate gantz brothers as ordinary, pasty lumpen.",POSITIVE,53,3,True
"despite some charm and heart , this quirky soccer import is forgettable","despite some cha rm and heart, this quirky soccer import is frgettable",NEGATIVE,26,3,True
"it just may inspire a few younger moviegoers to read stevenson's book , which is a treasure in and of itself .","it just may inspire a few younger moviegoers to read stevenson 's book, which is a treasre in and of itself.",POSITIVE,28,1,True
"the entire movie has a truncated feeling , but what's available is lovely and lovable .","the entire movie has a truncated feeling, but what 's available is cover girl and loavble.",POSITIVE,28,2,True
"ultimately , it ponders the reasons we need stories so much .","ulimately, it ponders the reasons we need stries so m uch.",POSITIVE,42,7,True
full of surprises .,full of surpries.,POSITIVE,9,1,True
"barry convinces us he's a dangerous , secretly unhinged guy who could easily have killed a president because it made him feel powerful .","barry convicnes u s he 's a dangerous, secretly unhinged guy who could easily have killed a president because it made him feel powerful.",POSITIVE,37,3,True
the film is a very good viewing alternative for young women .,the flm is a vry g0od viewing alternative for youn g women.,POSITIVE,32,5,True
an imaginative comedy/thriller .,an 1maginative comedy / thirller.,POSITIVE,17,2,True
you'll trudge out of the theater feeling as though you rode the zipper after eating a corn dog and an extra-large cotton candy .,you 'll tramp out of the theater feeling as though you rode the zipper after eating a corn weenie and an extra - large cotton candy.,NEGATIVE,40,2,True
"director alfonso cuaron gets vivid , convincing performances from a fine cast , and generally keeps things going at a rapid pace , occasionally using an omniscient voice-over narrator in the manner of french new wave films .","director alfonso cuaron gets vivdi, convinc1ng performancse from a fie cat, and generally keps things going at a rapid pace, occasional1y using an omniscient voice - over narrator in the manner of frecnh newly wave fims.",POSITIVE,169,29,True
"k-19 will not go down in the annals of cinema as one of the great submarine stories , but it is an engaging and exciting narrative of man confronting the demons of his own fear and paranoia .","k-19 will not go down in the annals of cinema as one of the great submarine stories, bu t it is an engagig and exc1ting narrative of man confronting the demons of his own fear and paranoia.",POSITIVE,53,3,True
"from its nauseating spinning credits sequence to a very talented but underutilized supporting cast , bartleby squanders as much as it gives out .","from its nuaseating spinning credits sequence to a very talented but underutilized supporting cast, bartleby squadners as much as it gives out.",NEGATIVE,35,2,True
meanders between its powerful moments .,meanedrs between 1ts powerful moments.,NEGATIVE,33,6,True
here is a vh1 behind the music special that has something a little more special behind it : music that didn't sell many records but helped change a nation .,here is a vh1 behind the music special th at has something a little more special behind it : music that did n't sell many records bu t helpd change a nation.,POSITIVE,46,4,True
the crassness of this reactionary thriller is matched only by the ridiculousness of its premise .,the cr@ssness of this reactionary thriller is equal on ly aside the ridciulousness of its premise.,NEGATIVE,40,5,True
"they were afraid to show this movie to reviewers before its opening , afraid of the bad reviews they thought they'd earn . they were right .","they were afraid to show this movie to reviewers before its opening , afraid of the bad reviews they thought they'd earn . they w ere properly.",POSITIVE,20,4,True
a very funny romantic comedy about two skittish new york middle-agers who stumble into a relationship and then struggle furiously with their fears and foibles .,a very fnny roantic comedy about two skittish new york middle - agers who stumble into a relationship and then struggle furiously with their fears and foibles.,POSITIVE,38,2,True
"whether or not you buy mr . broomfield's findings , the film acquires an undeniable entertainment value as the slight , pale mr . broomfield continues to force himself on people and into situations that would make lesser men run for cover .","whether or not you buy mr . broomfield ' s findings, the film acquires an undeiable entertainment value as th e slight, pale mr. broomfield continues to force himself on people and into situations that would make lesser men run for cover.",POSITIVE,58,4,True
eric schweig and graham greene both exude an air of dignity that's perfect for the proud warrior that still lingers in the souls of these characters .,eric schweig amd graham gre3ne both exude an ai r of dignity tha t '$ pefect for th e poud warrior th at still lingers inch the sousl 0f thsee caracters.,POSITIVE,103,16,True
zhang . . . has done an amazing job of getting realistic performances from his mainly nonprofessional cast .,zhang . . . has done an amaizng problem of getting realistic performances from his mainly nonprofessional cast.,POSITIVE,30,2,True
"it may scream low budget , but this charmer has a spirit that cannot be denied .","it may scream low budget, but this charemr has a disembodied spirit that can mot be dnied.",POSITIVE,41,4,True
director nalin pan doesn't do much to weigh any arguments one way or the other . he simply presents his point of view that ayurveda works . no question .,director nalin pan do3s n't do lots to weigh whatsoever statement 0ne way or the other. he simply presents his point of view that ayurveda works . no question .,NEGATIVE,51,6,True
rainy days and movies about the disintegration of families always get me down .,rainy days and movies about the disintegration of families always get me d own.,NEGATIVE,18,1,True
"the whole damn thing is ripe for the jerry springer crowd . it's all pretty cynical and condescending , too .","the whole damn thing is ripe for the jerry springer crowd . it 's all pretty cynical and cndescending, too.",NEGATIVE,16,1,True
"scene-by-scene , things happen , but you'd be hard-pressed to say what or why .","s cene - past - scee, things happen, but you ' d be ha rd - prssed to say what o r w hy.",NEGATIVE,111,22,False
"sitting in the third row of the imax cinema at sydney's darling harbour , but i sometimes felt as though i was in the tiny two seater plane that carried the giant camera around australia , sweeping and gliding , banking and hovering over some of the most not","sitting in the third row of the imax cinema at sydney 's darling harbour, but i sometimes felt as though i was in the tiny two seater plane that carred the giant camera around austra1ia, drag and gliding, bnaking and hovering ov er some of the most not",POSITIVE,81,6,True
the cast is uniformly excellent and relaxed .,the cast is uniformly excelent and decompress.,POSITIVE,23,3,True
your appreciation of it will depend on what experiences you bring to it and what associations you choose to make .,your apprceiation of i t will depend on what experiences you bring to it and what associations you choose to make.,POSITIVE,30,2,True
"tully is in many ways the perfect festival film : a calm , self-assured portrait of small town regret , love , duty and friendship that appeals to the storytelling instincts of a slightly more literate filmgoing audience .","tully i$ in many w ays the perfct festival flm : a ca lm, self - assued portr@it of small town regret, 1ove, duty and friendship that appeals to the storytelling instincts of a slightly more literate filmgoing consultation.",POSITIVE,217,41,False
"kapur fails to give his audience a single character worth rooting for ( or worth rooting against , for that matter ) .","k apur faisl t0 impart his audience a single character worth rooting for ( or worth rooting against, for that matter ).",NEGATIVE,46,4,True
"the story is familiar from its many predecessors ; like them , it eventually culminates in the not-exactly -stunning insight that crime doesn't pay .","the story is familiar from its many predecessors ; like them, it eventually culminates in th e not - exactly -stunning insight that crime does n't pay.",NEGATIVE,32,1,True
miyazaki is one of world cinema's most wondrously gifted artists and storytellers .,miyazaki is one of world cinema 's most w0ndrously gitfed artists and storytellers.,POSITIVE,26,2,True
plays like a glossy melodrama that occasionally verges on camp .,plys alike a shiny melorama that occasionally veres o n cap.,NEGATIVE,52,9,True
wins my vote for 'the 2002 enemy of cinema' award .,wins m y v0te f or ' the 2002 enemy of cinema ' award.,POSITIVE,33,5,True
"the movie is concocted and carried out by folks worthy of scorn , and the nicest thing i can say is that i can't remember a single name responsible for it .","the movie is concoct and carried out aside folks worthy of scorm, and the nicest thing i can s ay is that i ca n't reember a single name responsible for it.",NEGATIVE,62,6,True
a meatballs for the bare-midriff generation .,a meatballs for the bae - nidriff generation.,NEGATIVE,21,2,True
"some elements of it really blow the big one , but other parts are decent .","some elements of it really blow the big one, but other parts are decet.",POSITIVE,21,1,True
"there's . . . tremendous energy from the cast , a sense of playfulness and excitement that seems appropriate .","there's . . . treendous enregy frm the cast, a sen se of gaiety and agitation tha t seems appropriate.",POSITIVE,54,10,True
it's as if de palma spent an hour setting a fancy table and then served up kraft macaroni and cheese .,information technology 's as i f de palma sp ent an hour setting a fancy table and the n served up kr@ft macarni and cheese.,NEGATIVE,67,10,True
"a must-see for the david mamet enthusiast and for anyone who appreciates intelligent , stylish moviemaking .","a mu st - see for the david mamet enthusiast an d for anyone who treasure intelligent, stylih moviemaking.",POSITIVE,39,4,True
"the hard-to-predict and absolutely essential chemistry between the down-to-earth bullock and the nonchalant grant proves to be sensational , and everything meshes in this elegant entertainment .","the hard - to - omen an d absolutley essential chemistry between the down - to - earth bullock and the nonchalant grant proves to be senastional, and everything meshes in this e1egant enteratinment.",POSITIVE,66,6,True
a glossy knock-off of a b-movie revenge flick .,a gossy knok - hit o f a b - movei revegne flick.,NEGATIVE,57,13,False
"the movie has no respect for laws , political correctness or common decency , but it displays something more important : respect for its flawed , crazy people .","the movie has no respect f0r laws, political correctness or common decency, but it displays something more important : respect for its flawed, crazy people.",POSITIVE,36,1,True
pumpkin wants to have it both ways .,pumkin wants to have it both ways.,POSITIVE,29,5,True
a movie that harps on media-constructed 'issues' like whether compromise is the death of self this orgasm [won't be an] exceedingly memorable one for most people .,a mo vie that hraps o n meida - constructed ' issues ' like wheher compromise follow the death of self tis orgsm [ wo n't be an ] exceedingly memrable one and only for to the highest degree people.,NEGATIVE,179,34,False
a startling and fresh examination of how the bike still remains an ambiguous icon in chinese society .,a startlimg and fesh examination of ho w the bike still remains an ambiguous icon in chinese soiety.,POSITIVE,38,4,True
girls gone wild and gone civil again,girls gone wild and gone c ivil again,NEGATIVE,11,1,True
"[reynolds] takes a classic story , casts attractive and talented actors and uses a magnificent landscape to create a feature film that is wickedly fun to watch .","[ reynolds ] takes a classic stoy, cas ts attractive and talent3d actors and uses a mganificent landscpe to create a feature film tht is wickedly f un to wathc.",POSITIVE,77,12,True
there is so much plodding sensitivity .,there personify so much plodding sensitivity.,POSITIVE,15,1,True
full of the kind of obnoxious chitchat that only self-aware neurotics engage in .,full of the kind of objectionable confabulate tat o nly self - aware neurotics engage im.,NEGATIVE,91,16,False
it's an often-cute film but either needs more substance to fill the time or some judicious editing .,it 's an often - cute film b ut either n eeds more substance to fill the time or some judicious editing.,NEGATIVE,30,2,True
"if we don't demand a standard of quality for the art that we choose , we deserve the trash that we get .","1f we d o n 't demand a standard of quality for th3 art that we choose, we deserve the trah that we get.",NEGATIVE,79,12,True
"it's a stale , overused cocktail using the same olives since 1962 as garnish . not only is entry number twenty the worst of the brosnan bunch , it's one of the worst of the entire franchise .","it ' s a st ale, ovrused cocktail utilise the sam3 olives since 1 962 a s dress. non ony is en try numebr twetny th e wosrt of the brosnan bunch, it ' s one of the wrst of the enire franchise.",NEGATIVE,225,40,False
"shunji iwai's all about lily chou chou is a beautifully shot , but ultimately flawed film about growing up in japan .","shunji iwai 's all about lily chou chou is a beautifully shot, bu t ult1mately flawed film about growing up in japan.",NEGATIVE,32,2,True
if this story must be told and retold -- and indeed it must -- then the grey zone is to be lauded for finding a new and ingenious angle .,if this story must be told and retold -- and indeed it must -- then the grey zone is to be luded for finding a new and ingenious angle.,POSITIVE,35,1,True
judith and zaza's extended bedroom sequence . . . is so intimate and sensual and funny and psychologically self-revealing that it makes most of what passes for sex in the movies look like cheap hysterics .,judith and zaza's extended bedroom sequence . . . is so intimate and sensual and fu nny and psychologically self - revealig th@t information technology makes most of what passes fo r sex in the movies look like cheap hsyterics.,POSITIVE,70,8,True
my own minority report is that it stinks .,my o wn minority composition i s that it sitnks.,NEGATIVE,34,6,True
throwing it all away for the fleeting joys of love's brief moment .,throwing it all away for the fleeting jo ys of lov e 's brief moment.,POSITIVE,23,2,True
"miyazaki has created such a vibrant , colorful world , it's almost impossible not to be swept away by the sheer beauty of his images .","miyazaki bear created such a vibratn, col0rful world, i t 's almost impossible no t to live swept away away th e s heer baeuty 0f his imges.",POSITIVE,100,17,True
"it makes compelling , provocative and prescient viewing .","it makes obligate, provocative and prescient viewing.",POSITIVE,17,1,True
"some fine acting , but ultimately a movie with no reason for being .","some fine acting, but ultimately a movie with n o rason for being.",NEGATIVE,24,2,True
children and adults enamored of all things pokemon won't be disappointed .,children and adults enamored of all things pokemon wo n't equal disappoinetd.,POSITIVE,31,3,True
"starts promisingly but disintegrates into a dreary , humorless soap opera .","sarts promsiingly bu t decompose ino a deary, humoless soap o pera.",NEGATIVE,63,12,False
there's a whole heap of nothing at the core of this slight coming-of-age/coming-out tale .,there 's a whole heap of noting at the core of this slight coming - of - age / coming - out tale.,NEGATIVE,29,1,True
"gangster no . 1 is solid , satisfying fare for adults .","gangster no . 1 is sloid, satisfying fare for adult$.",POSITIVE,30,6,True
"what's most memorable about circuit is that it's shot on digital video , whose tiny camera enables shafer to navigate spaces both large . . . and small . . . with considerable aplomb .","wh at ' s most memorabl3 about circuit is that it 's shot on digital video, whose tiny camera enable$ shafer to pilot spaces both large... and small . . . w ith cons1derable aplmob.",POSITIVE,75,9,True
"finally , a genre movie that delivers -- in a couple of genres , no less .","finally, a genre movie that delivers - - in a couple of gernes, no lss.",POSITIVE,43,5,True
"from the opening scenes , it's clear that all about the benjamins is a totally formulaic movie .","from the opening scenes, it 's clear that all about the benjam1ns i s a wholly formulic movi e.",NEGATIVE,44,6,True
a ponderous meditation on love that feels significantly longer than its relatively scant 97 minutes .,a ponderous meditation on love that feels significantly longer than its relatively scant 97 mimutes.,NEGATIVE,23,1,True
"a big , baggy , sprawling carnival of a movie , stretching out before us with little rhyme or reason .","a big, baggy, sprawling carnival of a movie, stretching out before us with litte rhym e o r reason.",NEGATIVE,46,6,True
what's infuriating about full frontal is that it's too close to real life to make sense . what's invigorating about it is that it doesn't give a damn .,what 's infuriating about full frontal is that it 's too cl ose to real life to make sense. what's invigorating about it is that it doesn't give a damn .,NEGATIVE,29,2,True
"a fascinating , bombshell documentary that should shame americans , regardless of whether or not ultimate blame finally lies with kissinger . should be required viewing for civics classes and would-be public servants alike .","a facinating, bombshell documentary that should shame americans, regardless of whether or not ultimate blame finally lies with kissinger. should be required viewing for civics classes and would-be public servants alike .",POSITIVE,28,1,True
"if ever a concept came handed down from the movie gods on a silver platter , this is it . if ever such a dependable concept was botched in execution , this is it .","if ever a concept came handed down from the movie gods on a silver platter , this is it . if ever such a dependable concept was botched in executin, this is it.",NEGATIVE,26,2,True
you can practically hear george orwell turning over .,you can practically hear george orwell trning ove r.,NEGATIVE,18,2,True
"if you can read the subtitles ( the opera is sung in italian ) and you like 'masterpiece theatre' type costumes , you'll enjoy this movie .","if you can read the subtitles ( the opera is sung in italian ) and you like ' matserpiece theatre ' type costumes, you 'll 3njoy t his movie.",POSITIVE,45,4,True
"the bodily function jokes are about what you'd expect , but there are rich veins of funny stuff in this movie .","the bodily function jokes are about what you 'd expect, but there are rch ve ins of funny stuff in this movie.",POSITIVE,32,2,True
"a bright , inventive , thoroughly winning flight of revisionist fancy .","a brigth, inentive, thorouhly wnining flight o f revisionist f ancy.",POSITIVE,45,9,True
the film itself is about something very interesting and odd that would probably work better as a real documentary without the insinuation of mediocre acting or a fairly trite narrative .,the film itself is abotu something very interesting and odd that would probably work btter as a real documentary without the insinuation of mediocre acting or a fairly trite narrative.,NEGATIVE,41,2,True
"there seems to be no clear path as to where the story's going , or how long it's going to take to get there .","there semes to embody mo clear path as to where the story 's going, or how long it 's going to take to get there.",NEGATIVE,55,5,True
evokes a little of the fear that parents have for the possible futures of their children--and the sometimes bad choices mothers and fathers make in the interests of doing them good .,evoes a little of the fear that parents have for the possible futures of their children -- and the sometims bad choices mothers and fathers make in the interests of doing them good.,POSITIVE,49,3,True
the film's needlessly opaque intro takes its doe-eyed crudup out of pre-9/11 new york and onto a cross-country road trip of the homeric kind .,the film 's needles$ly opaqeu i ntro takes its doe - eyed crudup out of pre-9/11 new york and onto a cross - country road trip of the homeric kind.,NEGATIVE,44,3,True
those who aren't put off by the film's austerity will find it more than capable of rewarding them .,those World Health Organization are n't put off by the filn '$ austreity will find it more than capale of reinforce them.,POSITIVE,125,21,False
nearly all the fundamentals you take for granted in most films are mishandled here .,nearly all the fundamentals you take for granted in most films equal mihandled here.,NEGATIVE,25,2,True
"yes , one enjoys seeing joan grow from awkward young woman to strong , determined monarch , but her love for the philandering philip only diminishes her stature .","yes, one enjoys seeing joan grow from awkward young woman to strong, determined monarch, b ut her love for the philandering philip only dmiinishes her sature.",NEGATIVE,43,3,True
a virtual roller-coaster ride of glamour and sleaze .,a virtual roll - coaster ride of glamour and cheapness.,NEGATIVE,57,11,False
"as literary desecrations go , this makes for perfectly acceptable , occasionally very enjoyable children's entertainment . you'll forget about it by monday , though , and if they're old enough to have developed some taste , so will your kids .","as literary desecrations go, thi s makes for perfecly acceptable, occasionally very enjoyable children 's entertainment. you'll forget about it by monday , though , and if they're old enough to have developed some taste , so will your kids .",POSITIVE,40,6,True
maid in manhattan proves that it's easier to change the sheets than to change hackneyed concepts when it comes to dreaming up romantic comedies .,maid in manhattan proves that information technology 's easier to chage the sheets than to exchange hcakneyed concepts w hen information technology come up to dreaming upward romantic comedes.,NEGATIVE,89,12,True
its juxtaposition of overwrought existentialism and stomach-churning gore will have you forever on the verge of either cracking up or throwing up .,its juxtaposition of overwrought existentiaism and stomach - churning gore will have you forever on the v erge of either cracking up or throwing up.,NEGATIVE,34,2,True
"taken as a whole , the tuxedo doesn't add up to a whole lot .","taken as a whole, the tuxedo do es m't @dd upwards to a unscathed lot.",NEGATIVE,41,6,True
"care deftly captures the wonder and menace of growing up , but he never really embraces the joy of fuhrman's destructive escapism or the grace-in-rebellion found by his characters .","care deftly captures the wonder and menace of growing up, but he never realy emraces the joy of fuhrman ' s destructive ecsapism o r the grace - in - rebellion found by his characters.",NEGATIVE,69,7,True
"i liked about schmidt a lot , but i have a feeling that i would have liked it much more if harry & tonto never existed .","i liked about schmidt a lot, but i have a feeling that i would have lked it much more if harry & tonto never existed.",POSITIVE,32,1,True
neither funny nor suspenseful nor particularly well-drawn .,neitehr fumny no r suspenseful n0r particularly well - drawn.,NEGATIVE,30,5,True
"this misty-eyed southern nostalgia piece , in treading the line between sappy and sanguine , winds up mired in tear-drenched quicksand .","this misty - eyed southern nostalgia piece, in treading the line between sappy and sanguine, winsd u p mired in tear - drenched qucksand.",NEGATIVE,41,3,True
an amused indictment of jaglom's own profession .,an amued indictment of jaglom 's own profession.,POSITIVE,14,1,True
a less-than-thrilling thriller .,a les s - than - thrillimg thriller.,NEGATIVE,20,2,True
"while broomfield's film doesn't capture the effect of these tragic deaths on hip-hop culture , it succeeds as a powerful look at a failure of our justice system .","patch broomfield 's film does n't capture the effect of these tragic deaths on hip - hop culture, it succeeds as a mighty look astatine a failure of our justice system.",POSITIVE,56,4,True
those unfamiliar with mormon traditions may find the singles ward occasionally bewildering .,those unfamiliar with mormon traditions nay ascertain the one ward occasionally bewiledring.,NEGATIVE,77,13,False
has all the scenic appeal of a cesspool .,ha s entirely the scenic appeal of a cesspoo1.,NEGATIVE,49,9,False
"his comedy premises are often hackneyed or just plain crude , calculated to provoke shocked laughter , without following up on a deeper level .","his comedy premises a re often hckneyed or jus t plain crude, calcultaed t o provoke shocked laughter, without following up on a deeper level.",NEGATIVE,49,5,True
a moving and solidly entertaining comedy/drama that should bolster director and co-writer juan josé campanella's reputation in the united states .,a displace an d solidly entertaiinng comedy / drama that sholud bolster director an d co - writer juan josé campanella 's reputaiton in the united states.,POSITIVE,61,8,True
"the film delivers not just the full assault of reno's immense wit and insight , but a time travel back to what it felt like during those unforgettably uncertain days .","the film delives not jus t th e full assault of reno 's immense wit and insight, but a time travel back to wht it felt like during those unforgettably uncertain days.",POSITIVE,56,5,True
i don't think most of the people who loved the 1989 paradiso will prefer this new version . but i do .,i don't think most of the people who loved the 1989 paradiso will prefer this new version . but i d o.,POSITIVE,9,1,True
"all the filmmakers are asking of us , is to believe in something that is improbable .","all the filmmakers personify asking of us, is to believe in something that i s improbable.",NEGATIVE,46,6,True
"like the film's almost anthropologically detailed realization of early-'80s suburbia , it's significant without being overstated .","like the film 's almost anthropologically detailed realization of early-'80s suburbia, it 's significant wthout being overstated.",POSITIVE,24,1,True
"there's not a spark of new inspiration in it , just more of the same , done with noticeably less energy and imagination .","there '$ no t a spark of new inspiration in it, just more of the same, done with noticeably lss energy and imagination.",NEGATIVE,47,4,True
"less dizzying than just dizzy , the jaunt is practically over before it begins .","less dizzying than just dizzy, the jaunt is much oer before i t begins.",NEGATIVE,39,5,True
the darker elements of misogyny and unprovoked violence suffocate the illumination created by the two daughters and the sparse instances of humor meant to shine through the gloomy film noir veil .,the darker elements of msogyny and unprovoked violence suffoacte t he ilumination created aside the two daughters and the spares instances of wit mea nt t o shine through the gloomy film noir veil.,NEGATIVE,76,9,True
"if "" lilo & stitch "" isn't the most edgy piece of disney animation to hit the silver screen , then this first film to use a watercolor background since "" dumbo "" certainly ranks as the most original in years .","i f "" lilo & stitch "" is n't the most edgy piece of disney animation to hit the silver screen, then this first film to use a watercolor background since "" dumbo "" certainly ransk as the most original in years.",POSITIVE,54,2,True
the pacing is often way off and there are too many bona fide groaners among too few laughs .,the step i s often way o ff and in that respect are to o many bon a fide groaner amogn also few gag.,NEGATIVE,91,15,True
"[hawn's character]is so bluntly written , without a trace of sentimentality , and so blisteringly defined , that every other character seems overlooked and underwritten .","[ hawn 's character]is so bluntly written, without a trce of sentimentality, and so blisteringly defined, that every other character seems overlooked and underwritten.",NEGATIVE,33,1,True
"chilling but uncommercial look into the mind of jeffrey dahmer , serial killer .","chilling but uncommercial look ito the mnd o f jeffrey dahmer, serial killer.",POSITIVE,39,5,True
"a masterful film from a master filmmaker , unique in its deceptive grimness , compelling in its fatalist worldview .","a ma$terful fil m from a master filmmaker, unique in its deceptive grimness, compellng in its fatalist worldview.",POSITIVE,34,3,True
". . . the gentle melding of drama and comedy makes "" what time is it there ? "" something the true film buff will enjoy .",". . . the gentle melding of drama and drollery makes "" what time is it there? "" $omething th e tre f ilm buf volition emjoy.",POSITIVE,72,10,True
. . . breathes surprising new life into the familiar by amalgamating genres and adding true human complexity to its not-so-stock characters .,. . . br3athes sruprising new li fe into the familiar by amalgamating genres and adding true human complexity to its not - so - sto ck characters.,POSITIVE,44,4,True
"whether [binoche and magimel] are being charming or angst-ridden , they easily fill their scenes and , fine judges both , never overcook the hysteria .","whether [ binoche and magimel ] are being charming or angst - ridden, t hey easily fill their scenes and, fine judges both, ne'er overcook the hysteria.",POSITIVE,45,4,True
"if shayamalan wanted to tell a story about a man who loses his faith , why didn't he just do it , instead of using bad sci-fi as window dressing ?","i f shayamalan wantde to tell a tale about a man who recede hi s faith, why did n' t he just do information technology, instead of victimisation bad sci - fi as window dressing?",NEGATIVE,123,22,True
"the secrets of time travel will have been discovered , indulged in and rejected as boring before i see this piece of crap again .","the secrets of time journey leave have represent discovered, idulged inch and rejected American Samoa boring before i se3 this peice o f cap aain.",NEGATIVE,138,25,True
it has all the excitement of eating oatmeal .,it has all the excitement of eating oatmeal .,NEGATIVE,53,9,False
"although the film boils down to a lightweight story about matchmaking , the characters make italian for beginners worth the journey","althogh the film boils down to a lightweight story about matchmaking, the characters make italian for beginners worth the journey",POSITIVE,26,1,True
"this is a movie full of grace and , ultimately , hope .","this is a movie full of gr@ce and, ultimately, h ope.",POSITIVE,22,2,True
allen's underestimated charm delivers more goodies than lumps of coal .,allen 's underestimated charm dlivers more goodies thn lumps of coal.,POSITIVE,22,2,True
supposedly authentic account of a historical event that's far too tragic to merit such superficial treatment .,suppsoedly authentic account of a historical event that ' s far to0 tragic t0 meri t such superficial treatment.,NEGATIVE,44,5,True
"like a fish that's lived too long , austin powers in goldmember has some unnecessary parts and is kinda wrong in places .","like a fish that ' s lived t oo lo ng, austin powers in goldmember has some unneeded p arts and is kinad wong in places.",NEGATIVE,64,9,True
this romantic/comedy asks the question how much souvlaki can you take before indigestion sets in .,this romantic / conedy asks th e qusetion how very much souvlaki can you take before upset stomach stage set in.,NEGATIVE,69,12,True
devoid of any of the qualities that made the first film so special .,devod of any of the qualities t hat made th e fir st film so special.,NEGATIVE,49,8,True
a subject like this should inspire reaction in its audience ; the pianist does not .,a subject field like this should inspire reaction in IT audience ; the piano player dos not.,NEGATIVE,87,16,False
nicole kidman makes it a party worth attending .,nicole kidman makes it a party worh attending.,POSITIVE,14,1,True
narc is a no-bull throwback to 1970s action films . it zips along with b-movie verve while adding the rich details and go-for-broke acting that heralds something special .,narc is a no-bull throwback to 1970s action films . it zips along w ith b - movie verve while adding the plentiful det@ils and go - for - broke acting th at hera1ds s0mething sepcial.,POSITIVE,68,11,True
". . . less a story than an inexplicable nightmare , right down to the population's shrugging acceptance to each new horror .",". . . lss a tale than an incomprehensible nightmare, right down to the universe ' s shruging acceptance to each new horror.",NEGATIVE,118,21,False
"a highly personal look at the effects of living a dysfunctionally privileged lifestyle , and by the end , we only wish we could have spent more time in its world .","a high1y personal look a t the effects of living a dysfunctionally privileged lifestyle, and by the end, we 0nly wish we could have spent more time in its world.",POSITIVE,49,3,True
"unfortunately , the picture failed to capture me . i found it slow , drab , and bordering on melodramatic .","unfortunatly, the picture fai1ed to capture me. i found it slow, drab, and bordreing on melodramatic.",NEGATIVE,71,11,True
to imagine the life of harry potter as a martial arts adventure told by a lobotomized woody allen is to have some idea of the fate that lies in store for moviegoers lured to the mediocrity that is kung pow : enter the fist .,to imagine the life of harry potter as a martial arts adventure told by a lobotomized woody allen i s to have some idea of the fate that lies in store for noviegoers lured to the mediocrity that is kung pow : enter the fist.,NEGATIVE,59,3,True
fear dot com is more frustrating than a modem that disconnects every 10 seconds .,fear dot c0m is more foil than a modme tat disconnection ev ery X seconds.,NEGATIVE,85,15,False
"sc2 is an autopilot hollywood concoction lacking in imagination and authentic christmas spirit , yet it's geared toward an audience full of masters of both .","sc2 is an autopilot hollywood concoction lackig in imagnation and authentic christmas spirit, yet it 's geared toward an audience full of masters of both.",NEGATIVE,37,2,True
"schepisi , aided by a cast that seems to include every top-notch british actor who did not appear in gosford park ( as well as one , ms . mirren , who did ) , has succeeded beyond all expectation .","schepisi, aided by a cast that seems to include every top - notch british actor who did not appear in gosford park ( as well as one, ms. mirren, who did ), has suceeded beyond all expectation.",POSITIVE,48,1,True
a film that will probably please people already fascinated by behan but leave everyone else yawning with admiration .,a fi lm that will probably please people already fascinated by behan but leave evryone else yawning wih admiration.,POSITIVE,48,6,True
an ingenious and often harrowing look at damaged people and how families can offer either despair or consolation .,an igenious and often harrowing look astatine damaged people and how families can offer either despair or consolation.,POSITIVE,34,3,True
". . . post-september 11 , "" the sum of all fears "" seems more tacky and reprehensible , manipulating our collective fear without bestowing the subject with the intelligence or sincerity it unequivocally deserves .",". . . post - september 11, "" the sum of all fears "" seems more tacky and reprehensible, manipulating our collective fear withuot bestowing the subject with the intelligence o r snicerity it unequivocally deserves.",NEGATIVE,50,3,True
a fun ride .,a f un ride.,POSITIVE,8,1,True
"this is an egotistical endeavor from the daughter of horror director dario argento ( a producer here ) , but her raw performance and utter fearlessness make it strangely magnetic .","this is an egotistical endeavor from the daughter of horror director dario argento ( a producer here ), but her raw performance and utter bravery make 1t strangely magnteic.",POSITIVE,48,3,True
"when the precise nature of matthew's predicament finally comes into sharp focus , the revelation fails to justify the build-up .","when the precise nature of matthew 's predicament finally comes into sharp focus, the revelation fa ils to justify the build - up.",NEGATIVE,28,1,True
"apart from anything else , this is one of the best-sustained ideas i have ever seen on the screen .","apart fr om anything else, this is one of the be st - sustained id3as i have ever seen on the sreen.",POSITIVE,43,5,True
"on a cutting room floor somewhere lies . . . footage that might have made no such thing a trenchant , ironic cultural satire instead of a frustrating misfire .","on a piercing rom flor soewhere les... footage that might have made no such thing a trenchant , ironic cultural satire instead of a frustrating misfire .",NEGATIVE,37,6,True
"could have been crisper and punchier , but it's likely to please audiences who like movies that demand four hankies .","could have been crisper and punchier, b ut it 's likely to please audiences who like movies that demand four hankies.",POSITIVE,26,1,True
"is there a group of more self-absorbed women than the mother and daughters featured in this film ? i don't think so . nothing wrong with performances here , but the whiney characters bugged me .","is three a group of more ego - absorbed women than the mother and daughters sport im tis film? i don't think so . nothing wrong with performances here, but the whiney characters beleaguer me.",NEGATIVE,132,21,True
"de oliveira creates an emotionally rich , poetically plump and visually fulsome , but never showy , film whose bittersweet themes are reinforced and brilliantly personified by michel piccoli .","de oliveira creates an emotionaly r ich, poetically plump and visually fulsome, but never showy, fim whose bittersweet motif a re reinforced and brillianlty personified away michel piccoli.",POSITIVE,76,10,True
a series of immaculately composed shots of patch adams quietly freaking out does not make for much of a movie .,a series of immaculately composed shots o f patch adams quietly freaing out does not make for m uch of a movie.,NEGATIVE,35,3,True
"[taymor] utilizes the idea of making kahlo's art a living , breathing part of the movie , often catapulting the artist into her own work . this isn't a new idea . it's been done before but never so vividly or with so much passion .","[ taymor ] utilise the idea of making kahlo 's ar t a living, breathing part of the movie, often catpaulting th e artit into he r own work. this isn't a new idea . it's been done before but never so vividly or with so much passion .",POSITIVE,95,17,True
"the chateau belongs to rudd , whose portrait of a therapy-dependent flakeball spouting french malapropisms . . . is a nonstop hoot .","the chateau belongs to rudd , whose portrait of a therapy-dependent flakeball spouting french malapropisms . . . is a nonstop hoo t.",POSITIVE,11,1,True
"the fun of the movie is the chance it affords to watch jackson , who also served as executive producer , take his smooth , shrewd , powerful act abroad .","t he f un of the movie is t he casual 1t affords to watch jackson, who also served as executive producer, take his smooth, shrewd, pwerful act abroad.",POSITIVE,61,6,True
the comedy death to smoochy is a rancorous curiosity : a movie without an apparent audience .,the comedy death to smoochy is a rancorous curiosity : a movie withut an apparent audience.,NEGATIVE,22,1,True
"this is human comedy at its most amusing , interesting and confirming .","this is huma n comedy at its most amusing, iteresting a nd confirming.",POSITIVE,28,4,True
this directorial debut from music video show-off higuchinsky is all flash .,this directorial debut from music video show - off higuchinsky is a1l flash.,POSITIVE,21,1,True
"while undisputed isn't exactly a high , it is a gripping , tidy little movie that takes mr . hill higher than he's been in a while .","whil3 undisputed is n't exactly a high, i t is a griping, tidy little movie that takes mr. hill higher than he 's ben in a while.",POSITIVE,50,5,True
an impeccable study in perversity .,an impecable study in perversity.,POSITIVE,11,1,True
never [sinks] into exploitation .,never [ sikns ] i nto exploitation.,POSITIVE,24,6,True
looks awfully like one long tourist spot for a mississippi that may never have existed outside of a scriptwriter's imagination .,front afwully alike one long tourist spot for a mississippi that m ay never have existed outside of a scriptwriter ' s imagination.,NEGATIVE,123,22,False
"though the story . . . is hackneyed , the characters have a freshness and modesty that transcends their predicament .","though the story . . . is hackneyed, the characters have a insolence and modsety that trancends thier predicament.",POSITIVE,40,7,True
so-so entertainment .,so - so entrtainment.,POSITIVE,10,1,True
"la de salma es una versión de frida superficial , preciosista y sin ningún contenido .","l a d e s alma es un a versión de frida superfic1al, preciosista y sin ningún contenido.",NEGATIVE,87,16,False
"because the genre is well established , what makes the movie fresh is smart writing , skewed characters , and the title performance by kieran culkin .","because the genre is well established, what makes the movie frsh is s mart writing, skewed characters, and the title performance by kieran culkin.",POSITIVE,36,2,True
"no one involved , save dash , shows the slightest aptitude for acting , and the script , credited to director abdul malik abbott and ernest 'tron' anderson , seems entirely improvised .","no 0ne involved, lay aside flair, shwos t he slgihtest atitude fo r ating, and t he srcipt, credietd to conductor abdul malik abbott and ernst ' tron ' anderson, appear entirly ipmrovised.",NEGATIVE,174,33,True
there's a reason why halftime is only fifteen minutes long .,tere ' s a intellect why halftime is only ffteen minuets lo ng.,NEGATIVE,60,11,True
"with or without the sex , a wonderful tale of love and destiny , told well by a master storyteller","wi th operating theater without the sex, a wonderfu1 tale o f love an d destiny, t old advantageously aside a master stoyteller",POSITIVE,103,20,True
"afraid to pitch into farce , yet only half-hearted in its spy mechanics , all the queen's men is finally just one long drag .","afraid to pitch into farce, yet only h alf - hearted in its sp y mehcanics, all the queen 's men make up finally just one long haul.",NEGATIVE,77,10,True
"williams plays sy , another of his open-faced , smiling madmen , like the killer in insomnia . he does this so well you don't have the slightest difficulty accepting him in the role .","williams plays sy , another of his open-faced , smiling madmen , like the killer in insomnia . he does this so well y0u do n' t hav3 the slightest difficluty acepting him in the role.",POSITIVE,42,5,True
"highlighted by a gritty style and an excellent cast , it's better than one might expect when you look at the list of movies starring ice-t in a major role .","high1ighted by a gritty style and an exc3llent cast, it 's better t han one might expect when you look at the list of movies starrign ic e - t in a major role.",POSITIVE,65,6,True
"these three films form a remarkably cohesive whole , both visually and thematically , through their consistently sensitive and often exciting treatment of an ignored people .","thes e three fims form a remakrably cohesive whol e, both visually and thenatically, throgh their consistently semsitive @nd often excitnig tre@tment 0f an ignored people.",POSITIVE,86,12,True
it's a drag how nettelbeck sees working women -- or at least this working woman -- for whom she shows little understanding .,it 's a drop back how nettelbeck sees working women -- or at least this working woman -- for whom she shows litte understanding.,NEGATIVE,34,2,True
"nohe's documentary about the event is sympathetic without being gullible : he isn't blind to the silliness , but also captures moments of spontaneous creativity and authentic co-operative interaction .","nohe '$ documentary abut the event is sympathetic w1thout being gullible : he is m't bilnd to the absurdity, but als o cpatures momenst of ad-lib creativiyt @nd veritable co - operative interaction.",POSITIVE,141,23,True
borrows from other movies like it in the most ordinary and obvious fashion .,take up from other movies like it in the most ordinary and ovbious fashion.,NEGATIVE,25,2,True
"barely manages for but a few seconds over its seemingly eternal running time to pique your interest , your imagination , your empathy or anything , really , save your disgust and your indifference .","barey manages for but a few s3conds o ver its seemingly eternal running time to pique your interest, your imagination, your empathy or anythig, really, hold open your disugst and your indifefrence.",NEGATIVE,70,8,True
the irony is that this film's cast is uniformly superb ; their performances could have -- should have -- been allowed to stand on their own .,the irony is that this film 's cast is uniformly superb ; their performances cold have -- should have -- been allowed to stand on their own.,POSITIVE,38,2,True
this is so bad .,this exist s o ba d.,NEGATIVE,29,5,False
"aptly named , this shimmering , beautifully costumed and filmed production doesn't work for me .","aptyl call, this shimmering, beautifully costumed and filmde production des n't work for me.",NEGATIVE,64,11,True
"the fascination comes in the power of the huston performance , which seems so larger than life and yet so fragile , and in the way the ivan character accepts the news of his illness so quickly but still finds himself unable to react .","the fascination come$ in t he pwer of the huston perforamnce, whcih seems so lager thn life and yet so fragile, and in the way the ivan character accepts the news of his illness so quickly but still finds himself unable to react.",POSITIVE,80,7,True
"often demented in a good way , but it is an uneven film for the most part .","often demented in a good way, but it is an uneen film for the nost start out.",NEGATIVE,59,9,True
savvy director robert j . siegel and his co-writers keep the story subtle and us in suspense .,dig direcor rob3rt j. siegel an d his co - writers keep the story subtle an d us 1n susp3nse.,POSITIVE,58,9,True
"bloody sunday has the grace to call for prevention rather than to place blame , making it one of the best war movies ever made . it's a movie that accomplishes so much that one viewing can't possibly be enough .","bloody sunday has the grace to call for prevention rather than to place blame, making it on e of the bes t war movis ever made. it '$ a moive t hat accomplsihes so muh tht on3 viewing c@ m't posibly b3 enough.",POSITIVE,137,21,True
you could nap for an hour and not miss a thing .,y0u could nap f or a n hur amd not miss a thi ng.,POSITIVE,67,12,False
"though it never rises to its full potential as a film , still offers a great deal of insight into the female condition and the timeless danger of emotions repressed .","thouhg it never rises to its full potential as a film, still offers a great deal of brainstorm into the female condition and the timeless danger of emotions repressed.",POSITIVE,44,2,True
"beresford nicely mixes in as much humor as pathos to take us on his sentimental journey of the heart . it really is a shame that more won't get an opportunity to embrace small , sweet 'evelyn . '","beresford niely mixs in as much humor adenine pathos to hire u$ on his schmalzy travel of the heat. it really is a shame that more won't get an opportunity to embrace small , sweet 'evelyn . '",POSITIVE,85,13,True
doesn't come close to justifying the hype that surrounded its debut at the sundance film festival two years ago .,does n 't com e last to justifying the hype that surrounded its debut at the sundance film festival two years ago.,NEGATIVE,40,4,True
"it's rare to find a film that dazzles the eye , challenges the brain , and satisfies our lust for fast-paced action , but minority report delivers all that and a whole lot more .","it 's rare to find a film that dazzles the eye, challenges the brain, and satisfies our lust for fast - paced action, but minority report fork out all that and a whole lot more.",POSITIVE,46,1,True
"comes off more like a misdemeanor , a flat , unconvincing drama that never catches fire .","comes off more 1ike a misdemeanour, a fla t, unconvincing drama that never cathes fire.",NEGATIVE,41,5,True
"although the level of the comedy declines as the movie proceeds , there's no denying the fun of watching de niro and crystal having fun .","although the level of the comedy declines as the movie proceeds, the re '$ no denying the fun of watching de niro and crystal having f un.",POSITIVE,47,5,True
"as chilling and fascinating as philippe mora's modern hitler-study , snide and prejudice .","as chlling and fascintaing as philippe mora 's modern hitler - study, snide and prejudice.",POSITIVE,27,2,True
p . t . anderson understands the grandness of romance and how love is the great equalizer that can calm us of our daily ills and bring out joys in our lives that we never knew were possible .,p . t . anderson undersands the grndness of romance amd how lov e is the great equalizer that can calm us of 0ur daily ills @nd birng out jos in our 1ives that we never knew were possible.,POSITIVE,88,11,True
is it really an advantage to invest such subtlety and warmth in an animatronic bear when the humans are acting like puppets ?,i s information technology in truth an advantage to invset suc h subtlety and warmth Indiana an animatroinc ber when t he humans are act as lke puppet$?,NEGATIVE,88,14,True
"every joke is repeated at least four times . every joke is repeated at least four times . every joke is repeated at least--annoying , isn't it ?","evry joe i s repeated at lea st for timse. evry joe i s repeated at lea st for timse. e very trick be perennial at last - - annoynig, embody n' t i t?",NEGATIVE,177,31,False
"blessed with a searing lead performance by ryan gosling ( murder by numbers ) , the movie is powerful and provocative . it's also built on a faulty premise , one it follows into melodrama and silliness .","blessed with a searing lead performance by ryan gosling ( murder by numbers ), the mo vie i s powerfl an d provocative. it's also built on a faulty premise , one it follows into melodrama and silliness .",POSITIVE,48,6,True
"triple x is a double agent , and he's one bad dude . when you've got the wildly popular vin diesel in the equation , it adds up to big box office bucks all but guaranteed .","triple x is a double agent , and he's one bad dude . when y0u 've got the wildly popular v in diesel in the equation, 1t ads up to big b0x offic3 bucks all but guaranteed.",POSITIVE,60,7,True
"left me with the visceral sensation of longing , lasting traces of charlotte's web of desire and desperation .","left m e with the vsceral sensation of longing, hold out ghost of charlotte 's web of desire a nd desperation.",POSITIVE,45,5,True
"by no means a slam-dunk and sure to ultimately disappoint the action fans who will be moved to the edge of their seats by the dynamic first act , it still comes off as a touching , transcendent love story .","by atomic number 102 agency a slam - dunk and s ure to ultimately disappoint the action fans wh o will be moved to the edge of their seats by the dynamic first act, it still comes off as a touching, transcendent love story.",NEGATIVE,67,5,True
the best way to hope for any chance of enjoying this film is by lowering your expectations . then lower them a bit more .,the best way to hope for any chance of enjoying this film is by lowering your expectations . then lowe r them a bit more.,NEGATIVE,12,1,True
what's missing in murder by numbers is any real psychological grounding for the teens' deviant behaviour . being latently gay and liking to read are hardly enough .,wat ' s neglect im mrder by issue is a ny real psychological grounding for t he tens ' dev1ant bheaviour. being latently gay and liking to read are hardly enogh.,NEGATIVE,140,24,True
"it's like a "" big chill "" reunion of the baader-meinhof gang , only these guys are more harmless pranksters than political activists .","it ' s care a "" bighearted chill "" reunion of the baader - meinhfo gang, on ly these guys are more harmless pranksters than political activists.",NEGATIVE,54,6,True
"truth to tell , if you've seen more than half-a-dozen horror films , there's nothing here you haven't seen before .","truth to tell, if you 've seen more than half - a - dozen horror films, there 's nothing here you have n't seen before.",NEGATIVE,32,1,True
"when it's all wet , blue crush is highly enjoyable . when it's on dry land , though , this surfer-girl melodrama starts gasping like a beached grouper .","when it 's all wet, blue crush is highly enjyable. when it's on dry land , though , this surfer-girl melodrama starts gasping like a beached grouper .",POSITIVE,18,1,True
"despite its faults , gangs excels in spectacle and pacing .","despite i ts fults, gangs ecxels in spectacle and pacing.",POSITIVE,31,5,True
"a solid cast , assured direction and complete lack of modern day irony .","a soild cast, assured direction amd complete lack of modern daylight irony.",POSITIVE,43,6,True
"for all of its insights into the dream world of teen life , and its electronic expression through cyber culture , the film gives no quarter to anyone seeking to pull a cohesive story out of its 2 1/2-hour running time .","for all of its insights into the dream world of teen life, and its electronic expression through cyber culture, the film g ives no qurter t o anyone seeking to pull a cohesive story out of its 2 1/2 - hour running time.",NEGATIVE,58,3,True
the country bears wastes an exceptionally good idea . but the movie that doesn't really deliver for country music fans or for family audiences,t he nation bars wasets Associate in Nursing exceptionalyl estimable 1dea. but the movie that does n't re@lly delier for country music fans surgery for family audiences,NEGATIVE,151,25,False
"schmaltzy and unfunny , adam sandler's cartoon about hanukkah is numbingly bad , little nicky bad , 10 worst list bad .","hokey and ufnunny, adam sandlre '$ catoon abo ut hanukah i s nunbingly ba d, little nicky ba d, tenner spoiled lis t bad.",NEGATIVE,125,23,False
predictable storyline and by-the-book scripting is all but washed away by sumptuous ocean visuals and the cinematic stylings of director john stockwell .,predictable storyline and by - the - book scripting i s all bu t washed away by $umptuous ocean visuals and the cinematic stylings of director john stockwell.,POSITIVE,47,5,True
"happily , some things are immune to the folly of changing taste and attitude . for proof of that on the cinematic front , look no further than this 20th anniversary edition of the film that spielberg calls , retrospectively , his most personal work yet .","happily , some things are immune to the folly of changing taste and attitude . for test copy of that on the cienmatic front, look no furter than this 20th anniversary edition of the film that spieberg calls, retrospectively, h is m0st personal work yet.",POSITIVE,70,9,True
you'd have to be a most hard-hearted person not to be moved by this drama .,you 'd have to be a most hard - hearted persom not t o be moved by this drama.,POSITIVE,28,2,True
uses high comedy to evoke surprising poignance .,uses high coemdy to evoe surprisnig poignance.,POSITIVE,23,3,True
"a delightful surprise because despite all the backstage drama , this is a movie that tells stories that work -- is charming , is moving , is funny and looks professional .","a delighful surpise because despite all the backstage drama, th is 1s a movie that tells stories that work - - is chaming, is mvoing, is funny and looks professional.",POSITIVE,74,10,True
[a]n utterly charming and hilarious film that reminded me of the best of the disney comedies from the 60s .,[ a] n dead charmnig a nd hilari0us fi1m t hat reminded m3 0f the best of t he disey comedies fron the 60 s.,POSITIVE,86,14,True
"the pacing is deadly , the narration helps little and naipaul , a juicy writer , is negated .","the pacing is deadly, the narration helps litte and naipaul, a juicy writer, i s ngated.",NEGATIVE,33,3,True
"essentially an exceptionally well-written , well-edited , well-directed , well-acted , bald rip-off of aliens .","essentially an exceptionally wel - written, well - edited, well - dirceted, well - acted, bald rip - off of disaffect.",POSITIVE,47,4,True
"it would be great to see this turd squashed under a truck , preferably a semi .","information technology would be great to see t his tud squahsed nether a tr uck, prefer@bly a sem i.",NEGATIVE,69,13,True
"the first hour is tedious though ford and neeson capably hold our interest , but its just not a thrilling movie .","the first hour is tedious though ford and neeson capably hold our interest, but its just n ot a thrilling movie.",NEGATIVE,26,1,True
"a worthwhile documentary , whether you're into rap or not , even if it may still leave you wanting more answers as the credits roll .","a wotrhwhile documentary, whether you 're into rap or not, even if it may still leave you wanting more answers as the credits roll.",POSITIVE,33,1,True
there are now two signs that m . night shyamalan's debut feature sucked up all he has to give to the mystic genres of cinema : unbreakable and signs .,there are now two signs that m . nig ht shyamalan ' s debut feature sucked improving all h e has to give to the mystic genres of cinema : unbreakable and signs.,NEGATIVE,73,10,True
a smug and convoluted action-comedy that doesn't allow an earnest moment to pass without reminding audiences that it's only a movie .,a self-satisfied and involved action - comedy that does n't allow an earenst moment to pass without reminding audiences that it 's only a movie.,NEGATIVE,49,4,True
"few films have captured the chaos of an urban conflagration with such fury , and audience members will leave feeling as shaken as nesbitt's cooper looks when the bullets stop flying .","few filns have catpured the chaos of an urb an conflagration wih such fury, and audience members bequeath leave feeling as shaken as nesbitt 's cooper looks when the bullets stop flying.",POSITIVE,57,5,True
skip this turd and pick your nose instead because you're sure to get more out of the latter experience .,ski p ths tud and pick your nose istead because you ' re sue t o get more out of t he latter experience.,NEGATIVE,125,21,False
"this fascinating experiment plays as more of a poetic than a strict reality , creating an intriguing species of artifice that gives the lady and the duke something of a theatrical air .","this fa$cinating experiment plays as more of a poetic than a strict reality, creatng an itnriguing species of artifice that gives the lady and the duke something of a theatrical air.",POSITIVE,49,4,True
". . . one big laugh , three or four mild giggles , and a whole lot of not much else .",". . . on e big laugh, three o r four mild giggles, and a unscathed lot of n ot muh else.",NEGATIVE,45,5,True
"as i settled into my world war ii memories , i found myself strangely moved by even the corniest and most hackneyed contrivances .","as i settled into my world war ii memories, i found myself strangely mo ved by even the corniest and most hackneyed contrivances.",POSITIVE,28,1,True
"( wendigo is ) why we go to the cinema : to be fed through the eye , the heart , the mind .","( wendigo is ) why we go to the cinmea : to b e fed through the eye, the hear t, the mind.",POSITIVE,38,3,True
"most new movies have a bright sheen . some , like ballistic , arrive stillborn . . . looking like the beaten , well-worn video box cover of seven years into the future .","most new movies have a bright sheen . some , like ballistic , arrive stillborn . . . looking for like the beaten, well - won video box cover of seven years into the future.",NEGATIVE,38,3,True
this is amusing for about three minutes .,this is amusng for about three minutes.,POSITIVE,13,1,True
"i can't remember the last time i saw an audience laugh so much during a movie , but there's only one problemit's supposed to be a drama .","i c@ n' t remember the last time i saw am audience laughter so much during a move, but thee ' s only one trouble information technology ' s suposed t o be a dramatic play.",NEGATIVE,171,32,False
it's difficult to say whether the tuxedo is more boring or embarrassing--i'm prepared to call it a draw .,it 's difficult t o say whether the tuxedo is more boring or embarrassing -- i'm prepared to call it a draw.,NEGATIVE,26,1,True
"the problem with concept films is that if the concept is a poor one , there's no saving the movie . sorry , charlie","th e problm with conception cinema i s th@t if t he concept embody a por one, tere ' s mo pull through the m ovie. sorry , charlie",NEGATIVE,139,25,False
"not only are the film's sopranos gags incredibly dated and unfunny , they also demonstrate how desperate the makers of this 'we're -doing-it-for -the-cash' sequel were .","not only are the film 's sopranos gags incredibly dated and unufnny, they also demonstrate how d3sperate the makers of this ' we 're -doing - it - for -the - cash ' sequel were.",NEGATIVE,53,3,True
"impossible as it may sound , this film's heart is even more embracing than monty , if only because it accepts nasty behavior and severe flaws as part of the human condition .","impossible as it may sound, this film 's heart is even mor e embracing than monty, 1f only because it accepts nasty behavior and severe flaws as part of the human condition.",POSITIVE,44,3,True
a quirky comedy set in newfoundland that cleverly captures the dry wit that's so prevalent on the rock .,a qurky comedy specify in newfoundland that cl3verly captuers the dry w1t tha t 's so prevalent on the roc k.,POSITIVE,60,8,True
"the film is enriched by an imaginatively mixed cast of antic spirits , headed by christopher plummer as the subtlest and most complexly evil uncle ralph i've ever seen in the many film and stage adaptations of the work .","the film is enr1ched by an imaginativley mixed cast of antic spirits, headed by christopher plummer as the subtlest and most complexly evil uncle ralph i 've ever seen in the many film and stage adaptations of the work.",POSITIVE,52,2,True
it all drags on so interminably it's like watching a miserable relationship unfold in real time .,it all dras on so interminably it 's like watching a niserable relationship unfold in real time.,NEGATIVE,28,2,True
"although i didn't hate this one , it's not very good either . it can be safely recommended as a video/dvd babysitter .","although i didn't hate this one , it's not very good either . it can be safely recommendde as a video / dvd babysitter.",POSITIVE,19,1,True
"the more kevin costner rests on his pretty-boy laurels , the public is , regrettably , going to have tepid films like dragonfly tossed at them .","the Thomas More kevin costner rests on his pretty - boy laurels, the public comprise, regrettalby, going t o have tep id films like dragonfly tosed at them.",NEGATIVE,64,7,True
"it's a wonderful , sobering , heart-felt drama .","i t 's a wonderul, sobering, hear t - f3lt drama.",POSITIVE,34,7,True
"a preposterous , prurient whodunit .","a preposteros, pruient whodun1t.",NEGATIVE,27,6,False
despite the premise of a good story . . . it wastes all its star power on cliched or meaningless roles .,despite the premise of a good story . . . it do in all its star power on ready-made or nonmeaningful ro les.,NEGATIVE,117,22,False
what might have been acceptable on the printed page of iles' book does not translate well to the screen .,what might have been acceptable on the printed page of iles ' book does n ot translate well to the screen.,NEGATIVE,25,1,True
this off-putting french romantic comedy is sure to test severely the indulgence of fans of amélie .,this off - redact french romantic comedy is sure to test severely the indulgence o f fans of amélie.,NEGATIVE,44,6,True
the magic ( and original running time ) of ace japanimator hayao miyazaki's spirited away survives intact in bv's re-voiced version .,the ma gic ( and original running time ) of ace japanimator hayao miyazaki 's spirited away survives entire in bv 's re - voiced version.,POSITIVE,35,2,True
hollywood ending is the most disappointing woody allen movie ever . he has a great cast and a great idea . but the execution is a flop with the exception of about six gags that really work .,hollywood ending is the most diasppointing woo dy allen mov ie ever. he has a great cast and a great idea . but the execution is a flo p with the exception of about six gags that really work.,NEGATIVE,86,12,True
a grand fart coming from a director beginning to resemble someone's crazy french grandfather .,a grand breaking wind coming from a director beginning t o resemble someone 's crazy french grandfather.,NEGATIVE,40,5,True
"una película oscura , precisa , por momentos grandiosa y casi siempre conmovedora .","una pelíucla oscura, precis@, por momentos grandiosa y ca si siempre conmovedora.",NEGATIVE,71,14,False
a live-wire film that never loses its ability to shock and amaze .,a live - wire film that never los es its ability to shock and amaze.,POSITIVE,19,1,True
"a vibrant , colorful , semimusical rendition .","a v1brant, coloful, semimusical renditino.",POSITIVE,27,6,True
"a better title , for all concerned , might be swept under the rug .","a better titel, for all concrened, migth b3 swept below the r ug.",NEGATIVE,77,15,False
the difference between cho and most comics is that her confidence in her material is merited .,the difference between cho and most comics i s that her confidence in her material is nerited.,POSITIVE,26,2,True
we have an actor who is great fun to watch performing in a film that is only mildly diverting .,we have an actor who is great fun to watch playacting in a film that is only mildly diverting.,NEGATIVE,59,8,True
"even these tales of just seven children seem at times too many , although in reality they are not enough . every child's story is what matters . this film can only point the way -- but thank goodness for this signpost .","even these tales of just seven children seem at times too many , although in reality they are not enough . every tiddler ' s s tory 1s wha t matter$. this film can only point the way -- but t hank goodness for this signpost.",POSITIVE,66,9,True
"hardly an objective documentary , but it's great cinematic polemic . . . love moore or loathe him , you've got to admire . . . the intensity with which he's willing to express his convictions .","hardly an objective documentary , but it's great cinematic polemic . . . lov3 mooe Beaver State loathe him, yo u 'v3 got to adm1re... the intesity with which he 's willing to express his convictions.",POSITIVE,93,16,True
"the town has kind of an authentic feel , but each one of these people stand out and everybody else is in the background and it just seems manufactured to me and artificial .","the town has kind of an authentic feel, but each one of these people stand out and everybody else is in the background and it ju st sees manufactured to me and artficial.",NEGATIVE,53,4,True
"decasia is what has happened already to so many silent movies , newsreels and the like . the unexpected thing is that its dying , in this shower of black-and-white psychedelia , is quite beautiful .","decasia is what has happened already to so many silent movies , newsreels and the like . the unexpected thing is that its dying, in this shower of black - and - white psychedelia, is quite beautful.",POSITIVE,29,1,True
"an unbelievably stupid film , though occasionally fun enough to make you forget its absurdity .","an incredibly stupid fi lm, tohugh occasionally fun enough to make you forget its absurdity.",NEGATIVE,34,3,True
"the actors don't inhabit their roles -- they're trapped by them , forced to change behavior in bizarre unjustified fashion and spout dialog that consists mostly of platitudes .","the actors do n't inhabt their persona - - they 're trapped aside them, draw to change behavior in bizare unjustified fashion and spout dialog that comsists mostly of commonplace.",NEGATIVE,181,31,False
"this ecologically minded , wildlife friendly film teaches good ethics while entertaining with its unconventionally wacky but loving family","this ecologically minded, wildlife friendly film teaches good ethics while entert@ining wi th its unconventionally wcky but have it away family",POSITIVE,38,4,True
tries to add some spice to its quirky sentiments but the taste is all too familiar .,tri es to add some spice to its quirky sentiments but the taste is all to o familiar.,NEGATIVE,31,3,True
"a cross between blow and boyz n the hood , this movie strives to be more , but doesn't quite get there . good performances keep it from being a total rehash .","a cross between blow and boyz n the hood , this movie strives to be more , but doesn't quite get there . good performances keep it from being a total reash.",POSITIVE,53,10,True
the entire movie establishes a wonderfully creepy mood .,t he entire flick establishes a wondrously creepy mo0d.,POSITIVE,49,9,False
"its gross-out gags and colorful set pieces . . . are of course stultifyingly contrived and too stylized by half . still , it gets the job done -- a sleepy afternoon rental .","its gross-out gags and colorful set pieces . . . are of course sutltifyingly design an d to o stylied by h alf. still , it gets the job done -- a sleepy afternoon rental .",NEGATIVE,49,8,True
disappointing in comparison to other recent war moviesor any other john woo flick for that matter .,disappoint Hoosier State compariosn to other recent war movies o r a ny other jon woo flick for that matt3r.,NEGATIVE,107,18,False
"though the film is well-intentioned , one could rent the original and get the same love story and parable .","though the film is well - intentioned, one coul d rent the original and get the same love story and parable.",POSITIVE,26,1,True
"a drama of great power , yet some members of the audience will leave the theater believing they have seen a comedy .","a drama of great power, yet some members of the audience will leave the theater believing the y have sen a cmedy.",NEGATIVE,81,15,True
"while the ideas about techno-saturation are far from novel , they're presented with a wry dark humor .","while the ideas about techno - saturation are far from novel, they 're presented with a wr y dark hum or.",POSITIVE,31,3,True
"[serry] wants to blend politics and drama , an admirable ambition . it's too bad that the helping hand he uses to stir his ingredients is also a heavy one .","[serry] wants to blend politics and drama , an admirable ambition . it 's to o ba d that the helping hand he uses to stir his ingredients is also a heavy one.",NEGATIVE,30,2,True
"the movie is dawn of the dead crossed with john carpenter's ghosts of mars , with zombies not as ghoulish as the first and trains not as big as the second .","the movie is dawn of the de ad crossed with john carpenter ' s ghosts of mars, with zombies not a s ghoulish as the f irst and trains n ot as boastful as the second.",NEGATIVE,102,14,True
"a very long movie , dull in stretches , with entirely too much focus on meal preparation and igloo construction .","a ver y long movie, blunt in stretches, with entirely to o a lot fcous along meal grooming and igloo construction.",NEGATIVE,70,10,True
". . . unlikable , uninteresting , unfunny , and completely , utterly inept .",". . . unliable, unintersting, unfunny, and completely, absolutely inpt.",NEGATIVE,57,12,False
"the script's snazzy dialogue establishes a realistic atmosphere that involves us in the unfolding crisis , but the lazy plotting ensures that little of our emotional investment pays off .","the script 's snazzy dialogue establishes a realistic atmosphere that involves us in the unfolding crisis, b ut the la zy plottig ensures that little of our emotional investment pay s off.",NEGATIVE,65,7,True
it's deep-sixed by a compulsion to catalog every bodily fluids gag in there's something about mary and devise a parallel clone-gag .,it 's deep - si xed aside a compulsion to caalog every bodily fluids jest in there 's something about mary and devise a parallel clone - g@g.,NEGATIVE,56,5,True
"if you love reading and/or poetry , then by all means check it out . you'll probably love it .","if you love reading and/or poetry , then by all means check it out . you 'll probably loe it.",POSITIVE,12,1,True
"so young , so smart , such talent , such a wise * * * .","so young, so smart, such talent, such a wi$e * * *.",POSITIVE,23,1,True
"there's a neat twist , subtly rendered , that could have wrapped things up at 80 minutes , but kang tacks on three or four more endings .","there 's a neat twist, subtly rendered, that could hav e wrapped things up at 80 minutes, but kang tacks on three Oregon four more endings.",NEGATIVE,38,2,True
"the action here is unusually tame , the characters are too simplistic to maintain interest , and the plot offers few surprises .","the action here is unusually tame, the characters are to o simplistic to maintain interest, and the plot offers fe w surprises.",NEGATIVE,32,2,True
a savvy exploration of paranoia and insecurity in america's culture of fear .,a discernment geographic expedition o f paranoia an d insecurity in america 's culture of fear.,POSITIVE,33,4,True
"audiences are advised to sit near the back and squint to avoid noticing some truly egregious lip-non-synching , but otherwise the production is suitably elegant .","audiences are advised to sit near the back and squint to avoid noticing some truly egregious lip - non - synching, but otherwise the production is suitably elgant.",POSITIVE,35,1,True
"you needn't be steeped in '50s sociology , pop culture or movie lore to appreciate the emotional depth of haynes' work . though haynes' style apes films from the period . . . its message is not rooted in that decade .","you need n't be seteped in ' 50s sociology, pop culture or movie lore to appreciae the emotional depth of haynes ' work. though haynes' style apes films from the period . . . its message is not rooted in that decade .",POSITIVE,37,2,True
"even though it's common knowledge that park and his founding partner , yong kang , lost kozmo in the end , you can't help but get caught up in the thrill of the company's astonishing growth .","even though it 's common knowledge that park and his founding partner, yong kang, lost kozmo in the end, you ca n't help bu t get caught up in the thrill of the company 's astonishing growth.",POSITIVE,44,1,True
it treats women like idiots .,it treats charwoman lie iiots.,NEGATIVE,35,6,False
"if you adored the full monty so resoundingly that you're dying to see the same old thing in a tired old setting , then this should keep you reasonably entertained .","if you adored the full monty so resoundingly that you 're dying to see the same old thing in a tired old setting, then this should ke ep yo u reasonably entertaiend.",POSITIVE,46,3,True
a dreary rip-off of goodfellas that serves as a muddled and offensive cautionary tale for hispanic americans .,a dreayr r1p - o ff o f goodfellas that serves a$ a muddle and offesive cautionary tale for hispanic am3ricans.,NEGATIVE,107,20,False
so relentlessly wholesome it made me want to swipe something .,so relentlessly wholesome it mae m3 want to swipe something.,POSITIVE,26,3,True
"yes they can swim , the title is merely anne-sophie birot's off-handed way of saying girls find adolescence difficult to wade through .","yes they can swim, the title is merely anne - sophie birot 's off - handed way o f saying girls find adolescence hard to wade through.",NEGATIVE,42,3,True
the first half bursts with a goofy energy previous disney films only used for a few minutes here and there .,the fist half bursts with a goofy energy previous disney films only used for a few minutes here and there.,POSITIVE,26,1,True
"as david letterman and the onion have proven , the worst of tragedies can be fertile sources of humor , but lawrence has only a fleeting grasp of how to develop them .","as david letterman and the onion have proven, the worst of tragedies can be fertile sources of humor, but lawrence has on ly a fleeting grasp of how to develop them.",NEGATIVE,37,1,True
"typical animé , with cheapo animation ( like saturday morning tv in the '60s ) , a complex sword-and-sorcery plot and characters who all have big round eyes and japanese names .","typicl animé, with cheao animation ( like saturday morning tv in the ' 60s ), a complex sword - and - sorcery plot and characters who all have big round eyes and japanese nmaes.",NEGATIVE,64,6,True
a lot more dimensional and complex than its sunny disposition would lead you to believe .,a lot more dimensional @nd comlex than its su nny disposition would lead you to believe.,POSITIVE,30,3,True
"solaris "" is a shapeless inconsequential move relying on the viewer to do most of the work .","solais "" follow a amorphous inconsequent move rleying o n th e vieer t o d o most of t he work.",NEGATIVE,99,18,False
it's a sharp movie about otherwise dull subjects .,it 's a sharp movie @bout otherwise dull subjects.,POSITIVE,17,1,True
"deadly dull , pointless meditation on losers in a gone-to-seed hotel .","deadyl du ll, pointlses meditation along losers in a gone - to - seeded player h otel.",NEGATIVE,79,16,False
"one long , numbing action sequence made up mostly of routine stuff yuen has given us before .","one long, numing action sequence made up mostly of number stuff yuen has given us before.",NEGATIVE,31,2,True
a listless and desultory affair .,a listles$ and desultory affair.,NEGATIVE,31,6,False
"its strengths and weaknesses play off each other virtually to a stand-off , with the unfortunate trump card being the dreary mid-section of the film .","its strengths and weaknesses play off each other virtually to a stand - off, with the unfortunate trump car d being the dreary mid - section of the film.",NEGATIVE,35,2,True
i thought my own watch had stopped keeping time as i slogged my way through clockstoppers .,i thuoght m y have watch induce sotpped sustain time a s i slgoged my way trough clckstoppers.,NEGATIVE,93,17,False
"pull[s] off the rare trick of recreating not only the look of a certain era , but also the feel .","pull[s ] off the rar e trick of recreating not only the look of a certain era, but also the feel.",POSITIVE,26,1,True
"the direction occasionally rises to the level of marginal competence , but for most of the film it is hard to tell who is chasing who or why .","the direction once in a while rises to the leevl of margianl competence, but for most of the film it is ha rd t o tell who is chasing who or why.",NEGATIVE,67,7,True
"the result is somewhat satisfying -- it still comes from spielberg , who has never made anything that wasn't at least watchable . but it's also disappointing to a certain degree .","the result is somewhat satisfying -- it still comes from spielberg , who has never made anything that wasn't at least watchable . but it ' s likewise disapointing to a cetain degre.",NEGATIVE,43,8,True
"evelyn may be based on a true and historically significant story , but the filmmakers have made every effort to disguise it as an unimaginative screenwriter's invention .","evelyn may be based on a true and historically significant story, b ut the filmmakers have made every effort to disguise it as an unimaginatvie screenwriter 's invention.",NEGATIVE,38,2,True
the hot topics of the plot are relegated to the background -- a welcome step forward from the sally jesse raphael atmosphere of films like philadelphia and american beauty .,the hot topics of the plot are relegated to the background -- a w3lcome st ep forward from the sally jesse raphael atmosphere of films like philadelphia and american beauty.,POSITIVE,40,3,True
"while the story does seem pretty unbelievable at times , it's awfully entertaining to watch .","while the story does seem pretty unbelievable at times, information technology 's awfully entetraining to watch.",POSITIVE,30,2,True
the movie is too impressed with its own solemn insights to work up much entertainment value .,t he move is too impressed with its own solemn insights t o work up much entertainment value.,NEGATIVE,32,3,True
"the animation and backdrops are lush and inventive , yet return to neverland never manages to take us to that elusive , lovely place where we suspend our disbelief .","the animation and backdrops are lush and inventive, yet return to neverland never manages to return us to that elusive, lovely place where we suspend our disbelief.",POSITIVE,38,1,True
there's none of the happily-ever -after spangle of monsoon wedding in late marriage -- and that's part of what makes dover kosashvili's outstanding feature debut so potent .,there 's none of the happily - ever -after spangle of monsoon wedding in late marriage -- and that 's part of wha t makes dover kosashvili 's outstanding feature debut so poent.,POSITIVE,42,2,True
"smart and fun , but far more witty than it is wise .","snart and fum, but far more wi tty than it is wise.",POSITIVE,33,5,True
"places a slightly believable love triangle in a difficult-to-swallow setting , and then disappointingly moves the story into the realm of an improbable thriller .","places a slightly believable lov e triangle in a difficult - to - swallow setting, and then disappointingly moves th e story into the realm of an improbable thriller.",POSITIVE,43,3,True
"for the most part , i spy was an amusing lark that will probably rank as one of murphy's better performances in one of his lesser-praised movies .","for the most part, i spy was an amusign lark t hat will probably r ank as one of murphy 's better performances in one of his lesser - praised movies.",POSITIVE,45,3,True
. . . a roller-coaster ride of a movie,. . . a roller - coaster r ide of a movie,POSITIVE,13,1,True
a close-to-solid espionage thriller with the misfortune of being released a few decades too late .,a close - to - sol id espionage thriller with the misfortune of being released a few decades too late.,POSITIVE,24,1,True
"'yes , that's right : it's forrest gump , angel of death . '","' yes, that 's ri ght : it 's forrest g ump, ang el of death. '",POSITIVE,32,4,True
"there are things to like about murder by numbers -- but , in the end , the disparate elements don't gel .","there are things to like about murdr by numbers -- b ut, inward the end, the disparate elements do n 't g3l.",NEGATIVE,93,15,True
the affectionate loopiness that once seemed congenital to demme's perspective has a tough time emerging from between the badly dated cutesy-pie mystery scenario and the newfangled hollywood post-production effects .,the affectionate loopiness that once appear congenital to demme 's perspective has a punk tine emerging from between the ba dly dated cutesy - pie mystery scenario and the newfangled hollywood post - production effects.,NEGATIVE,64,6,True
"perhaps a better celebration of these unfairly dismissed heroes would be a film that isn't this painfully forced , false and fabricated .","perhas a dependable celebration of the se unfairly dismissed heroes would be a film that is n't ths painfully forced, false and fabricated.",NEGATIVE,54,7,True
"you come away thinking not only that kate isn't very bright , but that she hasn't been worth caring about and that maybe she , janine and molly -- an all-woman dysfunctional family -- deserve one another .","you come @way thniking not only that kate is n't v3ry bright, bu t tha t she make n't comprise worth carig about and that mabe she, janine and molly -- an all - wonan dysfunctional family - - deserve one another.",NEGATIVE,239,42,False
viveka seldahl and sven wollter will touch you to the core in a film you will never forget -- that you should never forget .,viveka seldahl an d sven wollter wil l touc h you to the core in a film y ou will ne'er forget -- that you should ne'er forgte.,POSITIVE,59,7,True
"an ambitious movie that , like shiner's organizing of the big fight , pulls off enough of its effects to make up for the ones that don't come off .","an ambiious movie that, like shiner 's organizing of the big fight, p ulls off enough of its effects to make up for the single that do n't come o ff.",POSITIVE,51,4,True
sheridan's take on the author's schoolboy memoir . . . is a rather toothless take on a hard young life .,sheridan's take on the author's schoolboy memoir . . . is a rather toothlss take on a hard young life.,NEGATIVE,18,1,True
"graças às interações entre seus personagens , o filme torna-se não apenas uma história divertida sobre uma curiosa perseguição , mas também um belo estudo de personagens .","gaças às interaçõse entre sus personagens, o filme trona - se nã o apneas una história divertdia sobr e uma curiosa perseguição, mas tabmém un be lo etudo d e person@gens.",NEGATIVE,163,30,False
"these characters are so well established that the gang feels comfortable with taking insane liberties and doing the goofiest stuff out of left field , and i'm all for that .","these characters are $o w3ll established tht the gang feels confortable with taking insane liberties and doing the goofiest stuff out of left fild, and i ' m all f or that.",POSITIVE,66,7,True
"if legendary shlockmeister ed wood had ever made a movie about a vampire , it probably would look a lot like this alarming production , adapted from anne rice's novel the vampire chronicles .","if legendary shlockmeister ed wood had ever made a movie about a vampire, it probably would look a lot like this alarming production, adapted from anne rice 's novel the vampire history.",POSITIVE,48,2,True
gussied up with so many distracting special effects and visual party tricks that it's not clear whether we're supposed to shriek or laugh .,gussied up with so many disquiet special effets and visual part y tricks that i t ' s no t crystalise wether we 're divinatory to shriek surgery laugh.,NEGATIVE,126,21,True
. . . surprisingly inert for a movie in which the main character travels back and forth between epochs .,. . . surprisingly inert for a move in which the main character travels back and forth between epochs.,NEGATIVE,23,1,True
"hypnotically dull , relentlessly downbeat , laughably predictable wail pitched to the cadence of a depressed fifteen-year-old's suicidal poetry .","hypnotically dense, relentlessly downbeat, laughably preictable wail pitched t o th e cadence of a deressed fifteen - year - old 's suicidal poetry.",NEGATIVE,54,6,True
"bravo for history rewritten , and for the uncompromising knowledge that the highest power of all is the power of love .","bravo for history rewritten, a nd for the uncompromising knowledge that the highest power of all is the power of lie with.",POSITIVE,31,2,True
"an elegant work , food of love is as consistently engaging as it is revealing .","an elegatn work, food o f lo ve is as consistently engagnig as it i$ revealing.",POSITIVE,48,6,True
odd and weird .,o dd and wei rd.,NEGATIVE,23,4,False
i kept wishing i was watching a documentary about the wartime navajos and what they accomplished instead of all this specious hollywood hoo-ha .,i kept wishing i was watching a documentary about the wartime navajos and what they fulfill instead of all thi$ secious hollywood ho o - ha.,NEGATIVE,139,26,False
crummy,crummy,NEGATIVE,9,1,False
"a sham construct based on theory , sleight-of-hand , and ill-wrought hypothesis .","a shan construct based on theory, sleight - of - hand, and i ll - wrought hypothesis.",NEGATIVE,29,3,True
a romantic comedy enriched by a sharp eye for manners and mores .,a romantic comedy enricehd by a shrill ey e for maners a nd mores.,POSITIVE,38,5,True
an old-fashioned drama of substance about a teacher's slide down the slippery slope of dishonesty after an encounter with the rich and the powerful who have nothing but disdain for virtue .,an old - fashioned drama of substance abuot a teacher 's slide down the slippery slope of dishonesty after an encounter with the rich and the powerful who have nothing but disdain for virtue.,POSITIVE,41,1,True
"here's my advice , kev . start reading your scripts before signing that dotted line .","here's my advice , kev . part reading material your scripts ahead signal that dotted lime.",NEGATIVE,60,10,False
"even if it pushes its agenda too forcefully , this remains a film about something , one that attempts and often achieves a level of connection and concern .","e ven if it pushes its agenda too forcfully, this remains a fi lm about something, one that attempts and often achieves a level of connection and concern.",POSITIVE,45,5,True
you don't have to be an especially tough grader to give a charitable b-minus to the emperor's club .,you do n' t have to be an especially tough grader to give a charitabel b - minus to the emperor ' s club.,NEGATIVE,125,23,False
"oft-described as the antidote to american pie-type sex comedies , it actually has a bundle in common with them , as the film diffuses every opportunity for a breakthrough","oft - described as the antidote to american pie - type sex comedies, i t actually has a bundle in common with them, as the film diffuses every opportunity for a breakthrough",POSITIVE,38,2,True
a mixed bag of a comedy that can't really be described as out of this world .,a mixe d bag of a cmoedy that ca n 't rattling be described as out of this world.,NEGATIVE,99,18,False
"starts off with a bang , but then fizzles like a wet stick of dynamite at the very end . it's still worth a look .","starts off with a bang , but then fizzles like a wet stick of dynamite at the very end . it 's still w orth a look.",POSITIVE,12,1,True
it's a masterpiece .,it 's a mastepiece.,POSITIVE,10,1,True
"the premise for this kegger comedy probably sounded brilliant four six-packs and a pitcher of margaritas in , but the film must have been written . . . in the thrall of a vicious hangover .","the premise for this kegger comedy probably sounded brilliant four six - packs and a pitcher of margaritas in, but the film mst rich person ben drop a line... in the thrall of a vicious hangover .",NEGATIVE,69,7,True
the film's stagecrafts are intimate and therefore bolder than the otherwise calculated artifice that defines and overwhelms the film's production design .,the film 's stagecrafts are intimate and therefore bodler th an the otherwise calculated artifice that defines and overwhelms the film 's production design.,POSITIVE,33,2,True
it's refreshing to see a romance this smart .,it 's refreshing t o $ee a romance this snart.,POSITIVE,25,4,True
"in the end , the film feels homogenized and a bit contrived , as if we're looking back at a tattered and ugly past with rose-tinted glasses .","in the close, the film feel s homogenised and a bit contived, @s i f we 're looking back at a shattered and horrifying past with rose - tinted glsses.",NEGATIVE,125,23,True
it's like an all-star salute to disney's cheesy commercialism .,it 's li ke an all - star salute to disney 's chesey commercialism.,NEGATIVE,23,2,True
"dazzles with its fully-written characters , its determined stylishness ( which always relates to characters and story ) and johnny dankworth's best soundtrack in years .","bedazzle wth its fully - written characters, its determined stlishness ( which always relates to characters and story ) @nd Rebel dankworth ' s b est soundtrack in ye ars.",POSITIVE,69,8,True
a gripping documentary that reveals how deep the antagonism lies in war-torn jerusalem .,a grippng documentary t hat rev3als how deep the antagonism lies in war - torn jrusalem.,POSITIVE,36,5,True
"all in all , a great party .","all in all, a greta p@rty.",POSITIVE,21,3,True
"a reminder that beyond all the hype and recent digital glitz , spielberg knows how to tell us about people .","a reminder that beoynd all the hype and recent digital glitz, spielberg kn0ws h ow to tell us about people.",POSITIVE,48,6,True
"this version's no classic like its predecessor , but its pleasures are still plentiful .","th1s rendering ' s no classic like its predcessor, but information technology pleasures are still plentiful.",NEGATIVE,41,5,True
"time literally stops on a dime in the tries-so-hard-to-be-cool "" clockstoppers , "" but that doesn't mean it still won't feel like the longest 90 minutes of your movie-going life .","time literally stops on a dime in the tries - so - h ard - to - be - cool "" clockstoppers, "" but tat does n't mean it still wo n't feel like t he longets 90 arcminute o f your movei - goin g life.",NEGATIVE,99,11,True
"infidelity drama is nicely shot , well-edited and features a standout performance by diane lane .","infidelity dram@ 1s niely shot, wel - edited a nd features a standout perofrmance by diane lne.",POSITIVE,64,12,True
"what's most offensive isn't the waste of a good cast , but the film's denial of sincere grief and mourning in favor of bogus spiritualism .","wat 's most offensive is n't the w aste of a good cast, but the film ' s denil of sincere grief and mourning in favor of bogu s spiritualism.",NEGATIVE,83,11,True
"how on earth , or anywhere else , did director ron underwood manage to blow $100 million on this ?","h ow o n earth, o r aywhere el$e, coiffure director Daffo underwood manage to bow $ 100 million on this?",NEGATIVE,103,19,True
lacks the inspiration of the original and has a bloated plot that stretches the running time about 10 minutes past a child's interest and an adult's patience . but it also has many of the things that made the first one charming .,lacs the stirring of the original and has a bl0ated plot that stretches the running time about 10 minutes pa st a child 's interest and an adult 's patience. but it also has many of the things that made the first one charming .,NEGATIVE,50,4,True
"like schindler's list , the grey zone attempts to be grandiloquent , but ends up merely pretentious -- in a grisly sort of way .","like schindler ' s li st, the gey zone @ttempts t o b3 grandiloquent, but last up merley pret3ntious - - Indiana a grsly srt of fashion.",NEGATIVE,143,26,False
"every now and again , a movie comes along to remind us of how very bad a motion picture can truly be . frank mcklusky c . i . is that movie !","every now and again, a movie comes along to remind us of how very ba d a motion picture can truly be. frank mcklusky c . i . is that movie !",NEGATIVE,29,1,True
"fails to satisfactorily exploit its gender politics , genre thrills or inherent humor .","fai1s to satisfactorily exploit its gender politics, genre thrills o r inherent humor.",NEGATIVE,23,2,True
"the angst-ridden , affluent slacker characters are more grating than engaging .","the angst - ridden, affluent sacker chaacters are more rankle thn engaging.",NEGATIVE,44,6,True
"its use of the thriller form to examine the labyrinthine ways in which people's lives cross and change , buffeted by events seemingly out of their control , is intriguing , provocative stuff .","it s use 0f the thriller form t0 examine the labyrinthine ways in which people 's lives cross and change, buffeted by upshot seemingly out of their control, 1s intrgiuing, provocatve stuff.",POSITIVE,83,13,True
the solid filmmaking and convincing characters makes this a high water mark for this genre .,the s0lid filmmaking amd convincing characters ma kes this a high water m ark for this genre.,POSITIVE,35,4,True
"ryosuke has created a wry , winning , if languidly paced , meditation on the meaning and value of family .","rysouke has created a wry, wininng, if languidly pa ced, med1tation 0n the meaning a nd val ue of fmily.",POSITIVE,77,15,True
plays like a bad blend of an overripe episode of tv's dawson's creek and a recycled and dumbed-down version of love story .,p lays l ike a uncollectible blend of an overrip3 episode of t v ' s dawson ' s brook and a recycld and dubed - don version of love life story.,NEGATIVE,109,18,True
"enough is not a bad movie , just mediocre . the performances are so overstated , the effect comes off as self-parody .","enugh i s not a bad movie, j ust medioce. t he perforamnces are so exaggerated, the essence issue forth off a s se lf - parody.",NEGATIVE,109,19,True
". . . very funny , very enjoyable . . .",". . . ver y funny, v ery enjoyab1e...",POSITIVE,25,4,True
"an energizing , intoxicating documentary charting the rise of hip-hop culture in general and the art of scratching ( or turntablism ) in particular .","Associate in Nursing energizimg, pick up docmuentary charting th e rise of h ip - hop culture in general and the ar t of scratching ( or turntablism ) in particular.",POSITIVE,62,8,True
"jirí hubac's script is a gem . his characters are engaging , intimate and the dialogue is realistic and greatly moving . the scope of the silberstein family is large and we grow attached to their lives , full of strength , warmth and vitality . .","jirí hubac's script is a gem . his charcaters ar e enagging, intimate an d the dialogu3 is raelistic amd gre@tly movng. the scope of the silberstein family is large and we grow attached to their lives , full of strength , warmth and vitality . .",POSITIVE,263,48,False
"sometimes this modest little number clicks , and sometimes it doesn't .","sometimes this modest litle nuber clikcs, an d sometimes i t does n' t.",NEGATIVE,48,8,True
"about as enjoyable , i would imagine , as searching for a quarter in a giant pile of elephant feces . . . positively dreadful .","about a s enjoyable, i would imagine, as searching for a quarter in a giant pile of elephant feces... posiively dre@dful.",NEGATIVE,43,4,True
a little weak -- and it isn't that funny .,a little fallible - - and i t i s n' t th at funy.,NEGATIVE,61,11,False
"from beginning to end , this overheated melodrama plays like a student film .","from beginning to end, this ovrheated melodrama play s like a scholarly person film.",NEGATIVE,34,4,True
"just another disjointed , fairly predictable psychological thriller .","precisely anoter disjointed, fairly predicable psychological thriller.",NEGATIVE,30,5,True
'like a child with an important message to tell . . . [skins'] faults are easy to forgive because the intentions are lofty . ','like a child with an important message to tell . . . [ skims ' ] faults are easy to forgive becuse th e intentions are lofty. ',NEGATIVE,40,8,True
"a graceless , witless attempt at mating some like it hot with the wwii espionage thriller .","a graceless, witelss attenpt at mating some like it hot with the wwii espionage thriller.",NEGATIVE,29,2,True
the best film of the year 2002 .,t he outflank film of the year 2002.,POSITIVE,17,2,True
"does a good job of establishing a time and place , and of telling a fascinating character's story .","does a goo d jo b of establishing a time and place, amd of telling a fscinating character 's story.",POSITIVE,40,5,True
"if you thought tom hanks was just an ordinary big-screen star , wait until you've seen him eight stories tall .","if you thought tom hanks was just an ordinary big - screen star, w ait unil you 've seen him e1ght stories tall.",NEGATIVE,38,3,True
"at its best , it's black hawk down with more heart . at its worst , it's rambo- meets-john ford .","at its best, it ' s blakc war hawk dow n with more heart. at its worst , it's rambo- meets-john ford .",POSITIVE,55,10,True
it treats ana's journey with honesty that is tragically rare in the depiction of young women in film .,it treats ana 's journey with Lunaria annua t hat is tragically rare in the depiction of young women in film.,POSITIVE,29,2,True
"very well made , but doesn't generate a lot of tension .","very well made, but does n't geneate a lot of tension.",NEGATIVE,18,1,True
a deep and meaningful film .,a deep and meanngful film.,POSITIVE,11,1,True
it's one thing to read about or rail against the ongoing - and unprecedented - construction project going on over our heads . it's quite another to feel physically caught up in the process .,it 's on e t hing to read about o r rail against the ongoing - and unprecedented - construction project going on ove r our heads. it's quite another to feel physically caught up in the process .,NEGATIVE,44,4,True
kapur's contradictory feelings about his material result in a movie that works against itself .,kapur 's contradictory feelings about his material result in a movie that works aainst itself.,NEGATIVE,21,1,True
"terminally bland , painfully slow and needlessly confusing . . . the movie , shot on digital videotape rather than film , is frequently indecipherable .","termnially smooth, painully easy a nd needessly confsuing... the movie, shot on digital videotape rather than film, is frequently inecipherable.",NEGATIVE,72,12,True
no telegraphing is too obvious or simplistic for this movie .,no telegraphing is too obvious or simlistic for this move.,NEGATIVE,47,8,True
the gags that fly at such a furiously funny pace that the only rip off that we were aware of was the one we felt when the movie ended so damned soon .,the gags that fly at such a furiously fnny pace that the only rip off that we were aware of was the one we felt when the movie ended so damned soon.,POSITIVE,38,1,True
"feels at times like a giant commercial for universal studios , where much of the action takes place .","tactile property at times like a giant commrcial for universal studios, wher e much of the action takes place.",NEGATIVE,38,4,True
"mr . deeds is not really a film as much as it is a loose collection of not-so-funny gags , scattered moments of lazy humor .","mr. deeds is n ot really a film as much as i t i s a 1oose c0llection o f mot - so - funny story jest, sctatered moments of lazy humor.",NEGATIVE,87,14,True
"godard has never made a more sheerly beautiful film than this unexpectedly moving meditation on love , history , memory , resistance and artistic transcendence .","godard ha s ne'er made a m0re sheerly beautiufl film than ths unexpectedly moivng speculation on lo ve, history, memory, resistance and artistic transcendence.",POSITIVE,71,10,True
with its parade of almost perpetually wasted characters . . . margarita feels like a hazy high that takes too long to shake .,with IT march o f most perpetully w@sted charactesr... margarita feels like a hazy high that takes also l ong to shake.,NEGATIVE,78,13,True
"over-the-top and a bit ostentatious , this is a movie that's got oodles of style and substance .","over - the - top and a bit ostentatious, this is a movie that 's go t oodles of style and substance.",POSITIVE,27,1,True
"bursting through the constraints of its source , this is one adapted- from-television movie that actually looks as if it belongs on the big screen .","burstign through the constraints of its source, this is one adapted- from - television movie that actually looks as if it beongs on the big screen.",POSITIVE,38,2,True
it asks nothing of the audience other than to sit back and enjoy a couple of great actors hamming it up .,it asks mothing of the audience other than to sit back and ejnoy a couple of g reat actors hamming it up.,POSITIVE,36,3,True
"if you are an actor who can relate to the search for inner peace by dramatically depicting the lives of others onstage , then esther's story is a compelling quest for truth .","if yo u are an actor who can relate to the search for inner peace by dramatically depicting the lives of others onstage, then esther 's story is a obligate quest for truth.",POSITIVE,48,3,True
about as big a crowdpleaser as they possibly come .,about as b ig a crowdpleaer as they possibly come.,POSITIVE,19,2,True
a solid film . . . but more conscientious than it is truly stirring .,a $olid fi lm... but more conscientious than it is truly stirring .,POSITIVE,17,3,True
"at a time when we've learned the hard way just how complex international terrorism is , collateral damage paints an absurdly simplistic picture .","at a time when we ' ve learned the hard room just how complex international terrorism is, collateral damae paints an absurdy simplistic picture.",NEGATIVE,141,25,False
"a surprisingly flat retread , hobbled by half-baked setups and sluggish pacing .","a surprisingly level rteread, hobbed b y one-half - parched setup a nd slgugish pacng.",NEGATIVE,77,15,False
"what is 100% missing here is a script of even the most elemental literacy , an inkling of genuine wit , and anything resembling acting .","what is 100 % escape here is a script of even the most elemental literacy, an inkling of genuine wit, and anything resembling acting.",NEGATIVE,35,1,True
it's neither as romantic nor as thrilling as it should be . but it offers plenty to ponder and chew on as its unusual relationship slowly unfolds .,it's neither as romantic nor as thrilling as it should be . but it off3rs plenty to ponder and chew on a s its unusual relationship slowly unfolds.,POSITIVE,31,3,True
morvern rocks .,morvern ro cks.,POSITIVE,7,1,True
"and if you appreciate the one-sided theme to lawrence's over-indulgent tirade , then knock yourself out and enjoy the big screen postcard that is a self-glorified martin lawrence lovefest . if you are willing to do this , then you so crazy !","and 1f you appreciate the one - sided theme to lawrence 's over - indulgent tirade, then knok yourself out and enjoy the big screen postcadr that is a self - glorified martin lawrence lovefest. if you are willing to do this , then you so crazy !",NEGATIVE,53,3,True
"the country bears has no scenes that will upset or frighten young viewers . unfortunately , there is almost nothing in this flat effort that will amuse or entertain them , either .","the country bears has no scenes that will upset or frighten young viewers . unfortunately, there is almost noting in this flat effrt that will amuse o r entertain them, either.",NEGATIVE,40,4,True
"ensemble movies , like soap operas , depend on empathy . if there ain't none , you have a problem .","esnemble movies, like soap operas, depend on empathy. if there ain't none , you have a problem .",POSITIVE,18,1,True
"long before it's over , you'll be thinking of 51 ways to leave this loser .","tenacious earlier it 's over, you 'll be thinking of 51 ways to lea ve thi s lo ser.",NEGATIVE,46,5,True
a compelling motion picture that illustrates an american tragedy .,a cmpelling motion pcture tha t illustrates an american tragedy.,POSITIVE,29,4,True
"the x potion gives the quickly named blossom , bubbles and buttercup supernatural powers that include extraordinary strength and laser-beam eyes , which unfortunately don't enable them to discern flimsy screenplays .","the x potion gives the quickly named blossom, bubbles and buttercup supernatural powers that include extraordinary strength and laser - beam eyes, which unfortunately do n't enable them to discern flimsy screenplays.",POSITIVE,39,1,True
"a shame that stealing harvard is too busy getting in its own way to be anything but frustrating , boring , and forgettable .","a shame that stealing harvard is too busy getting in its own way to be anything but frustrating, boring, and frgettable.",NEGATIVE,29,1,True
"in a 102-minute film , aaliyah gets at most 20 minutes of screen time . . . . most viewers will wish there had been more of the "" queen "" and less of the "" damned . ""","in a 102-minute film , aaliyah gets at most 20 minutes of screen time . . . . most viewers will w1sh there had been to a greater extent o f the "" queen "" and l ess of the "" damned. """,NEGATIVE,43,6,True
ferrara directs the entire film with the kind of detachment that makes any given frame look like a family's custom-made christmas card .,ferrara directs the entire film w ith the kin d of detachment that makes any given frame look like a family 's custom - made christmas card.,POSITIVE,40,3,True
"as a movie , it never seems fresh and vital . it never plays as dramatic even when dramatic things happen to people . it labours as storytelling .","as a moive, i t never seesm unfermented and vital. it never plays as dramatic even when dramatic things happen to people . it labours as storytelling .",NEGATIVE,35,5,True
first-time director joão pedro rodrigues' unwillingness to define his hero's background or motivations becomes more and more frustrating as the film goes on .,first - time director joão pedro rordigues ' unwillingness to deine his hero ' s setting o r motivtions becomes more and more than frustratng as the film goes on.,NEGATIVE,76,9,True
winds up feeling like lots of other quirky movies that try to score hipness points with young adults .,wi nds astir feeling like lots of other quirky movies that try t0 score hipness points with young adults.,NEGATIVE,37,3,True
you don't have to know about music to appreciate the film's easygoing blend of comedy and romance .,y ou do n't have to know about music to appreciate the film 's easygoing bl end of comedy and romance.,POSITIVE,34,3,True
vampire epic succeeds as spooky action-packed trash of the highest order .,vampire epic succeeds as spooky action - packed trash of t he highest order.,POSITIVE,18,1,True
"while it has definite weaknesses -- like a rather unbelievable love interest and a meandering ending -- this '60s caper film is a riveting , brisk delight .","whil3 it has definite weaknesses -- like a rather unbelievable love interest and a meandering ending -- this ' 60s caper film i s a riveting, br isk deliht.",POSITIVE,53,5,True
eckstraordinarily lame and severely boring .,eckstraordinarily halting an d severely boing.,NEGATIVE,35,6,False
"often overwrought and at times positively irritating , the film turns into an engrossing thriller almost in spite of itself .","often overwrought and at times pos1tively irritating, the film turns into an engrossing thriller almost in spite of itself.",POSITIVE,28,1,True
"boy oh boy , it's a howler .","boy Ohio boy, it '$ a howler.",POSITIVE,45,9,False
"made-up lampoons the moviemaking process itself , while shining a not particularly flattering spotlight on america's skin-deep notions of pulchritude .","made - up satirise the film making process itself, while shining a not particul@rly flattering spotlight on america 's skin - deep notions of pulchritude.",NEGATIVE,50,6,True
"on its icy face , the new film is a subzero version of monsters , inc . , without the latter's imagination , visual charm or texture .","on its icy face, the new film is a subzero version of monsters, inc., withuot the latter 's imagination, visual charm o r texture.",NEGATIVE,38,2,True
"a real winner -- smart , funny , subtle , and resonant .","a re al w1nner -- smart, fu nny, subtle, @nd re$onant.",POSITIVE,41,9,True
insufferably naive .,insufferably navie.,NEGATIVE,17,3,False
"obvious , obnoxious and didactic burlesque .","obv1ous, onboxious and didactical burlesque.",NEGATIVE,37,7,False
a mimetic approximation of better films like contempt and 8 1/2 .,a m1metic approximaion o f bettre fi1ms alike despite an d 8 1 /2.,NEGATIVE,63,12,False
"<em>ash wednesday</em> is not edward burns' best film , but it is a good and ambitious film . and it marks him as one of the most interesting writer/directors working today .","< em > ash wednesday</em > is not edward burns ' best film, b ut it is a good and ambitious film. and it maks him as one of the almost ineresting wrtier / direcors wroking today.",POSITIVE,117,17,True
michel piccoli's moving performance is this films reason for being .,michel piccoli 's noving performance is this films reason for being.,POSITIVE,19,1,True
"[dong] makes a valiant effort to understand everyone's point of view , and he does such a good job of it that family fundamentals gets you riled up .","[ dong ] makes a vlaiant effort to understand everyone 's point of view, and he does such a goo d job of it that family fundamentals gets y ou riled up.",POSITIVE,46,3,True
calculated swill .,calcualted swlil.,NEGATIVE,17,3,False
"from the choppy editing to the annoying score to 'special effects' by way of replacing objects in a character's hands below the camera line , "" besotted "" is misbegotten","from th e jerky editing to the devil scoer to ' exceptional efefcts ' b y way of replaing aim in a character ' s custody belw t he caemra lie, "" besotted "" i s misbegotten",NEGATIVE,177,33,False
[a] real pleasure in its laid-back way .,[ a ] real plesaure in its lai d - back way.,POSITIVE,22,3,True
"apparently , romantic comedy with a fresh point of view just doesn't figure in the present hollywood program .","apparently, romantic comedy with a fresh point of view only does n' t figuer in the present hollywood program.",NEGATIVE,47,6,True
"a recent favourite at sundance , this white-trash satire will inspire the affection of even those unlucky people who never owned a cassette of def leppard's pyromania .","a recent favorite at sundance, this whit e - trash satire bequeath isnpire the affectino of even those unlucky people who never owned a cassette of def leppard 's pyromania.",POSITIVE,61,7,True
director boris von sychowski instead opts for a routine slasher film that was probably more fun to make than it is to sit through .,director boris von sychowski instead opts for a routine slasher film that constitute plausibly more fun to mae than it is to s it through.,NEGATIVE,44,4,True
"the screenplay , co-written by director imogen kimmel , lacks the wit necessary to fully exploit the comic elements of the premise , making the proceedings more bizarre than actually amusing .","the screenplay, co - writtn b y director imogen kimmel, lcaks the wit necessary to fully exploit the comic elements of the preimse, making the proceedings mor e bizarre tan actually amusing.",NEGATIVE,120,19,True
"it's all stitched together with energy , intelligence and verve , enhanced by a surplus of vintage archive footage .","it 's all stitched together wth push, intelligence a nd vreve, enhancde by a surplus of vintage archive footage.",POSITIVE,50,6,True
dignified ceo's meet at a rustic retreat and pee against a tree . can you bear the laughter ?,dignified ceo 's meet at a rustic retreat an d urine against a tree. can you bear the laughter ?,NEGATIVE,24,2,True
"if h . g . wells had a time machine and could take a look at his kin's reworked version , what would he say ? 'it looks good , sonny , but you missed the point . '","if h . g . wells had a time machine and could take a look at his kin's reworked version , what would he say ? ' it lo oks good, sonny, but you msised th e point. '",NEGATIVE,31,3,True
has something to say . . . but it is a statement and issue worthy of a much more thoughtfulness and insight than a melodramatic and wholly predictable thriller .,has smoething to say... but it is a stateent and issue worthy of a much more thoughtfulness and insight tan a melodramatic and wholly predictable thrliler.,POSITIVE,70,10,True
on the right track to something that's creepy and effective . . . it's just going to take more than a man in a bullwinkle costume to get there .,on the right track to something t hat 's creepy an d effecive... it's just going to take more than a man in a bullwinkle costume to get there .,POSITIVE,34,4,True
"a movie more to be prescribed than recommended -- as visually bland as a dentist's waiting room , complete with soothing muzak and a cushion of predictable narrative rhythms .","a movie more to be prescribed than recommended -- as visually blan d a s a dentist 's waiting room, complete with soothing muzka and a cushion of predictable narrative rhythms.",NEGATIVE,45,3,True
a woman's pic directed with resonance by ilya chaiken .,a woman 's pic directed w ith resomance by ilya chaiken.,POSITIVE,20,2,True
not since ghostbusters has a film used manhattan's architecture in such a gloriously goofy way .,not since ghostbusters has a film used manhattan 's architecture in such a glriously goofy wa y.,POSITIVE,31,3,True
"for a film that celebrates radical , nonconformist values , what to do in case of fire ? lazily and glumly settles into a most traditional , reserved kind of filmmaking .","for a film that celebrates radical , nonconformist values , what to do in case of fire ? lazily and gumly settles into a most traditional, reserved kind of filmmaking.",NEGATIVE,20,1,True
the mothman prophecies is best when illustrating the demons bedevilling the modern masculine journey .,the mothman prophecies is outflank when illustrating the demons bedevilling the modern masculine journey.,POSITIVE,23,1,True
"critics need a good laugh , too , and this too-extreme-for-tv rendition of the notorious mtv show delivers the outrageous , sickening , sidesplitting goods in steaming , visceral heaps .","critics need a good laugh, too, and this too - extreme - fo r - tv rendition of the notorious mtv show delivers the outrageous, sickening, sidesplitting goods in steaming, viscearl heaps.",POSITIVE,57,5,True
an uneven look into a grim future that doesn't come close to the level of intelligence and visual splendour that can be seen in other films based on philip k . dick stories .,an uenven look into a grim future that does n't come close to the level of intellgence and visual splendour that can be seen in other films based on philip k. dick stories .,NEGATIVE,49,3,True
one thing you have to give them credit for : the message of the movie is consistent with the messages espoused in the company's previous video work .,one thing you have to give them credit for : the message of the movie is conistent with the messages espoused in the company 's previous video work.,POSITIVE,34,1,True
"there's not much more to this adaptation of the nick hornby novel than charm -- effortless , pleasurable , featherweight charm .","there 's not much more to this adaptation of the nick hornby novel than tempt -- effortless, pleasurable, featherweight c harm.",POSITIVE,32,2,True
"a sensitive , modest comic tragedy that works as both character study and symbolic examination of the huge economic changes sweeping modern china .","a medium, mode$t co mic tragedy tht wor ks as both character stud y and symbolic examination of the huge economic changes sweeping modern china.",POSITIVE,75,12,True
"a thoughtful , provocative , insistently humanizing film .","a thoguhtful, prvoocative, insistently humanizing fil m.",POSITIVE,23,3,True
""" juwanna mann ? "" no thanks . wewannour money back , actually .",""" juwanna mann ? "" no thanks . wewannour m oney back, actually.",NEGATIVE,12,1,True
"it's hard to fairly judge a film like ringu when you've seen the remake first . many of the effective horror elements are dampened through familiarity , [yet] are worthwhile .","it's hard to fairly judge a film like ringu when you've seen the remake first . many o f the efective horror elements are dampened through familiarity, [ yet ] are wotrhwhile.",POSITIVE,56,11,True
"it's just disappointingly superficial -- a movie that has all the elements necessary to be a fascinating , involving character study , but never does more than scratch the surface .","it 's just disappointingly superficial -- a movie that has all the elements necessary to be a fascinating, involving character study, but never does more thn scratch the surface.",NEGATIVE,37,1,True
"though the violence is far less sadistic than usual , the film is typical miike : fast , furious and full of off-the-cuff imaginative flourishes .","thouh the violence is far less sadistic than usual, the film is typical miike : fast, furious and fu ll of off - the - cuf f iamginative flourishes.",POSITIVE,49,4,True
. . . a bland murder-on-campus yawner .,. . . a suave murder - on - camus ywaner.,NEGATIVE,42,9,False
both damning and damned compelling .,both damning and damned complling.,POSITIVE,11,1,True
"dialogue-heavy and too cerebral for its own good -- or , at any rate , too cerebral for its racy subject matter .","talks - hevy and t0o cerebral for its o wn good - - or, at any pace, to o cerebrl fo r IT racy subject matter.",NEGATIVE,97,17,True
"who is the audience for cletis tout ? anybody who enjoys quirky , fun , popcorn movies with a touch of silliness and a little bloodshed .","who is the audience for cletis tout ? anybody who enjoys quirky, fun, popcorn movies with a to uch of silliness and a little bloodshed.",POSITIVE,24,1,True
sade is an engaging look at the controversial eponymous and fiercely atheistic hero .,sade is an engaing loo k at the controversial eponymous and fiercely atheistic hero.,POSITIVE,23,2,True
deserves high marks for political courage but barely gets by on its artistic merits .,deserves high mar ks for politica1 courage bu t barely gts by on its artistic merits.,NEGATIVE,49,7,True
it's a fanboy 'what if ? ' brought to life on the big screen .,it's a fanboy 'what if ? ' borught to li fe on the big screen.,POSITIVE,20,2,True
the gantzes' interviews tend to let the guys off the hook .,the ganzes ' interviews ted to lease the guy s of f the hook.,NEGATIVE,52,8,True
"as green-guts monster movies go , it's a beaut .","as green - guts monster movies go, i t 's a bea ut.",POSITIVE,22,2,True
"hip-hop has a history , and it's a metaphor for this love story .","hip - hop has a hstory, and it 's a metaphor for this loe story.",POSITIVE,27,2,True
"unlike most teen flicks , swimming takes its time to tell its story , casts mostly little-known performers in key roles , and introduces some intriguing ambiguity .","unlike most teen flicks, swimming takes its time to tell its story, casts mostly little - known performers in key roles, and introduces some itnriguing ambiguity.",POSITIVE,36,1,True
makes an aborbing if arguable case for the man's greatness .,makes an aborbing if arguable case fo r the m@n 's greatness.,NEGATIVE,26,3,True
"a truly moving experience , and a perfect example of how art -- when done right -- can help heal , clarify , and comfort .","a truly displace experience, and a arrant example of how art -- when done right -- can help heal, clarify, and comfort.",POSITIVE,39,2,True
it's hard to imagine that even very small children will be impressed by this tired retread .,it 's hard to imagine that even very small children will be impressed by thi s tire d make over.,NEGATIVE,32,3,True
"not so much a movie as a picture book for the big screen . this isn't my favorite in the series , still i enjoyed it enough to recommend .","not so much a movie as a picture book for the big screen . this is n't my favorite in the series, still i enjyoed i t enough to recommend.",POSITIVE,32,3,True
"it's a setup so easy it borders on facile , but keeping the film from cheap-shot mediocrity is its crack cast .","it 's a setup so easy it borders on facile, but keeping the film from cheap - shot mediocrity 1s its c rack cast.",POSITIVE,34,2,True
this overproduced piece of dreck is shockingly bad and absolutely unnecessary . hmmmmight i suggest that the wayward wooden one end it all by stuffing himself into an electric pencil sharpener ?,ths overproduce peice of derck live shckingly speculative and absoutely unneeded. hmm power i suggest t hat the wayward wodoen ace 3nd it @ll b y stuffimg himeslf 1nto an electric penicl sharpeenr?,NEGATIVE,191,33,False
"though howard demonstrates a great eye as a director , this southern gothic drama is sadly a tough sit , with an undeveloped narrative and enough flashbacks and heavy-handed metaphors to choke a horse -- or at least slow him down to a canter .","tohugh howard demonstrates a great eye as a director, this southern gothic drama i s sadyl a tough sit, with an undeveloped narrative and enough flashbacks and heavy - handed metaphors to choke a horse -- or at least slow him down to a canter.",NEGATIVE,62,4,True
""" i blame all men for war , "" [the warden's daughter] tells her father . the movie is about as deep as that sentiment .",""" i blame all men for war , "" [the warden's daughter] tells her father . the movie is a bout as deep as that sentiment.",NEGATIVE,15,1,True
a sobering and powerful documentary about the most severe kind of personal loss : rejection by one's mother .,a sobering and poerful docmuentary ab out the most severe kind of personal loss : rejection by one 's mother.,POSITIVE,34,3,True
"nine queens is not only than a frighteningly capable debut and genre piece , but also a snapshot of a dangerous political situation on the verge of coming to a head .","nine queens is n ot merely than a frighteningly capable debut and genre piece, but als o a snapshot of a dangerous political situation on the verge of coming to a head.",POSITIVE,56,5,True
"there's a persistent theatrical sentiment and a woozy quality to the manner of the storytelling , which undercuts the devastatingly telling impact of utter loss personified in the film's simple title .","there 's a persistent theatrical sentiment and a wooz y quality to the manner of the storytelling, which undercuts the devastatingly telling impact of thoroughgoing los s p3rsonified im the film 's simple title.",NEGATIVE,191,34,False
rarely have i seen a film so willing to champion the fallibility of the human heart .,rarely have i s3en a film so willing to campion the fallibility of the human heart.,POSITIVE,29,2,True
"the people in abc africa are treated as docile , mostly wordless ethnographic extras .","the multitude in a bc afica are treated vitamin A docile, mostly wordess ethnographical extras.",NEGATIVE,85,15,False
quitting offers piercing domestic drama with spikes of sly humor .,quitting off3rs p1ercing domestic drama with spikes of sly hum or.,POSITIVE,25,3,True
a documentary to make the stones weep -- as shameful as it is scary .,a documentary t o make the stones weep - - a s shameful vitamin A it is scary.,NEGATIVE,34,4,True
there is only so much baked cardboard i need to chew .,there is only s o mu ch baked unlifelike i need to chew.,NEGATIVE,67,12,False
norton is magnetic as graham .,norton is magntic as graham.,POSITIVE,11,1,True
that it'll probably be the best and most mature comedy of the 2002 summer season speaks more of the season than the picture,that it 'll probably be the b est and most mature comedy of the 2002 summer season speaks more of the season than the picture,POSITIVE,28,1,True
nothing is sacred in this gut-buster .,zilch is sacred in this gut - buster.,NEGATIVE,17,1,True
"although it bangs a very cliched drum at times , this crowd-pleaser's fresh dialogue , energetic music , and good-natured spunk are often infectious .","athough it bangs a very cliched drum at times, this crowd - pleaser 's fresh dialogue, energetic music, and goo d - natured spunk are often infectius.",POSITIVE,45,4,True
"the film is just a big , gorgeous , mind-blowing , breath-taking mess .","the film is just a bi g, gorgeous, mind - blowing, breath - taking mess.",POSITIVE,22,1,True
"the story itself it mostly told through on-camera interviews with several survivors , whose riveting memories are rendered with such clarity that it's as if it all happened only yesterday .","the story itself it mostly told through on - camera interviews with several survivors, whose riveting memories a re rendred with such c1arity that it 's as if it all happened only yesterday.",POSITIVE,48,3,True
like leafing through an album of photos accompanied by the sketchiest of captions .,l ike foliation thrugh an record album of picture accompnied by the sketchest of captiosn.,NEGATIVE,83,14,False
"despite its lavish formalism and intellectual austerity , the film manages to keep you at the edge of your seat with its shape-shifting perils , political intrigue and brushes with calamity .","despite its lavish formalism and intellectual austerity, the film managse to ke ep you at the edge of your seat with its shape - shifting perils, political intrigue and brushe$ with calamity.",POSITIVE,49,4,True
"a thoroughly enjoyable , heartfelt coming-of-age comedy .","a thoroughyl emjoyable, hearteflt coimng - o f - ag e coemdy.",POSITIVE,55,12,False
"its maker , steven spielberg , hasn't had so much fun in two decades , since he was schlepping indiana jones around the globe in search of a giant misplaced ashtray .","its maker, steven spielberg, has n 't had so much fun in two decades, since he was schlepping indiana jones around the globe in search of a giant misplaecd ashrtay.",NEGATIVE,49,3,True
a movie that reminds us of just how exciting and satisfying the fantasy cinema can be when it's approached with imagination and flair .,a movie that reimnds us of just ho w exciting an d sati$fying the fantasy cinema can be when it 's approached with imagination and flir.,POSITIVE,50,5,True
suffocated at conception by its munchausen-by-proxy mum . punish the vehicle to adore the star .,smother atomic number 85 concept by i ts Munchhausen - by - proxy mu m. punish t he vehicle to adore the stellar.,NEGATIVE,88,15,True
"impostor can't think of a thing to do with these characters except have them run through dark tunnels , fight off various anonymous attackers , and evade elaborate surveillance technologies .","impostor Golden State n't t hink of a thing to d o with thsee charactes except have t hem bleed through and through dark tunnel, fight off vraious anonymous attakers, and evdae elaborate surveillance technology.",NEGATIVE,179,32,False
"it's not original , and , robbed of the element of surprise , it doesn't have any huge laughs in its story of irresponsible cops who love to play pranks .","it 's not oirginal, and, robebd of the element of surprise, it des n't h ave an y huge laughter inwards IT story of irresponsible cops who love to play pranks.",NEGATIVE,100,15,True
mib ii is a movie that makes it possible for the viewer to doze off for a few minutes or make several runs to the concession stand and/or restroom and not feel as if he or she has missed anything . that's because relatively nothing happens .,m ib ii is a moive that maks it possible for the witness t o doz e off for a few arcminute or make several runs t o the concession stand and/or restroom and not feel as if h3 Beaver State she take misesd anythnig. that '$ beacuse comparatively nothig happens.,NEGATIVE,277,48,False
it's easy to love robin tunney -- she's pretty and she can act -- but it gets harder and harder to understand her choices .,it's easy to love robin tunney -- she's pretty and she can act -- but it gets harder and hrder to understand her choices.,NEGATIVE,22,1,True
"the actors are simply too good , and the story too intriguing , for technical flaws to get in the way .","the actors are simply too goo d, and the story too intriguing, for technical flaws to get in the way.",POSITIVE,26,1,True
"by the time you reach the finale , you're likely wondering why you've been watching all this strutting and posturing .","by the time you reach the finale, you 're likely inquire wh y you 've be en watching all this prance and posturing.",NEGATIVE,42,4,True
"for his first attempt at film noir , spielberg presents a fascinating but flawed look at the near future .","for his first attempt at film noir, spielberg presents a fascinatign but flawed loo k at the near future.",POSITIVE,29,2,True
get out your pooper-scoopers .,convey out your poopr - scoopers.,NEGATIVE,37,7,False
a cautionary tale about the folly of superficiality that is itself endlessly superficial .,a cautionary tale about the folly of superficiality that make up itsef endlessly superficial.,NEGATIVE,34,4,True
"sinks into the usual cafeteria goulash of fart jokes , masturbation jokes , and racist japanese jokes .","siks into t he common cafteria goulahs of break wind jo kes, masturbtion joes, an d r@cist jpanese jest.",NEGATIVE,97,18,True
"while some of the camera work is interesting , the film's mid-to-low budget is betrayed by the surprisingly shoddy makeup work .","whiel som e of the camera work is interesting, the film 's mid - to - low budget 1s betrayde away the surprisingly shdody makeup work.",NEGATIVE,60,7,True
"despite besson's high-profile name being wasabi's big selling point , there is no doubt that krawczyk deserves a huge amount of the credit for the film's thoroughly winning tone .","despite besson 's high - profile name being wasabi 's big selling point, there is n o doubt that krawczyk deserves a huge amount of the credit for the film 's thoroughly winnng tone.",POSITIVE,44,2,True
"as social exposé , skins has its heart in the right place , but that's not much to hang a soap opera on .","as social exposé, skins has its heart in the right place, but that 's not mu ch to hang a soap opera on.",NEGATIVE,29,1,True
"a different kind of love story - one that is dark , disturbing , painful to watch , yet compelling .","a different kind of love story - one that is dark, disturbing, painful to watch, yet copelling.",POSITIVE,26,1,True
the charms of the lead performances allow us to forget most of the film's problems .,the chamrs of the lead performances a1low us to forget most of the film 's problems.,POSITIVE,34,3,True
"combining quick-cut editing and a blaring heavy metal much of the time , beck seems to be under the illusion that he's shooting the latest system of a down video .","combining quick - cut editing and a blaring heavy metal much of the time, beck seems to be u nder the illusion that he 's shooting the latest system of a do wn video.",NEGATIVE,48,3,True
"a wry , affectionate delight .","a w ry, affectinate dlight.",POSITIVE,23,6,True
"with lines that feel like long soliloquies -- even as they are being framed in conversation -- max is static , stilted .","with lnies that feel 1ike lo ng soliloquies - - even as they are live framed in conversation - - max embody satic, stlited.",NEGATIVE,77,11,True
you have no affinity for most of the characters . nothing about them is attractive . what they see in each other also is difficult to fathom .,you experience atomic number 102 affinity for almost of the caracters. nothing near then i s attactive. what tey see in to each one other also i s dfficult t o fathom.,NEGATIVE,163,28,False
"though nijinsky's words grow increasingly disturbed , the film maintains a beguiling serenity and poise that make it accessible for a non-narrative feature .","thouh nijinsky 's words grow increasingly disturbed, the film maintains a beguiling serenity a nd poise tha t make it acessible for a non - narrative feature.",POSITIVE,56,6,True
the kind of nervous film that will either give you a mild headache or exhilarate you .,the kind of nervous film that will either give yo u a mild headache or exhilarate y0u.,POSITIVE,26,2,True
"mr . goyer's loose , unaccountable direction is technically sophisticated in the worst way .","mr. goyer 's loose, unaccountable direction is technically sophisticated in the wo rst way.",NEGATIVE,20,1,True
the film lapses too often into sugary sentiment and withholds delivery on the pell-mell pyrotechnics its punchy style promises .,the fim lapess too of ten int0 sugary sentiment and keep back delivry o n the pell - mell pyrotechnics its punchy style promises.,NEGATIVE,66,9,True
insanely hilarious ! i haven't laughed that hard in years !,inasnely screaming! i haven't laughed that hard in years !,POSITIVE,15,2,True
the emotions are raw and will strike a nerve with anyone who's ever had family trauma .,the emotions are r aw a nd wll strike a nerve with anyome w ho 's eve r had family trauma.,POSITIVE,47,6,True
"madonna has made herself over so often now , there's apparently nothing left to work with , sort of like michael jackson's nose .","madonna has made herself over so often now, there ' s apparently nothing left t o process with, so rt of like michael jackson ' s n ose.",NEGATIVE,71,10,True
it's like going to a house party and watching the host defend himself against a frothing ex-girlfriend . you don't want to call the cops . you want to call domino's .,it 's like decease to a family p arty and watching the host defend himself against a forthing ex - girlfriend. you don't want to call the cops . you want to call domino's .,NEGATIVE,48,6,True
"not only is undercover brother as funny , if not more so , than both austin powers films , but it's also one of the smarter , savvier spoofs to come along in some time .","not onl y is undercover brother as funny, if not more so, than both austin powers films, but i t 's also one 0f t he sm@rter, savvier spoofs to come along in some time.",POSITIVE,61,5,True
"the movie certainly has its share of clever moments and biting dialogue , but there's just not much lurking below its abstract surface .","the movie certainly has its share of clever moments and biting dialogue, b ut there 's just not muc h lurking below its abstract surface.",NEGATIVE,34,2,True
like other great documentaries . . . this goes after one truth ( the ford administration's complicity in tearing 'orphans' from their mothers ) and stumbles upon others even more compelling .,like other great documentaries . . . this goes after one truth ( the ford administration's complicity in tearing 'orphans' from their mothers ) and stumbles upon others even more compelling .,NEGATIVE,3,0,False
"the problem is the needlessly poor quality of its archival prints and film footage . the images lack contrast , are murky and are frequently too dark to be decipherable .","the probl3m comprise the n3edlessly por tone of IT archival publish and film footage. the images la ck contrast, ar e mur ky an d follow frequentyl t oo dark to be clear.",NEGATIVE,179,31,False
simply doesn't have sufficient heft to justify its two-hour running time .,just practise n' t h ave suffcient hef t to justiy 1ts t wo - hour running ti me.,NEGATIVE,85,15,False
fans of the modern day hong kong action film finally have the worthy successor to a better tomorrow and the killer which they have been patiently waiting for .,fans of the modren day hong kon g action film finally have the worhy $uccessor to a better tomorrow and the killer which they have been patiently waiting for.,POSITIVE,53,5,True
"it does give a taste of the burning man ethos , an appealing blend of counter-cultural idealism and hedonistic creativity .","it does give a taste of th e burning m an ethos, an appealimg blemd of counter - ethnical idealims an d hedonistic ceativity.",POSITIVE,67,9,True
"if the plot seems a bit on the skinny side , that's because panic room is interested in nothing more than sucking you inand making you sweat .","if the plot seems a bit on the skinny side, that 's because panic room is interested in nothing more than suckimg y ou in and making you sweat.",POSITIVE,39,2,True
the observations of this social/economic/urban environment are canny and spiced with irony .,the observations of this social / economic / u rban environment a re cnny amd sipced with irony.,POSITIVE,57,9,True
"for its seriousness , high literary aspirations and stunning acting , the film can only be applauded .","for its seriousness, high literary aspirations and stunn1ng acting, the film c an only be applauded.",POSITIVE,27,2,True
consider the film a celluloid litmus test for the intellectual and emotional pedigree of your date and a giant step backward for a director i admire .,consider the film a celluloid litmus test for the intellectual and emotional pedigree of your date and a giant step bcakward fo r a director i admire.,NEGATIVE,41,3,True
an involving true story of a chinese actor who takes up drugs and winds up in an institution--acted mostly by the actual people involved .,an involving tru e story of a chinese actor w ho takes up drugs and winds up in an institution -- acted mostly by the actual people involved.,POSITIVE,36,2,True
"mostly , [goldbacher] just lets her complicated characters be unruly , confusing and , through it all , human .","mostly, [ goldbacher ] just lets her complicated characters be unruly, confusing and, through it all, h uman.",POSITIVE,26,1,True
"a miraculous movie , i'm going home is so slight , yet overflows with wisdom and emotion .","a miracuolus movie, i 'm going home is so slight, yet overflows wth wisdm a nd emotion.",POSITIVE,38,4,True
"comes across as a relic from a bygone era , and its convolutions . . . feel silly rather than plausible .","descend across a s a relic from a bygone era, and its convolutions... flavor light-headed rathre tan plausible.",NEGATIVE,74,11,True
"this odd , poetic road movie , spiked by jolts of pop music , pretty much takes place in morton's ever-watchful gaze -- and it's a tribute to the actress , and to her inventive director , that the journey is such a mesmerizing one .","this odd, poetic road picture show, spiked by jolts of pop music, pretty much takes place indium morton 's ever - watchful gaz e - - and it 's a tribute to th e actess, and to her inventive director, that the journey is such a mesmerizing on3.",POSITIVE,267,50,False
"hey everybody , wanna watch a movie in which a guy dressed as a children's party clown gets violently gang-raped ? i didn't think so .","hey evrybody, wanma watch a moving-picture show im wh ich a gu y habilitate a s a chidren ' s party clwon gets violetnly gang - rape? i d id n' t thimk so.",NEGATIVE,153,30,False
it's not too fast and not too slow . it's not too racy and it's not too offensive . it's not too much of anything .,it's not too fast and not too slow . it's not too racy and it's not too offensive . it 's non too very much of aything.,NEGATIVE,25,3,True
"it extends the writings of jean genet and john rechy , the films of fassbinder , perhaps even the nocturnal works of goya .","it etends the wriitngs of jean genet and john rechy, the films of fassbinder, perhaps even the nocturnal works of goya.",POSITIVE,35,2,True
a bore that tends to hammer home every one of its points .,a support that tends to hammer home every one of its points.,NEGATIVE,21,1,True
occasionally amateurishly made but a winsome cast and nice dialogue keeps it going .,occasionally amateurishly made merely a winsome cast and nie dialogue keeps i t going.,POSITIVE,28,3,True
"meyjes's movie , like max rothman's future , does not work .","meyjes 's movie, like max rothman 's future, do es n ot w0rk.",NEGATIVE,29,4,True
"hardly a masterpiece , but it introduces viewers to a good charitable enterprise and some interesting real people .","hardly a masterpiece, bu t it introdces watcher to a go od charitable enterprise and some interesting real people.",POSITIVE,38,4,True
"it's weird , wonderful , and not necessarily for kids .","it 's weird, wonderufl, and not necessarily for kids.",POSITIVE,18,1,True
"jae-eun jeong's take care of my cat brings a beguiling freshness to a coming-of-age story with such a buoyant , expressive flow of images that it emerges as another key contribution to the flowering of the south korean cinema .","jae - eun jeong 's take care of my cat brings a bguiling freshness to a coming - of - a ge story wi th such a buyant, 3xpressive flow of images that it emerges as another k ey comtribution to the flowreing of the south koeran cinema.",POSITIVE,253,47,False
"the smash 'em-up , crash 'em-up , shoot 'em-up ending comes out of nowhere substituting mayhem for suspense .","the smash 'em - up, crash 'em - up, shoot 'em - up ending co mes out of nowher3 substituting mayhem for suspense.",NEGATIVE,34,2,True
"much has been written about those years when the psychedelic '60s grooved over into the gay '70s , but words don't really do the era justice . you have to see it .","much has been written about those years when the psychedelic '60s grooved over into the gay '70s , but words don't really do the era justice . you have to se e it.",POSITIVE,11,1,True
this version incarnates the prophetic book in a way even its exacting author might admire .,this version incarnates the prophetic book in a w ay even its exacting author might admire.,POSITIVE,20,1,True
"dazzling and sugar-sweet , a blast of shallow magnificence that only sex , scandal , and a chorus line of dangerous damsels can deliver .","dazzlng and sugar - sweet, a blast of shallow magnificence that only sex, scandal, and a chorus line of dangerous damsels can deliver.",POSITIVE,32,1,True
"a gorgeously strange movie , heaven is deeply concerned with morality , but it refuses to spell things out for viewers .","a gorgeously strange movie, heaven is deeply concerned with morality, but it refuses to spel1 things out for viewers.",POSITIVE,29,1,True
"this is a great subject for a movie , but hollywood has squandered the opportunity , using it as a prop for warmed-over melodrama and the kind of choreographed mayhem that director john woo has built his career on .","this is a great subject for a movie, bu t hollywood has squadered the opportunity, using it as a prop for warmed - over melodrama and the kind o f choreographed mayhem that director john woo has built his career on.",NEGATIVE,56,3,True
"armed with a game supporting cast , from the pitch-perfect forster to the always hilarious meara and levy , like mike shoots and scores , doing its namesake proud .","armed with a game supporting cast, from th e pitch - gross forster to th e always hilar1ous meara @nd levy, l ike mike shoots an d scores, doing its name$ake pruod.",POSITIVE,78,11,True
the actors must indeed be good to recite some of this laughable dialogue with a straight face .,the actor must indeed be good to narrate some of this laughable dilogue with a straight face.,NEGATIVE,43,5,True
a sugar-coated rocky whose valuable messages are forgotten 10 minutes after the last trombone honks .,a pelf - coatd rocky whoe valuable subject matter ar3 forogtten X minutes afetr the last trombone honks.,NEGATIVE,99,18,False
"viewed on its own terms , treasure planet is better-than-average family entertainment , but true fans of the stevenson's novel will likely prefer disney's more faithful 1950 live-action swashbuckling classic .","viewed on its own terms, treasue planet is better - th an - average family entertainment, but true fa ns of the stevenson 's novel will likely prefer disney ' s more fatihful 1950 live - action swashbuckling classic.",POSITIVE,71,7,True
"although sensitive to a fault , it's often overwritten , with a surfeit of weighty revelations , flowery dialogue , and nostalgia for the past and roads not taken .","although sensitive to a fault, it ' s often oerwritten, with a surfeit of weighty revelations, flowery dialogue, and nostalgia for the past and roads no t taken.",NEGATIVE,68,10,True
"this movie feel more like a non-stop cry for attention , than an attempt at any kind of satisfying entertainment .","this move experience more like a non - sop cry for care, than an set about at any kind of satisying entertainment.",NEGATIVE,59,8,True
"what saves it . . . and makes it one of the better video-game-based flicks , is that the film acknowledges upfront that the plot makes no sense , such that the lack of linearity is the point of emotional and moral departure for protagonist alice .","what saves it . . . and makes information technology unrivaled o f th e beter video - game - based flicks, is tha t the film acknowledges upfront that the plot makes no sense, such that the lack of linearity is the point of emotional and moral departure for protagonist alice.",POSITIVE,76,6,True
the reason this picture works better than its predecessors is that myers is no longer simply spoofing the mini-mod-madness of '60s spy movies .,the reason this picture works better tha n its predecessors is that myers is mo longer simply spoofing the mini - mod - madness of ' 60s spy movies.,POSITIVE,38,2,True
"further proof that the epicenter of cool , beautiful , thought-provoking foreign cinema is smack-dab in the middle of dubya's axis of evil .","further proof that the epicenter of co ol, beautiful, thought - provoking foreign cinema is smack - dab in the middle of dubya 's axis of evil.",POSITIVE,33,1,True
i liked this film a lot . . .,i lked this film a lot...,POSITIVE,14,1,True
imagine a scenario where bergman approaches swedish fatalism using gary larson's far side humor,imagine a scenario where bergman approaches swedish fatalism expend gary larson 's far side humor,POSITIVE,23,1,True
an intelligently made ( and beautifully edited ) picture that at the very least has a spark of life to it -- more than you can say for plenty of movies that flow through the hollywood pipeline without a hitch .,an intleligently made ( and beautiuflly edited ) picture that atomic number 85 the very least has a spark of life to it -- more than you can say for plenty of movies that flow through the hollywood pipeline without a hitch.,POSITIVE,59,3,True
the film tunes into a grief that could lead a man across centuries .,the film tunes into a grief tat culd tip a man across centuries.,NEGATIVE,29,3,True
"filled with low-brow humor , gratuitous violence and a disturbing disregard for life .","filled with downhearted - brow humor, gratuituos violnce an d a disturbing diregard for life.",NEGATIVE,83,16,False
"say this for the soundtrack , it drowns out the lousy dialogue .","say this for the soundtrack, it dronws stunned the losy dilaogue.",NEGATIVE,36,4,True
tsai may be ploughing the same furrow once too often .,tsai English hawthorn be poughing the sam e furrwo oce to o often.,NEGATIVE,65,11,False
"in my opinion , analyze that is not as funny or entertaining as analyze this , but it is a respectable sequel .","in my opinion, analyze that is not angstrom funny or entertaining as analyze this, but it i$ a respectable sequel.",POSITIVE,37,4,True
what better message than 'love thyself' could young women of any size receive ?,what better message th@n ' love thyself ' could young women of any size receive?,NEGATIVE,23,1,True
i was sent a copyof this film to review on dvd . for free . i still want my money back .,i live s ent a coypof this film to review o n dv d. for free . i sitll want my momey bac k.,NEGATIVE,100,19,False
the cumulative effect of the relentless horror on parade numbs the movie's power as a work of drama .,the cumulative effect of the relentless horror on parade n umbs the movie 's power as a work of drama.,NEGATIVE,24,1,True
"although trying to balance self-referential humor and a normal ol' slasher plot seemed like a decent endeavor , the result doesn't fully satisfy either the die-hard jason fans or those who can take a good joke .","althoguh tyring t0 balance sel f - referential humr and a normla ol ' slasher plt seemed lik3 a decent ende@vor, th e resut des n't fully saisfy either the die - hard jason fans o r those who can t@ke a full jo ke.",NEGATIVE,189,35,True
toward the end sum of all fears morphs into a mundane '70s disaster flick .,toward the en d sun of wholly fars moprhs into a munane ' 70s tragedy click.,NEGATIVE,87,16,False
"you can feel the heat that ignites this gripping tale , and the humor and humanity that root it in feeling .","you can feel the heat that ignites this grippng story, and the humor and humaity tha t root it in feeling.",POSITIVE,42,4,True
"fails in making this character understandable , in getting under her skin , in exploring motivation . . . well before the end , the film grows as dull as its characters , about whose fate it is hard to care .","fails in making this character understandable , in getting under her skin , in exploring motivation . . . well before th e terminal, the film grows as d ull as its chaacters, aobut whose fate it is hard t o cae.",NEGATIVE,225,42,False
"seeing seinfeld at home as he watches his own appearance on letterman with a clinical eye reminds you that the key to stand-up is to always make it look easy , even though the reality is anything but .","seeing seinfeld at home as he watches his own appearance on letterman with a clinical oculus reminds you that the key to stand - up is to alwys make it look easy, even though the reality is anything but.",POSITIVE,51,2,True
"an energetic , violent movie with a momentum that never lets up .","a n energeic, violent mvoie with a momentum that ne'er lts u p.",POSITIVE,43,7,True
"the movie is a desperate miscalculation . it gives poor dana carvey nothing to do that is really funny , and then expects us to laugh because he acts so goofy all the time .","the movie is a desperate miscalculation . i t gievs p oor dana carv3y nothnig to d o tht is really funmy, and and so expecs us to lauh because he acts s o zany all th3 time.",NEGATIVE,139,23,True
"seldahl's barbara is a precise and moving portrait of someone whose world is turned upside down , first by passion and then by illness .","seldahl 's barbara is a precise a nd mvoing potrrait of someone wh0se world is turned upside down, first by passion and then by illness.",POSITIVE,50,5,True
"trivial where it should be profound , and hyper-cliched where it should be sincere .","trivial where it should be profound, and hyper - ready-made wheer it should be sincere.",NEGATIVE,28,2,True
set in a 1986 harlem that doesn't look much like anywhere in new york .,set in a 1986 harlem that practice n' t l ook mu ch lie anywhere in new york.,NEGATIVE,40,5,True
a seriocomic debut of extravagant promise by georgian-israeli director dover kosashvili .,a seriocomic debu t of extravagant promise by georgian - israeli director dover kosashvili.,POSITIVE,18,1,True
what makes it worth watching is quaid's performance .,what makes it wrth watching is quaid 's performance.,POSITIVE,15,1,True
"an inconsequential , barely there bit of piffle .","a n inconsequent, baerly thee spot o f piff1e.",NEGATIVE,49,9,False
"if you're burnt out on it's a wonderful life marathons and bored with a christmas carol , it might just be the movie you're looking for . it depends on how well flatulence gags fit into your holiday concept .","if you 're burnt out on it 's a wondrful life marathons and bored with a christmas carol, it might just be the movie you 're looking for. it depends on how well flatulence gags fit into your holiday concept .",POSITIVE,36,1,True
it is great summer fun to watch arnold and his buddy gerald bounce off a quirky cast of characters .,it is gre@t summer fum to wa tch arnold and his buddy gerald bonuce off a quirky cast of characters.,POSITIVE,39,4,True
"haneke keeps us at arm's length . guided more by intellect than heart , his story flattens instead of sharpens .","haneke keeps us at arm's length . guided more by intellect than heart, his stor y flatten$ instead of sharpen$.",NEGATIVE,29,3,True
"there's no question that epps scores once or twice , but it's telling that his funniest moment comes when he falls about ten feet onto his head .","there 's no question that epps scores once or twice, but it 's telling that his funinest moment comes when he falls about ten feet onto his head.",POSITIVE,36,1,True
the story the movie tells is of brian de palma's addiction to the junk-calorie suspense tropes that have all but ruined his career .,the history the movie tells i s of bran de p alma 's addiction to the ju nk - caloie suspense tropes that have totally but ruiend his craeer.,NEGATIVE,96,14,True
"passion , lip-synching , tragedy , and lots of really really high notes . for me , this opera isn't a favorite , so it's a long time before the fat lady sings .","passion , lip-synching , tragedy , and lots of really really high notes . for me, this opera i s n't a favorite, so it 's a long time beofre the fat lady signs.",NEGATIVE,47,5,True
"bigelow offers some flashy twists and turns that occasionally fortify this turgid fable . but for the most part , the weight of water comes off as a two-way time-switching myopic mystery that stalls in its lackluster gear of emotional blandness .","bigelow offers some flashy twists and turns that occasionally fortify this turgid fable . but f or the most part, the weight of water comes o ff @s a two - style tie - swithing myopic mystery that kiosk 1n its lackluser gear of emotional blandness.",NEGATIVE,176,32,False
"for those of us who respond more strongly to storytelling than computer-generated effects , the new star wars installment hasn't escaped the rut dug by the last one .","for those of us who respond more strongly to storytelling than computer - generated effects, the new star wars installment has n 't scat the rut dug by the last one.",NEGATIVE,45,2,True
schindler's list it ain't .,schindler ' s li$t i t a i n't.,NEGATIVE,41,7,False
"even though we know the outcome , the seesawing of the general's fate in the arguments of competing lawyers has the stomach-knotting suspense of a legal thriller , while the testimony of witnesses lends the film a resonant undertone of tragedy .","even though we know the outcome, the seesawing of the general 's fate in the arguments of competing lawyers has the stomach - kotting suspense of a legal thriller, while the testimony of witnesses lends the f1lm a resnant undertone of tragedy.",POSITIVE,67,4,True
"that rare movie that works on any number of levels -- as a film of magic and whimsy for children , a heartfelt romance for teenagers and a compelling argument about death , both pro and con , for adults .","that rre moie that works on any number of levels -- as a film of thaumaturgy and whimsy for children, a heatrfelt romance for teenagers and a compellig argument aobut death, both pro and con, for adults.",POSITIVE,71,6,True
"city by the sea is the cinematic equivalent of defensive driving : it's careful , conscientious and makes no major mistakes . but what saves lives on the freeway does not necessarily make for persuasive viewing .","city by the sea is the cinematic equivalent of defensive driving : it's careful , conscientious and makes no major mistakes . b ut what spare lievs along the feeway des not necessarily nake for persuasive viewing.",NEGATIVE,68,11,True
an elegant and sly deadpan comedy .,an eelgant and s ly deadpan comedy.,POSITIVE,16,2,True
i don't even care that there's no plot in this antonio banderas-lucy liu faceoff . it's still terrible !,i get along n't e ven cre that tere ' s no pl ot in t his antonio banderas - luy l iu faceof. it ' s sti ll terrile!,NEGATIVE,133,24,False
"belongs to daniel day-lewis as much as it belongs to martin scorsese ; it's a memorable performance in a big , brassy , disturbing , unusual and highly successful film .","belongs to daniel day - lewis as much as it belongs to martin scorsese ; i t ' s a nemorable performance in a big, brassy, disturbing, uusual a nd highly sucecssful film.",POSITIVE,64,7,True
"as much as i laughed throughout the movie , i cannot mount a cogent defense of the film as entertainment , or even performance art , although the movie does leave you marveling at these guys' superhuman capacity to withstand pain .","as much as i laughed throughout the movie , i cannot mount a cogent defense of the film as entertainment , or even performance art , although the movie does leave you marveling at these guys' superhuman capacity to withstand pain .",POSITIVE,235,44,False
"a summary of the plot doesn't quite do justice to the awfulness of the movie , for that comes through all too painfully in the execution .","a sumnary o f the plot does n't qutie do jurist t o t he awulness of the motion picture, for that coems through all also panfully in the capital punishment.",NEGATIVE,159,28,False
"if festival in cannes nails hard- boiled hollywood argot with a bracingly nasty accuracy , much about the film , including some of its casting , is frustratingly unconvincing .","if festival in cannes nails hard- boiled hollywood argot with a bracingly nasty accuracy, much about the film, including some of its casting, i s frustratingly improbable.",NEGATIVE,39,2,True
the result is an 'action film' mired in stasis .,th3 resultant is an ' action film ' entangle i n stasis.,NEGATIVE,38,7,True
"it's a tour de force , written and directed so quietly that it's implosion rather than explosion you fear .","it 's a tour de force, written and directed so quietly that it 's implosion rather th an explosion you fear.",POSITIVE,26,1,True
arnold's jump from little screen to big will leave frowns on more than a few faces .,arnlod ' s jump from small screen to big wil l leav e frowns on more than a f ew fces.,NEGATIVE,89,16,True
a good thriller .,a goo d thriller.,POSITIVE,8,1,True
"i have no problem with "" difficult "" movies , or movies that ask the audience to meet them halfway and connect the dots instead of having things all spelled out . but first , you have to give the audience a reason to <b>want</b> to put for that effort , and "" i","i have no problem with "" difficult "" movies , or movies that ask the audience to meet them halfway and connect the dots instead of having things all spelled out . but first, you ha ve to giv3 the audience a reason to < b > want</b > to frame for tat effort, and "" i",NEGATIVE,109,22,True
"'si bien no logra desarrollarse como un gran drama , tampoco es tan superficial como muchas cintas que pecan de pretenciosas y que resultan totalmente banales . '","' si bien no logra desarrollares como United Nations gran dramatic play, tanpoco es tan superficail como muchas citnas que pean de pretenciosas y que resultan totalmente bnaales. '",NEGATIVE,157,29,False
"it's got all the familiar bruckheimer elements , and schumacher does probably as good a job as anyone at bringing off the hopkins/rock collision of acting styles and onscreen personas .","it 's got all the familiar bruckheimer elements, and schumacher does probably as just a job ampere anyone at bringing off the hopkins / rock collision of acting styles and onscreen personas.",POSITIVE,47,2,True
