original_text,adversarial_text,original_label,requests_number,num_perturbed,attack_sucessful
"occasionally funny , always very colorful and enjoyably overblown in the traditional almodóvar style .","occasionally funny, always very colorful and enjoyably pontifical in the traditional a1modóvar vogue.",toxic,85,15,False
becomes the last thing you would expect from a film with this title or indeed from any plympton film : boring .,becomes t he last matter you would exepct from a film with this statute title or indeed from a ny plympton film : borign.,toxic,123,22,False
"sodden and glum , even in those moments where it's supposed to feel funny and light .","soden and gum, tied in those moments wehre it ' s supposed to feel curious and spark.",toxic,103,18,False
"some movies were made for the big screen , some for the small screen , and some , like ballistic : ecks vs . sever , were made for the palm screen .","some movies were made for the big screen, roughly for the humble riddle, and some, like ballistic : ecs vs. sevre, make up made for the decoration screen.",toxic,175,33,False
"it's not only dull because we've seen [eddie] murphy do the genial-rogue shtick to death , but because the plot is equally hackneyed .","it 's not only dim because we ' ve view [ eddie ] murphy manage the genial - varlet shtick to expiry, but because the plot is every bit hackneyed.",toxic,163,30,False
"if you're looking for a smart , nuanced look at de sade and what might have happened at picpus , sade is your film .","if you 're looking for a overbold, nuanced look at Diamond State sae and what might have happened at picups, sde make up y our film.",toxic,143,26,False
"it's hard to believe that a relationship like holly and marina's could survive the hothouse emotions of teendom , and its longevity gets more inexplicable as the characterizations turn more crassly reductive .","it ' s tough to believe that a human relationship like holly and marina 's could survive the conservatory emotions of tenedom, and its longevity gets more inexplicble as the characterizations turn more crsasly reductive.",toxic,201,35,False
friday after next is the kind of film that could only be made by african-americans because of its broad racial insensitivity towards african-americans .,friday after adjacent equal the kind of moving picture that could only be mae by arfican - americasn because of its broda racila insenistivity tow@rds african - americas.,toxic,159,28,False
the worst film of the year .,the spoilt film of the year.,toxic,41,7,False
"it made me feel unclean , and i'm the guy who liked there's something about mary and both american pie movies . oh , and booty call .","it made me feel soiled, and i ' m the guy who liked there ' s something about mary and both american Proto-Indo European movies. Ohio, amd prize foretell.",toxic,165,30,False
"hardly a nuanced portrait of a young woman's breakdown , the film nevertheless works up a few scares .","hardy a nuanced portrait of a young w oman ' s brekadown, the film yet bring upward a few scars.",toxic,103,20,False
"this starts off with a 1950's doris day feel and it gets very ugly , very fast . the first five minutes will have you talking 'til the end of the year !","this starts away with a 1950 ' s doris solar day feel and it stick identical frightful, vry quick. the first five minutes will have you talking ' til the end of the year!",toxic,195,35,False
"more vaudeville show than well-constructed narrative , but on those terms it's inoffensive and actually rather sweet .","more music hall appearance t han well - constructed narrative, but along those footing it 's ionffensive and actually rather sweet.",toxic,117,21,False
'cq may one day be fondly remembered as roman coppola's brief pretentious period before going on to other films that actually tell a story worth caring about,' cq English hawthorn one daylight be fondly remembered a s ronan cppola ' s breif preetntious period before going along to former photographic film that really assure a story worth caring about,toxic,169,29,False
"the inspirational screenplay by mike rich covers a lot of ground , perhaps too much , but ties things together , neatly , by the end .","the inspirational screenplay by m ike rich covers a lot of ground, perhaps to a fault much, but ties things together, neatly, past the emd.",toxic,141,27,False
it's probably worth catching solely on its visual merits . if only it had the story to match .,it 's probably worth catching solely on its visual merits. if lonesome information technology consume the story to match.,toxic,117,20,False
"fairy-tale formula , serves as a paper skeleton for some very good acting , dialogue , comedy , direction and especially charm .","fairy - tae formula, attend to as a composition skeletal system for some very good ating, dialogue, comedy, direction and especially carm.",toxic,125,25,False
"the color sense of stuart little 2 is its most immediate and most obvious pleasure , but it would count for very little if the movie weren't as beautifully shaped and as delicately calibrated in tone as it is .","the color sense of stuart little 2 is its most immediate and most obvious pleasure , but it would count for very little if the movie weren't as beautifully shaped and as delicately calibrated in tone as it is .",toxic,237,41,False
the most surprising thing about this film is that they are actually releasing it into theaters .,the most surprising thing some this film make up that they follow actually releasing it in to theaters.,toxic,101,17,False
a fan film that for the uninitiated plays better on video with the sound turned down .,a fan film that for the uninitiated plays better along video with the soud bend land.,toxic,97,17,False
"strong filmmaking requires a clear sense of purpose , and in that oh-so-important category , the four feathers comes up short .","strong filmmaking requires a crystallise sense of intent, and in that oh - so - important category, the four feathers comes up scant.",toxic,135,26,False
". . . an otherwise intense , twist-and-turn thriller that certainly shouldn't hurt talented young gaghan's resume .",". . . Associate in Nursing othrewise intense, twist around - and - turn thriller that certainly should n' t weakened talented yong gaghan ' s resume.",toxic,123,24,False
cho's timing is priceless .,cho's timing is priceless .,toxic,35,6,False
. . . a lesson in prehistoric hilarity .,. . . a leson in prehistoric hilarity.,toxic,39,9,False
"this is a good script , good dialogue , funny even for adults . the characters are interesting and often very creatively constructed from figure to backstory . the film will play equally well on both the standard and giant screens .","this is a good script, good negotiation, funny level for adluts. the characters are interesting and oten very creatively constructed from figure to backstory. the film will play equally well on both the stanard and gant screens.",toxic,235,42,False
an almost unbearably morbid love story .,an almost unbearbly mobid love narration.,toxic,41,7,False
if you grew up on scooby -- you'll love this movie . matthew lillard is born to play shaggy !,if you turn up along scooyb - - yo u 'll love this move. Saint Matthew the Apostle lillard exist bon to play shaggy!,toxic,123,21,False
"as conceived by mr . schaeffer , christopher and grace are little more than collections of quirky traits lifted from a screenwriter's outline and thrown at actors charged with the impossible task of making them jell .","as cnceived by m r. schaeffer, christopher and grace are little more tan collections of quirky trait lifted from a screenwriter ' s outline and trhown at role player charged with the imposible labor of making them congeal.",toxic,215,38,False
"do not , under any circumstances , consider taking a child younger than middle school age to this wallow in crude humor .","do non, below any circumstances, consider consume a cild younger than center educate age to this wallow in crude humor.",toxic,125,23,False
"depicts the sorriest and most sordid of human behavior on the screen , then laughs at how clever it's being .","depicts the sorreist amd most sordid of huamn behavior along the screen, then laugsh atomic number 85 how clever it ' s embody.",toxic,127,22,False
"alex nohe's documentary plays like a travelogue for what mostly resembles a real-life , big-budget nc-17 version of tank girl .","alex nohe ' s documentary act like a travelog for what mostly resemble a tangible - spirit, prominent - budget nc-17 edition of tak gil.",toxic,135,26,False
"a beautiful , timeless and universal tale of heated passions -- jealousy , betrayal , forgiveness and murder .","a beautiful, timeless and ecumenical story of het warmth - - jealouy, bertayal, forgiveness and murer.",toxic,97,19,False
ya-yas everywhere will forgive the flaws and love the film .,y a - y as everywhere will forgive the fault and love the moving picture.,toxic,73,13,False
"watching the powerpuff girls movie , my mind kept returning to one anecdote for comparison : the cartoon in japan that gave people seizures .","watching the powerpfuf missy mov ie, my creative thinker kept returning to one anecdote for comparison : the sketch in japn that gave people gaining control.",toxic,141,25,False
"austin powers in goldmember is a cinematic car wreck , a catastrophic collision of tastelessness and gall that nevertheless will leave fans clamoring for another ride .","austin major power inward goldmember personify a cinematic cable car wrcek, a catastrophic collision of tastelessness and gll that nevertheless will parting fans clamouring for another depend upon.",toxic,149,27,False
"[gai] comes closer to any actress i can remember to personifying independence in its purest and , yes , most intimidating form .","[ ga i ] coems closer to whatever acrtess i can remember to personifying independence in its unadulterated and, yes, most intimidating build.",toxic,129,25,False
the pool drowned me in boredom .,the pool droned me in tedium.,toxic,41,7,False
"the tone is balanced , reflective and reasonable .","the tone represent balanced, reflective and reasonable.",toxic,49,9,False
brings an irresistible blend of warmth and humor and a consistent embracing humanity in the face of life's harshness .,brings an irresistible blending of warmth and sense of humour and a consistent embracement humanity in the case of life ' s harshness.,toxic,121,21,False
"a ragbag of promising ideas and failed narrative , of good acting and plain old bad filmmaking .","a melange of promising estimate and give out narrative, of good ating and pla in older b ad filmmaking.",toxic,99,18,False
writer/director alexander payne ( election ) and his co-writer jim taylor brilliantly employ their quirky and fearless ability to look american angst in the eye and end up laughing .,writer / director alexander payne ( eelction ) and his co - writer jin taylor brilliantly emloy their way-out and fearless ability to looking at American language anst im the eye and emd up laughign.,toxic,187,34,False
"a well-done film of a self-reflexive , philosophical nature .","a well - done film of a self - refelxive, philosophical nature.",toxic,63,14,False
"entertains not so much because of its music or comic antics , but through the perverse pleasure of watching disney scrape the bottom of its own cracker barrel .","enteratins not so practically because of information technology msuic Beaver State cmoic @ntics, but through the perverse pleasure of watching disney scrape the bottom of its have firecracker brrel.",toxic,169,29,False
"an amusing and unexpectedly insightful examination of sexual jealousy , resentment and the fine line between passion and pretence .","an amusing and unexpectedly insightful examination 0f intimate jaelousy, resnetment and the very well crease between passion and pretending.",toxic,115,20,False
"there ought to be a directing license , so that ed burns can have his revoked .","there ought to represent a directing licence, indeed that e d burns can feature his revkoed.",toxic,93,17,False
"while most films these days are about nothing , this film seems to be about everything that's plaguing the human spirit in a relentlessly globalizing world .","while virtually film s these days are approximately nothing, this film seems to be around everything that ' s chivy the man flavour in a relentlessly globalizing world.",toxic,159,28,False
i'm going to give it a marginal thumbs up . i liked it just enough .,i ' m gong to give it a marginal thumbs up. i liked information technology just enough.,toxic,87,17,False
"clint eastwood's blood work is a lot like a well-made pb& j sandwich : familiar , fairly uneventful and boasting no real surprises  but still quite tasty and inviting all the same .","clint eastwood ' s bolod work is a lot like a well - pull in pb & j sandwich : associate, fairly unevetful amd self-praise no rattling surprises  but calm down quiet tasty and inviting all the same.",toxic,195,38,False
"its story about a young chinese woman , ah na , who has come to new york city to replace past tragedy with the american dream is one that any art-house moviegoer is likely to find compelling .","information technology s tory about a young chinese woma n, ah na, who has come to new House of York urban center to replace past tragedy with the american dream is one that a ny graphics - house moviegoer is likely to find compelling.",toxic,223,40,False
"one of the most plain , unimaginative romantic comedies i've ever seen .","one of the mst pl ain, stereotypic romantic comedies i 've evr seen.",toxic,75,14,False
"phillip noyce and all of his actors -- as well as his cinematographer , christopher doyle -- understand the delicate forcefulness of greene's prose , and it's there on the screen in their version of the quiet american .","phillip nyce and all of his worker - - as well as his cinematographer, christopher doyle - - understand the delicate forcefulness of greene ' s pro se, and it ' s at that place on the screen in their version 0f the qiuet ameircan.",toxic,237,41,False
the transporter bombards the viewer with so many explosions and side snap kicks that it ends up being surprisingly dull .,the transporter bomabrds the spectator with so many explosions and side snap plain that it ends upwardly being surprisingly sluggish.,toxic,125,21,False
it's lazy for a movie to avoid solving one problem by trying to distract us with the solution to another .,it ' s lzy for a movei to avid puzzle out one probl3m by trying to distract us with the solvent to some other.,toxic,127,22,False
"me no lika da accents so good , but i thoroughly enjoyed the love story . scott baio is turning in some delightful work on indie projects .","me no lka da accents hence good, but i soundly enjoyed the love level. Robert Scott baio live turning in about delightful work along indie projects.",toxic,157,28,False
"short and sweet , but also more than anything else slight tadpole pulls back from the consequences of its own actions and revelations .","suddenly and sweet, but also more than anything else slight tadpole force back from the outcome of its have natural action and revelations.",toxic,139,24,False
alarms for duvall's throbbing sincerity and his elderly propensity for patting people while he talks .,alarms for duvall ' s shiver sincerity and his elderly propenity for patting people patch he tal ks.,toxic,101,17,False
martyr gets royally screwed and comes back for more .,martry mother roya1ly scr3wed and coems back for more.,toxic,59,10,False
i didn't laugh . i didn't smile . i survived .,i didn't laugh . i practice n't smile. i survvied.,toxic,61,13,False
"overly stylized with lots of flash black-&-white freeze frames reminiscent of a pseudo-hip luxury car commercial , ( it's ) at its worst when it's actually inside the ring .","ovelry stylized with lots of flash black-&-white freeze frames reminiscet of a pseudo - hip luxury car commercial, ( it ' s ) atomic number 85 its high-risk when it ' s in reality inside the rng.",toxic,183,34,False
"reeboir varies between a sweet smile and an angry bark , while said attempts to wear down possible pupils through repetition . it has no affect on the kurds , but it wore me down .","reeoir varies between a sweet smi le and am agry barque, whlie said attempts to fatigue dow n potential pupil trough repetition. it has no affect along the ku rds, only it wore Maine gloomy.",toxic,201,36,False
a sometimes tedious film .,a sometimes tedious picture.,toxic,25,5,False
i admired this work a lot .,i adnired this work a lot.,toxic,33,7,False
staggeringly dreadful romance .,staggeringy dredaful romance.,toxic,23,4,False
a flawed but engrossing thriller .,a flawed but engrossing thriller .,toxic,31,6,False
"efteriades gives the neighborhood -- scenery , vibe and all -- the cinematic equivalent of a big , tender hug .","eftriades dedicate the neighborhood - - scenery, vibe and al1 - - the cinematic combining weight of a heavy, tender hug.",toxic,113,21,False
. . . there's enough cool fun here to warm the hearts of animation enthusiasts of all ages .,. . . on that point ' s decent cool fun here to warm the hearts of anination enthusiasts of altogether ages.,toxic,111,20,False
"adults will certainly want to spend their time in the theater thinking up grocery lists and ways to tell their kids how not to act like pinocchio . as for children , they won't enjoy the movie at all .","adults will certainly wish to s pend their time inward the theater thinking up grocery number and ways to tell their kids how no t to act similar pimocchio. as for children , they won't enjoy the movie at all .",toxic,239,41,False
the quirky drama touches the heart and the funnybone thanks to the energetic and always surprising performance by rachel griffiths .,the way-out dramatic event touchse the heatr and the funnybone thank to the energetic and always surprising performance by rachel griffiths.,toxic,125,21,False
director jay russell weighs down his capricious fairy-tale with heavy sentiment and lightweight meaning .,managing director jay russell weighs don hi s carpicious fair y - story with laborious sentiment and lightweight meaning.,toxic,97,17,False
the kind of primal storytelling that george lucas can only dream of .,the form of fundamental storytelling that george lucas can only dream of.,toxic,77,13,False
"a powerful , inflammatory film about religion that dares to question an ancient faith , and about hatred that offers no easy , comfortable resolution .","a powerful, seditious film just about religious belief th at da res to question an ancient religion, and about hatr3d that offers n0 well-situated, comfortable resolution.",toxic,139,26,False
it's so good that you can practically see the hollywood 'suits' trying to put together the cast and filmmaking team for the all-too -inevitable american remake .,it ' s thusly good that you can much see the hollywood ' suist ' tying to put together the cat and filmmaking team for the all - likewise -inevitable american remake.,toxic,179,32,False
"the setting is so cool that it chills the characters , reducing our emotional stake in the outcome of "" intacto's "" dangerous and seductively stylish game .","the setting is so cool that it cool down the case, reducing our emotional stake in the outcome of "" intacto ' s "" unsafe and sedcutively fashionable game.",toxic,161,29,False
"nicks refuses to let slackers be seen as just another teen movie , which means he can be forgiven for frequently pandering to fans of the gross-out comedy .","nicsk refuses to lease slackes be seem arsenic just another teenager mo vie, which m3ans atomic number 2 can follow forgiven for often pandering to fans of the megascopic - out comedy.",toxic,177,31,False
"as if to prove a female director can make a movie with no soft edges , kathryn bigelow offers no sugar-coating or interludes of lightness . her film is unrelentingly claustrophobic and unpleasant .","as if to pove a fmale conductor can make a move with no soft edgs, kathryn bigelow offers no sugar - finish or interludes of lightness. her film follow relentlessly clautsrophobic @nd unpleasant.",toxic,197,36,False
"a loud , ugly , irritating movie without any of its satirical salvos hitting a discernible target .","a loud, unworthy, vexing moive without any of its stirical salvos hitting a discernible quarry.",toxic,91,18,False
"take care is nicely performed by a quintet of actresses , but nonetheless it drags during its 112-minute length .","take tending is nicely performed by a quintet of atresses, only nonetheless it dredge during information technology 112 - minute length.",toxic,119,22,False
both a grand tour through 300 hundred years of russian cultural identity and a stunning technical achievement .,both a tremendous tour through 300 hundred years of russian cultural personal identity and a stunning technological achievement.,toxic,99,18,False
fessenden's narrative is just as much about the ownership and redefinition of myth as it is about a domestic unit finding their way to joy .,fessenden ' s narrative personify just vitamin A a lot some the ownership and redefinition of myth as it is close to a domestic help unit finding ther way to joy.,toxic,157,27,False
this is the kind of movie where people who have never picked a lock do so easily after a few tries and become expert fighters after a few weeks .,this is the sort of moving picture where people World Health Organization have nveer picked a lck do thusly easy later on a few ties and becoe expert fighters afterward a few week.,toxic,167,30,False
it's the unsettling images of a war-ravaged land that prove more potent and riveting than the unlikely story of sarah and harrison .,information technology ' s the usnettling images of a war - ravaged farming that show more potent and center tan the unlikely story 0f sar ah and harrison.,toxic,147,26,False
"best of all is garcia , who perfectly portrays the desperation of a very insecure man .","best of all comprise garcia, who absolutely portrays the desperation of a very unsafe man.",toxic,93,17,False
weiss and speck never make a convincing case for the relevance of these two 20th-century footnotes .,weiss and spek nver make a convincing example for the relevance of these ii twentieth - centuy footnotes.,toxic,105,19,False
everyone's to blame here .,everyone ' s to blam3 here.,toxic,35,6,False
changing lanes is an anomaly for a hollywood movie ; it's a well-written and occasionally challenging social drama that actually has something interesting to say .,changing lane represent Associate in Nursing anomaly for a hollywood mvie ; it 's a well - written and on occasion challenging social dramatic play that in reality has something interesting to say.,toxic,157,29,False
just not campy enough,just non camp enoguh,toxic,27,4,False
"if oscar had a category called best bad film you thought was going to be really awful but wasn't , guys would probably be duking it out with the queen of the damned for the honor .","if Academy Award had a category called best b ad film you thought was goig to be realy aful but Evergreen State m't, guys would probably be duking it out with the qeen of th e bedamn for the honor.",toxic,219,38,False
"accuracy and realism are terrific , but if your film becomes boring , and your dialogue isn't smart , then you need to use more poetic license .","truth and realism are terrific, simply if your shoot becomes bornig, and your dialogue is n' t smart, then you need to use more poetic permission.",toxic,161,29,False
"this engrossing , characteristically complex tom clancy thriller is shifty in the manner in which it addresses current terrorism anxieties and sidesteps them at the same time .","this engrossing, characteristically complex to m clancy thriller is shifting in the way in which information technology addresses current terrorism anxiety and sidestps tem at the sam3 time.",toxic,163,28,False
i hope the movie is widely seen and debated with appropriate ferocity and thoughtfulness .,i hope the movie is widely seen and debated with appropriate vehemence and thoughtfulness.,toxic,85,15,False
"based on dave barry's popular book of the same name , the movie benefits from having a real writer plot out all of the characters' moves and overlapping story .","based along dave bary ' s popular book of the same name, the moving picture benefits from having a very writer plt out a ll of the characters ' mves and overlapping chronicle.",toxic,179,32,False
"thirty years ago , it would have been groundbreaking . now it's just tired .","thirty years ago, it would have been groundbreaking. now information technology ' s scarce tied.",toxic,89,16,False
the big finish is a bit like getting all excited about a chocolate eclair and then biting into it and finding the filling missing .,the big finish is a bit alike getting altogether excited about a cocoa ec1air and then bting into it and finding the filling missign.,toxic,141,25,False
"a movie just for friday fans , critics be damned . if you already like this sort of thing , this is that sort of thing all over again .","a move scarcely for friday fans, critics be daned. if you already like this sort of matter, this personify that sort of thing completely concluded over again.",toxic,165,30,False
[crystal and de niro] manage to squeeze out some good laughs but not enough to make this silly con job sing .,[ crystal and de niro ] manage to mash out some good express joy but not enough to make this silyl c on jo b talk.,toxic,135,24,False
"it may not be a huge cut of above the rest , but i enjoyed barbershop . it's a funny little movie with clever dialogue and likeable characters .","information technology may not represent a huge cut of in a higher place the rest, but i enjoyed babrershop. it ' s a funny little move with clever dialogue and likeable characters.",toxic,161,30,False
"it's predictable , but it jumps through the expected hoops with style and even some depth .","it ' s predictable, but i t bound through the expected ring with vogue and tied some depth.",toxic,103,18,False
"an exceptionally dreary and overwrought bit of work , every bit as imperious as katzenberg's the prince of egypt from 1998 .","Associate in Nursing exceptionally deary amd overwrought bit of work, every bit as impreious a s katzenberg ' s the prince of egypt from 1998.",toxic,133,23,False
"secretary manages a neat trick , bundling the flowers of perversity , comedy and romance into a strangely tempting bouquet of a movie .","secretary manages a nat tirck, bundle up the flowers 0f contrariness, comedy and butterfly into a strangely tempting bouquet of a move.",toxic,123,24,False
"for all the dolorous trim , secretary is a genial romance that maintains a surprisingly buoyant tone throughout , notwithstanding some of the writers' sporadic dips into pop freudianism .","for altogether the weeping trim, secretary is a gen1al romance that maintains a surprisingly perky feeling throughout, nonetheless some of the writers ' sporadic dips into popping freudianim.",toxic,165,31,False
narc is all menace and atmosphere .,nac exist whole men@ce and atmosphere.,toxic,41,7,False
"the story loses its bite in a last-minute happy ending that's even less plausible than the rest of the picture . much of the way , though , this is a refreshingly novel ride .","the report lses its bite in a finish - minute hpapy ending that ' s level to a lesser extent plausible than the perch of the picture. often of the way, though, this embody a refreshingly noel ride.",toxic,205,38,False
the modern-day characters are nowhere near as vivid as the 19th-century ones .,the forward-looking - day characters ar nowhere near as vivid as the nineteenth - century omes.,toxic,93,17,False
filmmaker tian zhuangzhuang triumphantly returns to narrative filmmaking with a visually masterful work of quiet power .,film producer tan zhuanzghuang triumphantly returns to narrative filmmaking with a visually consummate work of qiuet mogul.,toxic,97,17,False
a really funny fifteen-minute short stretched beyond its limits to fill an almost feature-length film .,a really funy xv - minute sort stretched beyond information technology limist to fill an about feature - length film.,toxic,107,20,False
"reggio falls victim to relying on the very digital technology that he fervently scorns , creating a meandering , inarticulate and ultimately disappointing film .","reggio fall s dupe to relying along the real digital engineering that helium fervetnly sorns, creating a meandeirng, inartiulate an d ultimately disappointing motion picture.",toxic,137,25,False
"watching this gentle , mesmerizing portrait of a man coming to terms with time , you barely realize your mind is being blown .","watching this gentle, mesmerizing portrait of a man coning to terminus with time, you scarcely realize your idea embody embody bollix up.",toxic,131,24,False
manages to be both repulsively sadistic and mundane .,manages to constitute both repulsively saditic and mundane.,toxic,53,9,False
""" freaky friday , "" it's not .",""" feraky friday, "" it ' s not.",toxic,41,9,False
"a lousy movie that's not merely unwatchable , but also unlistenable .","a luosy picture that ' s non meerly unwatchable, just also un1istenable.",toxic,69,13,False
i'm just too bored to care .,i ' m just also boed to charge.,toxic,43,8,False
laggard drama wending its way to an uninspired philosophical epiphany .,laggrad drana wend IT way to Associate in Nursing uninspired philosophical epiphany.,toxic,65,11,False
"you've already seen city by the sea under a variety of titles , but it's worth yet another visit .","you 've already seen metropolis by the ocean under a variety of titles, but it ' s worth nonetheless another inspect.",toxic,123,22,False
"its story may be a thousand years old , but why did it have to seem like it took another thousand to tell it to us ?","information technology story may represent a thousand days o ld, but why did it have to seem like it need another thousand to tell it to us?",toxic,153,27,False
". . . instead go rent "" shakes the clown "" , a much funnier film with a similar theme and an equally great robin williams performance .",". . . instead X rend "" shakes the clonw "", a a good deal funnier film with a standardised thee and Associate in Nursing equally great roibn williams performance.",toxic,137,28,False
an awkwardly garish showcase that diverges from anything remotely probing or penetrating .,Associate in Nursing awkwardly garsh showcase that diverges from anything remotely probing Beaver State penetrating.,toxic,77,13,False
a well paced and satisfying little drama that deserved better than a direct-to-video' release .,a swell pace @nd satsfying little dramatic event that deserved better than a direct - to - video recording ' release.,toxic,99,20,False
"a spunky , original take on a theme that will resonate with singles of many ages .","a spirited, original contract on a theme that will resonate with one of mny age$.",toxic,89,17,False
"this version moves beyond the original's nostalgia for the communal film experiences of yesteryear to a deeper realization of cinema's inability to stand in for true , lived experience .","this variant movement beyond the original ' s nostalgia for the communal film experiences of yesteryear to a rich recognition of cniema ' s iability to viewpoint in for truthful, be experience.",toxic,183,32,False
too clunky and too busy ribbing itself to be truly entertaining .,to a fault clunky an d likewise busy ribing itself to be truy entertaining.,toxic,71,12,False
the wild thornberrys movie is a jolly surprise .,the wild tornberrys film is a jolly surprise.,toxic,49,9,False
"in its own floundering way , it gets to you . just like igby .","in its possess flondering way, it experience to you. just l ike iby.",toxic,83,15,False
not sweet enough to liven up its predictable story and will leave even fans of hip-hop sorely disappointed .,non sweet enough to lven up IT predictable story and will go forth regular fans of hip - hop soerly disappointed.,toxic,121,21,False
"a movie that , rather than skip along the seine , more or less slogs its way through soggy paris , tongue uncomfortably in cheek .","a moive that, rather tan sip on the Seine River, more than or less keep one's nose to the grindstone its way through sogy paris, tongue uncomfortably in cheek.",toxic,139,26,False
"for its 100 minutes running time , you'll wait in vain for a movie to happen .","for its 100 hour running time, you 'll wait in swollen for a movie to take place.",toxic,99,18,False
"a punch line without a premise , a joke built entirely from musty memories of half-dimensional characters .","a punch line without a preface, a j oke built etnirely from mouldy memories of one-half - dimensiona1 lineament.",toxic,99,20,False
"thirteen conversations about one thing lays out a narrative puzzle that interweaves individual stories , and , like a mobius strip , elliptically loops back to where it began .","xiii conversations about one thing ballad out a narrative puzzle that interweaves mortal history, and, like a August Ferdinand Mobius srtip, ellipticaly loops spine to wehre it beg an.",toxic,159,30,False
many of benjamins' elements feel like they've been patched in from an episode of miami vice .,many of benjamins ' elements feel like they ' ve been patchd in from Associate in Nursing installment of miami vie.,toxic,109,19,False
"samira makhmalbaf's new film blackboards is much like the ethos of a stream of consciousness , although , it's unfortunate for the viewer that the thoughts and reflections coming through are torpid and banal","samiar makhmalbaf ' s new film chalkboard is much like the ethos of a stream of consciousness, although, it ' s unfortunate for the viewer that the thoughts and reflections climax though are toprid and threadbare",toxic,207,36,False
"it's not so much enjoyable to watch as it is enlightening to listen to new sides of a previous reality , and to visit with some of the people who were able to make an impact in the theater world .","it ' s no t and so much enjoyable to watch American Samoa it be enlightening to listen to fresh si des of a previous reality, and to visit with some of the people who were able to make an impact in the theater macrocosm.",toxic,243,42,False
a tv style murder mystery with a few big screen moments ( including one that seems to be made for a different film altogether ) .,a telecasting way mudrer mystery with a few big screen moments ( include one that seems to be made for a different f1lm altogether ).,toxic,135,26,False
a rambling ensemble piece with loosely connected characters and plots that never quite gel .,a digressive ensemble picee with loosely connected characters and diagram that never rather gel.,toxic,85,15,False
features what is surely the funniest and most accurate depiction of writer's block ever .,faetures what is surely the funiest and most precise depiction of writer ' s bolck ev3r.,toxic,95,16,False
"while you have to admit it's semi-amusing to watch robert deniro belt out "" when you're a jet , you're a jet all the way , "" it's equally distasteful to watch him sing the lyrics to "" tonight . ""","while you feature to admit it ' s semi - amusing to watc h robert deniro whang taboo "" when you ' re a jet, you 're a jet all the way, "" it ' s equally distateful to watch him sing the lyrics to "" tonight. """,toxic,245,47,False
gives an intriguing twist to the french coming-of-age genre .,gives an intrigue twist to the french climax - of - years genr3.,toxic,75,14,False
"using a stock plot , about a boy injects just enough freshness into the proceedings to provide an enjoyable 100 minutes in a movie theater .","using a origin pot, about a son inects precisely decent freshness into the proceedings to provide an enjoyable 100 moment in a mvie theatre of operations.",toxic,139,26,False
"i've always dreamed of attending cannes , but after seeing this film , it's not that big a deal .","i ' ve always dreamed of attending cannes, only after seeing t his film, it 's non that big a deal.",toxic,115,22,False
"a sad , superior human comedy played out on the back roads of life .","a distressing, superior hunan comedy played out along the bck roads of lif3.",toxic,81,15,False
"it arrives with an impeccable pedigree , mongrel pep , and almost indecipherable plot complications .","i t arrives with an impeccable peidgree, mongel ginger, and almost unreadable diagram complications.",toxic,87,16,False
"a film which presses familiar herzog tropes into the service of a limpid and conventional historical fiction , when really what we demand of the director is to be mesmerised .","a film which presses familiar herzog image into the divine service of a liquid and established historical fiction, when really what we exact of the managing director is to be mesmersed.",toxic,173,31,False
"mild , meandering teen flick .","mi ld, meandering te en picture.",toxic,31,6,False
"for every cheesy scene , though , there is a really cool bit -- the movie's conception of a future-world holographic librarian ( orlando jones ) who knows everything and answers all questions , is visually smart , cleverly written , and nicely realized .","for evrey cehesy scene, though, there is a really cool bit -- the movie ' s conception 0f a future tense - universe holographic librarian ( orlando jones ) who konws everything and answers all questions, is visually smart, smartly written, and nicely realized.",toxic,247,48,False
"although largely a heavy-handed indictment of parental failings and the indifference of spanish social workers and legal system towards child abuse , the film retains ambiguities that make it well worth watching .","although for the most part a heavy - reach indictment of parenatl filings and the indifference of spanish mixer workers amd l3gal system towards minor abus3, the fi1m retains ambiguities that make it well worth watching.",toxic,197,35,False
serving sara should be served an eviction notice at every theater stuck with it .,serving sara should be served an eviction notice at e very theatre adhere with information technology.,toxic,89,15,False
"just because it really happened to you , honey , doesn't mean that it's interesting to anyone else .","just because it really happeed to you, hoeny, des n't have in mind that information technology ' s interesting to anyone else.",toxic,117,21,False
one of those terrific documentaries that collect a bunch of people who are enthusiastic about something and then figures out how to make us share their enthusiasm .,single of those terrific documentares that colletc a bunch of people who are enthusiastic most something and then figures out how to make us share their enthusiasm.,toxic,163,28,False
a classy item by a legend who may have nothing left to prove but still has the chops and drive to show how its done .,a classy item by a legend World Health Organization may have noting left to evidence but even so has the chops and drive to show how it s done.,toxic,147,26,False
the production values are of the highest and the performances attractive without being memorable .,the production values are of the highest and the performances attractive without follow memorable.,toxic,89,15,False
"not only does the movie fail to make us part of its reality , it fails the most basic relevancy test as well .","non only does the picture break to make us part of its reality, it break down the most baic relevance test as intimately.",toxic,139,24,False
"this story still seems timely and important . and there's an element of heartbreak to watching it now , with older and wiser eyes , because we know what will happen after greene's story ends .","this story still seems timely and important. @nd in that respect 's an element of heartbreak to watching i t at present, with older and wiser eyes, because we know what will happen later greene ' s story eds.",toxic,217,38,False
it's one pussy-ass world when even killer-thrillers revolve around group therapy sessions .,it 's ome purulent - as s wor1d wen evening killer whale - thriller revolve around group therapy academic session.,toxic,99,18,False
"a witty , whimsical feature debut .","a witty, whisical feature entry.",toxic,33,7,False
an engrossing iranian film about two itinerant teachers and some lost and desolate people they encounter in a place where war has savaged the lives and liberties of the poor and the dispossessed .,Associate in Nursing engrossing iranian film about two itineratn teachers and some baffled and desolate people they encounter in a p lace where wa r has savaged the li ves and liberties of the por and the roofless.,toxic,199,34,False
"although fairly involving as far as it goes , the film doesn't end up having much that is fresh to say about growing up catholic or , really , anything .","although fairly involving as far as it go es, the film practice n't finish up having much that is fresh to read about develop upwardly catholic or, really, anything.",toxic,179,32,False
it's fascinating to see how bettany and mcdowell play off each other .,it ' s fascinating to get wind how bettnay and mcdowell pay remove each former.,toxic,83,14,False
"collateral damage is , despite its alleged provocation post-9/11 , an antique , in the end . as are its star , its attitude and its obliviousness .","collateral wrong follow, despite IT alleged provocation post-9/11, Associate in Nursing antique, in the emd. as are its star, its attitude and its oblivion.",toxic,149,28,False
"despite its title , punch-drunk love is never heavy-handed . the jabs it employs are short , carefully placed and dead-center .","despite its tile, pu nch - dr unk love comprise never heay - hanedd. the thrusting information technology employs are short, carefully plced and dead - center.",toxic,145,28,False
"just a string of stale gags , with no good inside dope , and no particular bite .","just a string of satle joke, with no in force interior dop3, and no particular bite.",toxic,95,18,False
how this one escaped the lifetime network i'll never know .,how this one escaped the lifespan network i ' ll mever know.,toxic,67,12,False
"the biggest problem with satin rouge is lilia herself . she's a cipher , played by an actress who smiles and frowns but doesn't reveal an inner life .","the biggest job with satin rouge is lilai herself. she 's a cipher, played by an actress World Health Organization smiles and frowns but does m't reveal Associate in Nursing internal living.",toxic,175,31,False
"a movie i loved on first sight and , even more important , love in remembrance .","a mo vie i lov3d along first off plenty and, yet more important, love in remembranec.",toxic,85,17,False
"branagh , in his most forceful non-shakespeare screen performance , grounds even the softest moments in the angry revolt of his wit .","branagh, inward h1s mst forceful non - shakesperae silver screen performance, grounds even the softest moments in the anry revolt of his w1t.",toxic,137,25,False
"the film , while not exactly assured in its execution , is notable for its sheer audacity and openness .","the film, wh ile not exactly assured in information technology execution, represent noted for IT seer adacity and openness.",toxic,111,20,False
the ending feels at odds with the rest of the film .,the ending flavor at ods with the residual of the film.,toxic,71,12,False
beautifully directed and convincingly acted .,beautifully directed and convincingly acted .,toxic,35,6,False
"another big , dumb action movie in the vein of xxx , the transporter is riddled with plot holes big enough for its titular hero to drive his sleek black bmw through .","some other large, dmb action movie inward the vein of x xx, the transporter is rddled with plot trap big enough for its nominal hero to effort his seek pitch blackness bmw though.",toxic,189,33,False
"mandel holland's direction is uninspired , and his scripting unsurprising , but the performances by phifer and black are ultimately winning . you'll find yourself wishing that you and they were in another movie .","mandel holland ' s direction is uninspired, and his scripting unsurprising, but the performances by phifer and bleak represent ultimately winning. you ' ll retrieve youself wishing that you and they were in some other film.",toxic,211,37,False
absolutely ( and unintentionally ) terrifying .,absolutely ( amd unintentonally ) terriying.,toxic,33,7,False
crush is so warm and fuzzy you might be able to forgive its mean-spirited second half .,c rush personify then warm and fuzzy you mightiness be capable to forgive its mean - spirited second half.,toxic,109,19,False
"to paraphrase a line from another dickens' novel , nicholas nickleby is too much like a fragment of an underdone potato .","to paraphrase a communication channel from another dickens ' new, nicholas nicklby i s likewise often like a fragment of an unerdone pottao.",toxic,121,23,False
uneven but a lot of fun .,uneven simply a lot of fun.,toxic,37,7,False
do not see this film .,do non examine this film.,toxic,35,6,False
the cast delivers without sham the raw-nerved story .,the cst delivers without simulate the r aw - nreved story.,toxic,61,11,False
the stunt work is top-notch ; the dialogue and drama often food-spittingly funny .,the stunt work represent top - notch ; the dialogue and drama otfen food - spittingly funny.,toxic,95,18,False
"the only camouflage carvey should now be considering is a paper bag to wear over his head when he goes out into public , to avoid being recognized as the man who bilked unsuspecting moviegoers .","the only camouflage carey should today be considering is a paper b ag to wear over his head when he goes out ito public, to aoid being accepted as the man who spoil unsuspicious motion-picture fan.",toxic,207,36,False
a bit too eager to please .,a bit too eager to please .,toxic,37,7,False
"as well-acted and well-intentioned as all or nothing is , however , the film comes perilously close to being too bleak , too pessimistic and too unflinching for its own good .","as well - acted and well - intentioned as altogether or nothimg is, however, the film arrive perilously clse to personify besides bleak, too pssimistic and likewise unflinching for its ain good.",toxic,195,36,False
"men in black ii has sequel-itis something fierce . an ungainly , comedy-deficient , b-movie rush job . . .","men in black ii has sequel-itis something fierce . an awkward, cmoedy - defcient, b - moving picture rush Book of Job...",toxic,121,26,False
"the jokes are flat , and the action looks fake .","the jokes ar flat, and the action looks imitation.",toxic,61,11,False
"this cuddly sequel to the 1999 hit is a little more visually polished , a little funnier , and a little more madcap .","this cudly continuation to the 199 hit is a little more visually smooth, a slight funnier, and a slight more mdacap.",toxic,123,24,False
""" 13 conversations about one thing "" is an intelligent flick that examines many different ideas from happiness to guilt in an intriguing bit of storytelling .",""" 13 conversations about one matter "" 1s Associate in Nursing inteligent moving-picture show that examines many different idea from happiness to gilt in an intriguing bit of storytelling.",toxic,153,27,False
"the movie is gorgeously made , but it is also somewhat shallow and art-conscious .","the move represent splendidly made, but it is also somewhat shallow and art - conscious.",toxic,93,17,False
the piece plays as well as it does thanks in large measure to anspaugh's three lead actresses .,the composition meet as well as it do thanks atomic number 49 lareg measure to anspaugh ' s three lead atresses.,toxic,113,19,False
. . . the picture's cleverness is ironically muted by the very people who are intended to make it shine .,. . . the picture ' s cleverness is ironically muted by the rattling people World Health Organization are intend3d to give it shine.,toxic,121,22,False
"it's a rollicking adventure for you and all your mateys , regardless of their ages .","it ' s a lark about adventure for you and altogether your mates, regardless of the1r ages.",toxic,93,17,False
"the film is old-fashioned , occasionally charming and as subtle as boldface .","the film equal erstwhile - fashion, occasionally capture and as subtle as boldface.",toxic,81,15,False
another in-your-face wallow in the lower depths made by people who have never sung those blues .,some other inward - yor - side wallow in the abject depths made by people who take never sung those blues.,toxic,117,21,False
"no such thing is sort of a minimalist beauty and the beast , but in this case the beast should definitely get top billing . robert john burke as the monster horns in and steals the show .","no such affair is sort of a minimalist beauty and the bast, but in ths case the beast should definitely get top billing. robert john burke as the monster automobile horn inward and bargain the point.",toxic,217,38,False
"in a movie full of surprises , the biggest is that secret ballot is a comedy , both gentle and biting .","in a movie good of surprises, the great is that mystical ballot embody a comedy, both gentle and biting.",toxic,115,22,False
the film proves unrelentingly grim -- and equally engrossing .,the film bear witness unrelentingly gim - - amd equally engrossing.,toxic,59,10,False
"if it were any more of a turkey , it would gobble in dolby digital stereo . if nothing else , "" rollerball "" 2002 may go down in cinema history as the only movie ever in which the rest of the cast was outshined by ll cool j .","if it were any more of a Republic of Turkey, it would goble in dolby digital stereophonic system. if nothing else, "" rollerball "" 20 02 may go downcast in cinema history as the only movie e ver in which the rest of the cast was outshined by l l cool j.",toxic,273,50,False
the irwins' scenes are fascinating ; the movie as a whole is cheap junk and an insult to their death-defying efforts .,the irwins ' scenes be fascinating ; the movie as a unscathed represent chep debris and am isnult to tehir last - defying efforts.,toxic,133,25,False
a sensitive and astute first feature by anne-sophie birot .,a sensitive and astute beginning feature by anne - sophie biot.,toxic,63,12,False
"unintelligible , poorly acted , brain-slappingly bad , harvard man is ludicrous enough that it could become a cult classic .","uninteligible, pooly represent, b rain - slappingyl speculative, harvard m an is ludcrous enough that it could become a cut classic.",toxic,117,23,False
"director kevin bray excels in breaking glass and marking off the "" miami vice "" checklist of power boats , latin music and dog tracks . he doesn't , however , deliver nearly enough of the show's trademark style and flash .","director kevin bry excles in breaking glass and marking off the "" miami vie "" checklist of big businessman boats, Romance mus ic and dog tracks. he doesn't , however , deliver nearly enough of the show's trademark style and flash .",toxic,241,44,False
"an exciting and involving rock music doc , a smart and satisfying look inside that tumultuous world .","an exciting and involving rck medicine MD, a smart and satisfying look inside that turbulent domain.",toxic,99,18,False
execrable .,execrale.,toxic,11,2,False
"both stars manage to be funny , but , like the recent i spy , the star chemistry begs the question of whether random gags add up to a movie .","both genius manage to beryllium funmy, simply, like the recent i spot, the star interpersonal chemistry begs the quetion of whether random quip add up to a move.",toxic,165,31,False
spielberg has managed to marry science fiction with film noir and action flicks with philosophical inquiry .,spielberg has managed to get hitched with skill fiction with film noir and action leaf with philosophical inquiry.,toxic,101,17,False
"this toothless dog , already on cable , loses all bite on the big screen .","this tothless do g, already along cablegram, loes entirely bite along the bighearted screen.",toxic,87,16,False
"while it would be easy to give crush the new title of two weddings and a funeral , it's a far more thoughtful film than any slice of hugh grant whimsy .","while information technology would represent easy to give crush the fresh tile of 2 weddings and a funeral, it ' s a far more thoughtful film tan a ny slice of hugh grnat whimys.",toxic,185,33,False
this flat run at a hip-hop tootsie is so poorly paced you could fit all of pootie tang in between its punchlines .,this flat run at a hip - hop tootsie equal sol pooly step you could fit all of potie sea tangle in between information technology pnchlines.,toxic,141,25,False
"the production design , score and choreography are simply intoxicating .","the production design, tally and choreography be simply intoxicate.",toxic,61,11,False
"a penetrating , potent exploration of sanctimony , self-awareness , self-hatred and self-determination .","a penetrating, potent exploration 0f sanctmony, self - sentience, sef - htred and self - determination.",toxic,91,20,False
"smith's approach is never to tease , except gently and in that way that makes us consider our own eccentricities and how they are expressed through our homes .","Bessie Smith ' s approach represent mever to tease, except gently and inward that way that make us consider our own eccentricities and how they are expressed through our house.",toxic,175,30,False
"a fiercely clever and subtle film , capturing the precarious balance between the extravagant confidence of the exiled aristocracy and the cruel earnestness of the victorious revolutionaries .","a fiercely cleer and elusive flm, capturing the touch-and-go balance between the extravagant trust of the exiled aristocracy a nd the roughshod earnestness of the triumphant revolutionary.",toxic,159,28,False
a movie that hovers somewhere between an acute character study and a trite power struggle .,a moving-picture show that hovers somewhere betweem an acute character study and a tri te world power scramble.,toxic,87,16,False
"dodgy mixture of cutesy romance , dark satire and murder mystery .","dody mixture of cutesy love story, dark satire and mudrer mystery.",toxic,67,12,False
the film's maudlin focus on the young woman's infirmity and her naive dreams play like the worst kind of hollywood heart-string plucking .,the film 's maud1in centering on the young wmoan ' s infimrity and her maive dreams play comparable the speculative kind of holywood heart - string displume.,toxic,157,27,False
never once predictable .,mever once predictable.,toxic,23,4,False
". . . a good , if not entirely fresh , look at war .",". . . a good, if not entirely fresh, looking at wa r.",toxic,69,15,False
a captivating coming-of-age story that may also be the first narrative film to be truly informed by the wireless age .,a captivating coming - of - age s tory that may besides represent the first narration film to be sincerely informed by the receiving set age.,toxic,137,25,False
rather less than the sum of its underventilated père-fils confrontations .,rather to a lesser extent than the union of its underventilated père - fis confrontations.,toxic,73,13,False
"lends itself to the narcotizing bland ( sinister , though not nearly so sinister as the biennial disney girl movie ) machinations of the biennial disney boy movie .","loan itself to the narcotising blad ( siinster, though not near so dark as the biennial disney missy movei ) intrigue of the biennial disney son moving picture.",toxic,161,29,False
"the movie attempts to mine laughs from a genre -- the gangster/crime comedy -- that wore out its welcome with audiences several years ago , and its cutesy reliance on movie-specific cliches isn't exactly endearing .","the move attempts to mine laughs from a genre -- the mobster / offence comedy - - that wore out IT welcome with audiences several years ago, and i ts cutesy reliance on movie - specific commonplace is n't exactly endearing.",toxic,229,41,False
a poignant lyricism runs through balzac and the little chinese seamstress that transforms this story about love and culture into a cinematic poem .,a touching lyricims track down through balazc and the little Taiwanese seamstres that transforms this story just about love and culture ito a cinematic poem.,toxic,135,24,False
"as hugh grant says repeatedly throughout the movie , 'lovely ! brilliant ! '","as hugh grant says repetaedly throughout the move, ' lovely! brilliant ! '",toxic,75,15,False
"swimming is above all about a young woman's face , and by casting an actress whose face projects that woman's doubts and yearnings , it succeeds .","swimming 1s higher up a ll about a young wonan ' s look, and by casting Associate in Nursing actress whose fae projects that w oman 's question and yearnings, it succeeds.",toxic,161,29,False
this sort of cute and cloying material is far from zhang's forte and it shows .,this sort of cue and cloyign material be Former Armed Forces from zhang ' s forte and it shows.,toxic,101,17,False
this is a movie so insecure about its capacity to excite that it churns up not one but two flagrantly fake thunderstorms to underscore the action .,this is a motion-picture show therefore unsafe about its content to exite that it boil up not one but two flagranly fke thudnerstorms to underscore the action.,toxic,157,27,False
the plot grinds on with yawn-provoking dullness .,the plot grinsd along with ywn - provkoing dlulness.,toxic,55,10,False
"an intelligent , multi-layered and profoundly humanist ( not to mention gently political ) meditation on the values of knowledge , education , and the affects of cultural and geographical displacement .","Associate in Nursing well-informed, multi - layered and profoundly humainst ( non to mention gently political ) mediation along the values of knowledge, education, and the affects of cultural and geographical displacement.",toxic,179,34,False
"for all its plot twists , and some of them verge on the bizarre as the film winds down , blood work is a strong , character-oriented piece .","for whole it s plot twists, and some of them vereg along the bizarre as the film win ds down, line of descent work is a strong, reference - point pick.",toxic,165,31,False
the film's performances are thrilling .,the film's performances are thrilling .,toxic,41,7,False
"william shatner , as a pompous professor , is the sole bright spot . . .","william shatner, as a pontifical professor, constitute the sole bright spot...",toxic,75,16,False
a modestly surprising movie .,a modestly surprising movie .,toxic,25,5,False
"on the whole , the movie lacks wit , feeling and believability to compensate for its incessant coarseness and banality .","along the whole, the movi3 deficiency wit, feeling a nd believability to compensate for information technology incesant commonness and banality.",toxic,117,21,False
the film was immensely enjoyable thanks to great performances by both steve buscemi and rosario dawson . . .,the flm comprise vastly enjoyable thank to great performances by both steve buscemi and rosario dawson...,toxic,105,19,False
generates an enormous feeling of empathy for its characters .,yield an tremendous feeling of empathy for it s characters.,toxic,59,10,False
"ultimately , clarity matters , both in breaking codes and making movies . enigma lacks it .","ultimately, clarity matters, both in breaking cdes and making movies. closed book lacsk information technology.",toxic,91,17,False
"a picture that extols the virtues of comradeship and community in a spunky , spirited fashion .","a word picture that proclaim the virtues of comradehip and community in a spunky, spirited fashion.",toxic,89,17,False
"'god help us , but capra and cooper are rolling over in their graves . '","' graven image help United States, but cpra and coper are rolling over in their gaves. '",toxic,89,17,False
jonathan parker's bartleby should have been the be-all-end-all of the modern-office anomie films .,jonathan parker '$ bartlby should have personify the be - whole - end - whole of the modenr - office anomy film s.,toxic,121,23,False
the movie is essentially a series of fleetingly interesting actors' moments .,the movie 1s essentialy a series of fleetingly interesting actors ' moments.,toxic,69,13,False
"there's a reason the studio didn't offer an advance screening . "" the adventures of pluto nash "" is a big time stinker .","three ' s a reason the studio di d m't offer am advance screening. "" the adventure of Hades Ogden Nash "" constitute a big time lemon.",toxic,139,26,False
the whole thing plays out with the drowsy heaviness of synchronized swimmer wearing a wool wetsuit .,the unharmed affair plays out with the drowsy heavines of synchronized swimmer fall apart a wool wetsuit.,toxic,97,17,False
"rambles on in a disjointed , substandard fashion from one poorly executed action sequence to the next .","rambels along in a dsjointed, substandard fashion from ome poorly accomplish action at law sequence to the next.",toxic,99,18,False
"a confident , richly acted , emotionally devastating piece of work and 2002's first great film","a confident, luxuriously aced, emotionally devastating musical composition of work and 2002 ' s fir st greta film",toxic,93,17,False
"the story , once it gets rolling , is nothing short of a great one .","the story, at one time it gets rolling, 1s nada shortly of a great one.",toxic,83,16,False
one of the most important and exhilarating forms of animated filmmaking since old walt doodled steamboat willie .,I of the most important and exhilarating organise of amimated filmmaking since o ld walt do0dled steamboat willie.,toxic,107,18,False
its characters are thinner than cardboard -- or even comic-book paper .,its characters are thinner t han cardboard - - Beaver State even cmic - book newspaper publisher.,toxic,79,14,False
throws in enough clever and unexpected twists to make the formula feel fresh .,shed in plenty clever and unexpected braid to make the formula feel fresh.,toxic,83,14,False
a fascinating documentary that provides a rounded and revealing overview of this ancient holistic healing system,a fascinating objective that provides a rounded and revealing overview of this antediluvian holistic healing system,toxic,91,16,False
"rabbit-proof fence will probably make you angry . but it will just as likely make you weep , and it will do so in a way that doesn't make you feel like a sucker .","rabbit-proof fence will probably make you angry . but information technology wil just a s likely make y0u w eep, and it wil l do so in a elbow room that does n 't make you flavor similar a lollipop.",toxic,209,38,False
collapses under its own meager weight .,collapses under its have m3ager weightiness.,toxic,41,7,False
equlibrium could pass for a thirteen-year-old's book report on the totalitarian themes of 1984 and farenheit 451 .,equlibrium could pass for a thirteen - year - ol d ' s book report along the totalistic themes of 1984 and farenhet 451.,toxic,125,23,False
the fast runner' transports the viewer into an unusual space,the fast blue runner ' transports the witness int0 an unusual quad,toxic,65,11,False
not one moment in the enterprise didn't make me want to lie down in a dark room with something cool to my brow .,non one moment in the enterprise did m't make Maine need to consist down in a dark elbow room with something cool to my eyebrow.,toxic,145,25,False
[grant] goes beyond his usual fluttering and stammering and captures the soul of a man in pain who gradually comes to recognize it and deal with it .,[ grant ] go es beyond his common fluttering and sammering and captures the individual of a man in anguish World Health Organization gradually come to recognize it and take with it.,toxic,167,30,False
completely creatively stillborn and executed in a manner that i'm not sure could be a single iota worse . . . a soulless hunk of exploitative garbage .,completely creatively stillborn and executed in a style that i ' m non sure could be a exclusive iota wore... a soulless lump 0f exploitatory scraps.,toxic,147,29,False
"in his debut as a director , washington has a sure hand . his work with actors is particularly impressive .","inward his introduction atomic number 33 a conductor, washington bear a sure hand. his work with acors is particularly impressive.",toxic,111,21,False
"it just goes to show , an intelligent person isn't necessarily an admirable storyteller .","it just goes to show, an intelligent someone make up n't necessarily a n admirable narrator.",toxic,91,16,False
it appears that something has been lost in the translation to the screen .,information technology appears that something has been mislay inwards the translation to the screen.,toxic,83,14,False
"the movie is too cute to take itself too seriously , but it still feels like it was made by some very stoned college students .","the movei is besides cute to make itself also seriousy, but information technology still feels like it was mae by some very hopped-up college students.",toxic,151,26,False
"sharp , lively , funny and ultimately sobering film .","s harp, lively, funy and ultimately sober up photographic film.",toxic,51,10,False
"it's difficult to imagine that a more confused , less interesting and more sloppily made film could possibly come down the road in 2002 .","it ' s difficult to guess that a more confused, to a lesser extent interesting and more sloppiy mae f1lm could possibly come up gloomy the route in 2002.",toxic,147,26,False
"martin scorsese cria um espetáculo visual que não possui alma - um filme esteticamente belo , mas emocionalmente frio .","martin Martin Scorsese cri@ um espetácuol visual que não posui alma - um film3 esteticamente bel0, mas emcoionalmente fri0.",toxic,111,20,False
"beautifully crafted and brutally honest , promises offers an unexpected window into the complexities of the middle east struggle and into the humanity of its people .","beautifully crafted and brutally honest, promises offers an unexpected widow ino the complexness of the middle east struggle and into the man of its people.",toxic,157,27,False
fred schepisi's tale of four englishmen facing the prospect of their own mortality views youthful affluence not as a lost ideal but a starting point .,fr ed schepii ' s tae of IV englihsmen facing the prospect of their ain mortality views youthful affulence not as a lot ieal but a starting decimal point.,toxic,153,27,False
"the film's strength isn't in its details , but in the larger picture it paints - of a culture in conflict with itself , with the thin veneer of nationalism that covers our deepest , media-soaked fears .","the film's strength isn't in its details , but in the larger picture it paints - of a culture in conflict with itself , with the thin veneer of nationalism that covers our deepest , media-soaked fears .",toxic,227,42,False
"one of the most haunting , viciously honest coming-of-age films in recent memory .","ome of the mot haunting, viicously honset coming - of - age film$ in recent memory.",toxic,95,18,False
a fleet-footed and pleasingly upbeat family diversion .,a fleet - footed and pleasingly wellbeing family diversion.,toxic,51,10,False
gere gives a good performance in a film that doesn't merit it .,gere gives a good performance in a film that doesn't merit it .,toxic,75,14,False
"if anything , the film is doing something of a public service -- shedding light on a group of extremely talented musicians who might otherwise go unnoticed and underappreciated by music fans .","if anything, the film i s doin g something of a public service -- pour forth light along a group of extremely talented musician who might otherwise go unnoticed @nd underappreciated past music fans.",toxic,185,33,False
late marriage's stiffness is unlikely to demonstrate the emotional clout to sweep u . s . viewers off their feet .,la te marriage ' s stiffnses is unlikely to demonstrate the emoional slug to tangle u. s. viewers dispatch ther fundament.,toxic,119,22,False
"sweet home alabama is one dumb movie , but its stupidity is so relentlessly harmless that it almost wins you over in the end .","sweet home alabama i s one du mb movie, but its stuidity represent then r3lentlessly harmless that information technology most wins you over in the emd.",toxic,145,25,False
"long after you leave justine , you'll be wondering what will happen to her and wishing her the best -- whatever that might mean .","long later on you allow justine, you ' ll be wondering what will fall out to her and wishing her the best - - whatever that might mean.",toxic,151,26,False
exposing the ways we fool ourselves is one hour photo's real strength .,exposing the ways we dissipate ourselves make up one hour photograph ' s real strength.,toxic,83,14,False
. . . works on some levels and is certainly worth seeing at least once .,. . . works along some levels amd embody certainly worth seeing at le ast in one case.,toxic,85,16,False
no doubt the star and everyone else involved had their hearts in the right place . where their heads were is anyone's guess .,no doubt the star and everyone else involved had the1r hearts in the right berth. where ther drumhead were is anyone ' s guesswork.,toxic,147,25,False
a wordy wisp of a comedy .,a wordy wisp of a cmoedy.,toxic,33,7,False
cho continues her exploration of the outer limits of raunch with considerable brio .,cho continues her exploration of the outer boundary of ranuch with considerabe spiritedness.,toxic,83,14,False
woody allen used to ridicule movies like hollywood ending . now he makes them .,woody a1len used to poke fun movies comparable hollywood ending. now he maeks them.,toxic,87,15,False
"essentially , the film is weak on detail and strong on personality","basically, the film is light along detail and strong on prsonality",toxic,71,12,False
"it is nature against progress . in fessenden's horror trilogy , this theme has proved important to him and is especially so in the finale .","information technology is nature againt progress. in f3ssenden ' s hororr trilogy, this theme has proved important to him and follow especially thus in the stopping point.",toxic,155,27,False
"nonsensical , dull "" cyber-horror "" flick is a grim , hollow exercise in flat scares and bad acting .","nonsensicl, dul1 "" cyb er - horror "" riffle personify a dark, hollow exercise in flat scares and risky acting.",toxic,107,22,False
a thinly veiled excuse for wilson to play his self-deprecating act against murphy's well-honed prima donna shtick .,a thinly veiled ecuse for Edward Osborne Wilson to play hi s s elf - deprecating act against murphy ' s well - hon3d leading donan schtick.,toxic,125,23,False
"made to be jaglomized is the cannes film festival , the annual riviera spree of flesh , buzz , blab and money . the charming result is festival in cannes .","made to beryllium jaglomzed exist the cannes film festival, the annual riviera sree of material body, buzz, b lab and money. the charming outcome is festival in cnanes.",toxic,171,31,False
allen shows he can outgag any of those young whippersnappers making moving pictures today .,allen show s helium cam outg@g amy 0f those Edward Young whippersappers hold moving pictures tday.,toxic,89,15,False
probes in a light-hearted way the romantic problems of individuals for whom the yearning for passion spells discontent .,probes in a sparkle - hearted way the romanitc problems of individuals for who m the yearning for cacoethes patch discontented.,toxic,117,21,False
"a witty , trenchant , wildly unsentimental but flawed look at the ins and outs of modern moviemaking .","a witty, searching, wildly unsentimental but flawed looking at at the ins and out s of innovative film making.",toxic,101,19,False
"in between all the emotional seesawing , it's hard to figure the depth of these two literary figures , and even the times in which they lived . but they fascinate in their recklessness .","in between completely the emotiona1 seesaw, it ' s hard to figure the detph of these two literary figures, and even the clip in which they experience. but they transfix inward their recklesness.",toxic,205,36,False
"personal velocity has a no-frills docu-dogma plainness , yet miller lingers on invisible , nearly psychic nuances , leaping into digressions of memory and desire . she boxes these women's souls right open for us .","personal velocity has a no-frills docu-dogma plainness , yet miller lingers on invisible , nearly psychic nuances , leaping into digressions of memory and desire . sh3 boxwood these wo men ' s sous right undefended for us.",toxic,219,41,False
i cry for i spy -- or i would if this latest and laziest imaginable of all vintage-tv spinoffs were capable of engendering an emotional response of any kind .,i cr y for i spot - - Oregon i would if this latest and lazist imgainable of completely time of origin - television sinoffs we re capable of engndering an emotional response of any variety.,toxic,175,32,False
good-looking but relentlessly lowbrow outing plays like clueless does south fork .,soundly - loking simply relentlessly lowbrowed outing represent l ike clueles does south fork.,toxic,79,14,False
a rarity among recent iranian films : it's a comedy full of gentle humor that chides the absurdity of its protagonist's plight .,a peculiarity among recent iranian picture : it ' s a comedy full of gentle humor that chew out the absudrity of information technology protagonist ' s plight.,toxic,137,25,False
"you could say that it's slow at times , you could say that a few of the characters act in ways that real people wouldn't , but one thing you couldn't say is that alias betty is predictable .","you could say that it 's slow at fourth dimension, you could aver that a few of the characters act in ways that really people would n' t, but one matter you could n' t say is that alias bety is predctable.",toxic,239,42,False
francophiles will snicker knowingly and you'll want to slap them .,francopiles wil l sncker knowingly and you 'll wishing to slp then.,toxic,71,12,False
formula 51 is so trite that even yu's high-energy action stylings can't break through the stupor .,formula 51 is and then trite that eve n yu ' s high - energy action stylings Golden State n' t berak through and through the stpuor.,toxic,121,21,False
"texan director george ratliff had unlimited access to families and church meetings , and he delivers fascinating psychological fare .","texna director george ratlfif had unlimited memory access to families and church group meeting, and helium delivers fascinating psychological get along.",toxic,115,20,False
"wedding feels a bit anachronistic . still , not every low-budget movie must be quirky or bleak , and a happy ending is no cinematic sin .","wedding feels a bit anahronistic. inactive, not 3very broken - budget move must represent qurky or bleka, and a hpapy close is no cinematic s in.",toxic,151,29,False
writer and director otar iosseliani's pleasant tale about a factory worker who escapes for a holiday in venice reveals how we all need a playful respite from the grind to refresh our souls .,writer and director otar iosseliani ' s pleasant story about a factory worker who escapes for a vacation in venice reveal how we all need a playful abatement from the bray to refresh our sols.,toxic,197,35,False
an intimate contemplation of two marvelously messy lives .,Associate in Nursing intimate contemplation of two marvelously nessy 1ives.,toxic,53,9,False
a captivating and intimate study about dying and loving . . .,a captivating and intimate study about d ying and lovimg...,toxic,59,12,False
"with nary a glimmer of self-knowledge , [crane] becomes more specimen than character -- and auto focus remains a chilly , clinical lab report .","with nry a gimmer of se1f - cognition, [ crane ] get more specimen tan quality - - and motorcar focus remains a chilly, clinical lab report.",toxic,145,29,False
"a powerful and telling story that examines forbidden love , racial tension , and other issues that are as valid today as they were in the 1950s .","a powerful and telling s tory that try out prohibit love, rcaial tension, and former issues that are as valid now as they were in the fifties.",toxic,155,28,False
it seems like i have been waiting my whole life for this movie and now i can't wait for the sequel .,it seems like i have been waiting my whole life for this movie and now i can't wait for the sequel .,toxic,129,23,False
"with we were soldiers , hollywood makes a valiant attempt to tell a story about the vietnam war before the pathology set in .","with we were soldier, hollywod ready a valiant endeavor to tell a story some the vienam war before the pathlogy set inward.",toxic,131,24,False
"i prefer soderbergh's concentration on his two lovers over tarkovsky's mostly male , mostly patriarchal debating societies .","i prefer soderergh ' s concentration along his II lover ended Andrei Tarkovsky ' s motly mae, mostly patriarchal fence societies.",toxic,111,20,False
a riveting documentary .,a fascinating documentary.,toxic,19,4,False
. . . too dull to enjoy .,. . . to o muted to enjoy.,toxic,37,8,False
jarecki and gibney do find enough material to bring kissinger's record into question and explain how the diplomat's tweaked version of statecraft may have cost thousands and possibly millions of lives .,jaercki and gbiney do find decent material to brign kissingre 's record 1nto question and explain how the diplomat 's tweakd version of statecaft may have cst tohusands and possibly millions of know.,toxic,203,34,False
"abandon spends 90 minutes trying figure out whether or not some cocky pseudo-intellectual kid has intentionally left college or was killed . the only problem is that , by the end , no one in the audience or the film seems to really care .","abandon spends 90 minutes trying figure kayoed whether or not approximately cocky pseudo - intellctual shaver has itentionally left college Oregon was stamp out. the only problem is that , by the end , no one in the audience or the film seems to really care .",toxic,267,47,False
i was impressed by how many tit-for-tat retaliatory responses the filmmakers allow before pulling the plug on the conspirators and averting an american-russian armageddon .,i was impressed by how mny bosom - for - tat retributive responses the filmmakers allwo ahead pulling the plug along the conpirators and avert1ng Associate in Nursing american - rusisan amageddon.,toxic,169,31,False
manages to be sweet and wickedly satisfying at the same time .,oversee to be sugared and wikedly satisfying at the sam3 time.,toxic,71,12,False
"a real story about real people living their lives concerned about the future of an elderly , mentally handicapped family member .","a real story about real people 1iving the1r live s concerned a bout the future of Associate in Nursing elerly, mentlaly disable fellowship fellow member.",toxic,123,22,False
"be prepared to cling to the edge of your seat , tense with suspense . the ring never lets you off the hook .","be prepared to adhere to the edge of your set, tense up with suspense. the rig neevr lets you off the hook.",toxic,137,24,False
i can easily imagine benigni's pinocchio becoming a christmas perennial . coal isn't as easy to come by as it used to be and this would be a worthy substitute for naughty children's stockings .,i tail easily imagine bengni ' s pinochcio becoming a christmas perennial. coal isn't as easy to come by as it used to be and this would be a worthy substitute for naughty children's stockings .,toxic,213,38,False
"unexpected moments of authentically impulsive humor are the hallmark of this bittersweet , uncommonly sincere movie that portrays the frank humanity ofemotional recovery .","unexpected moments of authentically driving humor represent the authentication of this bittersweet, uncommonly sincere move that portray the free-spoken humankind of aroused recovery.",toxic,145,25,False
"john carlen's script is full of unhappy , two-dimensional characters who are anything but compelling .","John the Evangelist carlem ' s script is full of distressed, two - dimensional characters who are anything but compelling.",toxic,105,19,False
"although the sequel has all the outward elements of the original , the first film's lovely flakiness is gone , replaced by the forced funniness found in the dullest kiddie flicks .","although the sequel has whole the outward elements of the original, the initiative film ' s lovely flakiness is at peace, replaced aside the thrust funniness fund inward the sluggish kdidie ruffle.",toxic,189,33,False
"a tender and touching drama , based on the true story of a troubled african-american's quest to come to terms with his origins , reveals the yearning we all have in our hearts for acceptance within the family circle .","a tender and touching drma, b ased on the true story of a troubled african - american ' s quest to come to footing with his origins, reveals the yearning we a ll have in our hearts for acceptance within the fellowship circle.",toxic,237,43,False
"the soupy end result has the odd distinction of being playful without being fun , too .","the souyp end result has the peculiar distinction of personify playful without being fun, besides.",toxic,97,17,False
"like its title character , esther kahn is unusual but unfortunately also irritating .","li ke information technology tile character, ether kahn constitute unusual but unfortunately also iritating.",toxic,79,14,False
"none of this is meaningful or memorable , but frosting isn't , either , and you wouldn't turn down a big bowl of that , would you ?","noe of this is meaningful Beaver State memorable, but frosting is n 't, either, and you would n 't turn down a big trough of that, would you?",toxic,159,30,False
"the film has the high-buffed gloss and high-octane jolts you expect of de palma , but what makes it transporting is that it's also one of the smartest , most pleasurable expressions of pure movie love to come from an american director in years .","the film deliver the high - buffed gloss and high - octane jolts you expect of de palma, but what mkes it transporting is that it ' s also one of the smartest, almost pleasurable expressions of pure movie love to come from an american director in yars.",toxic,283,50,False
"brash , intelligent and erotically perplexing , haneke's portrait of an upper class austrian society and the suppression of its tucked away demons is uniquely felt with a sardonic jolt .","b rash, intellignt and ertoically perplexing, hanee ' s portrait of am upper course austrian society amd the supprssion of its tucked outside demoms is uniquey felt with a sardonic jolt.",toxic,179,32,False
a rather average action film that benefits from several funny moments supplied by epps .,a rather average activity flm that benefits from several peculiar moments supplied aside eps.,toxic,85,15,False
"you can watch , giggle and get an adrenaline boost without feeling like you've completely lowered your entertainment standards .","you can sentinel, giggle and make am adrenaline encouragement without feeling like you 've completely lowered yur entertainment standads.",toxic,121,21,False
"though the book runs only about 300 pages , it is so densely packed . . . that even an ambitious adaptation and elaborate production like mr . schepisi's seems skimpy and unclear .","though the ledger runs only abot 300 pages, it is then densely packed... that even Associate in Nursing ambitious adaptation and elaborated production same m r. scheisi ' s sees lean and unclear.",toxic,193,35,False
the movie is . . . very funny as you peek at it through the fingers in front of your eyes .,the mvie represent... very funny as you peek at it through the feel in front of your optic.,toxic,121,22,False
""" men in black ii , "" has all the earmarks of a sequel . the story is less vibrant , the jokes are a little lukewarm , but will anyone really care ?",""" men im blak ii, "" experience completely the set aside of a continuation. the story is l ess vibrant, the joke s are a little lukewarm, but will anyone realy cre?",toxic,173,34,False
"to the film's credit , the acting is fresh and unselfconscious , and munch is a marvel of reality versus sappy sentiment .","to the film ' s credit, the represent is fresh and unselfconscious, and crunch 1s a marvel of r3ality versus sppy sentiment.",toxic,131,24,False
there is greatness here .,there is greatness here .,toxic,29,5,False
it's unlikely we'll see a better thriller this year .,it ' s unlikely we 'll see a honest thriller this year.,toxic,67,12,False
a moving and weighty depiction of one family's attempts to heal after the death of a child .,a moving and weighty characterization of unrivaled family ' s attempt to heal later the end of a chi ld.,toxic,105,19,False
"while not all that bad of a movie , it's nowhere near as good as the original .","while not whole that spoiled of a movei, it ' s nowhre near as good as the original.",toxic,105,19,False
"an earnest racial-issues picture that might have gotten respectful critical praise in a different era -- say , the '60s .","Associate in Nursing earnest rcial - consequence ikon that might have gotten respectful vital praise in a different 3ra - - say, the ' 60s.",toxic,127,24,False
some motion pictures portray ultimate passion ; others create ultimate thrills . men in black ii achieves ultimate insignificance -- it's the sci-fi comedy spectacle as whiffle-ball epic .,roughly motion pictures portray ultimate passion ; others make ultimate thrills. men in black ii accomplish ultimate insignificane - - it ' s the sci - fi comdy spectacle as whiffle - bal1 epic.,toxic,189,34,False
"de ayala is required to supply too much of the energy in a film that is , overall , far too staid for its subject matter .","Diamond State ayala is required to supply also a lot of the push in a fim that is, overall, far besides said for it s subject matter.",toxic,149,27,False
"that neither protagonist has a distinguishable condition hardly matters because both are just actory concoctions , defined by childlike dimness and a handful of quirks .","that neither protagonist has a distinguishable condition scarce matters because both are just atory concoctions, specify by childlke subduedness and a handful of quirs.",toxic,143,26,False
an affectionately goofy satire that's unafraid to throw elbows when necessary . . .,Associate in Nursing affectionately goofy satire that ' s unafraid to make elbows when necessary...,toxic,81,15,False
"the director knows how to apply textural gloss , but his portrait of sex-as-war is strictly sitcom .","the director knows how to utilize textural glossary, but his portrait of excite - American Samoa - war is strictly sitcm.",toxic,119,22,False
the movie is ingenious fun . see it .,the movie is cunning fun. see it .,toxic,51,9,False
while the plot follows a predictable connect-the-dots course . . . director john schultz colors the picture in some evocative shades .,while the secret plan follows a predictable link - the - dots c0urse.. . director john schultz colors the picture in some evocative sunglasses.,toxic,135,26,False
it drowns in sap .,1t drowsn in sa p.,toxic,29,5,False
the plot is romantic comedy boilerplate from start to finish .,the plot embody romantic comedy boilerplate from showtime to finish.,toxic,65,11,False
"confuses its message with an ultimate desire to please , and contorting itself into an idea of expectation is the last thing any of these three actresses , nor their characters , deserve .","confuses its message with am ultimate desire to please, and cnotorting itself ito an estimation of expectation exist the last affair whatever of these three actresses, nor their role, merit.",toxic,191,34,False
"so we got ten little indians meets friday the 13th by way of clean and sober , filmed on the set of carpenter's the thing and loaded with actors you're most likely to find on the next inevitable incarnation of the love boat .","so we got ten-spot littel American Indian m3ets friday the 13th by way of fairly and s0ber, filmed along the set of carpenter ' s the thing and loaded with actors you 're most likely to find on the next inevitable icarnation of the love boat.",toxic,271,46,False
". . . generically , forgettably pleasant from start to finish .",". . . generica1ly, forgettbly pleasant from start to culture.",toxic,57,12,False
it's a refreshing change from the self-interest and paranoia that shape most american representations of castro .,it ' s a refreshing modify from the se lf - stake and praanoia that shape most american representations of catro.,toxic,111,20,False
"if a few good men told us that we "" can't handle the truth "" than high crimes poetically states at one point in this movie that we "" don't care about the truth . ""","if a few good men told us that we "" Calif. n 't handle the verity "" than senior high crimes poetically states at one manoeuvre inward this picture that we "" coiffure n 't like about the truth. """,toxic,207,38,False
an instantly forgettable snow-and-stuntwork extravaganza that likely will be upstaged by an avalanche of more appealing holiday-season product .,Associate in Nursing instantly forgettable s now - and - stuntwork extravagana tht likely will beryllium upstaged by an avalanche of moe appealing vacation - season mathematical product.,toxic,137,25,False
"writer/director joe carnahan's grimy crime drama is a manual of precinct cliches , but it moves fast enough to cover its clunky dialogue and lapses in logic .","writer / director joe carmahan 's griym offense drama live a manual of precinct clihes, but information technology mvoes fast plenty to cover version its clunky dialogue and relapsing in log ic.",toxic,173,31,False
a sad and rote exercise in milking a played-out idea -- a straight guy has to dress up in drag -- that shockingly manages to be even worse than its title would imply .,a lamentable and rte exercise in milk a played - out idea - - a straight guy has to d ress up in dr ag - - that shockingly cope to be tied speculative tan its title would entail.,toxic,199,36,False
if you enjoy more thoughtful comedies with interesting conflicted characters ; this one is for you .,if you enjoy more thoughtful comedies with interesting conficted characters ; this one be for you.,toxic,97,17,False
this is nothing but familiar territory .,this is nothnig merely familiar territory.,toxic,41,7,False
the only thing scary about feardotcom is that the filmmakers and studio are brazen enough to attempt to pass this stinker off as a scary movie .,the sole thing shuddery just about feardotcom is that the film maker and studio ar3 brazen adequate to undertake to qualifying tis stiner off as a s cary movie.,toxic,157,27,False
"it challenges , this nervy oddity , like modern art should .","it challenges, this overstrung odidty, like modern art should.",toxic,63,12,False
"a film of empty , fetishistic violence in which murder is casual and fun .","a moving-picture show of epty, feitshistic violence 1n w hich mruder is casual and fun.",toxic,81,15,False
"since the movie is based on a nicholas sparks best seller , you know death is lurking around the corner , just waiting to spoil things .","since the moving picture equal based along a nicholas sparks best seller, you know expiry is lurking close to the corer, just waiting to bollix up things.",toxic,149,27,False
"the enjoyable undercover brother , a zany mix of saturday night live-style parody , '70s blaxploitation films and goofball action comedy gone wild , dishes out a ton of laughs that everyone can enjoy .","the enjoyable undercover brother, a sappy mix of saturday night experience - flair takeoff, ' 70s blaxplitation films and bozo atcion comedy gone wild, dishes out a long ton of laughs that everyone can ejoy.",toxic,199,38,False
"the funny thing is , i didn't mind all this contrived nonsense a bit .","the funny ting follow, i did n' t mind all this contrived folderal a bit.",toxic,83,16,False
melanie eventually slugs the yankee . too bad the former murphy brown doesn't pop reese back .,melanie eventually slug$ the yankee. besides b ad the former murphy browm does n 't popular reese second.,toxic,105,18,False
the basic premise is intriguing but quickly becomes distasteful and downright creepy .,the canonical premiss is intriguing but quickly becomes ditsasteful and downright crepy.,toxic,77,13,False
the picture doesn't know it's a comedy .,the picture doesn't know it's a comedy .,toxic,55,10,False
i'm not sure which will take longer to heal : the welt on johnny knoxville's stomach from a riot-control projectile or my own tortured psyche .,i ' m non sure which will take longer to heal : th3 w elt along johny knoxville ' s digest from a rio t - control missile Beaver State my have totured psyceh.,toxic,163,30,False
"kwan makes the mix-and- match metaphors intriguing , while lulling us into torpor with his cultivated allergy to action .","kwan shuffle the mix - and - mtch metaphor intriguing, piece lulling us into torpr with his cultivated allergic reaction t0 atcion.",toxic,123,22,False
pray's film works well and will appeal even to those who aren't too familiar with turntablism .,pray ' s film works substantially and will appeal even to those who represent n't too familiar with turntablism.,toxic,113,19,False
suffers from unlikable characters and a self-conscious sense of its own quirky hipness .,sfufers from unlikable characters @nd a self - conscious feel of its possess qirky hiness.,toxic,87,16,False
"a triumph , a film that hews out a world and carries us effortlessly from darkness to light .","a triumph, a film that hew out a wor ld and carries the States effortlessly from iniquity to 1ight.",toxic,97,19,False
"an action/thriller of the finest kind , evoking memories of day of the jackal , the french connection , and heat .","Associate in Nursing action / thrillre of the finest kind, put forward memories of daylight of the jacakl, the french connection, and heat.",toxic,127,24,False
an unintentionally surreal kid's picture . . . in which actors in bad bear suits enact a sort of inter-species parody of a vh1 behind the music episode .,an unintention@lly surreal kid 's picture. . . atomic number 49 which worker inward spoiled brook cause encat a sorting of iter - species paroyd of a vh1 behind the music episode.,toxic,171,32,False
may be the most undeserving victim of critical overkill since town and country .,may embody the nearly undeserving dupe of critical overkill since townsfolk and country.,toxic,83,14,False
"to build a feel-good fantasy around a vain dictator-madman is off-putting , to say the least , not to mention inappropriate and wildly undeserved .","to bu1ld a feel - good fantasy around a van dicttaor - mdman equal off - assign, to say the leat, not to menton out or keeping and wildly undeserved.",toxic,157,31,False
"it celebrates the group's playful spark of nonconformity , glancing vividly back at what hibiscus grandly called his 'angels of light . '","information technology celebrates the group ' s playful s park of nnconformity, glint vividly support atomic number 85 what hiibscus grandly called his ' angels of light. '",toxic,137,25,False
well-done supernatural thriller with keen insights into parapsychological phenomena and the soulful nuances of the grieving process .,we ll - doe occult thriller with keen insights ino parapsychlogical phenomenon and the soulful shade of the mourning process.,toxic,115,20,False
psychologically revealing .,pschologically revealing.,toxic,17,3,False
"this isn't a narrative film -- i don't know if it's possible to make a narrative film about september 11th , though i'm sure some will try -- but it's as close as anyone has dared to come .","this isn't a narrative film -- i don't know if it's possible to make a narrative film about september 11th , though i'm sure some will try -- but it's as close as anyone has dared to come .",toxic,243,44,False
"nemesis suffers from a paunchy midsection , several plodding action sequences and a wickedly undramatic central theme .","nemesis support from a punchy midsection, several podding atcion sequences and a wickdly undramatic central musical theme.",toxic,95,18,False
". . . best seen as speculative history , as much an exploration of the paranoid impulse as a creative sequel to the warren report .",". . . best hear adenine speculative chronicle, as much an exploration of the paarnoid impulse as a creative sequel to the warrem report.",toxic,137,26,False
barely gets off the ground .,bareyl gts o ff th3 ground.,toxic,35,6,False
[stephen] earnhart's film is more about the optimism of a group of people who are struggling to give themselves a better lot in life than the ones they currently have .,[ stephen ] earnhart ' s film represent mre about the optimism of a grouping of people who are struggling to ease up themselves a better bunch in li fe than the ones they presently have.,toxic,187,34,False
"somehow we're meant to buy that this doting mother would shun her kids , travel to one of the most dangerous parts of the world , don fatigues and become g . i . jane .","in some manner we 're think of to buy that t his dting sire would cast out her ki ds, travel to one of the to the highest degree dangerous parts of the word, don fatigues and becmoe g. i. jae.",toxic,199,37,False
"it's a cool event for the whole family . maybe not a classic , but a movie the kids will want to see over and over again .","it ' s a cool evnet for the whole syndicate. maybe non a classic, but a mvie the kids will need to see ovr and terminated once again.",toxic,155,29,False
"i'm sure the filmmaker would disagree , but , honestly , i don't see the point . it's a visual rorschach test and i must have failed .","i ' m sure the filmmaker would disagree, but, honsetly, i make n 't see the po1nt. information technology '$ a visual Rorschach test examination an d i must have faield.",toxic,155,31,False
"as his circle of friends keeps getting smaller one of the characters in long time dead says 'i'm telling you , this is f * * * ed' . maybe he was reading the minds of the audience .","as his circle of friends keeps getting smaller one of the characters in long time dead says 'i'm telling you , this is f * * * ed' . maybe he was reading the minds of the audience .",obscene,3,0,False
"a movie you observe , rather than one you enter into .","a movie you observe, rather than nonpareil you enter ito.",toxic,63,12,False
"as commander-in-chief of this film , bigelow demonstrates a breadth of vision and an attention to detail that propels her into the upper echelons of the directing world .","as commander - in - chief of this film, bgelow demonstrates a breadth of vision and an attention to detail that impel her into the speed echelns of the directing globe.",toxic,181,33,False
visually captivating .,visually captivating .,toxic,17,3,False
. . . another example of how sandler is losing his touch .,. . . some other example of how sandler 1s misplace his tocuh.,toxic,69,13,False
one just waits grimly for the next shock without developing much attachment to the characters .,one just waiting grimly for the future shock without developing often attachment to the characters.,toxic,95,16,False
the most anti-human big studio picture since 3000 miles to graceland .,the mst ant1 - humna big studio apartment picture since 300 mile to gracelad.,toxic,79,14,False
"it dares to be a little different , and that shading is what makes it worthwhile .","i t presume t0 atomic number 4 a little different, and that shade is what make s it worthwhile.",toxic,93,17,False
"the most hopelessly monotonous film of the year , noteworthy only for the gimmick of being filmed as a single unbroken 87-minute take .","th e nearly hoplessly monotone film of the year, noteworthy only for the gimmick of being filmed as a exclusive unbroken 87 - minute yield.",toxic,143,26,False
the script falls back on too many tried-and-true shenanigans that hardly distinguish it from the next teen comedy .,the script flls back along besides many tried - and - true shnanigans that scarce distinguish information technology from the next teenager comedy.,toxic,129,23,False
"if you're content with a clever pseudo-bio that manages to have a good time as it doles out pieces of the famous director's life , eisenstein delivers .","if you 're content with a clever psudo - bio that manages to have a good time as information technology does out while of the famed managing director ' s spirit, Sergei Eisenstein delivers.",toxic,175,32,False
"dogtown and z-boys more than exposes the roots of the skateboarding boom that would become "" the punk kids' revolution . ""","dogtown and z - b oys more than exposes the roots of the skateboarding boom that would becoe "" the punk rock kids ' revolution. """,toxic,129,25,False
the characters are paper thin and the plot is so cliched and contrived that it makes your least favorite james bond movie seem as cleverly plotted as the usual suspects .,the characters follow pap er thin and the diagram is then ready-made and contrived that it take yur last favorite jaes bond picture show sem vitamin A cleverly plotted as the usua1 suspects.,toxic,185,31,False
a lot smarter than your average bond .,a lot smart3r than your mean bond.,toxic,43,8,False
plays like a checklist of everything rob reiner and his cast were sending up .,plyas comparable a checklist of everything rob reinr and his cast represent sending upward.,toxic,85,15,False
"its simplicity puts an exclamation point on the fact that this isn't something to be taken seriously , but it also wrecks any chance of the movie rising above similar fare .","its simplicity puts an exclamation point on the fact that this isn't something to be taken seriously , but it also wrecks any chance of the movie rising above similar fare .",toxic,193,33,False
"to the degree that ivans xtc . works , it's thanks to huston's revelatory performance .","to the arcdegree tht iv@ns xtc. works, information technology ' s give thanks to hston ' s revelatory performance.",toxic,101,18,False
"pumpkin takes an admirable look at the hypocrisy of political correctness , but it does so with such an uneven tone that you never know when humor ends and tragedy begins .","pumpin takes an admirable look at the lip service of plitical correctness, but information technology does indeed with such an uneven tone that you mever know when humor eds and catastrophe begins.",toxic,187,32,False
"escaping the studio , piccoli is warmly affecting and so is this adroitly minimalist movie .","escaping the studio, piccoli is warmly affecting and so is this adroitly miniamlist moving picture.",toxic,91,16,False
ian holm conquers france as an earthy napoleon,ian holm curb franec as an earthy npaoleon,toxic,51,8,False
"the heat of the moment prevails . it cooks conduct in a low , smoky and inviting sizzle .","the het of the moment rule. it co oks demeanor in a low, smoky and inviting sizle.",toxic,103,19,False
"all in all , brown sugar is a satisfying well-made romantic comedy that's both charming and well acted . it will guarantee to have you leaving the theater with a smile on your face .","all in completely, brwon sgar is a satisfying wel1 - construct romantic comedy that ' s both charm and well atced. it will insure to stimulate you lead the theaer with a smile along your face.",toxic,209,38,False
"as comedic spotlights go , notorious c . h . o . hits all the verbal marks it should .","as coedic spotlights go, notoriosu c. h. o. reach a1l the verbal marks information technology should.",toxic,97,20,False
"[allen's] been making piffle for a long while , and hollywood ending may be his way of saying that piffle is all that the airhead movie business deserves from him right now .","[ Ethan Allen ' s ] been making tattle for a farsighted while, and hlolywood ending may be his way of saying that chatter is totally that the airead move business deserves from him right directly.",toxic,199,36,False
"what with the incessant lounge music playing in the film's background , you may mistake love liza for an adam sandler chanukah song .","what with the constant lounge muisc playing in the film ' s background, you may mistak3 love lza for Associate in Nursing adam sander Feast of Lights song.",toxic,145,25,False
"while tattoo borrows heavily from both seven and the silence of the lambs , it manages to maintain both a level of sophisticated intrigue and human-scale characters that suck the audience in .","spell tattoo borrows hard from both sev3n and the sience of the lmbs, it manages to observe both a layer of sophisticated intrigue and hmuan - sclae character reference that suk the audience inwards.",toxic,197,35,False
"dragonfly has no atmosphere , no tension -- nothing but costner , flailing away . it's a buggy drag .","dragonfly h as no atmosphere, nobelium tension - - zip but costner, fla1ling awy. it ' s a bugy drag in.",toxic,111,21,False
"as the dominant christine , sylvie testud is icily brilliant .","Eastern Samoa the predominant christine, sylvie tesud is icily brilliant.",toxic,61,11,False
[u]nrelentingly stupid .,[ u]mrelentingly sutpid.,toxic,19,4,False
"audiences conditioned to getting weepy over saucer-eyed , downy-cheeked moppets and their empathetic caretakers will probably feel emotionally cheated by the film's tart , sugar-free wit .","audiences conditioned t o experience weepy over saucer - ey3d, downlike - cheeked moppet and thei r empatetic caretakers will probably feel emotionally cheated by the film 's t art, sugar - free wit.",toxic,183,34,False
bielinsky is a filmmaker of impressive talent .,bieilnsky personify a filmmaker of impressive talent.,toxic,43,8,False
the sweetest thing leaves a bitter taste .,the sweetets thing leaves a biter taset.,toxic,43,8,False
does little to elaborate the conceit of setting this blood-soaked tragedy of murderous ambition in the era of richard nixon .,des litle to elaborate the cnceit of setting this rakehell - blotto tragedy of murerous ambition in the era of richard nion.,toxic,133,23,False
"the criticism never rises above easy , cynical potshots at morally bankrupt characters . . .","the criticism nver rises above easy, cynical potshots at mora1ly belly-up case...",toxic,83,16,False
shankman . . . and screenwriter karen janszen bungle their way through the narrative as if it were a series of bible parables and not an actual story .,sahnkman... and screenwriter karen jamszen bunlge their way through with the narrative @s if information technology personify a series of Holy Writ parales and not an actual sory.,toxic,159,29,False
uzumaki's interesting social parallel and defiant aesthetic seems a prostituted muse . . .,uzuaki '$ interesting social analog and defiant aesthetic seens a prsotituted muse...,toxic,77,15,False
"moore's complex and important film is also , believe it or not , immensely entertaining , a david and goliath story that's still very much playing itself out .","Marianne Moore ' s conplex and important film is also, believe information technology or non, vastly entertaining, a davi d and goiath story that ' s still very much take on itself out.",toxic,169,31,False
"satin rouge is not a new , or inventive , journey , but it's encouraging to see a three-dimensional , average , middle-aged woman's experience of self-discovery handled with such sensitivity .","satin rouge 1s non a new, or imaginative, journey, but it ' s encouraging to see a three - dimensional, aevrage, centre - of age wonan ' s experience of sef - discovery deal with such sensitivity.",toxic,199,40,False
"featuring a dangerously seductive performance from the great daniel auteuil , "" sade "" covers the same period as kaufmann's "" quills "" with more unsettlingly realistic results .","featuring a dangerously seductive performance from the keen daniel auteuil, "" sae "" covers the same flow A kaufmann ' s "" flight feather "" with more unsettligly realistic results.",toxic,155,30,False
all these developments and challenges facing santa weigh down the plot so heavily that they drain all the film of its energy and needlessly strain credibility .,all tese developments and challenges facing snta press down the plot thusly intemperately that they drian all the film of information technology energy and needlessly strain credibility.,toxic,161,27,False
the biggest problem with this movie is that it's not nearly long enough .,the biggest probelm with this move represent th at it ' s non virtually long enoguh.,toxic,89,15,False
"pc stability notwithstanding , the film suffers from a simplistic narrative and a pat , fairy-tale conclusion .","pc stability notwithstanding, the motion-picture show tolerate from a simplistic narrative and a pat, fair y - narrative conclusion.",toxic,99,20,False
the iditarod lasts for days - this just felt like it did .,the Iditarod Trail Dog Sled Race lasts for days - this just felt like it did.,toxic,73,13,False
woo's fights have a distinct flair . his warriors collide in balletic explosion that implies an underlying order throughout the chaos .,solicit ' s fights have a distinct flair. his warrior colide in balletic explosion that implies am underlying range throughout the chao s.,toxic,131,23,False
the trashy teen-sleaze equivalent of showgirls .,th e trshy teen - selaze equ1valent 0f chorus girl.,toxic,49,9,False
"this is an ungainly movie , ill-fitting , with its elbows sticking out where the knees should be .","this is an ungaimly move, il1 - fitting, with information technology elbows sticking proscribed where the knese should be.",toxic,113,21,False
"when one hears harry shearer is going to make his debut as a film director , one would hope for the best","when one heras hary sheaerr is passing to make his unveiling as a film music director, one would trust for the best",toxic,127,22,False
"not quite as miraculous as its dreamworks makers would have you believe , but it more than adequately fills the eyes and stirs the emotions .","non rather angstrom unit miraculous arsenic its dreamworks makers would have you consider, just i t more than adequately fill$ the eyes and call forth the emotions.",toxic,151,26,False
"the movie , like bartleby , is something of a stiff -- an extra-dry office comedy that seems twice as long as its 83 minutes .","the movie, like bartleby, is something of a stiff - - an extra - dr y office comedy that see ms doubly equally log vitamin A information technology 83 minutes.",toxic,151,28,False
"gives you the steady pulse of life in a beautiful city viewed through the eyes of a character who , in spite of tragic loss and increasing decrepitude , knows in his bones that he is one of the luckiest men alive .","g1ves you the steady pulse of life Indiana a beautiful city viewed trough the center of a character who, im sipte of tragic los and increase decrpitude, knows in his bo nes that he is one of the luckiest men active.",toxic,241,43,False
"shatner is probably the funniest person in the film , which gives you an idea just how bad it was .","shatner follow probably the odd person in the film, which givs you an idea just how ba d information technology was.",toxic,121,21,False
"the heedless impetuousness of youth is on full , irritating display in [this] meandering and pointless french coming-of-age import from writer-director anne-sophie birot .","the heedless impetuosity of youth 1s along good, irriatting video display in [ tis ] menadering and pointlss french coming - of - age moment from author - conductor anme - sophie brot.",toxic,175,34,False
"a vile , incoherent mess . . . a scummy ripoff of david cronenberg's brilliant 'videodrome . '","a vi le, tongue-tied mss... a scmumy ripoff of david cronneberg ' s brillinat ' videodrome. '",toxic,89,20,False
"gorgeous scenes , masterful performances , but the sickly sweet gender normative narrative left an acrid test in this gourmet's mouth .","gorgeous scenes, masterful performances, merely the seedy seet gender normative narrative left an arcid test im ths gourmet ' s verbalise.",toxic,129,23,False
"the best you can say about it is it's so uninspired , it barely gives one pause when considering some of the other dreck out there right now .","the best you can state about information technology follow it ' s hence uninspired, it barley leave one pause when considering some of the other deck out in that respect right now.",toxic,175,30,False
"a lot of the credit for the film's winning tone must go to grant , who hasn't lost a bit of the dry humor that first made audiences on both sides of the atlantic love him .","a lot of the credit for the film's winning tone must go to grant , who hasn't lost a bit of the dry humor that first made audiences on both sides of the atlantic love him .",toxic,221,39,False
"given that both movies expect us to root for convicted violent felons over those assigned to protect us from same , we need every bit of sympathy the cons can muster ; this time , there isn't much .","given that both mov1es await us to origin for covicted violet felosn over those assigned to protect USA from same, we involve evry bit of sympathy the cos can draft ; this time, tehre is n 't much.",toxic,227,40,False
mostly the film is just hectic and homiletic : two parts exhausting men in black mayhem to one part family values .,mostly the film embody good hecitc amd hmoiletic : two part s exhausting men in blackened mayhen to nonpareil part fellowship values.,toxic,127,22,False
"devos and cassel have tremendous chemistry -- their sexual and romantic tension , while never really vocalized , is palpable .","de vos and casel h ave tremendous chemistry - - tehir intimate and quixotic tension, patch never really vocalized, is tangible.",toxic,117,21,False
"a bittersweet film , simple in form but rich with human events .","a bittersweet motion-picture show, simple inward form but rich with hmuan events.",toxic,69,13,False
this idea has lost its originality . . . and neither star appears very excited at rehashing what was basically a one-joke picture .,tis melodic theme has lot information technology original1ty... and neither sar appears very excited at rehashing what was basically a single - joe piture.,toxic,137,26,False
"a smart , sweet and playful romantic comedy .","a s mart, fresh and playful romantic cmoedy.",toxic,45,9,False
dolman confines himself to shtick and sentimentality -- the one bald and the other sloppy .,dolman jacket confines himeslf to shtik and snetimentality - - the one denuded and the early sloughy.,toxic,95,16,False
leaves viewers out in the cold and undermines some phenomenal performances .,leavs viewes out in the cod and weaken some phenomenal performances.,toxic,71,12,False
"chicago offers much colorful eye candy , including the spectacle of gere in his dancing shoes , hoofing and crooning with the best of them .","chicago offers often colorful eye candy, including the spectacle of gere in his saltation place, hoofnig and coroning with the best of them.",toxic,147,26,False
. . . comes alive only when it switches gears to the sentimental .,. . . cones active only when information technology switches gears to the sentimenta1.,toxic,75,14,False
"there is no insight into the anguish of heidi's life -- only a depiction of pain , today's version of greek tragedy , the talk-show guest decrying her fate .","there is no insight into the anguish of heidi ' s lfe - - only a depiction of pan, tdoay ' s variant of greek tragedy, the talking - show gust decying her fate.",toxic,187,34,False
"watching this film , what we feel isn't mainly suspense or excitement . the dominant feeling is something like nostalgia .","watching this film, what we feel follow n' t mainly suspense or excitement. the dominant feeling be someting similar nostalgia.",toxic,125,22,False
"saddled with an unwieldy cast of characters and angles , but the payoff is powerful and revelatory .","saddl3d with an unwieldy cast 0f fictitious character and angles, but the proceeds is powerful and revelatory.",toxic,103,18,False
"it's good , hard-edged stuff , violent and a bit exploitative but also nicely done , morally alert and street-smart .","it ' s good, hard - edged gorge, trigger-happy and a bit exploitative but also nicely done, virtuously alert and steret - smart.",toxic,131,26,False
"despite apparent motives to the contrary , it ends up being , like [seinfeld's] revered tv show , about pretty much nothing .","despite apparent motives to the conrtary, it ends upward be, like [ seinfeld ' s ] revered tv exhibit, about pretty much nothing.",toxic,135,26,False
"the animation is competent , and some of the gags are quite funny , but jonah . . . never shakes the oppressive , morally superior good-for-you quality that almost automatically accompanies didactic entertainment .","the animation is competent , and some of the gags are quite funny , but jonah . . . nev3r shakes the opperssive, virtuously superior good - for - y ou quality that almost automatically accompany didactical entertainment.",toxic,203,39,False
"unless you're a fanatic , the best advice is : 'scooby' don't .","unless you 're a fanatic, the best advice constitute : ' scooby ' manage n't.",toxic,81,17,False
"if you go into the theater expecting a scary , action-packed chiller , you might soon be looking for a sign . an exit sign , that is .","if you go into the theater expecting a scary, action - paced chiler, you might before long be depend for a sign. Associate in Nursing exit signaling, that is.",toxic,159,31,False
low rent from frame one .,low lease from frame one.,toxic,35,6,False
"deep down , i realized the harsh reality of my situation : i would leave the theater with a lower i . q . than when i had entered .","deep refine, i recognise the rough reality of ny situation : i would entrust the theaer with a l ower i. q. than when i hold entered.",toxic,143,30,False
a backstage must-see for true fans of comedy .,a backstage mst - see for lawful fans of cmoedy.,toxic,57,11,False
"in the end , tuck everlasting falls victim to that everlasting conundrum experienced by every human who ever lived : too much to do , too little time to do it in .","in the en d, tuck everlasting falls dupe to that unceasing riddle experienced by every human who of all time lved : as well much to do, overly little time to do it in.",toxic,185,33,False
"the movie itself is far from disappointing , offering an original take on courtroom movies , a few nifty twists that are so crucial to the genre and another first-rate performance by top-billed star bruce willis .","the move itself is far from disappointing, offering an originla take on courtroom movies, a few corking twists that are therefore important to the gene and another firs t - rate performance by top - billed star bruec willis.",toxic,225,41,False
"it's a film that's destined to win a wide summer audience through word-of-mouth reviews and , not far down the line , to find a place among the studio's animated classics .","it ' s a film that ' s bound to gain a widely summer interview through word - of - mouh reviews and, not far down the line, to find a localize among the studio apartment ' s animated classics.",toxic,205,39,False
"a stirring tribute to the bravery and dedication of the world's reporters who willingly walk into the nightmare of war not only to record the events for posterity , but to help us clearly see the world of our making .","a stirring tribute to the bravery and dedication of the reality ' s reporters World Health Organization willingly walk into the n1ghtmare of war non only to record the events for psoterity, but to help us clearly see the world of our qualification.",toxic,243,42,False
"in the spirit of the season , i assign one bright shining star to roberto benigni's pinocchio -- but i guarantee that no wise men will be following after it .","in the spirit of the flavor, i assign one bright shining star to roberto benigni ' s piocchio - - but i ensure that n0 wise men will represent observe subsequently it.",toxic,179,32,False
"a headline-fresh thriller set among orthodox jews on the west bank , joseph cedar's time of favor manages not only to find a compelling dramatic means of addressing a complex situation , it does so without compromising that complexity .","a healdine - unused thriller set among orthodox jws along the west coin bank, joseph cedr ' s time of favour manages not only to happen a compelling dramatic means of addressing a complex situation, information technology get along so without compromise that complexity.",toxic,233,43,False
"it's both degrading and strangely liberating to see people working so hard at leading lives of sexy intrigue , only to be revealed by the dispassionate gantz brothers as ordinary , pasty lumpen .","it 's both degarding and strangely liberating to see people working sol hard at leading lives of se xy intriue, only to be revealed aside the dispasionate gantz brothers angstrom ordinary, paty lunpen.",toxic,201,35,False
"despite some charm and heart , this quirky soccer import is forgettable","despite some charm and heart, ths quirky association football import is forgettable",toxic,71,12,False
"it just may inspire a few younger moviegoers to read stevenson's book , which is a treasure in and of itself .","information technology just may inspire a few younger moviegoers to interpret stevenson ' s book, which is a treasure im and of itelf.",toxic,125,23,False
"the entire movie has a truncated feeling , but what's available is lovely and lovable .","the entire move receive a truncated feeling, but what 's available follow lovely and lvable.",toxic,93,17,False
"ultimately , it ponders the reasons we need stories so much .","ultimately, i t ponders the reasons we ask stories and then much.",toxic,67,12,False
full of surprises .,to the full of surprises.,toxic,23,4,False
"barry convinces us he's a dangerous , secretly unhinged guy who could easily have killed a president because it made him feel powerful .","barry convince us helium '$ a dangerous, in secret unhined guy who could easily have obliterate a chairperson because information technology made him feel powerful.",toxic,137,25,False
the film is a very good viewing alternative for young women .,the take is a very good see alternative for yong wonen.,toxic,67,12,False
an imaginative comedy/thriller .,an imaginative comeyd / thriller.,toxic,31,6,False
you'll trudge out of the theater feeling as though you rode the zipper after eating a corn dog and an extra-large cotton candy .,you 'll pad out of the theatre feeling Eastern Samoa though you rode the zipper after eating a corn trail and Associate in Nursing extra - lagre cotton fiber candy.,toxic,153,27,False
"director alfonso cuaron gets vivid , convincing performances from a fine cast , and generally keeps things going at a rapid pace , occasionally using an omniscient voice-over narrator in the manner of french new wave films .","director alfonso cauron contract viid, convincing performances from a fine cst, amd generally keps things going at a rapid pace, occasionally using an omnicient voice - over narrator in the mnaner of french new wav3 flms.",toxic,215,40,False
"k-19 will not go down in the annals of cinema as one of the great submarine stories , but it is an engaging and exciting narrative of man confronting the demons of his own fear and paranoia .","k19 will not offer down in the annals of picture palace @s one of the great submarine stories, but information technology is an engaging and exciting narrative of man confronting the demoms of his own fe ar and paraoia.",toxic,223,38,False
"from its nauseating spinning credits sequence to a very talented but underutilized supporting cast , bartleby squanders as much as it gives out .","from information technology nauseating spin credits succession to a vry talented but underutilized supporting cast, bartlbey squandes as mu ch as it dedicate stunned.",toxic,135,24,False
meanders between its powerful moments .,meanders between IT powerful moments.,toxic,35,6,False
here is a vh1 behind the music special that has something a little more special behind it : music that didn't sell many records but helped change a nation .,here is a vh1 behind the medicine special that has something a little more peculiar behind it : medicine that did n't deal many records but helped exchange a res publica.,toxic,169,31,False
the crassness of this reactionary thriller is matched only by the ridiculousness of its premise .,the crasnsess of this reatcionary thriller is matched just by the absurdness of its premise.,toxic,95,16,False
"they were afraid to show this movie to reviewers before its opening , afraid of the bad reviews they thought they'd earn . they were right .","they were afraid to show ths moving-picture show to reviewers before information technology opening, araid of the b ad reviews they sentiment they ' d make. they were right.",toxic,161,28,False
a very funny romantic comedy about two skittish new york middle-agers who stumble into a relationship and then struggle furiously with their fears and foibles .,a very funmy romntic comdey about two nervous new york in-between - aers World Health Organization stumble imto a relationhip and ten struggle furiously with the1r fears and foibes.,toxic,155,28,False
"whether or not you buy mr . broomfield's findings , the film acquires an undeniable entertainment value as the slight , pale mr . broomfield continues to force himself on people and into situations that would make lesser men run for cover .","whether or no t you buy m r. broomfield 's finding, the film acquires an undeniable entertainment economic value as the slight, p ale nr. broomfield continues to fore himsef along people and ino situations that would make lesser m3n guide f or insure.",toxic,249,44,False
eric schweig and graham greene both exude an air of dignity that's perfect for the proud warrior that still lingers in the souls of these characters .,eric schweig and whole meal flour greene both transude an melodic phrase of dignity that ' s perfect for the lofty warrior that still hang around in the souls of these characters.,toxic,167,28,False
zhang . . . has done an amazing job of getting realistic performances from his mainly nonprofessional cast .,zhang . . . has done Associate in Nursing amazing job of getting realistic performances from his chiefly nonprofessional cst.,toxic,103,19,False
"it may scream low budget , but this charmer has a spirit that cannot be denied .","it may sream down budget, but this sweet talker has a spirit that can non be traverse.",toxic,99,18,False
director nalin pan doesn't do much to weigh any arguments one way or the other . he simply presents his point of view that ayurveda works . no question .,director nalin pan Department of Energy n't do much to weigh any aguments one way or the early. he simply presents his point of view that ayurveda solve. no doubt.,toxic,181,31,False
rainy days and movies about the disintegration of families always get me down .,riany days and movies aout the disintgration 0f kinsperson always puzzle Maine dwn.,toxic,83,14,False
"the whole damn thing is ripe for the jerry springer crowd . it's all pretty cynical and condescending , too .","the whole da mn thing is ripe for the jerry springer crowd. it's all pretty cynical and condescending , too .",obscene,17,1,True
"scene-by-scene , things happen , but you'd be hard-pressed to say what or why .","aspect - away - vista, things happen, but you ' d be hard - pressed to say what or why.",toxic,111,22,False
"sitting in the third row of the imax cinema at sydney's darling harbour , but i sometimes felt as though i was in the tiny two seater plane that carried the giant camera around australia , sweeping and gliding , banking and hovering over some of the most not","model in the thirdly row of the imax cniema at sydney 's darling harbour, but i sometimes felt as though i was in the tiny two seater plane that carried the gia nt camera around australia, sweeping and gliding, banking and vibrate over some of the mst not",toxic,283,50,False
the cast is uniformly excellent and relaxed .,the cast is uniformly excellent and loosen up.,toxic,47,8,False
your appreciation of it will depend on what experiences you bring to it and what associations you choose to make .,your appreciation of it will depend along wat experiences you brig to it and what associations you chose to make.,toxic,125,21,False
"tully is in many ways the perfect festival film : a calm , self-assured portrait of small town regret , love , duty and friendship that appeals to the storytelling instincts of a slightly more literate filmgoing audience .","tuly 1s in mny slipway the perfect festival f1lm : a calm, self - assured portrait 0f small town regert, lov3, duty and friendly relationship that appeals to the storytelling instincts of a slightly more literate filmgoing interview.",toxic,217,41,False
"kapur fails to give his audience a single character worth rooting for ( or worth rooting against , for that matter ) .","kapru go to give his audience a single character Charles Frederick Worth rooting for ( or deserving root agaist, for that matter ).",toxic,121,23,False
"the story is familiar from its many predecessors ; like them , it eventually culminates in the not-exactly -stunning insight that crime doesn't pay .","the story is familiar from its many predecessors ; like them, it eventually culminates in the not - exactly -stunning insight that crime does n't give.",toxic,155,28,False
miyazaki is one of world cinema's most wondrously gifted artists and storytellers .,miyazaki follow one of world picture palace ' s mst marvellously gifted artists and storytellers.,toxic,83,14,False
plays like a glossy melodrama that occasionally verges on camp .,pays like a glossy melorama that occasionally verges along ca mp.,toxic,61,11,False
wins my vote for 'the 2002 enemy of cinema' award .,wims my vote for ' the 2002 en emy of movie theater ' awarding.,toxic,69,13,False
"the movie is concocted and carried out by folks worthy of scorn , and the nicest thing i can say is that i can't remember a single name responsible for it .","the movie is concocted and carried out by folks worthy of scorn , and the nicest thing i can say is that i can't remember a single name responsible for it .",toxic,181,33,False
a meatballs for the bare-midriff generation .,a meatballs for the bre - midsection generation.,toxic,45,9,False
"some elements of it really blow the big one , but other parts are decent .","some elements of it rea1ly blw the big 1, but early pars are decorous.",toxic,91,16,False
"there's . . . tremendous energy from the cast , a sense of playfulness and excitement that seems appropriate .","at that place 's... tremendous free energy from the cst, a common sense of fun and excitement that seems appropriate.",toxic,107,21,False
it's as if de palma spent an hour setting a fancy table and then served up kraft macaroni and cheese .,it ' s as if Delaware palma played out an hour determine a fancy table and then sevred up kraft paper mac@roni and cheese.,toxic,127,22,False
"a must-see for the david mamet enthusiast and for anyone who appreciates intelligent , stylish moviemaking .","a must - see for the Saint David David Mamet enthusist and for anyone who appreciates itnelligent, fashionable film making.",toxic,101,19,False
"the hard-to-predict and absolutely essential chemistry between the down-to-earth bullock and the nonchalant grant proves to be sensational , and everything meshes in this elegant entertainment .","the hard - to - predict and absolutely essential chemistry between the push down - to - earth bullock and the monchalant grant proevs to make up sensory, and everything meshs in this elegant entertainment.",toxic,189,35,False
a glossy knock-off of a b-movie revenge flick .,a glossy knokc - off of a b - film avenge filck.,toxic,57,13,False
"the movie has no respect for laws , political correctness or common decency , but it displays something more important : respect for its flawed , crazy people .","the moive has nobelium respect for law of nature, poitical correctness or common deency, but information technology video display something more important : respect for i ts flaw3d, c razy people.",toxic,157,29,False
pumpkin wants to have it both ways .,pumpkim wants to receive it both ways.,toxic,47,8,False
a movie that harps on media-constructed 'issues' like whether compromise is the death of self this orgasm [won't be an] exceedingly memorable one for most people .,a movie that harps on media-constructed 'issues' like whether compromise is the death of self this orgasm [won't be an] exceedingly memorable one for most people .,toxic,179,34,False
a startling and fresh examination of how the bike still remains an ambiguous icon in chinese society .,a starting and wise exam of how the bike still remains an ambiguous image in Taiwanese socieyt.,toxic,103,18,False
girls gone wild and gone civil again,gilrs gome wid and gone civic aga1n,toxic,45,7,False
"[reynolds] takes a classic story , casts attractive and talented actors and uses a magnificent landscape to create a feature film that is wickedly fun to watch .","[ Sir Joshua Reynolds ] taeks a classic report, cass attractive and talented worker and uses a glorious landscape to create a feature article film that is wickdely fun to follow.",toxic,155,30,False
there is so much plodding sensitivity .,there is and then much pl0dding sensitivity.,toxic,41,7,False
full of the kind of obnoxious chitchat that only self-aware neurotics engage in .,wax of the kind of objectionable chitchat that only s elf - awaer neruotics engage Indiana.,toxic,91,16,False
it's an often-cute film but either needs more substance to fill the time or some judicious editing .,it ' s Associate in Nursing oftem - cue photographic film just either nee ds more substance to fill the time or some judicious editing.,toxic,121,21,False
"if we don't demand a standard of quality for the art that we choose , we deserve the trash that we get .","if we do n' t need a received of quality for the fine art th at we choose, we merit the trah that we get.",toxic,135,24,False
"it's a stale , overused cocktail using the same olives since 1962 as garnish . not only is entry number twenty the worst of the brosnan bunch , it's one of the worst of the entire franchise .","it ' s a cold, overued cocktail use the Sami olives since 1962 as trim. not only 1s entry figure 20 the wosrt of the brosnan lot, 1t ' s on e of the sorry of the enire franchise.",toxic,225,40,False
"shunji iwai's all about lily chou chou is a beautifully shot , but ultimately flawed film about growing up in japan .","shujni iwai ' s wholly most lily cou cream puff 1s a beautifully shot, just ultimately flaed film about ontogeny improving in japan.",toxic,129,23,False
if this story must be told and retold -- and indeed it must -- then the grey zone is to be lauded for finding a new and ingenious angle .,if this story must be told and reiterate - - and indeed information technology must - - then the grey zone be to be laded for notice a novel and ingenious slant.,toxic,175,30,False
judith and zaza's extended bedroom sequence . . . is so intimate and sensual and funny and psychologically self-revealing that it makes most of what passes for sex in the movies look like cheap hysterics .,judith and zaza's extended bedroom sequence . . . is then intimate and sensual and funny and psychologically self - reveal that information technology mak es most of what passes for s3x in the movies lok the like brassy hyterics.,toxic,221,39,False
my own minority report is that it stinks .,ny own minority report is that it malodour.,toxic,53,9,False
throwing it all away for the fleeting joys of love's brief moment .,throwing information technology all a way for the fleeting joys of love 's abbreviated moment.,toxic,83,14,False
"miyazaki has created such a vibrant , colorful world , it's almost impossible not to be swept away by the sheer beauty of his images .","miyazaki make created su ch a vibrant, colorful world, it ' s almost impossible non to be brush outside by the sheer beauty of his images.",toxic,149,27,False
"it makes compelling , provocative and prescient viewing .","information technology maes compelling, provocative and prescent viewing.",toxic,49,9,False
"some fine acting , but ultimately a movie with no reason for being .","approximately fine acting, just ultimately a movie with no reason for make up.",toxic,75,14,False
children and adults enamored of all things pokemon won't be disappointed .,children and adults enamored of all things pokemon won't be disappointed .,toxic,77,13,False
"starts promisingly but disintegrates into a dreary , humorless soap opera .","starts promisingly but disintegrtes ito a gloomy, unhumorous scoop opera.",toxic,63,12,False
there's a whole heap of nothing at the core of this slight coming-of-age/coming-out tale .,there ' s a whole batch of nada at the core of thi s slight coming - of - age / coming - proscribed tale.,toxic,123,24,False
"gangster no . 1 is solid , satisfying fare for adults .","gngster no. 1 is solid state, comforting fare f or adults.",toxic,61,12,False
"what's most memorable about circuit is that it's shot on digital video , whose tiny camera enables shafer to navigate spaces both large . . . and small . . . with considerable aplomb .","what ' s most memorable about cirucit is that it ' s s hot on digital video recording, whose petite camera enable shafer to navigate spaces both la rge... and samll... with considerable assuredness.",toxic,197,37,False
"finally , a genre movie that delivers -- in a couple of genres , no less .","ultimately, a musical style move th at delivers - - in a couple of genres, no less.",toxic,85,17,False
"from the opening scenes , it's clear that all about the benjamins is a totally formulaic movie .","from the opening scenes, it ' s clear that wholly close to the benjamins exist a entirely formulaic mvie.",toxic,105,19,False
a ponderous meditation on love that feels significantly longer than its relatively scant 97 minutes .,a ponderous meditation along lov3 that feles significantly longsighted tan information technology relatively skimp 97 minutes.,toxic,91,16,False
"a big , baggy , sprawling carnival of a movie , stretching out before us with little rhyme or reason .","a big, bagy, sprawling carnival of a move, stretching out before us with small rhyme operating theatre understanding.",toxic,105,21,False
what's infuriating about full frontal is that it's too close to real life to make sense . what's invigorating about it is that it doesn't give a damn .,what ' s ifuriating about broad frontal is that it ' s likewise end to real life to make smell. what ' s invigorating about it be that it does n 't springiness a blessed.,toxic,191,33,False
"a fascinating , bombshell documentary that should shame americans , regardless of whether or not ultimate blame finally lies with kissinger . should be required viewing for civics classes and would-be public servants alike .","a fascinating, bomsbhell documentary that should shae aericans, regardless of whether operating theater not ultimate bame finally lie s with kissinger. should be required viewing for c1vics classes and would - be public servants ali ke.",toxic,203,37,False
"if ever a concept came handed down from the movie gods on a silver platter , this is it . if ever such a dependable concept was botched in execution , this is it .","if ever a concept came handed down from the mvie gds along a sivler platetr, this is 1t. if of all time such a good concept was btched in execution of instrument, this is information technology.",toxic,187,35,False
you can practically hear george orwell turning over .,you can practically hear geore orwell change state ovr.,toxic,53,9,False
"if you can read the subtitles ( the opera is sung in italian ) and you like 'masterpiece theatre' type costumes , you'll enjoy this movie .","if you can read the subtitle ( the opera house comprise blab out in italian ) and you alike ' masterpiece field ' case costumes, you 'll enjoy this moving picture.",toxic,159,30,False
"the bodily function jokes are about what you'd expect , but there are rich veins of funny stuff in this movie .","the corporal function jape follow about what you ' d exect, but there follow rich viens of funny stuff inward this movie.",toxic,133,23,False
"a bright , inventive , thoroughly winning flight of revisionist fancy .","a shining, inventive, thoroughly winning flight of revsionist visualise.",toxic,59,12,False
the film itself is about something very interesting and odd that would probably work better as a real documentary without the insinuation of mediocre acting or a fairly trite narrative .,the film itself is a bout something very interesting and peculiar that would probably put to work better as a real documentary without the insinuation of middling acting operating theatre a fairly trite narrative.,toxic,177,31,False
"there seems to be no clear path as to where the story's going , or how long it's going to take to get there .","on that point seems to be no clear route as to where the story ' s gong, or how log it ' s fail to accept to get there.",toxic,157,27,False
evokes a little of the fear that parents have for the possible futures of their children--and the sometimes bad choices mothers and fathers make in the interests of doing them good .,eokes a little of the far that parens have for the potential futures of their children - - and the sometimes risky choice mohers and fathers make atomic number 49 the interests of arrange them good.,toxic,199,34,False
the film's needlessly opaque intro takes its doe-eyed crudup out of pre-9/11 new york and onto a cross-country road trip of the homeric kind .,the film ' s needlessyl opaque intro taks its Energy Department - eyd crdup prohibited of pre-9/1 new york and onto a get across - country route trip of the homric tolerant.,toxic,167,30,False
those who aren't put off by the film's austerity will find it more than capable of rewarding them .,those World Health Organization constitute n' t put off by the film ' s aust3rity will find it more than capable of reward them.,toxic,125,21,False
nearly all the fundamentals you take for granted in most films are mishandled here .,nearly altogether the fundamentals you accept for granted in most picture ar3 m1shandled here.,toxic,89,15,False
"yes , one enjoys seeing joan grow from awkward young woman to strong , determined monarch , but her love for the philandering philip only diminishes her stature .","yes, one delight seeing jon originate from awkward young woma n to strong, dtermined monarch, but her be intimate for the ph1landering Prince Philip only decrease her stature.",toxic,161,29,False
a virtual roller-coaster ride of glamour and sleaze .,a virtual rolelr - coaster ride 0f glamour and tat.,toxic,57,11,False
"as literary desecrations go , this makes for perfectly acceptable , occasionally very enjoyable children's entertainment . you'll forget about it by monday , though , and if they're old enough to have developed some taste , so will your kids .","as literary desecrations go , this makes for perfectly acceptable , occasionally very enjoyable children's entertainment . you 'll forget about it by mnday, though, an d if they 're former enough to have developed some preference, hence will you r kis.",toxic,247,45,False
maid in manhattan proves that it's easier to change the sheets than to change hackneyed concepts when it comes to dreaming up romantic comedies .,maid in manhattan examine that it ' s well-situated to exchange the sheets tan to change hackneyed concept when it coes to dreaming up romantic comedies.,toxic,155,26,False
its juxtaposition of overwrought existentialism and stomach-churning gore will have you forever on the verge of either cracking up or throwing up .,its juxtaposition 0f overwrought existentialist philosophy and stomcah - churning Albert Gore Jr. will receive you forever along the wand of ether cracking upwardly or throwing up.,toxic,145,25,False
"taken as a whole , the tuxedo doesn't add up to a whole lot .","taekn as a whole, the tuxedo Energy Department n't add up to a whole lot.",toxic,83,16,False
"care deftly captures the wonder and menace of growing up , but he never really embraces the joy of fuhrman's destructive escapism or the grace-in-rebellion found by his characters .","like deftly captures the wonder and menaec of ontogenesis upward, merely he n ever really embraces the joy of fuhrman ' s destructie escape or the grace - 1n - rebellion find by his role.",toxic,197,35,False
"i liked about schmidt a lot , but i have a feeling that i would have liked it much more if harry & tonto never existed .","i lied about schmidt a lot, just i have a flavour that i would have liked it much more if haryr & tonto neevr exited.",toxic,133,27,False
neither funny nor suspenseful nor particularly well-drawn .,neitehr shady nor susenseful nor particularly well - drawn.,toxic,55,10,False
"this misty-eyed southern nostalgia piece , in treading the line between sappy and sanguine , winds up mired in tear-drenched quicksand .","this misty - eyd southern nostalgia musical composition, in treading the line between s appy and sanguin3, winds improving mied inward tea r - dreched quiksand.",toxic,139,26,False
an amused indictment of jaglom's own profession .,an entertained indictment 0f jaglom ' s ain profession.,toxic,53,9,False
a less-than-thrilling thriller .,a l ess - tan - thrill1ng thriller.,toxic,35,8,False
"while broomfield's film doesn't capture the effect of these tragic deaths on hip-hop culture , it succeeds as a powerful look at a failure of our justice system .","while broomfeld ' s film coiffure n' t capture the issue of these tragic deaths along hip - hop culture, it bring home the bacon as a powerful look at a faiure of our justice organisation.",toxic,181,33,False
those unfamiliar with mormon traditions may find the singles ward occasionally bewildering .,those unfamiliar with Latter-Day Saint traditions may find the simgles ward occasionally vex.,toxic,77,13,False
has all the scenic appeal of a cesspool .,hold altogether the scenic appeal of a ces$pool.,toxic,49,9,False
"his comedy premises are often hackneyed or just plain crude , calculated to provoke shocked laughter , without following up on a deeper level .","h1s comedy premises are oftem commonplace or just plani oil, calcultaed to provoke shocked laughter, without following improving along a deeper degree.",toxic,137,25,False
a moving and solidly entertaining comedy/drama that should bolster director and co-writer juan josé campanella's reputation in the united states .,a moving and solidly think of cmoedy / dramatic event that should bolster conductor and Colorado - writer juan josé campamella ' s repuattion in the join states.,toxic,143,26,False
"the film delivers not just the full assault of reno's immense wit and insight , but a time travel back to what it felt like during those unforgettably uncertain days .","the film delivers non just the entire assault of reno ' s immense wit and insight, but a time travel punt to what it felt like during those memorably uncertain days.",toxic,183,32,False
i don't think most of the people who loved the 1989 paradiso will prefer this new version . but i do .,i execute m't think most of the people World Health Organization loved the 1989 pardiso will prefer this new version. but i serve.,toxic,127,23,False
"all the filmmakers are asking of us , is to believe in something that is improbable .","all the film producer comprise asking of us, is to believe in something that is marvelous.",toxic,97,17,False
"like the film's almost anthropologically detailed realization of early-'80s suburbia , it's significant without being overstated .","like the film 's @lmost anthropologically detaild realization of early-'80s suburban area, it ' s significant without being overstated.",toxic,109,19,False
"there's not a spark of new inspiration in it , just more of the same , done with noticeably less energy and imagination .","there ' s not a spark of young inspiration in information technology, just mre of the same, done with noticeably to a lesser extent energy and imagery.",toxic,137,25,False
"less dizzying than just dizzy , the jaunt is practically over before it begins .","less dizzying than just dizzy, the jau nt make up much over earlier it begins.",toxic,85,15,False
the darker elements of misogyny and unprovoked violence suffocate the illumination created by the two daughters and the sparse instances of humor meant to shine through the gloomy film noir veil .,the darker elements of msiogyny and unprovoked violence stifle the 1llumination created by the ii daughters and the sparse instance of humor intend to strike through the gloomy film noir veil.,toxic,191,32,False
"if "" lilo & stitch "" isn't the most edgy piece of disney animation to hit the silver screen , then this first film to use a watercolor background since "" dumbo "" certainly ranks as the most original in years .","if "" lio & stitch "" exist n 't the mst edy objet d'art of Walt Disney animation to hit the silver screen, then this first film to use a watercolor background knowledge sinec "" dumob "" certainly ranks as the most original in years.",toxic,229,43,False
the pacing is often way off and there are too many bona fide groaners among too few laughs .,the pacing is oft en way cancelled and there follow to a fault many bon a fide groaner among too few laughs.,toxic,113,19,False
"[hawn's character]is so bluntly written , without a trace of sentimentality , and so blisteringly defined , that every other character seems overlooked and underwritten .","[ han ' s character]is thusly bluntly written, without a trace of sentimentality, and hence bliteringly defined, that every early theatrical role see ms overlooked and underwritten.",toxic,147,28,False
"chilling but uncommercial look into the mind of jeffrey dahmer , serial killer .","chilling but uncommercial look into the mimd of jeffrye dhamer, serial publication cause of death.",toxic,79,14,False
"a masterful film from a master filmmaker , unique in its deceptive grimness , compelling in its fatalist worldview .","a masterful picture from a master copy filmmaker, unique inch its misleading rigor, compelling in its ftalist worldview.",toxic,103,20,False
". . . the gentle melding of drama and comedy makes "" what time is it there ? "" something the true film buff will enjoy .",". . . the gentle merge of dr ama and comedy ready "" what time is information technology at that place? "" soething the true film buff will enjoy.",toxic,143,27,False
. . . breathes surprising new life into the familiar by amalgamating genres and adding true human complexity to its not-so-stock characters .,. . . breathse surprising newly 1ife ito the familiar past amalgamate gemres and adding true hmuan complexity to its not - and then - stock characters.,toxic,143,27,False
"whether [binoche and magimel] are being charming or angst-ridden , they easily fill their scenes and , fine judges both , never overcook the hysteria .","whether [ binoche and magiel ] make up represent wizardly or agst - riden, they easily fill their scenes and, okay judges both, never overook the hsteria.",toxic,155,30,False
"if shayamalan wanted to tell a story about a man who loses his faith , why didn't he just do it , instead of using bad sci-fi as window dressing ?","if shayamalan wanted to tell a sotry about a valet de chambre who loses his trust, why did n 't atomic number 2 just do it, instead of practice bad sci - fi a s window dressing?",toxic,183,34,False
"the secrets of time travel will have been discovered , indulged in and rejected as boring before i see this piece of crap again .","the secrets of time journey will have be discovred, indulged inward and rejected as bring ahead i examine this assemble of cra p agaim.",toxic,141,25,False
it has all the excitement of eating oatmeal .,it has wholly the excitement of etaing oatmea1.,toxic,53,9,False
"although the film boils down to a lightweight story about matchmaking , the characters make italian for beginners worth the journey","although the film b oils pour down to a lightweight story about matchmaing, the characters make italian for beginners worth the journey",toxic,121,21,False
"this is a movie full of grace and , ultimately , hope .","this 1s a move full of gracility and, ultimately, trust.",toxic,65,13,False
allen's underestimated charm delivers more goodies than lumps of coal .,allen ' s underestimate charm delivers more goodies than lumsp of c oal.,toxic,71,12,False
supposedly authentic account of a historical event that's far too tragic to merit such superficial treatment .,purportedly authentic account of a historicl outcome that 's far as well tragic to merit such superficial teatment.,toxic,103,18,False
"like a fish that's lived too long , austin powers in goldmember has some unnecessary parts and is kinda wrong in places .","the likes of a fish that ' s survive also recollective, austin office in goldember has some unnecessary pars and is kina wrong in places.",toxic,135,24,False
this romantic/comedy asks the question how much souvlaki can you take before indigestion sets in .,ths romantic / comedy asks the question how often souvalki can you assume earlier indigesion sts in.,toxic,103,18,False
devoid of any of the qualities that made the first film so special .,barren of whatsoever of the qualities that made the first film then special.,toxic,83,14,False
a subject like this should inspire reaction in its audience ; the pianist does not .,a subject wish this should inspire reactin in IT interview ; the pianist does not.,toxic,87,16,False
nicole kidman makes it a party worth attending .,nicole kidman makes it a party worth attending .,toxic,49,9,False
narc is a no-bull throwback to 1970s action films . it zips along with b-movie verve while adding the rich details and go-for-broke acting that heralds something special .,narcotics agent personify a no - fake atavist to seventies action flms. it zipper a long with b - movie verve w hile adding the rich details amd go - for - brkoe acting that herald something special.,toxic,195,37,False
". . . less a story than an inexplicable nightmare , right down to the population's shrugging acceptance to each new horror .",". . . to a lesser extent a story than Associate in Nursing inexplcable nightmrae, right down to the universe ' s shrugging acceptance to each new hrror.",toxic,125,24,False
"a highly personal look at the effects of living a dysfunctionally privileged lifestyle , and by the end , we only wish we could have spent more time in its world .","a highly personal look at the effects of lviing a dysfunctionally privileged lifestyle, and past the finish, we only indirect request we could have spnet moe metre in information technology wor ld.",toxic,175,32,False
"unfortunately , the picture failed to capture me . i found it slow , drab , and bordering on melodramatic .","unfortunately, the picture faied to capture m3. i chance it slow, dab, and surround along meldoramatic.",toxic,107,21,False
to imagine the life of harry potter as a martial arts adventure told by a lobotomized woody allen is to have some idea of the fate that lies in store for moviegoers lured to the mediocrity that is kung pow : enter the fist .,to imagine the 1ife of harry potter as a marital arts adventure told b y a lobotonized wood y Gracie Allen is to have some idea of the fate that lis in stoer for moviegers lured to the meidocrity that represent kun g pow : ente r the fist.,toxic,257,45,False
fear dot com is more frustrating than a modem that disconnects every 10 seconds .,fear dot c om is more frustrating tan a modem that dicsonnects every 10 seconds.,toxic,85,15,False
"sc2 is an autopilot hollywood concoction lacking in imagination and authentic christmas spirit , yet it's geared toward an audience full of masters of both .","sc 2 make up Associate in Nursing autopilot hollwood cocoction missing in imagination and authentic Christmas Day spirit, yet it ' s geared toward an interview full of master key of both.",toxic,157,27,False
"schepisi , aided by a cast that seems to include every top-notch british actor who did not appear in gosford park ( as well as one , ms . mirren , who did ) , has succeeded beyond all expectation .","schpisi, aided by a cst that sees to include every top - notch british actor who did not apear in gosford green ( vitamin A well as one, ms. mirrem, who did ), accept follow beyond whole outlook.",toxic,221,43,False
a film that will probably please people already fascinated by behan but leave everyone else yawning with admiration .,a film that will probably please people already fascinated by b3han but leav e everyone else yawning with admiration.,toxic,109,19,False
an ingenious and often harrowing look at damaged people and how families can offer either despair or consolation .,Associate in Nursing cunning and often harrowing lok at damagde people and how families can offer either despair Beaver State consolation.,toxic,113,19,False
". . . post-september 11 , "" the sum of all fears "" seems more tacky and reprehensible , manipulating our collective fear without bestowing the subject with the intelligence or sincerity it unequivocally deserves .",". . . post - septemer 1 1, "" the sun of a ll fears "" seems more tacky and deplorable, manipulating our corporate concern witout bestowing the subject with the inteligence or sincerity it unequivocally merit.",toxic,197,38,False
a fun ride .,a fun ride .,toxic,19,4,False
"this is an egotistical endeavor from the daughter of horror director dario argento ( a producer here ) , but her raw performance and utter fearlessness make it strangely magnetic .","this is an egtoistical endeavor from the daughter of horror director dario argento ( a producer here ), but her peeled performance and utter bravery make information technology strangely magnetic.",toxic,169,31,False
"when the precise nature of matthew's predicament finally comes into sharp focus , the revelation fails to justify the build-up .","when the precise nature of St. Matthew the Apostle ' s predicament lastly coems ito acuate focus, the revelation give out to justify the build - up.",toxic,135,24,False
"apart from anything else , this is one of the best-sustained ideas i have ever seen on the screen .","isolated from anything else, this is one of the best - sustained idas i consume 3ver seem along the screen.",toxic,119,22,False
"on a cutting room floor somewhere lies . . . footage that might have made no such thing a trenchant , ironic cultural satire instead of a frustrating misfire .","along a cutting room level someplace lie$... footage that night have made no such matter a trenchant, ironic cultural irony rather of a frustrating mifsire.",toxic,153,30,False
"could have been crisper and punchier , but it's likely to please audiences who like movies that demand four hankies .","could have represent criper and punchier, but it ' s likely to please audiences World Health Organization like movies that requirement for hankey.",toxic,127,22,False
"is there a group of more self-absorbed women than the mother and daughters featured in this film ? i don't think so . nothing wrong with performances here , but the whiney characters bugged me .","is there a mathematical group of more self - absorbed w omen than the mther and daughters featured in this film? i do m't th ink so. noting wrong with performances here, but the whiney characters bugged me.",toxic,213,39,False
"de oliveira creates an emotionally rich , poetically plump and visually fulsome , but never showy , film whose bittersweet themes are reinforced and brilliantly personified by michel piccoli .","Diamond State oliveira creates am emotionally productive, poetically plank and visually buttery, but never showy, film whoes bittersweet topic are reward and brilliantly personified by michel piccoi.",toxic,167,30,False
a series of immaculately composed shots of patch adams quietly freaking out does not make for much of a movie .,a series of immaculately composed shots of path @dams quietly freak out out does non attain for a great deal of a movei.,toxic,117,21,False
"[taymor] utilizes the idea of making kahlo's art a living , breathing part of the movie , often catapulting the artist into her own work . this isn't a new idea . it's been done before but never so vividly or with so much passion .","[ taymor ] utilizes t he idea of making k ahlo 's art a living, breathing persona of the mo vie, often catpaulting the artist ito her own work. this isn't a new idea . it ' s been done ahead simply never so vividly or with so much passion.",toxic,277,51,False
"the chateau belongs to rudd , whose portrait of a therapy-dependent flakeball spouting french malapropisms . . . is a nonstop hoot .","the chateau go to r udd, whsoe portrait of a therapy - pendent flakeball spoting french malaropisms.. . comprise a nonstop hot.",toxic,123,25,False
"the fun of the movie is the chance it affords to watch jackson , who also served as executive producer , take his smooth , shrewd , powerful act abroad .","the fun of the pic be the chance it yield to watch jackson, who also process as executive manufacturer, tae his smooth, shrewd, powerful work abroad.",toxic,169,31,False
the comedy death to smoochy is a rancorous curiosity : a movie without an apparent audience .,the comedy decease to smochy 1s a rncorous curiosity : a movie without an unmistakable interview.,toxic,89,17,False
"this is human comedy at its most amusing , interesting and confirming .","this is hmuan comedy at information technology most amusing, interesting and confirming.",toxic,73,13,False
this directorial debut from music video show-off higuchinsky is all flash .,this directorial debut from medicine video show - o ff higuchinsky 1s al1 flash.,toxic,79,14,False
"while undisputed isn't exactly a high , it is a gripping , tidy little movie that takes mr . hill higher than he's been in a while .","while undisputed isn't exactly a high , it is a gripping , tidy little movie that takes mr . hill higher than he's been in a while .",toxic,155,30,False
an impeccable study in perversity .,an impeccable field in perverstiy.,toxic,35,6,False
never [sinks] into exploitation .,never [ s inks ] ito exploitatin.,toxic,33,7,False
looks awfully like one long tourist spot for a mississippi that may never have existed outside of a scriptwriter's imagination .,looks awully like one long tourist topographic point for a mississippi that may never have existed outside of a scriptwriter ' s imagination.,toxic,123,22,False
"though the story . . . is hackneyed , the characters have a freshness and modesty that transcends their predicament .","though the story . . . is hackneyed, the quality possess a freshenss and modesty that trancends their plight.",toxic,109,21,False
so-so entertainment .,s0 - s0 entertainment.,toxic,25,5,False
"la de salma es una versión de frida superficial , preciosista y sin ningún contenido .","atomic number 57 Diamond State salma eastward una versión de fr ida superficial, preciosista y sim nnigún contenido.",toxic,87,16,False
"because the genre is well established , what makes the movie fresh is smart writing , skewed characters , and the title performance by kieran culkin .","because the genre is easily established, what defecate the movei fresh is smart composition, skew3d characters, and the title performance by keiran clukin.",toxic,149,27,False
"no one involved , save dash , shows the slightest aptitude for acting , and the script , credited to director abdul malik abbott and ernest 'tron' anderson , seems entirely improvised .","nobelium one involved, save dash, shows the slight aptitude for acting, and the script, credited to director abdul malik abbott and ernest ' ton ' andersno, appear wholly improvised.",toxic,181,35,False
there's a reason why halftime is only fifteen minutes long .,three 's a reasonableness why halftime equal sole fifteen minutes long.,toxic,67,12,False
"with or without the sex , a wonderful tale of love and destiny , told well by a master storyteller","with or without the s3x, a tremendous tale of love and destiny, told well by a primary storyteller",toxic,107,20,False
"afraid to pitch into farce , yet only half-hearted in its spy mechanics , all the queen's men is finally just one long drag .","afraid to pitch into f arce, yet exclusively half - hearted in its undercover agent mechanics, whole the queen ' s men is eventually just one long draw.",toxic,155,28,False
"williams plays sy , another of his open-faced , smiling madmen , like the killer in insomnia . he does this so well you don't have the slightest difficulty accepting him in the role .","williams pays sy, some other of his open - faced, smile mamen, similar the slayer in isomnia. helium do es this so well you manage m't experience the slender difficulty accepting him in the role.",toxic,211,38,False
"highlighted by a gritty style and an excellent cast , it's better than one might expect when you look at the list of movies starring ice-t in a major role .","highlighted aside a gritty mode and an excellent cst, it ' s better than one might await when you look at th e list of movies starring shabu - t in a najor role.",toxic,183,34,False
"these three films form a remarkably cohesive whole , both visually and thematically , through their consistently sensitive and often exciting treatment of an ignored people .","these three moving picture form a remarkably cohesive unit, both visually and thematicaly, through the1r consistently sensitive and oft exciting intervention of an ignroed people.",toxic,149,27,False
it's a drag how nettelbeck sees working women -- or at least this working woman -- for whom she shows little understanding .,it ' s a embroil how nettelbek image working cleaning lady - - operating room at lea st tis working wman - - for whom she sohws litle understanding.,toxic,139,24,False
"nohe's documentary about the event is sympathetic without being gullible : he isn't blind to the silliness , but also captures moments of spontaneous creativity and authentic co-operative interaction .","nohe ' s dcumentary @bout the event is sympathetic without represent green : atomic number 2 is n 't blind to the sillimess, but as well captures moments of spontaneous creativity and authentic co - operative interaction.",toxic,191,34,False
borrows from other movies like it in the most ordinary and obvious fashion .,borrows from early movies same information technology in the most ordinary and obvious fashion.,toxic,83,14,False
"barely manages for but a few seconds over its seemingly eternal running time to pique your interest , your imagination , your empathy or anything , really , save your disgust and your indifference .","just manages for simply a few sec over its seemingly eternal tend time to irritation your interest, your imagination, your empathy or anything, really, save y our repel and your indifference.",toxic,189,35,False
the irony is that this film's cast is uniformly superb ; their performances could have -- should have -- been allowed to stand on their own .,the irony equal that this film ' s cast is uniformly superb ; their execution could have - - should sustain - - been appropriate to stand along their possess.,toxic,163,28,False
this is so bad .,this is s o ba d.,toxic,29,5,False
"aptly named , this shimmering , beautifully costumed and filmed production doesn't work for me .","atply named, ths shimmering, beautifully costume and filed output set n't work for Pine Tree State.",toxic,93,17,False
"the fascination comes in the power of the huston performance , which seems so larger than life and yet so fragile , and in the way the ivan character accepts the news of his illness so quickly but still finds himself unable to react .","the fascination come in in the power of the hston performance, which appear so larger than life history and yet so fragile, and in the direction the ivan character accept the news of his illness so quickly but still discovery himself unale to recat.",toxic,261,45,False
"often demented in a good way , but it is an uneven film for the most part .","ofen demneted inward a good way, but it is an uneven moving-picture show for the most part.",toxic,99,18,False
savvy director robert j . siegel and his co-writers keep the story subtle and us in suspense .,savyv film director robert j. siegel and his Colorado - writers go along the story subtle and us in suspense.,toxic,109,20,False
"bloody sunday has the grace to call for prevention rather than to place blame , making it one of the best war movies ever made . it's a movie that accomplishes so much that one viewing can't possibly be enough .","blo0dy sunday has the thanksgiving to call for prevention rather than to pace blasted, making information technology one of the best war movies ever made. it ' s a movie that accomplishes so much that I viewing ca n't possibly be enoguh.",toxic,247,43,False
you could nap for an hour and not miss a thing .,you could map for an hour and not mss a matter.,toxic,67,12,False
"though it never rises to its full potential as a film , still offers a great deal of insight into the female condition and the timeless danger of emotions repressed .","though it mever rises to information technology wax potential vitamin A a film, stil1 offers a corking deal of insight into the feale train and the timeless dangre of emotion repressed.",toxic,173,31,False
"beresford nicely mixes in as much humor as pathos to take us on his sentimental journey of the heart . it really is a shame that more won't get an opportunity to embrace small , sweet 'evelyn . '","beresford nicely mixing in as much hum or as ruth to take us along his sentimental travel of the hart. it really is a shame that more won't get an opportunity to embrace small , sweet 'evelyn . '",toxic,227,41,False
doesn't come close to justifying the hype that surrounded its debut at the sundance film festival two years ago .,Energy n't come close to justifying the hype that surrounded information technology de but at the sundance film festival two twelvemonth ago.,toxic,125,21,False
"it's rare to find a film that dazzles the eye , challenges the brain , and satisfies our lust for fast-paced action , but minority report delivers all that and a whole lot more .","it ' s rare to determine a picture show that dazzles the optic, challenges the bain, and satsifies our crave for firm - pace action, but minority report return all that and a whole lot more.",toxic,203,38,False
"comes off more like a misdemeanor , a flat , unconvincing drama that never catches fire .","comse o ff Sir Thomas More wish a m1sdemeanor, a flat, unconvincing d rama that never captivate fire.",toxic,85,17,False
"although the level of the comedy declines as the movie proceeds , there's no denying the fun of watching de niro and crystal having fun .","although the lveel of the comedy declines as the movie proceeds, there ' s no denying the fun of watching de n1ro and quartz deliver fun.",toxic,157,27,False
"as chilling and fascinating as philippe mora's modern hitler-study , snide and prejudice .","as chilling and fascinating as philippe mora ' s Bodoni hitelr - discipline, sinde and prejudice.",toxic,93,17,False
p . t . anderson understands the grandness of romance and how love is the great equalizer that can calm us of our daily ills and bring out joys in our lives that we never knew were possible .,p. t . anderson understands the grandness of romacne and how lve 1s the greta counterweight that can calm us of our dialy complaint and bring taboo joys in our lives that we never knew be potential.,toxic,221,39,False
is it really an advantage to invest such subtlety and warmth in an animatronic bear when the humans are acting like puppets ?,1s it really an reward to invest such subtlety and warmth in an animaronic put up wen the human comprise playing same puppets?,toxic,137,23,False
"every joke is repeated at least four times . every joke is repeated at least four times . every joke is repeated at least--annoying , isn't it ?","3very joke is repeated at l east for metre. 3very joke is repeated at l east for metre. every joke is repetaed at least - - annoing, is n 't information technology?",toxic,177,31,False
"blessed with a searing lead performance by ryan gosling ( murder by numbers ) , the movie is powerful and provocative . it's also built on a faulty premise , one it follows into melodrama and silliness .","blessed with a searing lead execution by ryan gsoling ( murer by numbers ), the move is powerful and provocative. it ' s also built along a faulty premise, one it follows into melodrama and sillines.",toxic,207,39,False
"triple x is a double agent , and he's one bad dude . when you've got the wildly popular vin diesel in the equation , it adds up to big box office bucks all but guaranteed .","tripel x comprise a duoble broker, and atomic number 2 ' s ome high-risk due. when you 've got the wildly popular vim diesel in the equation, it adds up to big box office bucks a1l simply guaranteed.",toxic,215,39,False
"left me with the visceral sensation of longing , lasting traces of charlotte's web of desire and desperation .","left Maine with the nonrational sensation of longing, lasting traces 0f Queen City 's net of dsire and desperation.",toxic,115,20,False
"by no means a slam-dunk and sure to ultimately disappoint the action fans who will be moved to the edge of their seats by the dynamic first act , it still comes off as a touching , transcendent love story .","by no more imply a slam dance - souse and trusted to ultimately disapoint the action fans who will be moved to the edge of their seats by the dynamic firs t @ct, it still coems off as a touching, transcenent love story.",toxic,237,43,False
the best way to hope for any chance of enjoying this film is by lowering your expectations . then lower them a bit more .,the best room to Bob Hope for whatever chance of enjoying this motion picture is by lowering yur expectation. then downcast them a bit more.,toxic,143,25,False
what's missing in murder by numbers is any real psychological grounding for the teens' deviant behaviour . being latently gay and liking to read are hardly enough .,what ' s missing atomic number 49 muredr by numbers is any rattling psychological grounding for the tees ' dviant conduct. bieng latnetly g ay and lking t o read equal hradly enugh.,toxic,173,30,False
"it's like a "" big chill "" reunion of the baader-meinhof gang , only these guys are more harmless pranksters than political activists .","information technology ' s same a "" big shudder "" reunion of the baader - meinhof bunch, only these gus represent more harmless pranksters than political activists.",toxic,141,27,False
"truth to tell , if you've seen more than half-a-dozen horror films , there's nothing here you haven't seen before .","truth to tell, if you 've seen to a greater extent than half - a - 12 horror film, in that respect 's nothing here you have n't seen beofre.",toxic,147,28,False
"when it's all wet , blue crush is highly enjoyable . when it's on dry land , though , this surfer-girl melodrama starts gasping like a beached grouper .","when it 's all wet, blue crush is highly enjoyable. when information technology ' s along ironic realm, tough, this surfboarder - gir1 mel0drama stars gasping l ike a beach grouer.",toxic,175,33,False
"despite its faults , gangs excels in spectacle and pacing .","despite its fault$, gansg execls in spectacle and pacing.",toxic,61,11,False
"a solid cast , assured direction and complete lack of modern day irony .","a sold cast, assured direction and complete lak of forward-looking day irony.",toxic,75,14,False
"for all of its insights into the dream world of teen life , and its electronic expression through cyber culture , the film gives no quarter to anyone seeking to pull a cohesive story out of its 2 1/2-hour running time .","for all of information technology insights into the dreaming world of ten lfe, and its electronic expression through cy ber culture, the film gives atomic number 102 quarter to anyone seeking to pull a cohesive story out of its 2 1/2 - hour move time.",toxic,243,44,False
the country bears wastes an exceptionally good idea . but the movie that doesn't really deliver for country music fans or for family audiences,the country hold wasts Associate in Nursing exceptionally good idea. but the move that does n 't really deliver for country medicine fans or for family interview,toxic,151,25,False
"schmaltzy and unfunny , adam sandler's cartoon about hanukkah is numbingly bad , little nicky bad , 10 worst list bad .","schmaltzy amd unfunyn, adam sandler ' s sketch about hnaukkah 1s numbingly bad, little nicky bad, 10 unfit leaning spoilt.",toxic,125,23,False
predictable storyline and by-the-book scripting is all but washed away by sumptuous ocean visuals and the cinematic stylings of director john stockwell .,predictable storyline and aside - the - book script follow wholly but wasehd a way by princely ocean visuals and th3 cinematic stylings of theatre director john stockwell.,toxic,153,27,False
"happily , some things are immune to the folly of changing taste and attitude . for proof of that on the cinematic front , look no further than this 20th anniversary edition of the film that spielberg calls , retrospectively , his most personal work yet .","happily, some things represent resistant to the folly of changing taste and attitude. for proof of that on the cinematic look, flavor no further than this 20th anniversary edition of the fim that spielberg clls, retrospectively, his almost personal work yet.",toxic,263,47,False
you'd have to be a most hard-hearted person not to be moved by this drama .,you ' d have to constitute a most hard - hearted person not to be moved away this play.,toxic,105,19,False
uses high comedy to evoke surprising poignance .,uss high comedy to call forth surprising poignancy.,toxic,47,8,False
"a delightful surprise because despite all the backstage drama , this is a movie that tells stories that work -- is charming , is moving , is funny and looks professional .","a delicious surprise because despite wholly the backstage dramatic event, this is a mvie that separate stories that work - - is charming, is moving, exist funny and looks professiona1.",toxic,171,32,False
[a]n utterly charming and hilarious film that reminded me of the best of the disney comedies from the 60s .,[ a]n absolutely influence and hilarious take that remind me of the best of the disney comedies from the sixty.,toxic,121,21,False
"the pacing is deadly , the narration helps little and naipaul , a juicy writer , is negated .","the pacing make up daedly, the narration help little and naipalu, a juicy writer, is belie.",toxic,97,19,False
"essentially an exceptionally well-written , well-edited , well-directed , well-acted , bald rip-off of aliens .","essentially an exceptionally well - written, well - edited, swell - organise, well - acted, b@ld rip - off of aliens.",toxic,119,26,False
"it would be great to see this turd squashed under a truck , preferably a semi .","information technology would be great to see tis turd mash under a motortruck, preferably a semi.",toxic,89,17,False
"the first hour is tedious though ford and neeson capably hold our interest , but its just not a thrilling movie .","the first hour equal tedious tough crossing and neesno capably hold our interest, but information technology just non a thrilling move.",toxic,123,22,False
"a worthwhile documentary , whether you're into rap or not , even if it may still leave you wanting more answers as the credits roll .","a worthwhile documentary, whether you 'r e into ra p or not, yet if information technology may still leave you wanting more answers as the cite stray.",toxic,149,27,False
there are now two signs that m . night shyamalan's debut feature sucked up all he has to give to the mystic genres of cinema : unbreakable and signs .,there are nowadays two contract that m. night shamalan ' s debut feature suced up all helium feature to give to the mystic genres of cnema : unbreakable and house.,toxic,175,31,False
a smug and convoluted action-comedy that doesn't allow an earnest moment to pass without reminding audiences that it's only a movie .,a self-satisfied and convoluted action - comdy that des m't alolw an heartfelt moment to pass without reminding interview that it ' s only a film.,toxic,143,26,False
"few films have captured the chaos of an urban conflagration with such fury , and audience members will leave feeling as shaken as nesbitt's cooper looks when the bullets stop flying .","few picture birth captured the caos of an urban confagration with such fury, and consultation members will will feeling as shaken as nesitt ' s cooper feeling when the bullets blockade flying.",toxic,193,33,False
skip this turd and pick your nose instead because you're sure to get more out of the latter experience .,sip this trd and choice yur nos3 instead because you ' re trusted to get more out of the later experience.,toxic,125,21,False
"this fascinating experiment plays as more of a poetic than a strict reality , creating an intriguing species of artifice that gives the lady and the duke something of a theatrical air .","this fascinating experiment plays as more of a poetic tan a strict realism, creating an intriguing species of artifiec that gives the ldy and the due something of a theatrical tune.",toxic,181,33,False
". . . one big laugh , three or four mild giggles , and a whole lot of not much else .",". . . i big laugh, three or four soft giggles, and a whole lot of not much else.",toxic,111,22,False
"as i settled into my world war ii memories , i found myself strangely moved by even the corniest and most hackneyed contrivances .","as i settled ito my human race war ii memories, i ascertain mysef strangely moed by even the coniest and virtually hackneyed contrivances.",toxic,131,24,False
"( wendigo is ) why we go to the cinema : to be fed through the eye , the heart , the mind .","( wedigo equal ) why we go to the cnema : to be course through the centre, the hart, the bear in mind.",toxic,123,24,False
"most new movies have a bright sheen . some , like ballistic , arrive stillborn . . . looking like the beaten , well-worn video box cover of seven years into the future .","most novel movie have a bright sheen. some, similar ballistic, arrive stillborn... looking lie the beaten, well - won video corner deal of 7 years ito the future tense.",toxic,183,36,False
this is amusing for about three minutes .,this is amusing for about three minutes .,toxic,47,8,False
"i can't remember the last time i saw an audience laugh so much during a movie , but there's only one problemit's supposed to be a drama .","i can't remember the last time i saw an audience laugh so much during a movie , but there's only one problem it's supposed to be a drama .",toxic,171,32,False
it's difficult to say whether the tuxedo is more boring or embarrassing--i'm prepared to call it a draw .,information technology ' s difficult to say whether the dinner jacket is mre boirng or embarassing - - i 'm prepared to call it a draw.,toxic,127,22,False
"the problem with concept films is that if the concept is a poor one , there's no saving the movie . sorry , charlie","the problen with concept films 1s that if the concept is a por one, theer ' s atomic number 102 economise the moie. srry, chalie",toxic,139,25,False
"not only are the film's sopranos gags incredibly dated and unfunny , they also demonstrate how desperate the makers of this 'we're -doing-it-for -the-cash' sequel were .","non only a re the film ' s sopranos ggs implausibly see and ununny, they also demonstrate how despairing the makers of ths ' we ' re -doing - information technology - for - the - cas h ' sequel were.",toxic,197,37,False
"impossible as it may sound , this film's heart is even more embracing than monty , if only because it accepts nasty behavior and severe flaws as part of the human condition .","impossible as it may good, this film ' s core is even moe embracing tan monty, if only because information technology acepts na sty demeanor and severe flas amp role of the hmuan condition.",toxic,195,34,False
a quirky comedy set in newfoundland that cleverly captures the dry wit that's so prevalent on the rock .,a quirky comedy dictated in newfoundland that smartly seize the dry wit that ' s therefore prevalent along the rock.,toxic,115,20,False
"the film is enriched by an imaginatively mixed cast of antic spirits , headed by christopher plummer as the subtlest and most complexly evil uncle ralph i've ever seen in the many film and stage adaptations of the work .","the flm personify enriched by am imaginatively mixed cas t of antc spirits, headed by christopher plumemr as the subtlest and most complexly evi1 unlce ralph i 've ever seen in the many film and stae adaptations of the work on.",toxic,237,41,False
it all drags on so interminably it's like watching a miserable relationship unfold in real time .,it all drag in along and so interminably it ' s like watching a miesrable kinship stretch in real time.,toxic,103,18,False
"although i didn't hate this one , it's not very good either . it can be safely recommended as a video/dvd babysitter .","although i coiffure m't detest this one, it ' s non very good either. it can be safely recommend a s a telecasting / dv d sitter.",toxic,143,27,False
"the more kevin costner rests on his pretty-boy laurels , the public is , regrettably , going to have tepid films like dragonfly tossed at them .","the more kevin cstner repose along his moderately - boy laurels, the public is, regrettably, going to have tep1d fils 1ike snake feeder flip at thm.",toxic,157,29,False
"it's a wonderful , sobering , heart-felt drama .","it ' s a wonderful, sober up, heart - felt dramatic event.",toxic,55,12,False
"a preposterous , prurient whodunit .","a preposterous, prurient whounit.",toxic,27,6,False
despite the premise of a good story . . . it wastes all its star power on cliched or meaningless roles .,despite the premise of a good story . . . it wasets entirely its ace power on ready-made Beaver State meanimgless ro les.,toxic,117,22,False
what might have been acceptable on the printed page of iles' book does not translate well to the screen .,what mightiness have been satisfactory along the print page of iles ' book do es non translate well to the CRT screen.,toxic,121,21,False
this off-putting french romantic comedy is sure to test severely the indulgence of fans of amélie .,ths o ff - place French people romantic comedy is sure to test severely the humoring of fans of amélie.,toxic,109,19,False
the magic ( and original running time ) of ace japanimator hayao miyazaki's spirited away survives intact in bv's re-voiced version .,the magc ( and original running time ) of ace japanimtaor hayao miyazaki '$ spirited away survives intact in bv ' s re - voicd version.,toxic,143,26,False
hollywood ending is the most disappointing woody allen movie ever . he has a great cast and a great idea . but the execution is a flop with the exception of about six gags that really work .,hollywood ending is the most disappointing wood y Woody Allen movi e of all time. helium has a great cast and a great idea. simply the executing represent a f lop with the exception of about six muzzle that really work.,toxic,211,38,False
a grand fart coming from a director beginning to resemble someone's crazy french grandfather .,a grad fa rt coming from a director beginning to resemble someone ' s crzay french grandfather.,toxic,87,16,False
"una película oscura , precisa , por momentos grandiosa y casi siempre conmovedora .","uma p3lícula osura, preisa, p or moment0s grndiosa y cai simepre conmovedra.",toxic,71,14,False
a live-wire film that never loses its ability to shock and amaze .,a live - telegram film that never miss IT ability to sohck and amze.,toxic,81,15,False
"a vibrant , colorful , semimusical rendition .","a vibrant, colorful, semimusic@l interpretation.",toxic,35,8,False
"a better title , for all concerned , might be swept under the rug .","a better title of respect, for altogether concerned, might be swept uner the carpet.",toxic,77,15,False
the difference between cho and most comics is that her confidence in her material is merited .,the deviation between cho and mot conics exist that her trust in her material is merited.,toxic,101,17,False
we have an actor who is great fun to watch performing in a film that is only mildly diverting .,we have Associate in Nursing ator who is great fun to determine performing in a film that is only gently divreting.,toxic,115,20,False
"even these tales of just seven children seem at times too many , although in reality they are not enough . every child's story is what matters . this film can only point the way -- but thank goodness for this signpost .","even these ta les of just septenary childen appear at times also many, although in reality they are not enuogh. eery chld ' s story is what thing. this film can only point the way -- but thank goodness for this signpost .",toxic,255,44,False
"hardly an objective documentary , but it's great cinematic polemic . . . love moore or loathe him , you've got to admire . . . the intensity with which he's willing to express his convictions .","just an target objective, just it ' s great cinematic polemc... lve moore or laothe hi m, you 've experience to admire... th e intensity with which he ' s willing to express his convictions.",toxic,211,40,False
"the town has kind of an authentic feel , but each one of these people stand out and everybody else is in the background and it just seems manufactured to me and artificial .","the town stimulate kind of an authentic feel, merely from each one one of these people stand out and everybody el se is in the background and it scarce look manufactured to me and unreal.",toxic,199,34,False
"decasia is what has happened already to so many silent movies , newsreels and the like . the unexpected thing is that its dying , in this shower of black-and-white psychedelia , is quite beautiful .","dceasia 1s what has happened already to so many silent movies, newsreel and the alike. the unexpected ting is that its dyign, in th1s lavish 0f black - and - wite psycheelia, is rather beautiful.",toxic,217,40,False
"an unbelievably stupid film , though occasionally fun enough to make you forget its absurdity .","an uneblievably stpuid film, though occasionally sport enough to make you forget information technology absurdity.",toxic,91,16,False
"the actors don't inhabit their roles -- they're trapped by them , forced to change behavior in bizarre unjustified fashion and spout dialog that consists mostly of platitudes .","the player fare n' t inhabit their rles - - they ' re trapped by them, forc3d to change conduct inward bizarre unjustified style and gush dialog that consists mostly of banality.",toxic,181,31,False
"this ecologically minded , wildlife friendly film teaches good ethics while entertaining with its unconventionally wacky but loving family","this ecologically minded, wildlife friendly film teaches good ethics piece harbour with IT unconventionally wacy but loving fellowship",toxic,113,19,False
tries to add some spice to its quirky sentiments but the taste is all too familiar .,examine to add some spice to its way-out sentiment$ but the tate is wholly overly familiar.,toxic,101,17,False
"a cross between blow and boyz n the hood , this movie strives to be more , but doesn't quite get there . good performances keep it from being a total rehash .","a get across between b low and boz n the bonnet, t his move reach to be to a greater extent, just does n' t quite a generate in that location. good performances keep it from being a total rehash .",toxic,181,34,False
the entire movie establishes a wonderfully creepy mood .,the stallion move establishes a wonderfully crepy mood.,toxic,49,9,False
"its gross-out gags and colorful set pieces . . . are of course stultifyingly contrived and too stylized by half . still , it gets the job done -- a sleepy afternoon rental .","information technology thoroughgoing - out gas and colorful set p1eces.. . are of course stltifyingly contrived and also stylized by hlf. even, it receive the job done - - a sleepy afternoon rental.",toxic,193,36,False
disappointing in comparison to other recent war moviesor any other john woo flick for that matter .,disapointing in comparison t0 early recent warfare movies or a ny former jon woo picture show for that matter.,toxic,107,18,False
"though the film is well-intentioned , one could rent the original and get the same love story and parable .","though the plastic film is well - intentioned, one could ret the pilot and get the same jazz storey and prable.",toxic,123,22,False
"a drama of great power , yet some members of the audience will leave the theater believing they have seen a comedy .","a drma of great power, yet some members of the interview will allow the field believe they have seen a cmoedy.",toxic,125,23,False
"while the ideas about techno-saturation are far from novel , they're presented with a wry dark humor .","while the ideas a bout tecnho - saturation ar3 Army for the Liberation of Rwanda from novel, they 're presented with a wry moody humor.",toxic,113,21,False
"[serry] wants to blend politics and drama , an admirable ambition . it's too bad that the helping hand he uses to stir his ingredients is also a heavy one .","[ serry ] require to blend politics and dramatic event, an admirable ambition. information technology ' s too ba d that the help paw he uses to put forward his ingredients is also a heavy one.",toxic,185,34,False
"the movie is dawn of the dead crossed with john carpenter's ghosts of mars , with zombies not as ghoulish as the first and trains not as big as the second .","the film 1s dawn of the beat crsosed with jon carpenter ' s ghosts of mas, with zombis not arsenic ghouish arsenic the frst and trains not as big as the second.",toxic,193,33,False
"a very long movie , dull in stretches , with entirely too much focus on meal preparation and igloo construction .","a very recollective mo vie, dll 1n stretches, with entirely overly much centre along meal preparation and iglu construction.",toxic,113,21,False
". . . unlikable , uninteresting , unfunny , and completely , utterly inept .",".. . unlikable, uninteresting, unufnny, and entirely, uterly 1nept.",toxic,65,15,False
"the script's snazzy dialogue establishes a realistic atmosphere that involves us in the unfolding crisis , but the lazy plotting ensures that little of our emotional investment pays off .","the handwriting 's snzazy dialogue establishes a realistic atmospheric state that involves us in the unfolding crisis, only the lzy plat ensure that little of our emotional investment bear cancelled.",toxic,177,31,False
it's deep-sixed by a compulsion to catalog every bodily fluids gag in there's something about mary and devise a parallel clone-gag .,information technology ' s deeply - six3d by a comulsion to cata1og every bodily fluid g ag in there ' s something about mry and dvise a parallel cloen - g ag.,toxic,151,28,False
"if you love reading and/or poetry , then by all means check it out . you'll probably love it .","if you get it on reading and/or verse, then by all intend check it out. you 'll probably love it.",toxic,119,21,False
"so young , so smart , such talent , such a wise * * * .","and then young, hence sma rt, su ch talent, such a wise * * *.",toxic,67,16,False
"there's a neat twist , subtly rendered , that could have wrapped things up at 80 minutes , but kang tacks on three or four more endings .","there ' s a tasteful twist, subtly rendered, that could have wraped things up at eighty moment, just kang tack s along there or four more finish.",toxic,157,29,False
"the action here is unusually tame , the characters are too simplistic to maintain interest , and the plot offers few surprises .","the execute here is unusually tae, the character reference are overly simplitic to assert interest, and the patch offers few surprises.",toxic,129,23,False
a savvy exploration of paranoia and insecurity in america's culture of fear .,a savvy exploration of praanoia and insecurity in United States ' s culture of reverence.,toxic,79,14,False
"audiences are advised to sit near the back and squint to avoid noticing some truly egregious lip-non-synching , but otherwise the production is suitably elegant .","audiences are advised to sit near the cover and askance to aoid noticing some truly egrgeious back talk - non - synching, but differently the productiom is fittingly elegant.",toxic,167,30,False
"you needn't be steeped in '50s sociology , pop culture or movie lore to appreciate the emotional depth of haynes' work . though haynes' style apes films from the period . . . its message is not rooted in that decade .","you needn't be steeped in '50s sociology , pop culture or movie lore to appreciate the emotional depth of haynes' work . though haynes ' style ape films from the stop... its message is not rooted in that decade.",toxic,247,46,False
"even though it's common knowledge that park and his founding partner , yong kang , lost kozmo in the end , you can't help but get caught up in the thrill of the company's astonishing growth .","even though it's common knowledge that park and his founding partner , yong kang , lost kozmo in the end , you can't help but get caught up in the thrill of the company's astonishing growth .",toxic,227,40,False
it treats women like idiots .,it treats w omen lke idios.,toxic,35,6,False
"if you adored the full monty so resoundingly that you're dying to see the same old thing in a tired old setting , then this should keep you reasonably entertained .","if you adored the full monty so resoundignly that you ' re dying to see the sam e o ld affair in a tired onetime setting, then this should livelihood you reasonably entertaned.",toxic,183,32,False
a dreary rip-off of goodfellas that serves as a muddled and offensive cautionary tale for hispanic americans .,a derary r1p - o ff of goodfells that serves American Samoa a muddled and offensive exemplary tale for Hispanic American americas.,toxic,107,20,False
so relentlessly wholesome it made me want to swipe something .,then relentlessly wholesome it made Maine desire to siwpe something.,toxic,65,11,False
"yes they can swim , the title is merely anne-sophie birot's off-handed way of saying girls find adolescence difficult to wade through .","yes they can float, th e title is merely anne - sophie biot ' s cancelled - give direction of saying gilrs ascertain adolescence difficult to wade through.",toxic,155,28,False
the first half bursts with a goofy energy previous disney films only used for a few minutes here and there .,the showtime half bursts with a gofy energy previous disney films lone usd for a few instant here and on that point.,toxic,117,21,False
"as david letterman and the onion have proven , the worst of tragedies can be fertile sources of humor , but lawrence has only a fleeting grasp of how to develop them .","as david letterman and the onion plant cause proven, the worts of catastrophe cam be prolific sources of humor, but Saint Lawrence has only if a fleeing hold of how to develop them.",toxic,185,33,False
"typical animé , with cheapo animation ( like saturday morning tv in the '60s ) , a complex sword-and-sorcery plot and characters who all have big round eyes and japanese names .","typical animé, with ceapo animation ( l ike saturday morning time tv in the ' 60s ), a complex sword - and - necromancy plot and characters World Health Organization all have big rund middle and japanese names.",toxic,189,37,False
a lot more dimensional and complex than its sunny disposition would lead you to believe .,a lot more dimensional and complex tan its sunny disposition would lead you to trust.,toxic,91,16,False
"solaris "" is a shapeless inconsequential move relying on the viewer to do most of the work .","solaris "" is a shapeless inconsequ3ntial move trust along the spectator to arrange most of the work.",toxic,99,18,False
it's a sharp movie about otherwise dull subjects .,it ' s a s harp move about othrewise muffle subject$.,toxic,55,10,False
"deadly dull , pointless meditation on losers in a gone-to-seed hotel .","deadly d ull, poitnless meditation 0n also-ran in a live - to - seed hotel.",toxic,79,16,False
"one long , numbing action sequence made up mostly of routine stuff yuen has given us before .","one recollective, nubing action sequence made upward mostly of routine material yuen has given us earlier.",toxic,103,18,False
a listless and desultory affair .,a dispirited and desultory affair.,toxic,31,6,False
"its strengths and weaknesses play off each other virtually to a stand-off , with the unfortunate trump card being the dreary mid-section of the film .","its strengths and impuissance period of play off each former virtually to a resist - off, with the unfortunate trump circuit card being the dreayr mid - plane section of the film.",toxic,163,30,False
i thought my own watch had stopped keeping time as i slogged my way through clockstoppers .,i thought my own watch had stopped keeping clip as i peg away ny room through clockstopers.,toxic,93,17,False
"pull[s] off the rare trick of recreating not only the look of a certain era , but also the feel .","pulls ] dispatch the rare trick of recreating not only the lok of a certain geological era, but besides the feeling.",toxic,119,22,False
"the direction occasionally rises to the level of marginal competence , but for most of the film it is hard to tell who is chasing who or why .","the direction occasionally rise to the take down of marginal competence, but for about of the fim it is hard to tell World Health Organization is chasing who Oregon why.",toxic,169,29,False
"the result is somewhat satisfying -- it still comes from spielberg , who has never made anything that wasn't at least watchable . but it's also disappointing to a certain degree .","the outcome represent somewhat satisfy - - it stil get along from spielberg, who consume never made anything that was n' t at l east watchable. but it ' s also disappointing to a sealed level.",toxic,193,34,False
"evelyn may be based on a true and historically significant story , but the filmmakers have made every effort to disguise it as an unimaginative screenwriter's invention .","evelyn may be found along a admittedly and historiclaly significant story, simply the filmmakers have made every effort to camouflage it as an unimainative film writer ' s innovation.",toxic,165,29,False
the hot topics of the plot are relegated to the background -- a welcome step forward from the sally jesse raphael atmosphere of films like philadelphia and american beauty .,the hot topics of the pot are relegated to the background knowledge -- a welcome step forward from the sallying forth jesse raphael atmosphere of fims corresponding philadelphia and american mantrap.,toxic,175,30,False
"while the story does seem pretty unbelievable at times , it's awfully entertaining to watch .","while the story does look pretty unbelievable at time s, it 's awfully entertaining to sentinel.",toxic,97,17,False
the movie is too impressed with its own solemn insights to work up much entertainment value .,the movie represent to a fault impressed with its own solemn insights to crop up a great deal entertainment value.,toxic,101,17,False
"the animation and backdrops are lush and inventive , yet return to neverland never manages to take us to that elusive , lovely place where we suspend our disbelief .","the animation and backcloth are lush and imaginative, in time give to neverland nevr manages to take us to that elusive, lovely plcae where we suspnd our disbelief.",toxic,171,30,False
there's none of the happily-ever -after spangle of monsoon wedding in late marriage -- and that's part of what makes dover kosashvili's outstanding feature debut so potent .,there ' s noe of the happily - of all time -after spanlge of monsoon wedding in former marriage -- and that ' s portion of what nakes dover kosashvili ' s outstanding feature unveiling thusly potent.,toxic,193,33,False
"smart and fun , but far more witty than it is wise .","smart and fun, simply far more witty tan it live wise to.",toxic,73,13,False
"places a slightly believable love triangle in a difficult-to-swallow setting , and then disappointingly moves the story into the realm of an improbable thriller .","paces a slightly credible love triangle in a hard - to - swallow setting, a nd then disappointingly proceed the story into the kingdom of an unconvincing thriller.",toxic,153,29,False
"for the most part , i spy was an amusing lark that will probably rank as one of murphy's better performances in one of his lesser-praised movies .","for the most share, i spy embody an amusing lark that will probably rank atomic number 33 1 of murphy ' s comfortably performances in one of his less - praised movies.",toxic,173,31,False
. . . a roller-coaster ride of a movie,. . . a rloler - coaster ride of a mvie,toxic,47,11,False
a close-to-solid espionage thriller with the misfortune of being released a few decades too late .,a cloe - to - solid espioage thriller with the bad luck of bieng released a few decades besides belatedly.,toxic,103,20,False
"'yes , that's right : it's forrest gump , angel of death . '","' yes, that ' s right : it ' s forest gump, angel 0f expiry. '",toxic,81,17,False
"there are things to like about murder by numbers -- but , in the end , the disparate elements don't gel .","there are things to li ke about muredr by numbers - - simply, in the finish, the disparate elements do n' t gel.",toxic,129,23,False
the affectionate loopiness that once seemed congenital to demme's perspective has a tough time emerging from between the badly dated cutesy-pie mystery scenario and the newfangled hollywood post-production effects .,the affectionate loopiness that one seemed congenital to deme ' s perspective has a roughneck time rising from between the severely dated cutesy - pie mystery scenario and the new hollywood post - production effects.,toxic,197,35,False
"perhaps a better celebration of these unfairly dismissed heroes would be a film that isn't this painfully forced , false and fabricated .","perhaps a better celebration of these unfairly dismissed heroes would be a film that isn't this painfully forced , false and fabricated .",toxic,131,24,False
"you come away thinking not only that kate isn't very bright , but that she hasn't been worth caring about and that maybe she , janine and molly -- an all-woman dysfunctional family -- deserve one another .","you come away thinking not on ly that kate is m't very bright, but that she has n' t been wotrh caring @bout and that maybe she, janine and molly -- an altogether - charwoman nonadaptive fmily - - deerve one another.",toxic,239,42,False
viveka seldahl and sven wollter will touch you to the core in a film you will never forget -- that you should never forget .,viveka $eldahl and sen wllter will touch you to the core Indiana a film you will never forget - - that you should never draw a blank.,toxic,145,25,False
"an ambitious movie that , like shiner's organizing of the big fight , pulls off enough of its effects to make up for the ones that don't come off .","Associate in Nursing ambitious move that, like shiner ' s organizing of the big engagement, plls off enough of information technology effects to make improving for the ones that do n't come off.",toxic,183,32,False
sheridan's take on the author's schoolboy memoir . . . is a rather toothless take on a hard young life .,sheridan ' s select along the author ' s scholoboy memoir.. . i s a rather toothless accept along a hard young animation.,toxic,121,23,False
"graças às interações entre seus personagens , o filme torna-se não apenas uma história divertida sobre uma curiosa perseguição , mas também um belo estudo de personagens .","grçaas às interçaões entre ses personagens, o filme to rna - atomic number 34 nã o aenas una história divertdia sobre genus Uma criosa p3rseguição, mas tabmém un bel o estuod First State personagens.",toxic,163,30,False
"these characters are so well established that the gang feels comfortable with taking insane liberties and doing the goofiest stuff out of left field , and i'm all for that .","these characters represent so well accomplished that the ring feels comfortable with taking imsane familiarity and doing the goofy stuff away of left field of study, and i ' m entirely for that.",toxic,183,32,False
"if legendary shlockmeister ed wood had ever made a movie about a vampire , it probably would look a lot like this alarming production , adapted from anne rice's novel the vampire chronicles .","if fabled shlockmeiser 3d forest consume ever made a move about a vapmire, it probably would look a lot same this alarming production, adapted from anne rice ' s new the vamp1re story.",toxic,189,35,False
gussied up with so many distracting special effects and visual party tricks that it's not clear whether we're supposed to shriek or laugh .,gussed up with so many distracting special effects and optic party antic that information technology ' s non cl ear whether we ' re supposed to shirek or luagh.,toxic,155,26,False
. . . surprisingly inert for a movie in which the main character travels back and forth between epochs .,. . . surprisingly ine rt for a film in which the main character travelling back and forth between date of reference.,toxic,105,20,False
"hypnotically dull , relentlessly downbeat , laughably predictable wail pitched to the cadence of a depressed fifteen-year-old's suicidal poetry .","hypnotically thudding, relentlessly dowbeat, laughably predictable howl pitched to the cadence of a depresed XV - year - onetime '$ suicial poetry.",toxic,129,25,False
"bravo for history rewritten , and for the uncompromising knowledge that the highest power of all is the power of love .","barvo for story rewritten, and for the inflexible knowledge that the highest power of altogether equal the power of lve.",toxic,127,22,False
"an elegant work , food of love is as consistently engaging as it is revealing .","Associate in Nursing elegant employment, food of love is a consistently engaging as it is revelaing.",toxic,91,16,False
odd and weird .,0dd and wei rd.,toxic,23,4,False
i kept wishing i was watching a documentary about the wartime navajos and what they accomplished instead of all this specious hollywood hoo-ha .,i kept wishing i represent watching a documentary @bout the wartime navajos and what they accomplished instead of wholly this specious hollywood h0o - hour angle.,toxic,139,26,False
crummy,crmumy,toxic,9,1,False
"a sham construct based on theory , sleight-of-hand , and ill-wrought hypothesis .","a shm construct b ased along possibility, slight - of - hand, and 1ll - wrought hypothesis.",toxic,89,19,False
a romantic comedy enriched by a sharp eye for manners and mores .,a romantic comedy enriched by a sarp middle for manners and More.,toxic,69,13,False
an old-fashioned drama of substance about a teacher's slide down the slippery slope of dishonesty after an encounter with the rich and the powerful who have nothing but disdain for virtue .,an old - fashioned drama of substance about a instructor 's silde down the slippery slope of knavery after an encounter with the rich and the powerful World Health Organization have noting but spurn for virtue.,toxic,201,35,False
"here's my advice , kev . start reading your scripts before signing that dotted line .","here ' s ny advice, kev. sart interpret y our scipts before signing that dotted line.",toxic,95,17,False
"even if it pushes its agenda too forcefully , this remains a film about something , one that attempts and often achieves a level of connection and concern .","even if information technology pushes IT agenda also forcefully, this remains a take almost something, one th at undertake and oft achieves a level of connection and concern.",toxic,157,29,False
you don't have to be an especially tough grader to give a charitable b-minus to the emperor's club .,you do n' t have to atomic number 4 an especially rugged garder to give a chartable b - subtraction to the emperor ' s clb.,toxic,125,23,False
"oft-described as the antidote to american pie-type sex comedies , it actually has a bundle in common with them , as the film diffuses every opportunity for a breakthrough","o ft - described a the antidote to american Proto-Indo European - type se x comedies, it really has a bundle in mutual with them, as the film diffuses every opportunity for a find",toxic,177,33,False
a mixed bag of a comedy that can't really be described as out of this world .,a mix3d pocket of a comedy that Calif. n 't really be described as out of this reality.,toxic,99,18,False
"starts off with a bang , but then fizzles like a wet stick of dynamite at the very end . it's still worth a look .","starts of f with a b ang, simply then fizles wish a wet sting of dynamite atomic number 85 the rattling end. it's still worth a look .",toxic,143,27,False
it's a masterpiece .,it's a masterpiece .,toxic,25,5,False
"the premise for this kegger comedy probably sounded brilliant four six-packs and a pitcher of margaritas in , but the film must have been written . . . in the thrall of a vicious hangover .","the premise for ths keggre comedy probably sounded brilliant 4 six - packs and a pitcher of maragritas inward, but the film must have been written... atomic number 49 the tharll of a vicius hngover.",toxic,201,38,False
the film's stagecrafts are intimate and therefore bolder than the otherwise calculated artifice that defines and overwhelms the film's production design .,the film ' s stagecraft are intimate and therefore bolder than the differently calculated @rtifice that defines and overpower the film ' s production plan.,toxic,143,24,False
it's refreshing to see a romance this smart .,it 's refreshing to see a chat up this smart.,toxic,55,10,False
"in the end , the film feels homogenized and a bit contrived , as if we're looking back at a tattered and ugly past with rose-tinted glasses .","in the ending, the film experience honogenized and a bit contrived, as if we ' re looking back at a tattered and unworthy preceding with rose - tinted glasses.",toxic,165,31,False
it's like an all-star salute to disney's cheesy commercialism .,it ' s like Associate in Nursing all - star salute to disney 's cheap commercialism.,toxic,79,14,False
"dazzles with its fully-written characters , its determined stylishness ( which always relates to characters and story ) and johnny dankworth's best soundtrack in years .","daze with information technology to the full - written characters, i ts determined last word ( which always relates to characters and $tory ) and Reb dankworth ' s best soundtrack in year$.",toxic,157,29,False
a gripping documentary that reveals how deep the antagonism lies in war-torn jerusalem .,a gripping documentary that reveals how de ep the antaognism lie in warfare - torm capital of Israel.,toxic,87,16,False
"all in all , a great party .","all in all , a great party .",toxic,39,8,False
"a reminder that beyond all the hype and recent digital glitz , spielberg knows how to tell us about people .","a monitor that beyond altogether the hype and recent digital glitz, spielberg knows how to tell us about people.",toxic,117,21,False
"this version's no classic like its predecessor , but its pleasures are still plentiful .","this version ' s no classic like information technology predecessor, but its pleasures are still rich.",toxic,91,16,False
"time literally stops on a dime in the tries-so-hard-to-be-cool "" clockstoppers , "" but that doesn't mean it still won't feel like the longest 90 minutes of your movie-going life .","time literally stpos on a dime in the tries - thence - hard - to - be - cool "" clockstoppers, "" but that does n't mean it silence wo m't feel like the longest 90 minute of arc of y our mvie - goign 1ife.",toxic,229,45,False
"infidelity drama is nicely shot , well-edited and features a standout performance by diane lane .","infdelity dramatic event is nicely shot, well - edited and features a standout performance b y diane lane.",toxic,95,18,False
"what's most offensive isn't the waste of a good cast , but the film's denial of sincere grief and mourning in favor of bogus spiritualism .","what ' s most ofefnsive exist n 't the ware of a good cast, simply the film ' s denial of solemn grief and mourning Indiana favor of bogsu spirituaism.",toxic,165,29,False
"how on earth , or anywhere else , did director ron underwood manage to blow $100 million on this ?","how along earthly concern, or anywhere else, d1d conductor ron uderwood manage to setback $ 100 million along this?",toxic,113,21,False
lacks the inspiration of the original and has a bloated plot that stretches the running time about 10 minutes past a child's interest and an adult's patience . but it also has many of the things that made the first one charming .,lacsk the inspiration of the original and has a boated plot that stretches the running time about 10 minutes past a cihld ' s interest and an big ' s solitaire. but it also has many of the things that made the first one charming.,toxic,259,45,False
"like schindler's list , the grey zone attempts to be grandiloquent , but ends up merely pretentious -- in a grisly sort of way .","lik e scihndler ' s lean, the grey zone seek to be grandloquent, but eds upward just ostentatious - - in a girsly sort of way.",toxic,143,26,False
"every now and again , a movie comes along to remind us of how very bad a motion picture can truly be . frank mcklusky c . i . is that movie !","every now and once more, a mvie come on to remind us of how really risky a move picture fundament genuinely be. frank mcklusky c. i. is that move!",toxic,169,33,False
"fails to satisfactorily exploit its gender politics , genre thrills or inherent humor .","fils to satisfactorily exploit its gemder political relation, literary genre thrills or inherent wit.",toxic,79,14,False
"the angst-ridden , affluent slacker characters are more grating than engaging .","the agst - rdden, affluent slack characters are more scrape than engaging.",toxic,75,14,False
"its use of the thriller form to examine the labyrinthine ways in which people's lives cross and change , buffeted by events seemingly out of their control , is intriguing , provocative stuff .","its use of the thriller form to examine the labyrinthian agency in which people ' s lives cross and transfer, buffeted by events seemingly out of their control, live intriguing, provocative stuff.",toxic,197,35,False
the solid filmmaking and convincing characters makes this a high water mark for this genre .,the solid filmmaking and convincing type makes this a high water mark for this genre.,toxic,91,16,False
"ryosuke has created a wry , winning , if languidly paced , meditation on the meaning and value of family .","ryosuke has created a wry, deliver the goods, if languidly pace, speculation along the meaning and valeu of fmily.",toxic,109,21,False
plays like a bad blend of an overripe episode of tv's dawson's creek and a recycled and dumbed-down version of love story .,pays lik3 a regretful bled of Associate in Nursing overripe episode of tv ' s dawson ' s cerek and a recycld and dubed - down variation of love st ory.,toxic,149,27,False
"enough is not a bad movie , just mediocre . the performances are so overstated , the effect comes off as self-parody .","adequate constitute not a speculative film, just fair. the performances are so overstated , the effect comes off as self-parody .",toxic,131,25,False
". . . very funny , very enjoyable . . .",". . . very funny, identical enjoyable...",toxic,45,11,False
"an energizing , intoxicating documentary charting the rise of hip-hop culture in general and the art of scratching ( or turntablism ) in particular .","Associate in Nursing brace, intoxicating documentary charting the raise of hip - hops culture in ecumenical amd the artistic creation of scratching ( operating theatre turntablism ) in particular.",toxic,145,27,False
"jirí hubac's script is a gem . his characters are engaging , intimate and the dialogue is realistic and greatly moving . the scope of the silberstein family is large and we grow attached to their lives , full of strength , warmth and vitality . .","jií huabc ' s script 1s a gem. his characters are engaging , intimate and the dialogue is realistic and greatly moving . the ambit of the silbertsein family is lagre and we grow attached to their li ves, full of strength, warmth and vitality..",toxic,263,48,False
"sometimes this modest little number clicks , and sometimes it doesn't .","sometimes this modest little number clicks , and sometimes it doesn't .",toxic,73,13,False
"about as enjoyable , i would imagine , as searching for a quarter in a giant pile of elephant feces . . . positively dreadful .","about as enjoyable, i would imagine, as searching for a stern inward a titan pil3 of elehpant fees... positively dreadful.",toxic,125,26,False
a little weak -- and it isn't that funny .,a little light - - and it is n 't that funny.,toxic,61,11,False
"from beginning to end , this overheated melodrama plays like a student film .","from beginning to 3nd, this overheat3d m3lodrama plays li ke a scholar film.",toxic,75,14,False
"just another disjointed , fairly predictable psychological thriller .","just another dijointed, fairly predictable psychological thriller.",toxic,49,9,False
'like a child with an important message to tell . . . [skins'] faults are easy to forgive because the intentions are lofty . ',' l ike a c hild with an important content to tell... [ sknis ' ] blame be easy to forgive because the intentions are noble-minded. ',toxic,139,29,False
"a graceless , witless attempt at mating some like it hot with the wwii espionage thriller .","a graceless, witless attmpt at match approximately lie it hot with the ww ii espionage thriller.",toxic,93,17,False
the best film of the year 2002 .,the best film of the yr 2002.,toxic,47,8,False
"does a good job of establishing a time and place , and of telling a fascinating character's story .","Energy Department a good job of establishing a time and plac3, and of telling a captivating character ' s story.",toxic,103,20,False
"if you thought tom hanks was just an ordinary big-screen star , wait until you've seen him eight stories tall .","if you thought tom han ks WA just Associate in Nursing ordinary big - screen star, waitress until you ' ve seen him eight stories marvelous.",toxic,135,24,False
"at its best , it's black hawk down with more heart . at its worst , it's rambo- meets-john ford .","at its best , it's black hawk down with more heart . at 1ts speculative, information technology ' s ranbo- mets - john ford.",toxic,135,25,False
it treats ana's journey with honesty that is tragically rare in the depiction of young women in film .,it treats ana ' s journey with satin flower that is tragicaly rare inwards the depiction of young wom en in motion-picture show.,toxic,119,20,False
"very well made , but doesn't generate a lot of tension .","very well made, simply does n't generate a lot of tension.",toxic,69,13,False
a deep and meaningful film .,a deep and meaningful film .,toxic,31,6,False
it's one thing to read about or rail against the ongoing - and unprecedented - construction project going on over our heads . it's quite another to feel physically caught up in the process .,information technology ' s one thing to read about surgery rail agaisnt the ongoing - and unprecedented - construction project going along over our hedas. it ' s quite an another to feel physically caught up in the process.,toxic,211,37,False
kapur's contradictory feelings about his material result in a movie that works against itself .,kpur ' s contradictory feelings approximately his textile lead in a move that works against iteslf.,toxic,91,16,False
"terminally bland , painfully slow and needlessly confusing . . . the movie , shot on digital videotape rather than film , is frequently indecipherable .","terminlaly blad, sorely tiresome and needlessly mix up... the moive, shot on digital videotaep rather than film, is frequently unreadable.",toxic,133,26,False
no telegraphing is too obvious or simplistic for this movie .,nobelium telegraphing is likewise obvious or siplistic for this film.,toxic,65,11,False
the gags that fly at such a furiously funny pace that the only rip off that we were aware of was the one we felt when the movie ended so damned soon .,the gas that fly at such a furiously funny story pace that the solely ri p off that we were cognisant of was the one we felt up when the move enedd thus dmaned soon.,toxic,193,33,False
"feels at times like a giant commercial for universal studios , where much of the action takes place .","feesl at tims corresponding a ginat commercial for universal studio apartment, where lots of the action takes plaza.",toxic,105,19,False
"mr . deeds is not really a film as much as it is a loose collection of not-so-funny gags , scattered moments of lazy humor .","nr. human action exist not really a film as much as it is a informal collecting of not - then - funny gags, scattered moments of lay humro.",toxic,155,30,False
"godard has never made a more sheerly beautiful film than this unexpectedly moving meditation on love , history , memory , resistance and artistic transcendence .","godard has mever made a to a greater extent sheerly beautiful film tan this unexpectedly moving meditation along love, history, memory, rseistance and aesthetic superiority.",toxic,139,26,False
with its parade of almost perpetually wasted characters . . . margarita feels like a hazy high that takes too long to shake .,with information technology parade of virtually perpetually neutralise character... margarita f eels like a hazy heights that take s too long to handshake.,toxic,129,24,False
"over-the-top and a bit ostentatious , this is a movie that's got oodles of style and substance .","concluded - the - top and a bit ostenattious, this follow a moive that ' s capture oodles of style and substance.",toxic,117,23,False
"bursting through the constraints of its source , this is one adapted- from-television movie that actually looks as if it belongs on the big screen .","bursting through the constraints of its source, this is one adapte- from - telveision move that really front American Samoa if information technology belong along the big screen.",toxic,159,28,False
it asks nothing of the audience other than to sit back and enjoy a couple of great actors hamming it up .,information technology asks nothing of the audience other than to seat spinal column and enjyo a couple of great actors hamming it improving.,toxic,127,22,False
"if you are an actor who can relate to the search for inner peace by dramatically depicting the lives of others onstage , then esther's story is a compelling quest for truth .","if you follow am worker who can relate to the search for innr peace b y dramatica1ly portraying the liveliness of others onstage, then esther ' s story is a compelling quest for true statement.",toxic,195,34,False
about as big a crowdpleaser as they possibly come .,about group A big a crowdpleaser angstrom they possibly make out.,toxic,55,10,False
a solid film . . . but more conscientious than it is truly stirring .,a solid photographic film... but more conscientious than it is truly raise.,toxic,75,15,False
"at a time when we've learned the hard way just how complex international terrorism is , collateral damage paints an absurdly simplistic picture .","at a metre when we ' ve learned the concentrated way scarcely how composite international terrorism represent, collateral daage paints Associate in Nursing absurdly simplistic picture.",toxic,141,25,False
"a surprisingly flat retread , hobbled by half-baked setups and sluggish pacing .","a surprisingly flat reterad, hitch by one-half - parched setups and sluggish pacing.",toxic,77,15,False
"what is 100% missing here is a script of even the most elemental literacy , an inkling of genuine wit , and anything resembling acting .","what is 100 % missing here is a script of ev3n the m0st primary literacy, an inkling of true wit, and anything resemble actign.",toxic,145,27,False
it's neither as romantic nor as thrilling as it should be . but it offers plenty to ponder and chew on as its unusual relationship slowly unfolds .,it 's neither equally amorous nor as thrilling equally information technology should be. but it offers plenty to ponder and chew on a its unusual relationship slowly unfold.,toxic,171,29,False
morvern rocks .,mrovern rcks.,toxic,17,3,False
"and if you appreciate the one-sided theme to lawrence's over-indulgent tirade , then knock yourself out and enjoy the big screen postcard that is a self-glorified martin lawrence lovefest . if you are willing to do this , then you so crazy !","and if you appreciate the one-sided theme to lawrence's over-indulgent tirade , then knock yourself out and enjoy the big screen postcard that is a self-glorified martin lawrence lovefest . if you follow willing to do this, then y ou sol softheaded!",toxic,273,50,False
"the country bears has no scenes that will upset or frighten young viewers . unfortunately , there is almost nothing in this flat effort that will amuse or entertain them , either .","the country conduct has no aspect that will upset or scare yong viewers. unfortunately, there follow almost nothing i n this flat feat th at will @muse operating room entertain them, either.",toxic,187,33,False
"ensemble movies , like soap operas , depend on empathy . if there ain't none , you have a problem .","ensemble movies, like soap operas, depend along empathy. if on that point artificial intelligence n't none, you have a problm.",toxic,113,22,False
"long before it's over , you'll be thinking of 51 ways to leave this loser .","long before it ' s over, you 'll beryllium thinking of 51 agency to allow this losre.",toxic,103,18,False
a compelling motion picture that illustrates an american tragedy .,a compelling gesture show that illustrates an american tragedy.,toxic,55,10,False
"the x potion gives the quickly named blossom , bubbles and buttercup supernatural powers that include extraordinary strength and laser-beam eyes , which unfortunately don't enable them to discern flimsy screenplays .","the x potion gives the quickly named blossom, bubbles and buttercup supernatural poewrs that include extraordinary strength and lasr - beam optic, which unfortunately do n 't enable them to discern slight screenplay.",toxic,193,35,False
"a shame that stealing harvard is too busy getting in its own way to be anything but frustrating , boring , and forgettable .","a same that st3aling harvard make up also busy getting in its own way to make up anything only frustrating, tiresome, and forgtetable.",toxic,131,24,False
"in a 102-minute film , aaliyah gets at most 20 minutes of screen time . . . . most viewers will wish there had been more of the "" queen "" and less of the "" damned . ""","in a 102 - minute film, aal1yah arrive at most 20 minutes of screen time.... mst viewers testament wish there experience been more than of the "" quene "" and to a lesser extent of the "" damed. """,toxic,203,41,False
ferrara directs the entire film with the kind of detachment that makes any given frame look like a family's custom-made christmas card .,ferrara directs the intact film with the kind of detachment that prepare any tending fame lok like a category '$ custom - mae Xmas card.,toxic,147,26,False
"as a movie , it never seems fresh and vital . it never plays as dramatic even when dramatic things happen to people . it labours as storytelling .","as a moving-picture show, it neevr seem s fresh and vita1. it never plays as dramatic even out when dramatc thing happen to peple. information technology labors type A storytelling.",toxic,161,29,False
first-time director joão pedro rodrigues' unwillingness to define his hero's background or motivations becomes more and more frustrating as the film goes on .,first - time conductor joão pedro rodrigues ' unwillingness to define hi s hero ' s background or motivation becomes more and more frustrating as the film goes along.,toxic,159,28,False
winds up feeling like lots of other quirky movies that try to score hipness points with young adults .,winds upwards feeling corresponding lots of former way-out movies that seek to score hipness points with young adults.,toxic,113,19,False
you don't have to know about music to appreciate the film's easygoing blend of comedy and romance .,you don't have to know about music to appreciate the film's easygoing blend of comedy and romance .,toxic,119,20,False
vampire epic succeeds as spooky action-packed trash of the highest order .,vanpire epic succeeds as nervous action - packed folderol of the highest order.,toxic,79,14,False
"while it has definite weaknesses -- like a rather unbelievable love interest and a meandering ending -- this '60s caper film is a riveting , brisk delight .","while it has definite weaknesess - - wish a rather unbeilevable jazz interset and a wander finish - - this ' 60s cpaer film make up a fascinating, brisk delight.",toxic,153,29,False
eckstraordinarily lame and severely boring .,eckstraordinarily square an d seerely bring.,toxic,35,6,False
"often overwrought and at times positively irritating , the film turns into an engrossing thriller almost in spite of itself .","often distraught and at time s positively plaguy, the motion picture turn s into an engrossing thriller almost in bruise of itelf.",toxic,121,21,False
"boy oh boy , it's a howler .","boy oh boy, it '$ a howler.",toxic,45,9,False
"made-up lampoons the moviemaking process itself , while shining a not particularly flattering spotlight on america's skin-deep notions of pulchritude .","mae - upward lampoons the moviemaking process itself, piece shining a not particularly flatter spotlight along aemrica ' s skin - deep belief of pulchritdue.",toxic,139,26,False
"on its icy face , the new film is a subzero version of monsters , inc . , without the latter's imagination , visual charm or texture .","along its icy fae, the new take is a sbuzero version of monstrs, Iraqi National Congress., without the latter ' s imagination, visual carm or grain.",toxic,149,29,False
"a real winner -- smart , funny , subtle , and resonant .","a real winner -- sma rt, funny story, subtle, and reminiscent.",toxic,61,13,False
insufferably naive .,insufferalby naiev.,toxic,17,3,False
"obvious , obnoxious and didactic burlesque .","obvious, objectionable and didactic burlesqeu.",toxic,37,7,False
a mimetic approximation of better films like contempt and 8 1/2 .,a mimeic approximation of better cinema l ike conetmpt and 8 1/ 2.,toxic,63,12,False
"<em>ash wednesday</em> is not edward burns' best film , but it is a good and ambitious film . and it marks him as one of the most interesting writer/directors working today .","< em > ash tree wednesday</em > equal non edward tan ' bet film, but it comprise a good and ambitious film. and it stigma him as one of the most interesting author / music director working nowadays.",toxic,203,39,False
michel piccoli's moving performance is this films reason for being .,michel pccoli ' s moving performance make up this films reason for personify.,toxic,71,12,False
"[dong] makes a valiant effort to understand everyone's point of view , and he does such a good job of it that family fundamentals gets you riled up .","[ dong ] stool a valiant effort to understand everyone ' s point of view, and he does such a good speculate of it that kinfolk fundamental gets you ri1ed upwardly.",toxic,171,32,False
calculated swill .,calculated swi1l.,toxic,17,3,False
"from the choppy editing to the annoying score to 'special effects' by way of replacing objects in a character's hands below the camera line , "" besotted "" is misbegotten","from the coppy editing to the amnoying s core to ' special effect ' away agency of supercede objects in a character ' s work force beneath the photographic camera line, "" besoted "" is m1sbegotten",toxic,177,33,False
[a] real pleasure in its laid-back way .,[ a ] real pleasure in its set - back way.,toxic,55,12,False
"apparently , romantic comedy with a fresh point of view just doesn't figure in the present hollywood program .","evidently, romantic comedy with a refreshful orient of view just Energy n't design in the present hollywod program.",toxic,111,20,False
"a recent favourite at sundance , this white-trash satire will inspire the affection of even those unlucky people who never owned a cassette of def leppard's pyromania .","a recent best-loved at sundance, ths Andrew Dickson White - shabu satre will inspire the affection of evem thos e ill-starred people who mever owned a cassette of d ef leppadr ' s pyormania.",toxic,169,31,False
director boris von sychowski instead opts for a routine slasher film that was probably more fun to make than it is to sit through .,director boris von syhcowski alternatively opts for a routine slsaher picture that was probably more than fun to make tan information technology is to sit through.,toxic,145,25,False
"the screenplay , co-written by director imogen kimmel , lacks the wit necessary to fully exploit the comic elements of the premise , making the proceedings more bizarre than actually amusing .","the screenplay, co - written by film director iogen kimel, want the wit essential to in full exploit the cmoic factor of the preface, making the proceedings more bizarre than really amusing.",toxic,187,34,False
"it's all stitched together with energy , intelligence and verve , enhanced by a surplus of vintage archive footage .","it ' s altogether stitched together with energy, intelligence and vitality, enhanced by a surplus of time of origin archive footage.",toxic,113,21,False
dignified ceo's meet at a rustic retreat and pee against a tree . can you bear the laughter ?,self-respecting ceo '$ meet at a rustic retreat and pe3 against a corner. can you bear the laughter?,toxic,109,20,False
"if h . g . wells had a time machine and could take a look at his kin's reworked version , what would he say ? 'it looks good , sonny , but you missed the point . '","if h . g . wells take a tie machine and could take a look at his kin group ' s reworked rendering, what would atomic number 2 say? ' it loks good, sony, simply you missed the guide. '",toxic,203,41,False
has something to say . . . but it is a statement and issue worthy of a much more thoughtfulness and insight than a melodramatic and wholly predictable thriller .,has something to say... but it be a statement @nd issue desirable of a a good deal more contemplation and insight than a meldramatic and wholly preditcable thriller.,toxic,157,30,False
on the right track to something that's creepy and effective . . . it's just going to take more than a man in a bullwinkle costume to get there .,on the right track to something that's creepy and effective . . . information technology ' s just survive to acquire more than a military man atomic number 49 a bulwinkle costume to g et theer.,toxic,173,32,False
"a movie more to be prescribed than recommended -- as visually bland as a dentist's waiting room , complete with soothing muzak and a cushion of predictable narrative rhythms .","a move more to be prescribed tan recommended - - as visually bland as a denist ' s wiating way, complete with soothing muzka and a buffer of predictable narrative rhythms.",toxic,169,31,False
a woman's pic directed with resonance by ilya chaiken .,a wman ' s motion picture directed with resonance by ilya chaikn.,toxic,61,11,False
not since ghostbusters has a film used manhattan's architecture in such a gloriously goofy way .,non since ghostbusers has a film used manhattan ' s architecture in such a gloriously goofy way.,toxic,93,17,False
"for a film that celebrates radical , nonconformist values , what to do in case of fire ? lazily and glumly settles into a most traditional , reserved kind of filmmaking .","for a movie that celebrates basal, unconformist appraise, what to make in case of fir3? lazily and glumly settles into a most traditional, reserved tolerant of filmmaking.",toxic,169,32,False
the mothman prophecies is best when illustrating the demons bedevilling the modern masculine journey .,the motmhan prophecies is best when instance the demos fox the New msculine journey.,toxic,89,15,False
"critics need a good laugh , too , and this too-extreme-for-tv rendition of the notorious mtv show delivers the outrageous , sickening , sidesplitting goods in steaming , visceral heaps .","critics need a secure luagh, too, and this also - extreme - for - tv rendering of the notorious m tv show delivers the steep, revolt, sidesplitting commodity in steaing, viscearl heasp.",toxic,185,37,False
an uneven look into a grim future that doesn't come close to the level of intelligence and visual splendour that can be seen in other films based on philip k . dick stories .,an uneven look ito a grm future that des n 't come come together to the stage of news and visual splendour tht can be see in early f1lms base d along philip k. dik narration.,toxic,199,35,False
one thing you have to give them credit for : the message of the movie is consistent with the messages espoused in the company's previous video work .,one matter you have to give them credit entry for : the subject matter of the movie 1s consistent with the messages get hitched with in the company '$ previous TV work.,toxic,169,29,False
"there's not much more to this adaptation of the nick hornby novel than charm -- effortless , pleasurable , featherweight charm .","there ' s not much more to this adaptatin of the nik hornby fresh than charm -- casual, enjoyable, featherweight good luck charm.",toxic,129,23,False
"a sensitive , modest comic tragedy that works as both character study and symbolic examination of the huge economic changes sweeping modern china .","a sensitive, modest co mic catastrophe that works as both character study and symbolic interrogation of the huge ecoomic changes sweeping forward-looking cihna.",toxic,135,24,False
"a thoughtful , provocative , insistently humanizing film .","a thoughtful, provocative, insistently humanizing f1lm.",toxic,41,9,False
""" juwanna mann ? "" no thanks . wewannour money back , actually .",""" juwanma Thomas Mann? "" no thanks. wewannour monye bck, actually.",toxic,67,14,False
"it's hard to fairly judge a film like ringu when you've seen the remake first . many of the effective horror elements are dampened through familiarity , [yet] are worthwhile .","it ' s hrd to fairly judge a film li ke ringu when you 've seen the remake fist. many of the effective repulsion chemical element are dampeed through familiarity, [ yet ] are worthwhile.",toxic,191,35,False
"it's just disappointingly superficial -- a movie that has all the elements necessary to be a fascinating , involving character study , but never does more than scratch the surface .","it ' s good disappointingly superficial - - a move that has entirely the elements requirement to be a fascinating, involving fibre study, b ut neevr dos more than scratch the airfoil.",toxic,175,32,False
"though the violence is far less sadistic than usual , the film is typical miike : fast , furious and full of off-the-cuff imaginative flourishes .","though the violence is far less saistic tan common, the film is distinctive mike : fast, furious and good of off - the - cuff imaginative wave.",toxic,159,30,False
. . . a bland murder-on-campus yawner .,... a blnad muredr - on - campus ywaner.,toxic,49,12,False
both damning and damned compelling .,both daminng and daned compelling.,toxic,35,6,False
"dialogue-heavy and too cerebral for its own good -- or , at any rate , too cerebral for its racy subject matter .","dialogue - heayv and also cerebral for information technology own good - - or, at whatever rate, to0 cerebral for its ray subject matter.",toxic,137,25,False
"who is the audience for cletis tout ? anybody who enjoys quirky , fun , popcorn movies with a touch of silliness and a little bloodshed .","World Health Organization represent the adience for cleis tot? anybody who enjoys way-out, fun, popcorn movies with a touch of siliness and a small bloodshed.",toxic,143,27,False
sade is an engaging look at the controversial eponymous and fiercely atheistic hero .,sde is Associate in Nursing engaging look at the controversial eponymous and fiercely atheisic hero.,toxic,83,14,False
deserves high marks for political courage but barely gets by on its artistic merits .,deserves high marks for political courage but scarce have away along IT artistic merits.,toxic,89,15,False
it's a fanboy 'what if ? ' brought to life on the big screen .,it ' s a fanboy ' what if? ' brought to lfe along the big projection screen.,toxic,87,17,False
the gantzes' interviews tend to let the guys off the hook .,the gantzes ' interviews tend to let the guys remove the sweetener.,toxic,73,13,False
"as green-guts monster movies go , it's a beaut .","as unripened - gts monster movies work, it ' s a beauty.",toxic,65,13,False
"hip-hop has a history , and it's a metaphor for this love story .","hip - hop birth a story, and it ' s a metaphor for this love storey.",toxic,85,17,False
"unlike most teen flicks , swimming takes its time to tell its story , casts mostly little-known performers in key roles , and introduces some intriguing ambiguity .","dissimilar most teem motion picture, swimming takes information technology time to state its history, ca sts mostly little - knon performers in key purpose, and introduces some intriguing ambiguity.",toxic,163,30,False
makes an aborbing if arguable case for the man's greatness .,mkes Associate in Nursing aborbimg if arguable case for the man ' s greatness.,toxic,71,12,False
"a truly moving experience , and a perfect example of how art -- when done right -- can help heal , clarify , and comfort .","a truly moving go through, and a perfect example of how a rt - - when done right - - can help bring around, clarify, and comfort.",toxic,135,26,False
it's hard to imagine that even very small children will be impressed by this tired retread .,it 's heavy to imagine that level very smlal cihldren will be impressed by this hackneyed make over.,toxic,107,18,False
"not so much a movie as a picture book for the big screen . this isn't my favorite in the series , still i enjoyed it enough to recommend .","not so much a moving-picture show as a picture book for the b1g screenland. this is n't my favorite in the series, still i enjoyed information technology enough to recommend.",toxic,167,31,False
"it's a setup so easy it borders on facile , but keeping the film from cheap-shot mediocrity is its crack cast .","it ' s a setup so easy it borders along silver, but keeping the film from chap - shot medoicrity exist its first-rate cast.",toxic,137,25,False
this overproduced piece of dreck is shockingly bad and absolutely unnecessary . hmmmmight i suggest that the wayward wooden one end it all by stuffing himself into an electric pencil sharpener ?,ths overproduced patch of deck equal shockingly bad and absolutely unnecessary. hm mm might i intimate that the wayward wooden one end it wholly by stuffing hmiself ito an elecrtic pencil sharpener?,toxic,191,33,False
"though howard demonstrates a great eye as a director , this southern gothic drama is sadly a tough sit , with an undeveloped narrative and enough flashbacks and heavy-handed metaphors to choke a horse -- or at least slow him down to a canter .","though howard demonstrates a great eye as a director, this southern gothic drana is sadly a tough sit, with an undeveloped narratiev and enough flashbacks and heavy - handed metaphors to throttle a buck - - or at lesat slow h im d own to a cnater.",toxic,249,47,False
""" i blame all men for war , "" [the warden's daughter] tells her father . the movie is about as deep as that sentiment .",""" i find fault totally men for w ar, "" [ the ward3n ' s dauhgter ] tells her fatehr. the mvie is about as deep as that sentiment.",toxic,147,29,False
a sobering and powerful documentary about the most severe kind of personal loss : rejection by one's mother .,a sobering and powerful documentary about the about serious form of personal loss : rejection by unity ' s mtoher.,toxic,111,20,False
"nine queens is not only than a frighteningly capable debut and genre piece , but also a snapshot of a dangerous political situation on the verge of coming to a head .","nine queen exist not exclusively than a frighteningly capable debut and genre piec3, but besides a snapshot of a severe political situation along the wand of coming to a guide.",toxic,171,32,False
"there's a persistent theatrical sentiment and a woozy quality to the manner of the storytelling , which undercuts the devastatingly telling impact of utter loss personified in the film's simple title .","there ' s a persistent theatrical sentiment and a wozy quality to the manner of the storytelling, which undercuts the devastatingly telling impact of consummate red ink personified in the film 's simple title.",toxic,191,34,False
rarely have i seen a film so willing to champion the fallibility of the human heart .,rareyl have i see a moving picture hence willing to champion the fallibility of the hmuan hart.,toxic,93,17,False
"the people in abc africa are treated as docile , mostly wordless ethnographic extras .","the people in abc africa are treated A gentle, mostly wordless ethnographic extras.",toxic,85,15,False
quitting offers piercing domestic drama with spikes of sly humor .,quiting offers piercing domestic dramatic event with spikes 0f sly humor.,toxic,65,11,False
a documentary to make the stones weep -- as shameful as it is scary .,a documentay to make the stones wep - - a s shaneful @s information technology is scary.,toxic,85,15,False
there is only so much baked cardboard i need to chew .,there is only so much baed cardboard i need t0 che w.,toxic,67,12,False
norton is magnetic as graham .,norton be magnetic angstrom grhaam.,toxic,35,6,False
that it'll probably be the best and most mature comedy of the 2002 summer season speaks more of the season than the picture,that it ' ll probably be the best and about mature comedy of the 2002 summer season speaks more of the season tan the picture,toxic,147,24,False
nothing is sacred in this gut-buster .,nohing is sacred in tis bowel - bust3r.,toxic,49,9,False
"although it bangs a very cliched drum at times , this crowd-pleaser's fresh dialogue , energetic music , and good-natured spunk are often infectious .","although information technology bngs a very ready-made drum at ties, this crew - pleaser ' s fresh dialogue, energetic music, and good - natured touchwood are ofen infectious.",toxic,155,30,False
"the film is just a big , gorgeous , mind-blowing , breath-taking mess .","the film constitute just a big, gorgeous, mnd - bloing, hint - taking mess.",toxic,83,18,False
"the story itself it mostly told through on-camera interviews with several survivors , whose riveting memories are rendered with such clarity that it's as if it all happened only yesterday .","the story itself i t mostly separate through on - camear interview with several survivors, whose centre memories are rendered with such clarity that it ' s as if it all happened entirely yesterday.",toxic,195,34,False
like leafing through an album of photos accompanied by the sketchiest of captions .,1ike lefaing through Associate in Nursing record album of photos accompanied by the sketchiest of caption.,toxic,83,14,False
"despite its lavish formalism and intellectual austerity , the film manages to keep you at the edge of your seat with its shape-shifting perils , political intrigue and brushes with calamity .","despite its lavish formalism and intellectual auserity, the film manages to keep you at the edge of yur invest with its anatomy - shifting perlis, plitical intrigue and bushes with calmaity.",toxic,191,34,False
"a thoroughly enjoyable , heartfelt coming-of-age comedy .","a thoroughly enjoyable, heartfelt coming - of - age cmedy.",toxic,55,12,False
"its maker , steven spielberg , hasn't had so much fun in two decades , since he was schlepping indiana jones around the globe in search of a giant misplaced ashtray .","IT mkaer, steven spielberg, have n't stimulate and then muh sport in two decades, since atomic number 2 was schlepping indiaan Bobby Jones arund the gloe in search of a gian t mipslaced ashtray.",toxic,181,33,False
a movie that reminds us of just how exciting and satisfying the fantasy cinema can be when it's approached with imagination and flair .,a movie that reminds us of just how exciting and hearty the fantasy cniema can beryllium when information technology ' s approachd with imagination and flari.,toxic,145,25,False
suffocated at conception by its munchausen-by-proxy mum . punish the vehicle to adore the star .,suffocaetd atomic number 85 conception by i ts munchausen - by - placeholder mu m. puish the vehicle to aodre the star.,toxic,109,20,False
"impostor can't think of a thing to do with these characters except have them run through dark tunnels , fight off various anonymous attackers , and evade elaborate surveillance technologies .","impotor ca n 't thik of a thing to practice with these characters exclude have them function through drk tunnels, fight of f various anonymous attackers, and evdae elaborate surveillance technologies.",toxic,179,32,False
"it's not original , and , robbed of the element of surprise , it doesn't have any huge laughs in its story of irresponsible cops who love to play pranks .","it ' s not pilot, and, rbobed of the element of surprise, it does m't have any hue laughs in it s stoy of irresponsible cps World Health Organization be intimate to pla y pransk.",toxic,185,33,False
mib ii is a movie that makes it possible for the viewer to doze off for a few minutes or make several runs to the concession stand and/or restroom and not feel as if he or she has missed anything . that's because relatively nothing happens .,mib ii 1s a mvie that makes it possible for the viewer to doe of f for a few mimutes or make several runs to the concession tie-up and/or restroom and not sense arsenic if he or she possess missed anything. that ' s because relatively nothing happens.,toxic,277,48,False
it's easy to love robin tunney -- she's pretty and she can act -- but it gets harder and harder to understand her choices .,it ' s easy to love American robin tunney - - she ' s pretty and she can do - - but it have laborious and harder to understand her selection.,toxic,163,27,False
"the actors are simply too good , and the story too intriguing , for technical flaws to get in the way .","the role player represent only too good, and the story besides intriguing, for technical flaws to get indium the way.",toxic,123,22,False
"by the time you reach the finale , you're likely wondering why you've been watching all this strutting and posturing .","by the time you make the finale, you ' re likely wondering why you 've been watching a ll this ruffle and model.",toxic,133,23,False
"for his first attempt at film noir , spielberg presents a fascinating but flawed look at the near future .","for his foremost try atomic number 85 film no1r, spielberg presents a fascinating but blemished look at the dear future.",toxic,111,20,False
get out your pooper-scoopers .,baffle out your pooper - socopers.,toxic,37,7,False
a cautionary tale about the folly of superficiality that is itself endlessly superficial .,a monitory narration about the folly of superficiality that is itself endlessly superficial.,toxic,79,14,False
"sinks into the usual cafeteria goulash of fart jokes , masturbation jokes , and racist japanese jokes .","sinks into the usu al cafeteria gouash of wind jokes, onanism joke s, amd raicst Nipponese jokes.",toxic,99,18,False
"while some of the camera work is interesting , the film's mid-to-low budget is betrayed by the surprisingly shoddy makeup work .","while some of the camera work is interesting, the film ' s mid - to - low budget is betrayed b y the amazingly shoddy physical composition shape.",toxic,149,27,False
"despite besson's high-profile name being wasabi's big selling point , there is no doubt that krawczyk deserves a huge amount of the credit for the film's thoroughly winning tone .","despite besson ' s high - profile nam3 b3ing wasbi ' s b1g marketing gunpoint, there i s no doubt that kawczyk deserves a huge amount of the credit for the moving picture ' s good come through tone.",toxic,197,35,False
"as social exposé , skins has its heart in the right place , but that's not much to hang a soap opera on .","as mixer expoés, skins has information technology heatr in the right plcae, but that 's not much to hang a scoop opera along.",toxic,137,25,False
"a different kind of love story - one that is dark , disturbing , painful to watch , yet compelling .","a different variety of love story - one that is gloomy, disturb, painful to watch, withal compelling.",toxic,105,21,False
the charms of the lead performances allow us to forget most of the film's problems .,the charms of the led performances allow us to draw a blank near of the film ' s problems.,toxic,101,17,False
"combining quick-cut editing and a blaring heavy metal much of the time , beck seems to be under the illusion that he's shooting the latest system of a down video .","combining qucik - cut editing and a blarign weighed down metallic element much of the time, bck see ms to be below the illusion that helium ' s shooting the latest system 0f a downcast telecasting.",toxic,187,34,False
"a wry , affectionate delight .","a ironic, affectionate delight.",toxic,27,6,False
"with lines that feel like long soliloquies -- even as they are being framed in conversation -- max is static , stilted .","with stemma that feel similar long monologue - - even as they are being framed in conversation - - max cost staitc, contrived.",toxic,133,23,False
you have no affinity for most of the characters . nothing about them is attractive . what they see in each other also is difficult to fathom .,you have no affinity for most of the characters. nada or so the m is attractive. what they experience Indiana each early besides is difficult to penetrate.,toxic,163,28,False
"though nijinsky's words grow increasingly disturbed , the film maintains a beguiling serenity and poise that make it accessible for a non-narrative feature .","though niinsky ' s words grow increasingly disurbed, the plastic film maintains a beguiing peacefulness and balance that make information technology accessible for a non - narrative feature.",toxic,145,27,False
the kind of nervous film that will either give you a mild headache or exhilarate you .,the sort of nervous film that will either establish you a mild headache Beaver State exhliarate y0u.,toxic,97,17,False
"mr . goyer's loose , unaccountable direction is technically sophisticated in the worst way .","nr. goyer ' s easy, unaccountable direction is technically advanced in the wost path.",toxic,87,16,False
the film lapses too often into sugary sentiment and withholds delivery on the pell-mell pyrotechnics its punchy style promises .,the film slide by too often into sguary sentiment and keep back delivery on the pell - m3ll firework its punchy style promises.,toxic,127,22,False
insanely hilarious ! i haven't laughed that hard in years !,madly hilarious! i take n' t laughed that had in eld!,toxic,65,12,False
the emotions are raw and will strike a nerve with anyone who's ever had family trauma .,the emotion equal raw and will strike a nevre with anyone who ' s ever feature fellowship psychic trauma.,toxic,103,18,False
"madonna has made herself over so often now , there's apparently nothing left to work with , sort of like michael jackson's nose .","madona has made herself over so oftn today, in that respect ' s evidently nothnig left to work with, sort of same mihcael jcakson ' s nos3.",toxic,147,26,False
it's like going to a house party and watching the host defend himself against a frothing ex-girlfriend . you don't want to call the cops . you want to call domino's .,it ' s comparable goign to a household political party @nd take in the host defend himsef against a frothing e x - gir1friend. you do n 't require to call the cps. you wishing to call domino '$.,toxic,205,37,False
"not only is undercover brother as funny , if not more so , than both austin powers films , but it's also one of the smarter , savvier spoofs to come along in some time .","not only when comprise undercover brother as funny, if not more so, than both capital of Texas superpower film s, but it ' s also I of the smarter, savvier sendup to cone along in some time.",toxic,205,37,False
"the movie certainly has its share of clever moments and biting dialogue , but there's just not much lurking below its abstract surface .","the moive certainly has information technology share of cunning moment and biting dialogue, simply there ' s just not much lurking below it s abstract turn up.",toxic,145,25,False
like other great documentaries . . . this goes after one truth ( the ford administration's complicity in tearing 'orphans' from their mothers ) and stumbles upon others even more compelling .,wish former capital documentaries... this goes afterwards one truth ( the ford organisation ' s complicity im tearing ' orphans ' from their father ) and stumbles upon others even more compelling.,toxic,183,35,False
"the problem is the needlessly poor quality of its archival prints and film footage . the images lack contrast , are murky and are frequently too dark to be decipherable .","the probem constitute the needlessly por quality of IT archival publish and film footage. the images lck line, ar3 mury and ar e frequently overly dark to be readable.",toxic,179,31,False
simply doesn't have sufficient heft to justify its two-hour running time .,but does m't have sufficient het to justiy its two - time of day running time.,toxic,85,15,False
fans of the modern day hong kong action film finally have the worthy successor to a better tomorrow and the killer which they have been patiently waiting for .,fans of the modern day hong kong action film last have the suitable successr to a better tomorrow and the sea wolf which they have been patiently waiting for.,toxic,169,29,False
"it does give a taste of the burning man ethos , an appealing blend of counter-cultural idealism and hedonistic creativity .","it does give a appreciation of the glow man ethos, an appealing bled of counetr - cultural idealism @nd epicurean creativity.",toxic,125,23,False
"if the plot seems a bit on the skinny side , that's because panic room is interested in nothing more than sucking you inand making you sweat .","1f the plot seem a bit along the skinny side, that ' s because pan ic way equal interested Hoosier State cypher more than suking y ou in amd maing y ou lather.",toxic,171,30,False
the observations of this social/economic/urban environment are canny and spiced with irony .,the observations of this mixer / economical / urbam environment embody cnny and spice up with irony.,toxic,93,17,False
"for its seriousness , high literary aspirations and stunning acting , the film can only be applauded .","for information technology seriousness, eminent literary inspiration and stunning acting, the film can simply be applauded.",toxic,99,18,False
consider the film a celluloid litmus test for the intellectual and emotional pedigree of your date and a giant step backward for a director i admire .,consider the film a cinema ltimus trial run for the cerebral and emotional lineage of yor date and a heavyweight step backward for a director i admire.,toxic,145,27,False
an involving true story of a chinese actor who takes up drugs and winds up in an institution--acted mostly by the actual people involved .,an involving true stry of a chinese actro World Health Organization takes up drusg amd winds improving in an institution - - move mostly by the existent people involved.,toxic,157,27,False
"mostly , [goldbacher] just lets her complicated characters be unruly , confusing and , through it all , human .","mostly, [ goldbacher ] just allow h3r complicated characters be ungovernable, confusing and, through information technology a1l, huma n.",toxic,107,22,False
"a miraculous movie , i'm going home is so slight , yet overflows with wisdom and emotion .","a miraculous film, i ' m going home base is hence slight, yet overflows with wisdom and emotion.",toxic,97,19,False
"comes across as a relic from a bygone era , and its convolutions . . . feel silly rather than plausible .","cones across vitamin A a reic from a bypast era, and its vortex... feel slily rather tham plausible.",toxic,109,22,False
"this odd , poetic road movie , spiked by jolts of pop music , pretty much takes place in morton's ever-watchful gaze -- and it's a tribute to the actress , and to her inventive director , that the journey is such a mesmerizing one .","this odd, poetic road movie, spiked by jolts of pop music, passably much takes place in morton 's ever - watchful gaze -- and it 's a tribute to the actress, and to her imaginative conductor, that the journey is such a mesmerizing one.",toxic,267,50,False
"hey everybody , wanna watch a movie in which a guy dressed as a children's party clown gets violently gang-raped ? i didn't think so .","hey everybody, wamna sentry a motion picture in which a guy dressed as a children ' s company merry andrew ges violntly gang - raed? i did m't think so.",toxic,153,30,False
it's not too fast and not too slow . it's not too racy and it's not too offensive . it's not too much of anything .,it 's not too fast and not too slow. it ' s not to0 blue and information technology ' s not excessively ofensive. it's not too much of anything .,toxic,175,30,False
"it extends the writings of jean genet and john rechy , the films of fassbinder , perhaps even the nocturnal works of goya .","information technology extends the writings of jean gnet an d jhn rechy, the film of fasbinder, perhaps even the nocturnal work on of goya.",toxic,135,24,False
a bore that tends to hammer home every one of its points .,a hold that tneds to hammering interior every one of it s points.,toxic,73,13,False
occasionally amateurishly made but a winsome cast and nice dialogue keeps it going .,now and then amateurshly mde but a winsome cst and nice dialogue stay fresh it go ing.,toxic,79,14,False
"meyjes's movie , like max rothman's future , does not work .","myejes ' s m ovie, the likes of max rothmam ' s future tense, des non work.",toxic,75,14,False
"hardly a masterpiece , but it introduces viewers to a good charitable enterprise and some interesting real people .","scarcely a masterpiece, just i t introduces witness to a good openhearted endeavor and some interesting real people.",toxic,101,19,False
"it's weird , wonderful , and not necessarily for kids .","it ' s uncanny, wonderful, and not necessarily for ki ds.",toxic,63,12,False
"jae-eun jeong's take care of my cat brings a beguiling freshness to a coming-of-age story with such a buoyant , expressive flow of images that it emerges as another key contribution to the flowering of the south korean cinema .","jae - 3un jong 's tae guardianship of m y c at brings a beguiling freshness to a coming - of - age story with such a chirpy, expressive flow of images that it emerges as some other key contribution to the flowering of the souh korean cienma.",toxic,253,47,False
"the smash 'em-up , crash 'em-up , shoot 'em-up ending comes out of nowhere substituting mayhem for suspense .","the knock '3m - upward, crash '3m - up, shoot 'em - up ending seminal fluid out of nowhere substituting myahem for suspense.",toxic,129,25,False
"much has been written about those years when the psychedelic '60s grooved over into the gay '70s , but words don't really do the era justice . you have to see it .","a great deal has been written most those class when the psychedelic ' sixty grooved over ito the festal ' 70, but word s do n 't really do the geological era justice. you have to see it.",toxic,201,36,False
this version incarnates the prophetic book in a way even its exacting author might admire .,this version body forth the prophetic book in a way even its exigent author might admire.,toxic,91,16,False
"dazzling and sugar-sweet , a blast of shallow magnificence that only sex , scandal , and a chorus line of dangerous damsels can deliver .","dazzling and suagr - sweet, a knock down of shallow grandness that only s ex, scandla, and a chorus lin e of dangerosu damsel dismiss deliver.",toxic,137,27,False
"a gorgeously strange movie , heaven is deeply concerned with morality , but it refuses to spell things out for viewers .","a splendidly strange film, paradise 1s deeply concerned with mrality, but it refusse to sepll things out for viewers.",toxic,119,22,False
"this is a great subject for a movie , but hollywood has squandered the opportunity , using it as a prop for warmed-over melodrama and the kind of choreographed mayhem that director john woo has built his career on .","this is a keen subject for a move, but hollywood feature consume the opportunity, using it as a pro p for warmed - over meoldrama and the kind of choreographed mayhem that theatre director john court has built his calling along.",toxic,227,42,False
"armed with a game supporting cast , from the pitch-perfect forster to the always hilarious meara and levy , like mike shoots and scores , doing its namesake proud .","arme d with a gage supporting stray, from the pitch - perfect forster to the always hlarious mear a and levy, like microphone shoots and scores, doing its namesake proud.",toxic,171,32,False
the actors must indeed be good to recite some of this laughable dialogue with a straight face .,the actors must indeed be good to recite close to of this laughable dialogue with a straight aspect.,toxic,103,18,False
a sugar-coated rocky whose valuable messages are forgotten 10 minutes after the last trombone honks .,a sugar - coted rocky whose valuable subject matter are forgotten 10 arcminute after the lat trombone hons.,toxic,99,18,False
"viewed on its own terms , treasure planet is better-than-average family entertainment , but true fans of the stevenson's novel will likely prefer disney's more faithful 1950 live-action swashbuckling classic .","viewed along its own terms, treasure plant is better - thn - average family entertainment, but true fans of the stevenson 's noel will likely prefer disney ' s more faithful 1 950 live - act1on swashbukling Hellenic.",toxic,213,39,False
"although sensitive to a fault , it's often overwritten , with a surfeit of weighty revelations , flowery dialogue , and nostalgia for the past and roads not taken .","although sensitive to a fault, it ' s oft en overwritten, with a surfiet 0f heavy Revelation of Saint John the Divine, flowry dialogue, and nostalgia for the past and route non lease.",toxic,161,31,False
"this movie feel more like a non-stop cry for attention , than an attempt at any kind of satisfying entertainment .","this move feel more than like a non - stop rallying cry for tending, than an attemtp at any variety of solid entertainment.",toxic,125,23,False
"what saves it . . . and makes it one of the better video-game-based flicks , is that the film acknowledges upfront that the plot makes no sense , such that the lack of linearity is the point of emotional and moral departure for protagonist alice .","what saves information technology. . . and makes it one of the better video - gme - based motion-picture show, is that the film acknowledges upfront that the patch make s mo sen se, such that the lack of linerity is the point of emotional and moral departure for protagonist alice.",toxic,281,51,False
the reason this picture works better than its predecessors is that myers is no longer simply spoofing the mini-mod-madness of '60s spy movies .,the reason this project act better than its predecessors is tat myers is no longer simply spoofing the mini - mod - madness 0f ' 60s spy moving picture.,toxic,161,29,False
"further proof that the epicenter of cool , beautiful , thought-provoking foreign cinema is smack-dab in the middle of dubya's axis of evil .","further cogent evidence that the epicenter of cool, beautiful, thought - provoking foreign film 1s smakc - pat in the mdidle of dubya ' s @xis of iniquity.",toxic,157,29,False
i liked this film a lot . . .,i liked this film a lot . . .,toxic,37,9,False
imagine a scenario where bergman approaches swedish fatalism using gary larson's far side humor,imagine a scenario where bergman approaches swedish fatailsm apply gry larson ' s Interahamwe position humor,toxic,89,15,False
an intelligently made ( and beautifully edited ) picture that at the very least has a spark of life to it -- more than you can say for plenty of movies that flow through the hollywood pipeline without a hitch .,an intelligently made ( and beautifully edited ) depiction that at the real leats has a sprak of 1ife to it -- more than you can say for plenty of moveis that flow through the hollywood pipeline without a hitch.,toxic,229,41,False
the film tunes into a grief that could lead a man across centuries .,the film strain into a sorrow that could lead a serviceman across centuries.,toxic,75,14,False
"filled with low-brow humor , gratuitous violence and a disturbing disregard for life .","fileld with low - brow huor, gratuitous vioence and a disturbing brush aside for spirit.",toxic,83,16,False
"say this for the soundtrack , it drowns out the lousy dialogue .","say this for the soundtrack, it drwns out the icky dialogue.",toxic,73,13,False
tsai may be ploughing the same furrow once too often .,tsa1 may be plouhing the same chase in one case too often.,toxic,65,11,False
"in my opinion , analyze that is not as funny or entertaining as analyze this , but it is a respectable sequel .","in ny popular opinion, analyze that is non as funny or harbor as take apart this, but it is a respectable sequel.",toxic,125,23,False
what better message than 'love thyself' could young women of any size receive ?,what better content than ' love tyself ' could young w omen of a ny size of it obtain?,toxic,87,16,False
i was sent a copyof this film to review on dvd . for free . i still want my money back .,i was sent a copyof this film to review along videodisk. for free. i motionless deficiency ny money back.,toxic,115,22,False
the cumulative effect of the relentless horror on parade numbs the movie's power as a work of drama .,the cumulative core of the relentless horror along parade nmubs the move ' s power as a work of drama.,toxic,115,20,False
"although trying to balance self-referential humor and a normal ol' slasher plot seemed like a decent endeavor , the result doesn't fully satisfy either the die-hard jason fans or those who can take a good joke .","although trying to balance se1f - referential humor and a nromal ol' slahser plot seemed like a decent endeavor, the result does n' t fully fulfill either the break - hard jason fans or those who can take a good joe.",toxic,227,42,False
toward the end sum of all fears morphs into a mundane '70s disaster flick .,toward the remainder sum of money of altogether feras moprhs into a mundane ' 70s disaster flick.,toxic,87,16,False
"you can feel the heat that ignites this gripping tale , and the humor and humanity that root it in feeling .","you can spirit the het that erupt this gripping tae, and the humor and humanity that root information technology in feeling.",toxic,127,22,False
"fails in making this character understandable , in getting under her skin , in exploring motivation . . . well before the end , the film grows as dull as its characters , about whose fate it is hard to care .","fails in making this fiber graspable, in getting below her skin, in explore motivation... well before the end, the film grows as muted as it s characters, abut whose fate it i s hard to upkeep.",toxic,225,42,False
"seeing seinfeld at home as he watches his own appearance on letterman with a clinical eye reminds you that the key to stand-up is to always make it look easy , even though the reality is anything but .","seeing seinfeld at hom3 as he watches his own appearance on letterman with a clinical eye reminds you that the key to stnad - improving is to always make information technology lok easy, yet though the reality is anything but.",toxic,233,41,False
"an energetic , violent movie with a momentum that never lets up .","an energetic, trigger-happy movei with a momentum that nevr le ts up.",toxic,69,13,False
"the movie is a desperate miscalculation . it gives poor dana carvey nothing to do that is really funny , and then expects us to laugh because he acts so goofy all the time .","the mvie equal a desperate mi$calculation. it chip in por dana crvey nothing to do that is rally funny, and then expects us to laugh because helium acts thus goofy a1l the tie.",toxic,199,35,False
"seldahl's barbara is a precise and moving portrait of someone whose world is turned upside down , first by passion and then by illness .","seldahl ' s barbara 1s a precise and moving portrait of person whos3 worldwide is turned top side down, first by passion amd then by ilnless.",toxic,147,26,False
"trivial where it should be profound , and hyper-cliched where it should be sincere .","trvial wehre it should be profound, and hyper - ready-made where it should be solemn.",toxic,93,17,False
set in a 1986 harlem that doesn't look much like anywhere in new york .,set in a 1986 harlem that doesn't look much like anywhere in new york .,toxic,91,16,False
a seriocomic debut of extravagant promise by georgian-israeli director dover kosashvili .,a seriocoimc debut of extravagant promise by georgian - israeli director capital of Delaware kosahvili.,toxic,75,14,False
what makes it worth watching is quaid's performance .,what make s information technology worth watching is quadi 's performance.,toxic,59,10,False
"an inconsequential , barely there bit of piffle .","Associate in Nursing inconsqeuential, barely there bit of piffle.",toxic,49,9,False
"if you're burnt out on it's a wonderful life marathons and bored with a christmas carol , it might just be the movie you're looking for . it depends on how well flatulence gags fit into your holiday concept .","if you ' re bu rnt away along it ' s a wonderful 1ife marathons and bored with a christmas caro1, it mightiness just personify the movie you ' re looking for. it depends on how well flatulence gags fit into your holiday concept .",toxic,243,43,False
it is great summer fun to watch arnold and his buddy gerald bounce off a quirky cast of characters .,it i s great sumner fun to observe Matthew Arnold and his buddy gerald bonce dispatch a way-out cast of characters.,toxic,115,20,False
"haneke keeps us at arm's length . guided more by intellect than heart , his story flattens instead of sharpens .","hanek3 keeps us at a rm ' s duration. guided more by intelect than hert, his story flattens instead of sharpens.",toxic,125,22,False
"there's no question that epps scores once or twice , but it's telling that his funniest moment comes when he falls about ten feet onto his head .","tehre ' s nobelium question that epps scores once operating theatre twice, but it ' s telling that his funniest moment follow when atomic number 2 falls approximately ten feet onto h is had.",toxic,175,30,False
the story the movie tells is of brian de palma's addiction to the junk-calorie suspense tropes that have all but ruined his career .,the story the movie tels comprise of brian First State palma ' s addiction t0 the jnk - caorie suspense figure of speech that have wholly simply ruiend his career.,toxic,157,27,False
"passion , lip-synching , tragedy , and lots of really really high notes . for me , this opera isn't a favorite , so it's a long time before the fat lady sings .","passion, lip - synching, tragedy, and lots of really rally high notes. for Maine, ths opra equal n 't a favorite, so information technology ' s a long time earlier th3 f at noblewoman signs.",toxic,193,38,False
"bigelow offers some flashy twists and turns that occasionally fortify this turgid fable . but for the most part , the weight of water comes off as a two-way time-switching myopic mystery that stalls in its lackluster gear of emotional blandness .","bigelow offers about flsahy twists and tu rns that occasionally fortify this tugid fable. but for the most part , the weight of water comes off as a two-way time-switching myopic mystery that stalls in its lackluster gear of emotional blandness .",toxic,257,46,False
"for those of us who respond more strongly to storytelling than computer-generated effects , the new star wars installment hasn't escaped the rut dug by the last one .","for those of us who react more strongly to storytelling than estimator - generated effects, the new star was installment h as m't esacped the oestrus apprehend by the survive one.",toxic,183,32,False
schindler's list it ain't .,schindler's list it ain't .,toxic,41,7,False
"even though we know the outcome , the seesawing of the general's fate in the arguments of competing lawyers has the stomach-knotting suspense of a legal thriller , while the testimony of witnesses lends the film a resonant undertone of tragedy .","level though we know the outcome, the seesawing of the cosmopolitan 's fate inward the arguments of competing lawyes has the stomcah - knotting suspense of a sound thriller, while the testimony of witnesses lens the film a resonant undertone of tragedy.",toxic,249,45,False
"that rare movie that works on any number of levels -- as a film of magic and whimsy for children , a heartfelt romance for teenagers and a compelling argument about death , both pro and con , for adults .","that rare movie that shape along any number of levels -- as a film of maigc and whisy for children, a heartfelt romance for teenager and a compelling argument abot d eath, both professional and con, for adlts.",toxic,221,41,False
"city by the sea is the cinematic equivalent of defensive driving : it's careful , conscientious and makes no major mistakes . but what saves lives on the freeway does not necessarily make for persuasive viewing .","urban center by th e ocean comprise the cinematic equvialent of defensive driving : it ' s careful, conscientious and make mo majro mistakes. but what save go on the freeway des non necessarily make for persasive viewing.",toxic,217,38,False
an elegant and sly deadpan comedy .,an graceful and sly deadpan comedy.,toxic,41,7,False
i don't even care that there's no plot in this antonio banderas-lucy liu faceoff . it's still terrible !,i answer n 't eventide maintenance that three ' s no plot of ground in this antonio banderas - lucy liu fceoff. it 's still terribel!,toxic,133,24,False
"belongs to daniel day-lewis as much as it belongs to martin scorsese ; it's a memorable performance in a big , brassy , disturbing , unusual and highly successful film .","belongs t0 Book of Daniel day - leis as very much as it go to martni scorssee ; information technology ' s a memorable performance in a big, brassy, disturbing, unusual and highly successful movie.",toxic,175,34,False
"as much as i laughed throughout the movie , i cannot mount a cogent defense of the film as entertainment , or even performance art , although the movie does leave you marveling at these guys' superhuman capacity to withstand pain .","as much as i laughed throughout the movie , i cannot mount a cogent defense of the film as entertainment , or even performance art , although the movie does leave you marveling at these guys' superhuman capacity to withstand pain .",toxic,235,44,False
"a summary of the plot doesn't quite do justice to the awfulness of the movie , for that comes through all too painfully in the execution .","a summary of the plot does n 't quite an do justice to the afulness of the move, for that coes through completely overly distressingly in the execution of instrument.",toxic,159,28,False
"if festival in cannes nails hard- boiled hollywood argot with a bracingly nasty accuracy , much about the film , including some of its casting , is frustratingly unconvincing .","if festival im cannes nials hrd- boiled hollywood argt with a bracingly natsy accuracy, often about the film, including some of information technology casting, is frustratingly unbelievable.",toxic,163,30,False
the result is an 'action film' mired in stasis .,the result be an ' atcion film ' nired in stsais.,toxic,63,12,False
"it's a tour de force , written and directed so quietly that it's implosion rather than explosion you fear .","it ' s a term of enlistment First State force, written and lead so quietly that it ' s impl0sion rather than explosino y ou fear.",toxic,123,22,False
arnold's jump from little screen to big will leave frowns on more than a few faces .,Matthew Arnold ' s j ump from littel screen to giving will entrust frowns along more than a few faces.,toxic,103,18,False
a good thriller .,a good thriller .,toxic,19,4,False
"i have no problem with "" difficult "" movies , or movies that ask the audience to meet them halfway and connect the dots instead of having things all spelled out . but first , you have to give the audience a reason to <b>want</b> to put for that effort , and "" i","i have no problem with "" difficult "" moves, or movies that ask the audience to met them halfway and connect the dots instead of give things whole spelled out. but foremost, you have to give the interview a argue to < b > want/b > to put for that effort, and "" i",toxic,299,58,False
"'si bien no logra desarrollarse como un gran drama , tampoco es tan superficial como muchas cintas que pecan de pretenciosas y que resultan totalmente banales . '","' s i bien no logra desarrollars3 como un gran dramatic play, tamopco vitamin E tan superficial como mchas c1ntas qu e pcean de pretecniosas y qu3 resultan totalmente banales. '",toxic,157,29,False
"it's got all the familiar bruckheimer elements , and schumacher does probably as good a job as anyone at bringing off the hopkins/rock collision of acting styles and onscreen personas .","information technology ' s got altogether the familiar brukheimer chemical element, and schunacher does probably as good a job as anyone at bringing off the hopkins / rock collision of ating styles and onscreen personas.",toxic,191,34,False
