original_text,adversarial_text,original_label,requests_number,num_perturbed,attack_sucessful
"occasionally funny , always very colorful and enjoyably overblown in the traditional almodóvar style .","occasionally fnuny, always very colorful and enjoyably pompous in the traditional almodóvar style.",happiness,28,2,True
becomes the last thing you would expect from a film with this title or indeed from any plympton film : boring .,becomes t he last thing you would expect fro m a film with this title or indeed from any plympton film : boring.,neutral,41,4,True
"sodden and glum , even in those moments where it's supposed to feel funny and light .","sodden and glum, even in those moments where it 's supposed to feel fun ny and light.",surprise,22,1,True
"some movies were made for the big screen , some for the small screen , and some , like ballistic : ecks vs . sever , were made for the palm screen .","s ome movies were made for the big screen, some for the samll screen, and some, like ballistic : eck s vs. sev3r, wee made for the palm riddle.",neutral,113,19,True
"it's not only dull because we've seen [eddie] murphy do the genial-rogue shtick to death , but because the plot is equally hackneyed .","i t ' s no t only dull because we 've sen [ eddie ] Irish potato do t he geial - rgoue sthick to dea th, bu t because the patch make up equally hackneyed.",neutral,148,27,True
"if you're looking for a smart , nuanced look at de sade and what might have happened at picpus , sade is your film .","if you 're looking for a smart, nuanced look at de sade and what might have happened at picpus, sde is your film.",sadness,31,1,True
"it's hard to believe that a relationship like holly and marina's could survive the hothouse emotions of teendom , and its longevity gets more inexplicable as the characterizations turn more crassly reductive .","it 's hard to believe that a relationship like holy and marina 's could survive the hothouse emotions of teendom, a nd its longevity gets more inexplicable as the depiction turn more crassly reductive.",neutral,69,7,True
friday after next is the kind of film that could only be made by african-americans because of its broad racial insensitivity towards african-americans .,friday after following i s t he kind of film tha t could only be made by arican - americans because of its broad racial insensitivity towadrs arican - americans.,neutral,120,21,True
the worst film of the year .,the wors t film of the year.,disgust,11,1,True
"it made me feel unclean , and i'm the guy who liked there's something about mary and both american pie movies . oh , and booty call .","it made me feel unclean, and i 'm the guy who lik ed there 's something about mary and both american pie movies. oh , and booty call .",love,29,1,True
"hardly a nuanced portrait of a young woman's breakdown , the film nevertheless works up a few scares .","hardly a nuanced portrayal of a young woman 's breakdown, the film nevertheless works up a few scares.",fear,28,1,True
"this starts off with a 1950's doris day feel and it gets very ugly , very fast . the first five minutes will have you talking 'til the end of the year !","this starts off wi th a 190 's doris day feel an d it aim very ugly, very fast. the first five minutes will have you talking 'til the end of the year !",confusion,54,7,True
"more vaudeville show than well-constructed narrative , but on those terms it's inoffensive and actually rather sweet .","mor e vadueville $how than well - constructed narrative, but o n those terminal figure it ' s inoffensive and actually raher sweet.",neutral,68,12,True
'cq may one day be fondly remembered as roman coppola's brief pretentious period before going on to other films that actually tell a story worth caring about,' cq may one day be fondly remembered as roman coppola 's brief pretentious period before going on to other films that actually assure a story worth caring about,neutral,37,1,True
"the inspirational screenplay by mike rich covers a lot of ground , perhaps too much , but ties things together , neatly , by the end .","the inspiratioal screenplay by mike rich covers a lot of ground, perhaps too much, but ties things together, neatly, by the end.",love,32,1,True
it's probably worth catching solely on its visual merits . if only it had the story to match .,it 's proabbly worth catching solely on its visual merits. if only it had the story to match .,happiness,23,2,True
"fairy-tale formula , serves as a paper skeleton for some very good acting , dialogue , comedy , direction and especially charm .","fairy - tale formula, serves as a paer skeleton fo r some very good acting, dialogue, comedy, directoin and especially charm.",happiness,47,6,True
"the color sense of stuart little 2 is its most immediate and most obvious pleasure , but it would count for very little if the movie weren't as beautifully shaped and as delicately calibrated in tone as it is .","the color sense of stuart little 2 is its most immediate and most obvious plasure, but it would count for very little if the movie were n't as beautifully shaped and as delicately calibrated in tone as it is.",happiness,46,1,True
the most surprising thing about this film is that they are actually releasing it into theaters .,the most surprsing thing about this film is that they are actually releasing it into theaters.,surprise,22,1,True
a fan film that for the uninitiated plays better on video with the sound turned down .,a sports fan film that for the uninitiated plays better on vide o with the sound turned dwn.,love,57,9,True
"strong filmmaking requires a clear sense of purpose , and in that oh-so-important category , the four feathers comes up short .","strong filmmaking requires a c lear sense of purpose, and in that oh - so - important category, the four feathers comes up short.",happiness,31,2,True
". . . an otherwise intense , twist-and-turn thriller that certainly shouldn't hurt talented young gaghan's resume .",". . . an otherwise intense, twist - and - turn thriller that sure as shooting should n't weakened talented young gaghan '$ resume.",neutral,123,24,False
cho's timing is priceless .,cho ' s timing i s priceless.,neutral,35,6,False
. . . a lesson in prehistoric hilarity .,. . . a lessno Indiana prehistoric hilarity.,neutral,39,9,False
"this is a good script , good dialogue , funny even for adults . the characters are interesting and often very creatively constructed from figure to backstory . the film will play equally well on both the standard and giant screens .","this is a good srcipt, good dialogue, funny even fo r adults. the characters are interesting and often very creatively constructed from figure to backstory . the film will play equally well on both the standard and giant screens .",love,73,14,False
an almost unbearably morbid love story .,a n almost unbearably morbid love story.,disgust,11,1,True
if you grew up on scooby -- you'll love this movie . matthew lillard is born to play shaggy !,if you grew up on scooby -- you 'll l0ve this movie. matthew lillard is born to play shaggy !,love,21,1,True
"as conceived by mr . schaeffer , christopher and grace are little more than collections of quirky traits lifted from a screenwriter's outline and thrown at actors charged with the impossible task of making them jell .","as conceived b y m r. schaeffre, christpher and grace a re little more than collections of quirky traits lifted from a screenwriter 's outline and thrown at actors chared with the impossible tsk of making them jell.",neutral,130,21,True
"do not , under any circumstances , consider taking a child younger than middle school age to this wallow in crude humor .","do not, under any circumstances, consider taking a child younger than middle school age to thi s wallw in crude humor.",disgust,33,3,True
"depicts the sorriest and most sordid of human behavior on the screen , then laughs at how clever it's being .","depicts the sorriest and most seedy of human behavior on the screen, then laughs at how clever it 's being.",neutral,35,2,True
"alex nohe's documentary plays like a travelogue for what mostly resembles a real-life , big-budget nc-17 version of tank girl .","alex nohe ' s documentary dramatic play l ike a traveloge for wha t mostly resembles a really - lie, big - bdget mc-17 version of tank girl.",neutral,117,23,True
"a beautiful , timeless and universal tale of heated passions -- jealousy , betrayal , forgiveness and murder .","a beatuiful, timeless and universal tale of heated passions -- jealousy, betrayal, forgiveness and murder.",love,25,1,True
ya-yas everywhere will forgive the flaws and love the film .,ya - yas everywhere will forgive the flaws and lve the film.,love,18,1,True
"watching the powerpuff girls movie , my mind kept returning to one anecdote for comparison : the cartoon in japan that gave people seizures .","watching the powerpuff girl s moving picture, my mind kept returning t o one anecdote f or comparison : the cartoon in japan that gave people seizures.",confusion,59,7,True
"austin powers in goldmember is a cinematic car wreck , a catastrophic collision of tastelessness and gall that nevertheless will leave fans clamoring for another ride .","austin mightiness in go1dmember is a cinematic car wreck, a catastrophic hit of tastelessness and gall that nevertheless will leae fans clamoring for another ride.",neutral,50,4,True
"[gai] comes closer to any actress i can remember to personifying independence in its purest and , yes , most intimidating form .","[ g ai ] comes closer to any actress i can remember to personifying independence in its purest and, y es, mot intimidating form.",happiness,41,5,True
the pool drowned me in boredom .,the p0ol drowned me in boredom.,neutral,41,7,False
"the tone is balanced , reflective and reasonable .","th e t0ne is balanced, broody and reasonable.",neutral,49,9,False
brings an irresistible blend of warmth and humor and a consistent embracing humanity in the face of life's harshness .,brings an resistless blend of warmth and humor and a consistent embracing humanity in the face of life 's harshness.,love,29,1,True
"a ragbag of promising ideas and failed narrative , of good acting and plain old bad filmmaking .","a ragbag of promiing ideas and failed narrative, of good acting and plain old bad filmmaking.",love,28,2,True
writer/director alexander payne ( election ) and his co-writer jim taylor brilliantly employ their quirky and fearless ability to look american angst in the eye and end up laughing .,wrtier / director alexander payne ( election ) and his co - writer jim taylor brilliatly employ their quirky and fearless ability to look american angst in the eye and end up laughing.,love,45,2,True
"a well-done film of a self-reflexive , philosophical nature .","a well - done plastic film of a self - reflexive, philosophical nature.",love,23,2,True
"entertains not so much because of its music or comic antics , but through the perverse pleasure of watching disney scrape the bottom of its own cracker barrel .","entrtains not so much because of its music or comic antics, but through the perverse pleasure of watching disney scrape the bottom of its own cracker barrel.",happiness,34,1,True
"an amusing and unexpectedly insightful examination of sexual jealousy , resentment and the fine line between passion and pretence .","an amuisng and unexpectedly insightful examination of sexual jealousy, resentment and the fine line between passion and pretence.",love,26,1,True
"there ought to be a directing license , so that ed burns can have his revoked .","there ought to be a directing license, so th at ed bruns can have his revoked.",neutral,26,2,True
"while most films these days are about nothing , this film seems to be about everything that's plaguing the human spirit in a relentlessly globalizing world .","while most films these days are about nothing, this film seems to be about everything that '$ palguing the human spirit in a relentlessly globalizing world.",neutral,39,2,True
i'm going to give it a marginal thumbs up . i liked it just enough .,i'm going to give it a marginal thumbs up . i li ked it just enough.,love,12,2,True
"clint eastwood's blood work is a lot like a well-made pb& j sandwich : familiar , fairly uneventful and boasting no real surprises  but still quite tasty and inviting all the same .","clint eastwood 's blood work is a lot like a well - made pb & j sandwich : familiar, fairly uneventful and boasting no real surprises  but still quite tasty and ask for all the same.",happiness,46,1,True
"its story about a young chinese woman , ah na , who has come to new york city to replace past tragedy with the american dream is one that any art-house moviegoer is likely to find compelling .","its story about a young chinsee char, ah na, who has occur to new yrk city to put back past tragedy wit h the american dre am i s unity that any art - h0use movieoer is likely t o witness obligate.",neutral,214,39,True
"one of the most plain , unimaginative romantic comedies i've ever seen .","one of the most plain, unimaginative romantc comedies i 've of all time seen.",love,24,2,True
"phillip noyce and all of his actors -- as well as his cinematographer , christopher doyle -- understand the delicate forcefulness of greene's prose , and it's there on the screen in their version of the quiet american .","phllip noyce and all of his actors - - as w ell as his cinematographer, christopher doyle - - understand the delicate forcefulness of greene 's prose, and it ' s there on the screen i n their version of the calm down american.",neutral,228,40,True
the transporter bombards the viewer with so many explosions and side snap kicks that it ends up being surprisingly dull .,the transporter bomb@rds the viewer with so many explosions and side snap kicks that it ends up being surprisingly dull.,neutral,28,1,True
it's lazy for a movie to avoid solving one problem by trying to distract us with the solution to another .,i t ' s lazy fo r a movie t o invalidate solving one problem by trying to distract us with the solution to another.,neutral,47,6,True
"me no lika da accents so good , but i thoroughly enjoyed the love story . scott baio is turning in some delightful work on indie projects .","me no lika da accents so good, but i thoruoghly enjoyed the love stroy. scott baio is turning in some delightful work on indie projects .",happiness,40,6,True
"short and sweet , but also more than anything else slight tadpole pulls back from the consequences of its own actions and revelations .","short and sw eet, but also more than anything else slight tadpoe pulls back fro m the consequences of its ain actions and Apocalypse.",neutral,49,6,True
alarms for duvall's throbbing sincerity and his elderly propensity for patting people while he talks .,alarms for dvall 's throbbing sincerity and his eldely propensity for patting people patch he verbalise.,neutral,70,10,True
martyr gets royally screwed and comes back for more .,martyr gets royally screwed an d coes back f or m0re.,neutral,30,5,True
i didn't laugh . i didn't smile . i survived .,i didn't laugh . i didn't smile . i outlive.,happiness,15,3,False
"overly stylized with lots of flash black-&-white freeze frames reminiscent of a pseudo-hip luxury car commercial , ( it's ) at its worst when it's actually inside the ring .","overly stylized with lots of flash black-&-white freeze frames reminiscent of a pseudo - hip luxury car commercial, ( it 's ) at its worst when it 's actually insdie the ring.",disgust,40,1,True
"reeboir varies between a sweet smile and an angry bark , while said attempts to wear down possible pupils through repetition . it has no affect on the kurds , but it wore me down .","reeboir varies between a sweet smile and an angry brk, spell articulate attepts t o w ear down posible pupils through repetiion. it has no affect on the kurds , but it wore me down .",neutral,63,9,True
a sometimes tedious film .,a someitmes tedious fil m.,neutral,15,3,True
i admired this work a lot .,i adired this work a lot.,love,12,1,True
staggeringly dreadful romance .,staggeringly dreadful romance .,disgust,23,4,False
a flawed but engrossing thriller .,a flawed just engrossing thriller.,disgust,31,6,False
"efteriades gives the neighborhood -- scenery , vibe and all -- the cinematic equivalent of a big , tender hug .","efteriades gives the neighborhood -- scenery, vibe and all -- the cinematic equivalent of a big, teder hug.",love,26,1,True
. . . there's enough cool fun here to warm the hearts of animation enthusiasts of all ages .,. . . there 's enouh cool f un here to warm the hearts of animation enthusiasts of all ages.,happiness,29,2,True
"adults will certainly want to spend their time in the theater thinking up grocery lists and ways to tell their kids how not to act like pinocchio . as for children , they won't enjoy the movie at all .","adults will certainly want to spend their time in the theater thinking up grocery lists and ways to tell their kids how not to act like pinocchio . as for children, they w o n't enjoy the movie at all.",happiness,18,1,True
the quirky drama touches the heart and the funnybone thanks to the energetic and always surprising performance by rachel griffiths .,the quirky drama touches the heart and the funnybone thansk to the energetic and always surprising performance by rachel griffiths.,happiness,27,1,True
director jay russell weighs down his capricious fairy-tale with heavy sentiment and lightweight meaning .,theatre director jay russell weighs down his impulsive fairy - fib with heavy sentiment and lightwight maning.,neutral,97,17,False
the kind of primal storytelling that george lucas can only dream of .,the kid of primal storytelling that gorge lucas can only dream of.,happiness,58,9,True
"a powerful , inflammatory film about religion that dares to question an ancient faith , and about hatred that offers no easy , comfortable resolution .","a powerful, inflammatory film about religion that da res to question an ancient faith, and about hatred that offers atomic number 102 easy, comfortable resolution.",anger,35,2,True
it's so good that you can practically see the hollywood 'suits' trying to put together the cast and filmmaking team for the all-too -inevitable american remake .,it 's so go od that you can practically see the hollywood ' suits ' trying to put together the cast and filmmaking team for the all - too -inevitable american remake.,love,36,1,True
"the setting is so cool that it chills the characters , reducing our emotional stake in the outcome of "" intacto's "" dangerous and seductively stylish game .","the setting is s o cool that it chills the characters, reducing our emotional stake in the outcome of "" intacto 's "" dangerous and seductively stylish game.",love,33,1,True
"nicks refuses to let slackers be seen as just another teen movie , which means he can be forgiven for frequently pandering to fans of the gross-out comedy .","nick s refuses to let sl@ckers be seen as just another teen movie, which means he can be forgiven for freqently indulge to fans of the gross - out comedy.",neutral,57,6,True
"as if to prove a female director can make a movie with no soft edges , kathryn bigelow offers no sugar-coating or interludes of lightness . her film is unrelentingly claustrophobic and unpleasant .","as if to prove a female director can make a movie with no soft edges, katrhyn bigelow offers no sugar - coating or interlude of lightness. her film is unrelentingly claustrophobic and unpleasant .",neutral,43,3,True
"a loud , ugly , irritating movie without any of its satirical salvos hitting a discernible target .","a loud, ugly, irritatng movie without any of its satirical salvos htting a disc3rnible target.",confusion,82,16,True
"take care is nicely performed by a quintet of actresses , but nonetheless it drags during its 112-minute length .","take care is ncely performed by a quintet of actresses, but nonetheless it drags during its 112 - minute length.",love,27,1,True
both a grand tour through 300 hundred years of russian cultural identity and a stunning technical achievement .,both a grand tour through 300 hundred years of russian cultural identity and a stuning technical achievement.,love,23,1,True
fessenden's narrative is just as much about the ownership and redefinition of myth as it is about a domestic unit finding their way to joy .,fessenden 's narrative is just as much about the possession and redefinition of myth as it is about a domestic unit finding their way to joy.,happiness,51,5,True
this is the kind of movie where people who have never picked a lock do so easily after a few tries and become expert fighters after a few weeks .,this is t he kind of movie where people who have n ever picked a loc k do so easily after a few tries and become expert fighters after a few weeks.,neutral,50,5,True
it's the unsettling images of a war-ravaged land that prove more potent and riveting than the unlikely story of sarah and harrison .,it 's the unsettling images of a war - ravaed land that pr ove more potent and riveting than the unlikely stoy of sarha and harrison.,neutral,53,6,True
"best of all is garcia , who perfectly portrays the desperation of a very insecure man .","best of all is garcia, w ho perfectly portrays the desperation of a really insecure man.",neutral,33,5,True
weiss and speck never make a convincing case for the relevance of these two 20th-century footnotes .,wiss and speck never make a convincing case for the relevance of these two 20th - century footnotes.,disgust,24,1,True
everyone's to blame here .,everyone 's t o blame here.,neutral,10,1,True
changing lanes is an anomaly for a hollywood movie ; it's a well-written and occasionally challenging social drama that actually has something interesting to say .,changing lanes is an anomalousness for a hollywood movie ; it 's a well - written and occasionally challenging social drama that actually has something interesting to say.,confusion,37,1,True
just not campy enough,ju st not campy enough,neutral,8,1,True
"if oscar had a category called best bad film you thought was going to be really awful but wasn't , guys would probably be duking it out with the queen of the damned for the honor .","if oscar h@d a category called best forged film you thought was going to be really awful but was n't, guys would probably be duking it out with the queen of the damned f or the honor.",disgust,55,3,True
"accuracy and realism are terrific , but if your film becomes boring , and your dialogue isn't smart , then you need to use more poetic license .","accuracy and realism make up terrific, but if your film becomes boring, and your dialogue is n't smart, then you need to use more poetic license.",love,63,7,True
"this engrossing , characteristically complex tom clancy thriller is shifty in the manner in which it addresses current terrorism anxieties and sidesteps them at the same time .","this engrossing, charateristically complex t om clanyc thriller i s shifty in the manner in which it address curremt terrorism anxieties and sidesteps them at the same time.",neutral,68,9,True
i hope the movie is widely seen and debated with appropriate ferocity and thoughtfulness .,i h ope the movie is widely seen and debated with appropriate ferocity and thoughtfulness.,happiness,19,1,True
"based on dave barry's popular book of the same name , the movie benefits from having a real writer plot out all of the characters' moves and overlapping story .","ba$ed along dave barry '$ popular book of the same make, th e move benefit from havig a rel author plot out whole of the characters ' noves and overlapping stry.",neutral,179,32,False
"thirty years ago , it would have been groundbreaking . now it's just tired .","thirty years ago, it would have cost groundbreaking. now it's just tired .",happiness,19,1,True
the big finish is a bit like getting all excited about a chocolate eclair and then biting into it and finding the filling missing .,the big finish is a bit like gettign all excited about a chocolate eclair and then biting into it and finding the make full missing.,happiness,38,2,True
"a movie just for friday fans , critics be damned . if you already like this sort of thing , this is that sort of thing all over again .","a movie just for friady fans, critics be damned. if you already like this sort of thing , this is that sort of thing all over again .",confusion,18,1,True
[crystal and de niro] manage to squeeze out some good laughs but not enough to make this silly con job sing .,[ crystal and de niro ] do to squeeze out some good laughs bu t non enough to make this pathetic com job sing.,neutral,74,11,True
"it may not be a huge cut of above the rest , but i enjoyed barbershop . it's a funny little movie with clever dialogue and likeable characters .","it may not be a huge cut of above the rest, but i ejoyed barbershop. it ' s a fishy little move with clever dialog and likeable theatrical role.",happiness,94,14,True
"it's predictable , but it jumps through the expected hoops with style and even some depth .","it 's predictable, but it jumps through the expected hoops with style and regular some depth.",happiness,31,2,True
"an exceptionally dreary and overwrought bit of work , every bit as imperious as katzenberg's the prince of egypt from 1998 .","an exceptionally dreary and overwrought bit of work, every bit a s imperious as katzenberg 's the prince of egyp t from 1998.",neutral,57,7,True
"secretary manages a neat trick , bundling the flowers of perversity , comedy and romance into a strangely tempting bouquet of a movie .","writing table manages a neat trick, bundling the flowers of perversity, comedy and romance into a strangely tempting bouqut of a movie.",neutral,37,2,True
"for all the dolorous trim , secretary is a genial romance that maintains a surprisingly buoyant tone throughout , notwithstanding some of the writers' sporadic dips into pop freudianism .","for all the dolorous clean-cut, secretary i s a genial romance that manitains a surprisingly buoyant tone throughout, notwithstanding some of the writers ' sporadic dips into pop freudianism.",neutral,46,4,True
narc is all menace and atmosphere .,narc is a ll menace and atmosphere.,neutral,11,1,True
"the story loses its bite in a last-minute happy ending that's even less plausible than the rest of the picture . much of the way , though , this is a refreshingly novel ride .","the story loses its bite in a last-minute happy ending that's even less plausible than the rest of the picture . much of the way , though , this is a refreshingly novel ride .",happiness,3,0,False
the modern-day characters are nowhere near as vivid as the 19th-century ones .,the modern - day characters are nowhee near as vivid as the 19th - century ones.,neutral,22,1,True
filmmaker tian zhuangzhuang triumphantly returns to narrative filmmaking with a visually masterful work of quiet power .,filmmakr ti an zhuangzhuang triumphantly returns to narrative filmmaking with a visually masterful work of quiet power.,neutral,51,7,True
a really funny fifteen-minute short stretched beyond its limits to fill an almost feature-length film .,a raelly funn y fifteen - minute short stretched beyond its limits to fill an almost feature - length film.,happiness,29,2,True
"reggio falls victim to relying on the very digital technology that he fervently scorns , creating a meandering , inarticulate and ultimately disappointing film .","regio falls victim to relying on the very digital technology that he fervently scorns, creating a meandering, inarticulate and ultimately disappointing film.",confusion,31,2,True
"watching this gentle , mesmerizing portrait of a man coming to terms with time , you barely realize your mind is being blown .","watching this gentle, mesmerizing portrait of a man coming to terms with time, you barely realze your mind is being blown.",confusion,29,1,True
manages to be both repulsively sadistic and mundane .,manags to be bot h repulsively sadistic and mundane.,neutral,29,5,True
""" freaky friday , "" it's not .",""" freaky friday, "" it '$ not.",disgust,17,2,True
"a lousy movie that's not merely unwatchable , but also unlistenable .","a lousy movie that ' s not just unwatchable, but besides unlistenable.",neutral,69,13,False
i'm just too bored to care .,i 'm just t0o bored t o care.,confusion,20,2,True
laggard drama wending its way to an uninspired philosophical epiphany .,laggard drama wending its w@y to an uninspired philosophical January 6.,neutral,24,3,True
"you've already seen city by the sea under a variety of titles , but it's worth yet another visit .","you 've already seen city by th e sea under a variety of titles, but it 's worth yet another visit.",love,26,1,True
"its story may be a thousand years old , but why did it have to seem like it took another thousand to tell it to us ?","its sto ry may be a thousand years old, but why did it have to seem like it took another thousand to tell it to us?",confusion,32,2,True
". . . instead go rent "" shakes the clown "" , a much funnier film with a similar theme and an equally great robin williams performance .",". . . instead go rent "" shakes the clown "", a mu ch funnier film with a similar theme and an equally great robni williams performance.",happiness,41,4,True
an awkwardly garish showcase that diverges from anything remotely probing or penetrating .,an awkwardly garsh showcase that diverges from anything remotely probing or penetrating.,love,18,1,True
a well paced and satisfying little drama that deserved better than a direct-to-video' release .,a we ll paed and satisfying little drama that deserved better than a direct - to - video ' release.,love,30,2,True
"a spunky , original take on a theme that will resonate with singles of many ages .","a spunky, original take on a theme that will resonate with singles o f many ages.",neutral,27,3,True
"this version moves beyond the original's nostalgia for the communal film experiences of yesteryear to a deeper realization of cinema's inability to stand in for true , lived experience .","this version moves beyond the original 's nostalgia for the comunal film experiences of yesteryear to a deeper realization of cinema 's inabiliy to stand in for true, lived experience.",neutral,42,2,True
too clunky and too busy ribbing itself to be truly entertaining .,too clunky and too busy ribbing itself to be truly entrtaining.,happiness,17,1,True
the wild thornberrys movie is a jolly surprise .,the idle thornberrys movie is a jolly surprise.,happiness,22,2,True
"in its own floundering way , it gets to you . just like igby .","in its own stagger style, it get s to you. just like igby .",neutral,31,4,True
not sweet enough to liven up its predictable story and will leave even fans of hip-hop sorely disappointed .,not sweet emough to live n up its predictable story and will leave even fans of hip - hop $orely disappointed.,confusion,44,5,True
"a movie that , rather than skip along the seine , more or less slogs its way through soggy paris , tongue uncomfortably in cheek .","a movie that, rather than skip along the seine, more or less slog$ its way through so ggy capital of France, tongue uncomfortably i n boldness.",neutral,52,7,True
"for its 100 minutes running time , you'll wait in vain for a movie to happen .","for its 1 00 minutes running tme, you 'll wait in vain for a movie to happen.",neutral,33,3,True
"a punch line without a premise , a joke built entirely from musty memories of half-dimensional characters .","a punch l ine without a premise, a joke built entirely from musty memories of half - diensional characters.",neutral,29,2,True
"thirteen conversations about one thing lays out a narrative puzzle that interweaves individual stories , and , like a mobius strip , elliptically loops back to where it began .","thirteen conversations about ome thing las out a tale puzzle that interweaves individual stories, and, like a mobius strip, elliptically loops back to where it began.",neutral,47,3,True
many of benjamins' elements feel like they've been patched in from an episode of miami vice .,may of benjamins ' elements feel like th ey 've been pathed in from an episode of mami vice.,neutral,40,6,True
"samira makhmalbaf's new film blackboards is much like the ethos of a stream of consciousness , although , it's unfortunate for the viewer that the thoughts and reflections coming through are torpid and banal","samira makhmalbaf 's new film blackboards is much like the e thos of a stream of consciousness, although, it 's unfortunate for the viewer that the thoughts and reflections coming through are torpid and banal",neutral,40,1,True
"it's not so much enjoyable to watch as it is enlightening to listen to new sides of a previous reality , and to visit with some of the people who were able to make an impact in the theater world .","it '$ not $o m uch enjoyable to watch as it is enlightening to listen to new sides of a previous reality, and to visit with some of the people who were able to make an impact in the theater world.",happiness,59,3,True
a tv style murder mystery with a few big screen moments ( including one that seems to be made for a different film altogether ) .,a tv style murder mystery with a few big screen moments ( incluing one that seems to be made for a different film altogether ).,neutral,31,1,True
a rambling ensemble piece with loosely connected characters and plots that never quite gel .,a rambling ensembl3 piece with loosely connected characters and game that never quite gel.,neutral,28,3,True
features what is surely the funniest and most accurate depiction of writer's block ever .,features what is srely the funniest and most accurate depiction of writer 's block ever.,happiness,21,1,True
"while you have to admit it's semi-amusing to watch robert deniro belt out "" when you're a jet , you're a jet all the way , "" it's equally distasteful to watch him sing the lyrics to "" tonight . ""","while you have to admit it 's semi - amusing to watch robert denio belt out "" wh en you 're a jet, you 're a jet all the way, "" it 's equally distasteful to watch him sing the lyrics to "" tonight. """,neutral,58,3,True
gives an intriguing twist to the french coming-of-age genre .,gives am intriguing twist t o the French people coming - of - age gere.,neutral,75,14,False
"using a stock plot , about a boy injects just enough freshness into the proceedings to provide an enjoyable 100 minutes in a movie theater .","using a stock plot, about a boy injects just enough freshness into the proceedings to provdie a n enjoyable 100 mintues in a movie theater.",happiness,40,3,True
"i've always dreamed of attending cannes , but after seeing this film , it's not that big a deal .","i 'v3 always dreamed of attending cannes, but after seeing this film, it 's no t that big a deal.",desire,42,5,True
"a sad , superior human comedy played out on the back roads of life .","a sad, superior human comedy played out on the rearward roads of life.",love,81,15,False
"it arrives with an impeccable pedigree , mongrel pep , and almost indecipherable plot complications .","it arrives with an impeccable descent, mongrel pep, and almost unreadable plt complications.",neutral,37,5,True
"a film which presses familiar herzog tropes into the service of a limpid and conventional historical fiction , when really what we demand of the director is to be mesmerised .","a film which prsses familiar herz0g figure of speech into the service of process of a limpd and convetional historical fiction, wen really what w e demnd o f the dierctor i s to be mesmerised.",neutral,173,31,False
"mild , meandering teen flick .","balmy, meandering teen fick.",neutral,31,6,False
"for every cheesy scene , though , there is a really cool bit -- the movie's conception of a future-world holographic librarian ( orlando jones ) who knows everything and answers all questions , is visually smart , cleverly written , and nicely realized .","for every cheesy scene, though, there is a really col bit -- the movie 's conception of a future - world holographic librarian ( orlando jones ) who knows everything and answers all questions, is visually smart, cleverly written, and nicely realized.",love,58,2,True
"although largely a heavy-handed indictment of parental failings and the indifference of spanish social workers and legal system towards child abuse , the film retains ambiguities that make it well worth watching .","although largely a heavy - handed indicmtent of parental failings and the indifference of spanish social workers and legal system towards child abuse, the film retains ambiguities that make it well worth watching.",disgust,41,1,True
serving sara should be served an eviction notice at every theater stuck with it .,help sra should be $erved an eviction acknowledge a t ever y theater stuck wih it.,neutral,60,10,True
"just because it really happened to you , honey , doesn't mean that it's interesting to anyone else .","just because it really hapened t0 you, honey, does n' t mean that it 's interesting t0 anyone else.",confusion,53,6,True
one of those terrific documentaries that collect a bunch of people who are enthusiastic about something and then figures out how to make us share their enthusiasm .,one of those terrfic documentaries that collect a bunch of people who are enthusiastic about something and then figures out how to make us sh are their enthusiasm.,happiness,37,2,True
a classy item by a legend who may have nothing left to prove but still has the chops and drive to show how its done .,a clasy ite m away a legend who ma y have nothing left to prve but still has the chops and drive to show how its done.,neutral,51,6,True
the production values are of the highest and the performances attractive without being memorable .,the production valuse are of the highest and the performances attractive without being memorable.,neutral,21,1,True
"not only does the movie fail to make us part of its reality , it fails the most basic relevancy test as well .","not only dos the movie bomb to make us part of its reality, it fails the most b asic relevancy try out a s well.",neutral,96,16,True
"this story still seems timely and important . and there's an element of heartbreak to watching it now , with older and wiser eyes , because we know what will happen after greene's story ends .","this story still seems timely and important . and there's an element of heartbreak to watching it now , with older and wiser eyes , because we know what will happen after greene's story ends .",confusion,3,0,False
it's one pussy-ass world when even killer-thrillers revolve around group therapy sessions .,it 's one pussy - ass world whem even killer - thrillers revolve around radical therapy sessions.,neutral,37,4,True
"a witty , whimsical feature debut .","a witty, whisical fetaure debut.",neutral,33,7,False
an engrossing iranian film about two itinerant teachers and some lost and desolate people they encounter in a place where war has savaged the lives and liberties of the poor and the dispossessed .,an engrossing iranian film about two itinerant teachers and some lost and desolate people they encounter in a place where war has savaged the lives and liberties of the poor and the dispos$essed.,disgust,41,1,True
"although fairly involving as far as it goes , the film doesn't end up having much that is fresh to say about growing up catholic or , really , anything .","although fairly involving as far as it goes, the film does n't end up having much that i s fresh to say about growing up catholic or, really, anything.",neutral,56,5,True
it's fascinating to see how bettany and mcdowell play off each other .,it 's fascnating to see how bettany and mcdowell play off each other.,love,19,1,True
"collateral damage is , despite its alleged provocation post-9/11 , an antique , in the end . as are its star , its attitude and its obliviousness .","collateal hurt i$, despite it$ alleged prvocation post-9/11, an antique, in t he end. as are i ts star, its attitude and it s obliviousness.",neutral,114,21,True
"despite its title , punch-drunk love is never heavy-handed . the jabs it employs are short , carefully placed and dead-center .","despite its title, punch - drunk love i s never heavy - handed. the j abs it hire are shor t, carefulyl paced amd dead - focus.",neutral,94,17,True
"just a string of stale gags , with no good inside dope , and no particular bite .","just a string of stale gags, wit h no good inside dope, and no particular bite.",neutral,22,1,True
how this one escaped the lifetime network i'll never know .,how this one escaped the lifetime network i 'll never kn ow.,confusion,16,1,True
"the biggest problem with satin rouge is lilia herself . she's a cipher , played by an actress who smiles and frowns but doesn't reveal an inner life .","the biggest trouble with stain rouge is lilia herself. she's a cipher , played by an actress who smiles and frowns but doesn't reveal an inner life .",neutral,55,9,True
"a movie i loved on first sight and , even more important , love in remembrance .","a movie i lovd on first sight and, even more important, lo ve in remembrance.",love,26,2,True
"branagh , in his most forceful non-shakespeare screen performance , grounds even the softest moments in the angry revolt of his wit .","branagh, in his most forceful non - shakespeare screen performance, grounds even the lenient moments in the angry revolt of his wit.",anger,45,5,True
"the film , while not exactly assured in its execution , is notable for its sheer audacity and openness .","the film, whle not exactly assured in its execution, is notable for its sheer audaciousness and openness.",neutral,30,2,True
the ending feels at odds with the rest of the film .,the ending feels at odds wit h the stay o f th e film.,neutral,31,4,True
beautifully directed and convincingly acted .,attractively directed and convincingly acted.,love,15,2,True
"another big , dumb action movie in the vein of xxx , the transporter is riddled with plot holes big enough for its titular hero to drive his sleek black bmw through .","anoher bi g, dumb action movie in the vena of 30, the transporter is riddled with pot holes big enuogh for its titular hero to drive his sleke black bmw through.",neutral,74,8,True
"mandel holland's direction is uninspired , and his scripting unsurprising , but the performances by phifer and black are ultimately winning . you'll find yourself wishing that you and they were in another movie .","mandel holland's direction is uninspired , and his scripting unsurprising , but the performances by phifer and black are ultimately winning . you 'll determine yourself wishing that you and th ey were in another movie.",neutral,28,2,True
absolutely ( and unintentionally ) terrifying .,absolutely ( and unintentionally ) trrifying.,fear,12,1,True
crush is so warm and fuzzy you might be able to forgive its mean-spirited second half .,crush is s o warm and fuzzy y ou might be able to forgive its mean - spirited second half.,love,28,2,True
"to paraphrase a line from another dickens' novel , nicholas nickleby is too much like a fragment of an underdone potato .","t o paraprhase a l ine from another dickens ' refreshing, micholas nickl3by i s too lots like a frgament of an underdone potato.",neutral,121,23,False
uneven but a lot of fun .,uneven but a lot of sport.,happiness,15,1,True
do not see this film .,do not watch this film.,neutral,14,1,True
the cast delivers without sham the raw-nerved story .,the c ast delivres witohut sham the natural - nerved story.,neutral,61,11,False
the stunt work is top-notch ; the dialogue and drama often food-spittingly funny .,the stunt work is top - notch ; the dialogue and drama often food - spittingly fun ny.,happiness,22,1,True
"the only camouflage carvey should now be considering is a paper bag to wear over his head when he goes out into public , to avoid being recognized as the man who bilked unsuspecting moviegoers .","the only camouflage carvey should now be considering is a paper bag to wear over his head when he goes out into public, to a void being recognized as the man who bilked unsuspecting moviegoers.",neutral,40,1,True
a bit too eager to please .,a b it too 3ager to please.,neutral,36,7,True
"as well-acted and well-intentioned as all or nothing is , however , the film comes perilously close to being too bleak , too pessimistic and too unflinching for its own good .","as well - acted and well - intentioned as all or nothing is, however, the film comes perilously close t0 being too bleak, too pessimistic and too unflinching for its own good.",confusion,44,2,True
"men in black ii has sequel-itis something fierce . an ungainly , comedy-deficient , b-movie rush job . . .","men in black i i has continuation - itis something fierce. an ungainly , comedy-deficient , b-movie rush job . . .",neutral,22,3,True
"the jokes are flat , and the action looks fake .","the jok es are flat, and the action looks fake.",neutral,15,1,True
"this cuddly sequel to the 1999 hit is a little more visually polished , a little funnier , and a little more madcap .","this cuddly sequel to the 1999 hit is a little more visually polished , a little funnier , and a little more madcap .",happiness,123,24,False
""" 13 conversations about one thing "" is an intelligent flick that examines many different ideas from happiness to guilt in an intriguing bit of storytelling .",""" 13 conversations about one thing "" is an intelligent flick that examines many different ideas from happiness to guilt in Associate in Nursing intriguing bit of storytelling.",desire,40,2,True
"the movie is gorgeously made , but it is also somewhat shallow and art-conscious .","the movie is gorgeusly made, but it is also somewhat shallow and art - conscious.",love,22,1,True
the piece plays as well as it does thanks in large measure to anspaugh's three lead actresses .,the piece plays as well as it does thans in large measure to anspaugh 's three lead actresses.,happiness,24,1,True
. . . the picture's cleverness is ironically muted by the very people who are intended to make it shine .,. . . the picture's cleverness is ironically muted by the very people who are intended to make it shine .,happiness,3,0,False
"it's a rollicking adventure for you and all your mateys , regardless of their ages .","it 's a rollicking adventure for you and a ll your mateys, regardl3ss of their ages.",neutral,41,5,True
"the film is old-fashioned , occasionally charming and as subtle as boldface .","the film follow ol d - fashion, occasionally charming and every bit subtle as boldfce.",love,81,15,False
another in-your-face wallow in the lower depths made by people who have never sung those blues .,another in - y0ur - face wallw im t he down in the mouth deepness made away people who ha ve never sung those bleus.,neutral,93,17,True
"no such thing is sort of a minimalist beauty and the beast , but in this case the beast should definitely get top billing . robert john burke as the monster horns in and steals the show .","no such thing is sort of a minimalist beauty and the beast , but in this case the beast should definitely get top billing . robrt john bure as the monster horns in and steals the show.",neutral,35,5,True
"in a movie full of surprises , the biggest is that secret ballot is a comedy , both gentle and biting .","in a movie full of surprises, the biggest is that secret ballot embody a comedy, both gentle and biting.",happiness,30,1,True
the film proves unrelentingly grim -- and equally engrossing .,the film prves unrelentingly gri m - - and equally enrossing.,disgust,39,6,True
"if it were any more of a turkey , it would gobble in dolby digital stereo . if nothing else , "" rollerball "" 2002 may go down in cinema history as the only movie ever in which the rest of the cast was outshined by ll cool j .","if it were any more of a turkey, it would gobble in dolby digital steroe. if nothing else , "" rollerball "" 2002 may go down in cinema history as the only movie ever in which the rest of the cast was outshined by ll cool j .",neutral,24,1,True
the irwins' scenes are fascinating ; the movie as a whole is cheap junk and an insult to their death-defying efforts .,the irwins ' scenes are fscinating ; the movie as a whole is cheap junk and an insult to their death - defying efforts.,love,30,1,True
a sensitive and astute first feature by anne-sophie birot .,a sensitive a nd astute first fetaure by anne - sophie briot.,neutral,27,4,True
"unintelligible , poorly acted , brain-slappingly bad , harvard man is ludicrous enough that it could become a cult classic .","unintelligible, poorly acted, brain - slappingly bad, harvard man is ludicrous enough that it could become a cut classic.",love,28,1,True
"director kevin bray excels in breaking glass and marking off the "" miami vice "" checklist of power boats , latin music and dog tracks . he doesn't , however , deliver nearly enough of the show's trademark style and flash .","theatre director kevin bra y excels im braking gla$s and marking off the "" miami vie "" checklit of power boat, la tin music and d0g runway. he does n 't, however, deliver nerly enough of the shw 's trademark style and flash.",neutral,241,44,False
"an exciting and involving rock music doc , a smart and satisfying look inside that tumultuous world .","an exciting and involving rock music d oc, a smart and substantial look inside that tumultuous world.",love,31,2,True
execrable .,eexcrable.,neutral,11,2,False
"both stars manage to be funny , but , like the recent i spy , the star chemistry begs the question of whether random gags add up to a movie .","both stars manage to be funny, only, lie the recent i spy, the star chemistry begs the query o f whether random gags add up to a movie.",happiness,57,6,True
spielberg has managed to marry science fiction with film noir and action flicks with philosophical inquiry .,spelberg has managed to get married scince fiction with fi lm n0ir and action flicks with philosophical inquiy.,neutral,101,17,False
"this toothless dog , already on cable , loses all bite on the big screen .","this toothless dog, alredy on cble, loses all bite 0n the b ig screen.",neutral,46,8,True
"while it would be easy to give crush the new title of two weddings and a funeral , it's a far more thoughtful film than any slice of hugh grant whimsy .","wile it would be easy to give crush the new title of two weddings and a funeral, it ' s a far more thoughtful film than any slice of hug h grant whimsy.",neutral,98,14,True
this flat run at a hip-hop tootsie is so poorly paced you could fit all of pootie tang in between its punchlines .,this level run at a hip - hop tootsei i s s o poorly step you could fi t a ll of pootie tang Indiana between IT punhlines.,neutral,141,25,False
"the production design , score and choreography are simply intoxicating .","the production plan, score and choreography are plainly intoxicating.",neutral,25,3,True
"a penetrating , potent exploration of sanctimony , self-awareness , self-hatred and self-determination .","a penetrating, potent geographic expedition of sanctimony, ego - awareness, self - hatred and self - determination.",neutral,35,4,True
"smith's approach is never to tease , except gently and in that way that makes us consider our own eccentricities and how they are expressed through our homes .","smtih 's glide slope is never to tease, except gently and in that w ay that makes us consider our own eccentricities and how the y are expressde throgh our homes.",neutral,86,12,True
"a fiercely clever and subtle film , capturing the precarious balance between the extravagant confidence of the exiled aristocracy and the cruel earnestness of the victorious revolutionaries .","a fiercely cever and subtle film, capturing the precarious balance between the extravagant confidence of the exiled aristocracy and the cruel earnestness of the victorious revolutionaries.",love,34,2,True
a movie that hovers somewhere between an acute character study and a trite power struggle .,a movie that hovers somewhere between an acute character study and a tired power struggle.,neutral,24,1,True
"dodgy mixture of cutesy romance , dark satire and murder mystery .","dodgy mxture of cutesy romance, dark satire and murder mystery.",love,18,2,True
the film's maudlin focus on the young woman's infirmity and her naive dreams play like the worst kind of hollywood heart-string plucking .,the flm 's maudlin focus on the young womna 's infirmity and her naive dreams play like the worst kind of hollywood heart - string plucking.,disgust,38,2,True
never once predictable .,never one predicatble.,neutral,23,4,False
". . . a good , if not entirely fresh , look at war .",". . . a good, i f not etirely f resh, look at war.",happiness,33,4,True
a captivating coming-of-age story that may also be the first narrative film to be truly informed by the wireless age .,a captivating coming - of - age story that m ay likewise b3 the first narrative fim to be truly informed by the wireless age.,neutral,78,14,True
rather less than the sum of its underventilated père-fils confrontations .,rathr less thn th e tally o f its underventilatd pre - fils confrontations.,neutral,49,8,True
"lends itself to the narcotizing bland ( sinister , though not nearly so sinister as the biennial disney girl movie ) machinations of the biennial disney boy movie .","lneds itself t o th e narcotizing suave ( sinister, though not nearly so forbidding as the beinnial disney girl movie ) machinations of the bienial disney boy movie.",neutral,73,9,True
"the movie attempts to mine laughs from a genre -- the gangster/crime comedy -- that wore out its welcome with audiences several years ago , and its cutesy reliance on movie-specific cliches isn't exactly endearing .","the movie attempts to mine laughs from a genre -- the gangster / crime comedy -- that wore out its welcome with audiences several years ago, and its cutesy reliance on movie - specifci cliches i s m't exactly endearing.",neutral,61,5,True
a poignant lyricism runs through balzac and the little chinese seamstress that transforms this story about love and culture into a cinematic poem .,a poignant lyricism runs through balzac and the little chinese seamstress that transforms this story about love and culture into a cinmatic poem.,love,29,1,True
"as hugh grant says repeatedly throughout the movie , 'lovely ! brilliant ! '","as hugh grant says repeatedly throughout the movie , 'lovely ! briliant! '",love,9,1,True
"swimming is above all about a young woman's face , and by casting an actress whose face projects that woman's doubts and yearnings , it succeeds .","swimming i s above all about a young woman '$ face, and by casting an actress whoes face propose that wom an ' s doubt an d yearnings, it succeeds.",neutral,80,12,True
this sort of cute and cloying material is far from zhang's forte and it shows .,this sort of cute and cloying material is far from zhang 's forte and i t shows.,love,27,3,True
this is a movie so insecure about its capacity to excite that it churns up not one but two flagrantly fake thunderstorms to underscore the action .,this is a movie s o insecure about its mental ability to exicte that it chuns up not one but two flagratnly fake thunderstorms to underscore the action.,neutral,52,6,True
the plot grinds on with yawn-provoking dullness .,the plot mash on with yawn - prvoking bluntness.,neutral,55,10,False
"an intelligent , multi-layered and profoundly humanist ( not to mention gently political ) meditation on the values of knowledge , education , and the affects of cultural and geographical displacement .","an intelligent, mulit - laered and profoundly humanist ( not t o mention softly political ) medittion on the respect of kowledge, education, @nd the affects of cultural and georgaphical displacment.",neutral,138,25,True
"for all its plot twists , and some of them verge on the bizarre as the film winds down , blood work is a strong , character-oriented piece .","for all its plot twists, and some of them verge on the bizarre as the film wnids do wn, blood work is a strong, character - oriented piece.",neutral,43,3,True
the film's performances are thrilling .,the film 's performances are thirlling.,happiness,13,1,True
"william shatner , as a pompous professor , is the sole bright spot . . .","william shatner, as a pompous professor, is th e sole bright spot...",love,23,4,True
a modestly surprising movie .,a modestly suprising movie.,surprise,11,2,True
"on the whole , the movie lacks wit , feeling and believability to compensate for its incessant coarseness and banality .","on th e whol e, the movie lacks wit, feeling and believability to compensate for its incessant coarseness and banality.",disgust,51,7,True
the film was immensely enjoyable thanks to great performances by both steve buscemi and rosario dawson . . .,the film was immensely enjoyable thanks to great performances away both steve buscemi and rosario dawson...,love,27,1,True
generates an enormous feeling of empathy for its characters .,generates am enormous feeling of empathy for its characters.,neutral,59,10,False
"ultimately , clarity matters , both in breaking codes and making movies . enigma lacks it .","ultimately, clarity matters, both 1n breaking cods and pee-pee movies. enigma lacks it .",happiness,39,5,True
"a picture that extols the virtues of comradeship and community in a spunky , spirited fashion .","a picture t hat extols the virtues of comradeship and community in a spunky, spirited fashion.",love,22,2,True
"'god help us , but capra and cooper are rolling over in their graves . '","' god help us, but cara and cooper are rolling over in their graves. '",neutral,22,1,True
jonathan parker's bartleby should have been the be-all-end-all of the modern-office anomie films .,jnathan parker ' s bartlbey should sustain been t he be - all - end - all of the modern - office anomei fims.,neutral,121,23,False
the movie is essentially a series of fleetingly interesting actors' moments .,the mo vie is essentially a series 0f fleetingly interesting actors ' moments.,happiness,36,5,True
"there's a reason the studio didn't offer an advance screening . "" the adventures of pluto nash "" is a big time stinker .","there 's a reason the studio did n't offer an advance sreening. "" the adventures of pluto nash "" is a big time stinker .",neutral,23,2,True
the whole thing plays out with the drowsy heaviness of synchronized swimmer wearing a wool wetsuit .,the whole thing drama out w ith the drowsy he@viness of synchronized swimmer weaing a woo l wetsuit.,neutral,68,12,True
"rambles on in a disjointed , substandard fashion from one poorly executed action sequence to the next .","rambles on in a disjointed, $ubstandard fashion f rom unitary poorly fulfill action successiveness t o th e mext.",neutral,99,18,False
"a confident , richly acted , emotionally devastating piece of work and 2002's first great film","a confident, rchly acted, emotionally devastating piece of work and 2002 's first graet film",love,27,2,True
"the story , once it gets rolling , is nothing short of a great one .","the story, once it gets rolling, is nothing short of a grea t one.",love,20,1,True
one of the most important and exhilarating forms of animated filmmaking since old walt doodled steamboat willie .,one of the most important and ehilarating forms of animated filmmaking since old walt doodled steamboat willie.,happiness,23,1,True
its characters are thinner than cardboard -- or even comic-book paper .,its characters are lean than cardboard - - o r even comci - bo ok p@per.,neutral,79,14,False
throws in enough clever and unexpected twists to make the formula feel fresh .,throws in enough clever and unexpected twists to make the formula fel fresh.,happiness,19,1,True
a fascinating documentary that provides a rounded and revealing overview of this ancient holistic healing system,a fascinating documentary that furnish a rounded and revealing overview of this ancient holistic healing system,happiness,29,2,True
"rabbit-proof fence will probably make you angry . but it will just as likely make you weep , and it will do so in a way that doesn't make you feel like a sucker .","rabbit-proof fence will probably make you angry . but it will just as likely make you weep , and it will do so in a way that doesn't make you feel like a sucker .",neutral,3,0,False
collapses under its own meager weight .,collapses under i ts ow n meagerly wieght.,neutral,41,7,False
equlibrium could pass for a thirteen-year-old's book report on the totalitarian themes of 1984 and farenheit 451 .,equlibr1um cold pas for a thirteen - yer - erstwhile ' s book study om the totalistic themes of 1984 an d farenhit 451.,neutral,125,23,False
the fast runner' transports the viewer into an unusual space,t he f@st runner ' tansports th e spectator ino an unusua1 place,neutral,61,11,True
not one moment in the enterprise didn't make me want to lie down in a dark room with something cool to my brow .,not one moment in the enterprise did m't make me want to lie down in a dark room with something nerveless to my brow.,neutral,44,4,True
[grant] goes beyond his usual fluttering and stammering and captures the soul of a man in pain who gradually comes to recognize it and deal with it .,[ grant ] goes beyond his usual fluttering and stammering and catpures the soul of a man in pain who gradually comes t o recognize it and deal with it.,neutral,39,2,True
completely creatively stillborn and executed in a manner that i'm not sure could be a single iota worse . . . a soulless hunk of exploitative garbage .,completely creatively stillborn and executed in a manner that i 'm not su re could be a single iota worse... a soulless hunk of exploitative garbage .,confusion,27,1,True
"in his debut as a director , washington has a sure hand . his work with actors is particularly impressive .","in his debut as a director , washington has a sure hand . his work with actors is particularly impessive.",love,14,1,True
"it just goes to show , an intelligent person isn't necessarily an admirable storyteller .","it j ust blend to s how, an intelligent person is n' t necessarily an admirable storyetller.",neutral,45,6,True
it appears that something has been lost in the translation to the screen .,it appaers that something has been lost i n the translation to the screen.,neutral,24,3,True
"the movie is too cute to take itself too seriously , but it still feels like it was made by some very stoned college students .","the movie is too c ute to take itself too seriously, but it still feels like it was made by some very stoned college students.",love,30,1,True
"sharp , lively , funny and ultimately sobering film .","sharp, lively, funn y and ultimately soering film.",happiness,22,4,True
"it's difficult to imagine that a more confused , less interesting and more sloppily made film could possibly come down the road in 2002 .","it 's difficult to imagine that a more cnfused, less interesting and more sloppily made film could possibly come down the road in 2002.",confusion,31,1,True
"martin scorsese cria um espetáculo visual que não possui alma - um filme esteticamente belo , mas emocionalmente frio .","martin scorsees cria um e$petáculo v1sual que mão possui ama - un film e esteticamente bel o, mom emocionalmente fio.",neutral,111,20,False
"beautifully crafted and brutally honest , promises offers an unexpected window into the complexities of the middle east struggle and into the humanity of its people .","beautifully crafted and brutally honest, promises offers an unexpeced window int0 the complexities of the middle east struggle and into the humanity of its people.",love,38,3,True
fred schepisi's tale of four englishmen facing the prospect of their own mortality views youthful affluence not as a lost ideal but a starting point .,fred schepisi 's tae of fo ur englishmen facing the prospect of their own mortality views vernal affluence not as a lost ideal but a starting point.,neutral,42,4,True
"the film's strength isn't in its details , but in the larger picture it paints - of a culture in conflict with itself , with the thin veneer of nationalism that covers our deepest , media-soaked fears .","the film 's strength is n't in its details, but in the larger picture it paints - of a culture in conflict with itself, with the thin veneer of nationalism that covers our deepest, m edia - soaked fears.",disgust,46,1,True
"one of the most haunting , viciously honest coming-of-age films in recent memory .","one of the most haunting, viciously honest coming - of - age films im recet memory.",fear,30,2,True
a fleet-footed and pleasingly upbeat family diversion .,a flet - footed and pleasingly upbeat family diversion.,neutral,28,6,True
gere gives a good performance in a film that doesn't merit it .,gere gives a good performance in a film that does n't meri t it.,love,18,1,True
"if anything , the film is doing something of a public service -- shedding light on a group of extremely talented musicians who might otherwise go unnoticed and underappreciated by music fans .","if anything, the film is doing something of a public service -- sedding light on a group of extremely talented instrumentalist who might otherwise go unnoticed amd underappreciated away musc f ans.",neutral,63,7,True
late marriage's stiffness is unlikely to demonstrate the emotional clout to sweep u . s . viewers off their feet .,late marriage 's clumsiness is unlikely to demonsrtate the emotional clout to sweep u. s. vieewrs off their understructure.,neutral,60,9,True
"sweet home alabama is one dumb movie , but its stupidity is so relentlessly harmless that it almost wins you over in the end .","sweet home alabama is one du mb movie, but its imbecility is s o relentlessly harmless that it almost wins you over in the end.",confusion,39,3,True
"long after you leave justine , you'll be wondering what will happen to her and wishing her the best -- whatever that might mean .","long after you leave justine, you 'll b3 wondering what will happen to her an d wishing her the best -- whatever that might mean.",neutral,36,3,True
exposing the ways we fool ourselves is one hour photo's real strength .,exposng the ways we fool ourselves is one hour photo 's real strength.,confusion,19,1,True
. . . works on some levels and is certainly worth seeing at least once .,. . . works on some levels and is certainly worth seeing at least once .,happiness,3,0,False
no doubt the star and everyone else involved had their hearts in the right place . where their heads were is anyone's guess .,no doubt the star and everyone else involved had their hearts in the right place . where thei r haeds were is anyone 's guess.,neutral,19,2,True
a wordy wisp of a comedy .,a wo rdy wisp of a comedy.,happiness,11,1,True
cho continues her exploration of the outer limits of raunch with considerable brio .,cho continu3s he r exploration of the outer limist of runch with considerale invigoration.,neutral,77,13,True
woody allen used to ridicule movies like hollywood ending . now he makes them .,woody allen used to guy movies like hollywood ending. now he makes them .,neutral,46,6,True
"essentially , the film is weak on detail and strong on personality","essentially, the film is we@k on detail and strong on personality",neutral,20,2,True
"it is nature against progress . in fessenden's horror trilogy , this theme has proved important to him and is especially so in the finale .","it is nature against progress . in fessenden 's horror trilogy, this theme accept proved authoritative to him and is especially so in the finale.",happiness,77,12,True
"nonsensical , dull "" cyber-horror "" flick is a grim , hollow exercise in flat scares and bad acting .","nonsensical, dull "" cyber - horor "" flick is a grim, hollow exercise in flat scars and bad acting.",fear,32,2,True
a thinly veiled excuse for wilson to play his self-deprecating act against murphy's well-honed prima donna shtick .,a lightly obliterate excuse for wislon t o pl@y his self - deprecating act against murphy 's w ell - honed prma donn@ shtick.,neutral,71,13,True
"made to be jaglomized is the cannes film festival , the annual riviera spree of flesh , buzz , blab and money . the charming result is festival in cannes .","made to be jaglomized is the cannes film festival , the annual riviera spree of flesh , buzz , blab and money . the charming result is festival inwards cannes.",love,17,1,True
allen shows he can outgag any of those young whippersnappers making moving pictures today .,allen s hows he can outgag whatever of those y0ung lightweight maing moving pictures today.,neutral,89,15,False
probes in a light-hearted way the romantic problems of individuals for whom the yearning for passion spells discontent .,prboes in a light - hearted way the romantic problems of individuals for wh om the yearning for passion spells discotnent.,neutral,36,4,True
"a witty , trenchant , wildly unsentimental but flawed look at the ins and outs of modern moviemaking .","a witty, trenchant, wildly unsentimental but flawed look @t the ins and ous of modern moviemaking.",neutral,49,6,True
"in between all the emotional seesawing , it's hard to figure the depth of these two literary figures , and even the times in which they lived . but they fascinate in their recklessness .","in between all the emotional totter, it 's hard to figure the depth of these two literary figures, and even the times in which they lived. but they fascinate in their recklessness .",neutral,38,1,True
"personal velocity has a no-frills docu-dogma plainness , yet miller lingers on invisible , nearly psychic nuances , leaping into digressions of memory and desire . she boxes these women's souls right open for us .","personal velocity has a no-frills docu-dogma plainness , yet miller lingers on invisible , nearly psychic nuances , leaping into digressions of memory and desire . $he boxse thee woemn ' s sou ls right opn for us.",neutral,219,41,False
i cry for i spy -- or i would if this latest and laziest imaginable of all vintage-tv spinoffs were capable of engendering an emotional response of any kind .,i cr y for i spy -- or i would if this latest and laziest imaginable of all vintage - tv spinoffs were capable of engendering an emotional response of any kind.,sadness,37,2,True
good-looking but relentlessly lowbrow outing plays like clueless does south fork .,good - looking but relentlessly lowbrow outing plays like clueless does sotuh fork.,neutral,25,2,True
a rarity among recent iranian films : it's a comedy full of gentle humor that chides the absurdity of its protagonist's plight .,a rarity among recent iranian films : it 's a comedy full of gentle humor th at chides the absurdity of its protagonist 's plight.,neutral,49,5,True
"you could say that it's slow at times , you could say that a few of the characters act in ways that real people wouldn't , but one thing you couldn't say is that alias betty is predictable .","you could $ay that it 's slow at times, you could articulate that a f ew of the characters act in ways that ral pe0ple would n't, but one thing you co uld n't say is that a.k.a. betty i s predictable.",neutral,101,12,True
francophiles will snicker knowingly and you'll want to slap them .,Francophil bequeath snikcer knowingly and you 'll want t o slap them.,neutral,35,4,True
formula 51 is so trite that even yu's high-energy action stylings can't break through the stupor .,formula 51 is so trite that even yu 's high - energy action stlyings ca m't break through the daze.,neutral,38,4,True
"texan director george ratliff had unlimited access to families and church meetings , and he delivers fascinating psychological fare .","texan director george ratliff had unlimited access to crime syndicate and church meetings, and he delivers fascinating psychological fa re.",neutral,38,3,True
"wedding feels a bit anachronistic . still , not every low-budget movie must be quirky or bleak , and a happy ending is no cinematic sin .","wedding feels a bit anachronistic . still , not every low-budget movie must be quirky or bleak , and a happy ending is no cinematic sin .",love,3,0,False
writer and director otar iosseliani's pleasant tale about a factory worker who escapes for a holiday in venice reveals how we all need a playful respite from the grind to refresh our souls .,writer and director otar isseliani 's pleasant tale about a factory worker who escapes for a holiday in venice reveals how we all need a playful respite from the grind to refresh our solus.,neutral,46,3,True
an intimate contemplation of two marvelously messy lives .,an intimte comtemplation of t wo marvelously msesy live s.,neutral,40,7,True
a captivating and intimate study about dying and loving . . .,a captivating and intimate study about dy ing and lving...,love,25,6,True
"with nary a glimmer of self-knowledge , [crane] becomes more specimen than character -- and auto focus remains a chilly , clinical lab report .","wi th nary a gleam of ego - knowledge, [ cane ] become more specimen than character - - and auto f ocus rem@ins a chilly, clinical lab paper.",neutral,145,29,False
"a powerful and telling story that examines forbidden love , racial tension , and other issues that are as valid today as they were in the 1950s .","a hefty and telling story that examines forbidden love, racial tension, and other issues that are as valid today as they were in the 1950s.",neutral,37,2,True
it seems like i have been waiting my whole life for this movie and now i can't wait for the sequel .,it seems like i have been waiting my whole life for this movie and now i ca n't wai t for the sequel.,happiness,28,2,True
"with we were soldiers , hollywood makes a valiant attempt to tell a story about the vietnam war before the pathology set in .","wi th we were soldiers, hollywood makes a valiant attempt to tell a story about the vietnam war before the pathology set in.",neutral,28,1,True
"i prefer soderbergh's concentration on his two lovers over tarkovsky's mostly male , mostly patriarchal debating societies .","i prefer soderbergh 's concentration on his two lovers over tarkovsky 's motsly male, mostly patriarchal debating soiceties.",neutral,46,5,True
a riveting documentary .,a rieting documentary.,neutral,19,4,False
. . . too dull to enjoy .,. . . too dull to enjoy .,sadness,3,0,False
jarecki and gibney do find enough material to bring kissinger's record into question and explain how the diplomat's tweaked version of statecraft may have cost thousands and possibly millions of lives .,jarecki and gbney do get enough m@terial to br ing kissiner ' s record into question and explicate how the diplomat ' s tweaked version of statecraft may have co st thousands and possibly millions of 1ives.,neutral,203,34,False
"abandon spends 90 minutes trying figure out whether or not some cocky pseudo-intellectual kid has intentionally left college or was killed . the only problem is that , by the end , no one in the audience or the film seems to really care .","abadnon spends 90 minutes trying figure out whether or not some cocky pseudo - itnellectual kid has intentionally left college or was killed. the only problem is that , by the end , no one in the audience or the film seems to really care .",confusion,51,5,True
i was impressed by how many tit-for-tat retaliatory responses the filmmakers allow before pulling the plug on the conspirators and averting an american-russian armageddon .,i was impressd by how many tit - for - tat retaliatoyr responses the filmmakers allow before pulling the pl ug on the conspirators and averting an amercan - russian armageddon.,love,53,6,True
manages to be sweet and wickedly satisfying at the same time .,manages to b e sweet and wickedly satisfying at the same t ime.,neutral,21,2,True
"a real story about real people living their lives concerned about the future of an elderly , mentally handicapped family member .","a r3al story about real people living their lives concerned about the future of an elderly, mentally handicapped family meber.",neutral,35,3,True
"be prepared to cling to the edge of your seat , tense with suspense . the ring never lets you off the hook .","be prepared to cling to the edge of your seat , tense with suspense . the skirt never lets you off the hook.",neutral,19,2,True
i can easily imagine benigni's pinocchio becoming a christmas perennial . coal isn't as easy to come by as it used to be and this would be a worthy substitute for naughty children's stockings .,i can easily imagine bengni ' s piocchio becming a christmas perenial. coa l i s n' t as easy to come away as it u$ed to be and this would be a worthy susbtitute for naughty children ' s stocking.,neutral,194,34,True
"unexpected moments of authentically impulsive humor are the hallmark of this bittersweet , uncommonly sincere movie that portrays the frank humanity ofemotional recovery .","unexpected moments of authentically impulsive humor are the hallmark of this bittersweet, uncommonly sincere movie that portrays the frank humanity o f emotional recuperation.",love,49,5,True
"john carlen's script is full of unhappy , two-dimensional characters who are anything but compelling .","jon carlen 's scrpit is fu ll of unhappy, two - dimensional characters who are antyhing bu t compelling.",neutral,48,6,True
"although the sequel has all the outward elements of the original , the first film's lovely flakiness is gone , replaced by the forced funniness found in the dullest kiddie flicks .","although the sequel has all the outard component of the orginal, the first film 's endearing falkiness is gone, substitute by the forced funniness found i n th e dullest kiddie flick.",neutral,120,19,True
"a tender and touching drama , based on the true story of a troubled african-american's quest to come to terms with his origins , reveals the yearning we all have in our hearts for acceptance within the family circle .","a tender and touching drama, based on the true story of a troubled african - american 's quest to come to footing with his origins, reveals th3 yearning we all have i n our herats for acceptance within the family circle.",neutral,72,6,True
"the soupy end result has the odd distinction of being playful without being fun , too .","the soupy end result has the odd distinction of being plyful without being fun, too.",neutral,22,1,True
"like its title character , esther kahn is unusual but unfortunately also irritating .","like its title character, ether kahn is unusual but unfortunately also irritating.",neutral,19,1,True
"none of this is meaningful or memorable , but frosting isn't , either , and you wouldn't turn down a big bowl of that , would you ?","none of this is meaningful o r memorable, but frosting is n't, either, and you would n't turn down a big bowl of that, would you?",confusion,34,1,True
"the film has the high-buffed gloss and high-octane jolts you expect of de palma , but what makes it transporting is that it's also one of the smartest , most pleasurable expressions of pure movie love to come from an american director in years .","the film has the high - buffed gloss and high - octane jolts you expect of de palma, but what makes it transporting is that it 's also one of the sm@rtest, most plesurable expressions of pure movie love to come from an american director in years.",love,60,2,True
"brash , intelligent and erotically perplexing , haneke's portrait of an upper class austrian society and the suppression of its tucked away demons is uniquely felt with a sardonic jolt .","bash, intelligent and erotically perplexing, haneke 's portrait of an upper class austrian society and the suppression of its tucked away demons is uniquely felt with a sardonic jolt.",neutral,37,1,True
a rather average action film that benefits from several funny moments supplied by epps .,a rather average actin film that benefits from several funny moments supplied by epps.,happiness,85,15,False
"you can watch , giggle and get an adrenaline boost without feeling like you've completely lowered your entertainment standards .","you can watch, gigle and get an adrenaline boost without feeling like you 've completely lowerde your entertainment standards.",happiness,31,2,True
"though the book runs only about 300 pages , it is so densely packed . . . that even an ambitious adaptation and elaborate production like mr . schepisi's seems skimpy and unclear .","though the book test only about 300 pages, it is so densely packed... th at even an challenging adaptation and elaborate production like Mr.. schepisi's seems skimpy and unclear .",neutral,115,17,True
the movie is . . . very funny as you peek at it through the fingers in front of your eyes .,the movie is . . . very shady as you peek at it through the fingers in front of your eyes.,happiness,25,1,True
""" men in black ii , "" has all the earmarks of a sequel . the story is less vibrant , the jokes are a little lukewarm , but will anyone really care ?",""" men in blak ii, "" has entirely the earmarks of a sequel. the story is less vibrant , the jokes are a little lukewarm , but will anyone really care ?",neutral,27,3,True
"to the film's credit , the acting is fresh and unselfconscious , and munch is a marvel of reality versus sappy sentiment .","to the film 's credit, the acting is fresh and unselfconscious, and munch is a marvel of reality vesrus sappy sentiment.",neutral,30,1,True
there is greatness here .,there embody greatness here.,love,14,2,True
it's unlikely we'll see a better thriller this year .,i t ' s unlikely w e ' ll see a beter thriller this year.,happiness,36,5,True
a moving and weighty depiction of one family's attempts to heal after the death of a child .,a moving and weighty depiction of ome family 's attempts to he al after the death of a child.,neutral,31,2,True
"while not all that bad of a movie , it's nowhere near as good as the original .","while not all tht bad of a movie, it 's nowhere near as good a s the original.",disgust,45,7,True
"an earnest racial-issues picture that might have gotten respectful critical praise in a different era -- say , the '60s .","an earnest racial - issues picture that might have goten reverential critical praise im a different era - - say, the ' 60s.",neutral,90,16,True
some motion pictures portray ultimate passion ; others create ultimate thrills . men in black ii achieves ultimate insignificance -- it's the sci-fi comedy spectacle as whiffle-ball epic .,some motion pictures portray ultimate passion ; others make ultimate thrills. men in black ii achieves ultimate insignificance -- it's the sci-fi comedy spectacle as whiffle-ball epic .,neutral,22,2,True
"de ayala is required to supply too much of the energy in a film that is , overall , far too staid for its subject matter .","de ayala i s requisite to supp1y too much of the 3nergy in a film that is, overall, fa r too staid for its subject matter.",neutral,62,8,True
"that neither protagonist has a distinguishable condition hardly matters because both are just actory concoctions , defined by childlike dimness and a handful of quirks .","that neither protagonist ha s a distinguishable condition hardly affair because both are just actory concoctions, defined by childlike dimness and a handful of quirks.",neutral,97,16,True
an affectionately goofy satire that's unafraid to throw elbows when necessary . . .,am affectionately goofy satire tha t 's unafraid to throw elbows when necessary...,love,24,2,True
"the director knows how to apply textural gloss , but his portrait of sex-as-war is strictly sitcom .","the diretor knows how to apply textural gloss, but his portrait of sex - as - war is strictly sitcom.",neutral,28,2,True
the movie is ingenious fun . see it .,the movie make up ingenious f un. see it .,happiness,21,3,True
while the plot follows a predictable connect-the-dots course . . . director john schultz colors the picture in some evocative shades .,while the plot follows a predictable connect - the - dot s course.. . director jon scultz colors the picture im some evocative shaes.,neutral,86,13,True
it drowns in sap .,it drowns in $ap.,neutral,13,2,True
the plot is romantic comedy boilerplate from start to finish .,the plot of land is romantic comedy boilerplate from st@rt to finish.,neutral,28,3,True
"confuses its message with an ultimate desire to please , and contorting itself into an idea of expectation is the last thing any of these three actresses , nor their characters , deserve .","confuses its message with an ultimate desire to please, and contort itself into an idea of expectation is the last thing any of these three actresses, nor their characters, deserve.",neutral,42,1,True
"so we got ten little indians meets friday the 13th by way of clean and sober , filmed on the set of carpenter's the thing and loaded with actors you're most likely to find on the next inevitable incarnation of the love boat .","so we got ten little indians meets friday the 13th by way of clean and sober, filmed on the set of carpenter 's the thing and loaded with actors you 're most likely to fid on the next inevitble incarnation o f the love b oat.",neutral,101,12,True
". . . generically , forgettably pleasant from start to finish .",". . . generically , forgettably pleasant from start to finish .",confusion,3,0,False
it's a refreshing change from the self-interest and paranoia that shape most american representations of castro .,it 's a refreshing change from the self - stake an d paranoia that shape most american representations o f castro.,love,76,13,True
"if a few good men told us that we "" can't handle the truth "" than high crimes poetically states at one point in this movie that we "" don't care about the truth . ""","if a few good men told us that we "" can't handle the truth "" than high crimes poetically states at one point in this movie that we "" don't care about the truth . """,neutral,207,38,False
an instantly forgettable snow-and-stuntwork extravaganza that likely will be upstaged by an avalanche of more appealing holiday-season product .,an instantly forgettable snow - and - stuntwork extravaganza that likely will be usptaged by an avaanche of more appealing holiday - season proudct.,neutral,58,8,True
"writer/director joe carnahan's grimy crime drama is a manual of precinct cliches , but it moves fast enough to cover its clunky dialogue and lapses in logic .","writer / director joe carnahan 's grimy crime drama is a manal of precinct clicehs, but it moves fa st enough to cover its gawky dilaogue and lapses in logi c.",neutral,71,9,True
a sad and rote exercise in milking a played-out idea -- a straight guy has to dress up in drag -- that shockingly manages to be even worse than its title would imply .,a sa d and rote exercise in milking a played - out idea -- a straight guy has to dress up in drag -- that shockingly manages to be even worse than its title would imply.,sadness,40,1,True
if you enjoy more thoughtful comedies with interesting conflicted characters ; this one is for you .,if you enj oy more thoughtful comedies with interesting conflicted characters ; this one is for you.,happiness,21,1,True
this is nothing but familiar territory .,this is nothing bu t faimliar soil.,neutral,41,7,False
the only thing scary about feardotcom is that the filmmakers and studio are brazen enough to attempt to pass this stinker off as a scary movie .,the only th ing sacry about feardotocm equal that the filmmakers and studio are brazen enough to attempt to pass this stinker off as a scary movie.,fear,55,5,True
"it challenges , this nervy oddity , like modern art should .","it challenges, this ner vy odidty, like modernistic artistic production should.",neutral,63,12,False
"a film of empty , fetishistic violence in which murder is casual and fun .","a film of empty, fetishistic violence in which murder 1s casual and fun.",happiness,22,1,True
"since the movie is based on a nicholas sparks best seller , you know death is lurking around the corner , just waiting to spoil things .","since the movie is establish om a nichols sparks best seller, you know death is lurking around the corner, ju$t waiting t o spoil thimgs.",neutral,111,18,True
"the enjoyable undercover brother , a zany mix of saturday night live-style parody , '70s blaxploitation films and goofball action comedy gone wild , dishes out a ton of laughs that everyone can enjoy .","the enjyable undercover brother, a zany mix of saturday night live - style parody, ' 70s blaxploitation films and goofball action comedy gone wild, dishes out a ton of laughs that everyone can ejoy.",happiness,48,2,True
"the funny thing is , i didn't mind all this contrived nonsense a bit .","the fu nny thing is, i did n't mind all this contrived nonsense a bit.",happiness,20,1,True
melanie eventually slugs the yankee . too bad the former murphy brown doesn't pop reese back .,melaine finally stagnate the yankee. too bad the former murphy brown doesn't pop reese back .,neutral,29,5,True
the basic premise is intriguing but quickly becomes distasteful and downright creepy .,the basic premise is intriguing b ut quickly becomes yucky and downr1ght creepy.,disgust,32,4,True
the picture doesn't know it's a comedy .,the picture does n't know it 's a comedy.,disgust,14,1,True
i'm not sure which will take longer to heal : the welt on johnny knoxville's stomach from a riot-control projectile or my own tortured psyche .,i 'm not s ure which will take longer to heal : the welt on johnny knoxville 's stomach from a riot - control projectile or my own tortured psyche.,confusion,34,1,True
"kwan makes the mix-and- match metaphors intriguing , while lulling us into torpor with his cultivated allergy to action .","kwan makes the mix - and- match metaphos intriguing, while lulling us into torpor with his cultivaed allergy to action.",neutral,33,3,True
pray's film works well and will appeal even to those who aren't too familiar with turntablism .,pray ' s cinema works well and will appeal even to those who are n't too conversant wi th turntablsm.,neutral,43,5,True
suffers from unlikable characters and a self-conscious sense of its own quirky hipness .,suffers from unlikable characters and a self - conscious snese of its own quirky hipness.,confusion,22,1,True
"a triumph , a film that hews out a world and carries us effortlessly from darkness to light .","a triumph, a fi lm that h3ws ou t a world and carries us effortlessly from darkness to light.",love,34,4,True
"an action/thriller of the finest kind , evoking memories of day of the jackal , the french connection , and heat .","an action / thriller of the finest k ind, evoking memories of day of the jackal, the french connection, and heat.",love,28,1,True
an unintentionally surreal kid's picture . . . in which actors in bad bear suits enact a sort of inter-species parody of a vh1 behind the music episode .,an unintentionally surreal kid's picture . . . in which actor in bad put up suits enact a sort of inter - species parody of a vh1 behind the music 3pisode.,neutral,54,7,True
may be the most undeserving victim of critical overkill since town and country .,may be the most unworthy victim of critical overkill $ince twn and country.,neutral,45,7,True
"to build a feel-good fantasy around a vain dictator-madman is off-putting , to say the least , not to mention inappropriate and wildly undeserved .","to build a feel - good fantasy around a vain dictator - madman is off - putting, to say the laest, not to mentino inappropriate and wildly undeserved.",sadness,42,2,True
"it celebrates the group's playful spark of nonconformity , glancing vividly back at what hibiscus grandly called his 'angels of light . '","it lionize t he group 's playful spark of nonconformity, glancing vividly back at what hibiscus grandly called his ' angels of light. '",happiness,39,3,True
well-done supernatural thriller with keen insights into parapsychological phenomena and the soulful nuances of the grieving process .,well - done supernatural thriller with sharp insights into parapsychological phenomena and the soulful nuances of the grieving process.,love,58,7,True
psychologically revealing .,psyhologically revealing.,neutral,17,3,False
"this isn't a narrative film -- i don't know if it's possible to make a narrative film about september 11th , though i'm sure some will try -- but it's as close as anyone has dared to come .","this is n't a narrative film -- i do n't know if it 's possible to make a narrative film a bout september 11th, though i 'm sure some will try -- but it 's as close as anyone has dared to come.",neutral,89,10,True
"nemesis suffers from a paunchy midsection , several plodding action sequences and a wickedly undramatic central theme .","scourge suffers from a potbellied midsection, several pl0dding action seqences and a wickedly undramatic central the me.",neutral,95,18,False
". . . best seen as speculative history , as much an exploration of the paranoid impulse as a creative sequel to the warren report .",". . . best seen as speculative account, as much an exploration o f the paranoid impulse as a creative squel to the warren report.",love,45,6,True
barely gets off the ground .,barely get$ off t he gronud.,neutral,35,6,False
[stephen] earnhart's film is more about the optimism of a group of people who are struggling to give themselves a better lot in life than the ones they currently have .,[ stephen ] earnhart 's film is more about the optimism o f a group of people who are struggling to give themselves a better lot in life than the ones th ey currently have.,neutral,43,2,True
"somehow we're meant to buy that this doting mother would shun her kids , travel to one of the most dangerous parts of the world , don fatigues and become g . i . jane .","soemhow w e 're meant to purchase that this doting mother would shun her kids, trvel to one of the most dangerous break of the world, don fatigues and become g. i. j@ne.",neutral,76,10,True
"it's a cool event for the whole family . maybe not a classic , but a movie the kids will want to see over and over again .","it's a cool event for the whole family . mayb e not a classic, but a pic the kid s will want to see over and over again.",desire,44,5,True
"i'm sure the filmmaker would disagree , but , honestly , i don't see the point . it's a visual rorschach test and i must have failed .","i 'm sure the filmaker would disagree, but, honestly, i do n't see the point. it's a visual rorschach test and i must have failed .",disgust,25,1,True
"as his circle of friends keeps getting smaller one of the characters in long time dead says 'i'm telling you , this is f * * * ed' . maybe he was reading the minds of the audience .","a$ his circle of friends k eeps getting smaller one of the characters im longsighted time dead order ' i ' m revealing you, this follow f * * * ed '. maybe he was understand the mimds of th3 audiece.",neutral,217,42,False
"a movie you observe , rather than one you enter into .","a movie you keep, rahter tan one you e nter into.",neutral,42,7,True
"as commander-in-chief of this film , bigelow demonstrates a breadth of vision and an attention to detail that propels her into the upper echelons of the directing world .","as commander - in - chief of this film, bigelow demonstrate$ a breadth of vision and an attention to detail that propels her into the upper echelons of the directing world.",love,40,1,True
visually captivating .,visually captivating .,neutral,17,3,False
. . . another example of how sandler is losing his touch .,. . . another example of how sandler is losing his touch .,confusion,4,0,False
one just waits grimly for the next shock without developing much attachment to the characters .,one just wait s grimly for the future shock withotu developng much adhesion to th3 characters.,neutral,71,12,True
the most anti-human big studio picture since 3000 miles to graceland .,the most ani - man big studio picture since 300 milse to graceland.,neutral,38,5,True
"it dares to be a little different , and that shading is what makes it worthwhile .","it dares to be a little different, and that shadign equal what makes it worthwhile.",confusion,60,10,True
"the most hopelessly monotonous film of the year , noteworthy only for the gimmick of being filmed as a single unbroken 87-minute take .","the most hopelessly monotonous film of the year, noteworthy only for the gimmick of being filmed as a single unbroken 87 - minute ta ke.",love,30,1,True
the script falls back on too many tried-and-true shenanigans that hardly distinguish it from the next teen comedy .,the script falls back on too many tried - and - true shneanigans that hardly distinguish i t frm th e next teen comedy.,neutral,59,9,True
"if you're content with a clever pseudo-bio that manages to have a good time as it doles out pieces of the famous director's life , eisenstein delivers .","i f you 're content with a clever pseudo - bio that manages to have a good time as it doles out pieces of the famous director 's life, 3isenstein delivers.",neutral,41,2,True
"dogtown and z-boys more than exposes the roots of the skateboarding boom that would become "" the punk kids' revolution . ""","dogtown and z - boys mor e thn exposs the ascendent of the skateboarding boom that would become "" the p unk kids ' revolution. """,neutral,56,7,True
the characters are paper thin and the plot is so cliched and contrived that it makes your least favorite james bond movie seem as cleverly plotted as the usual suspects .,the characters are paper thin and the plot is so cliched and contrived that it makes your least favorite james bond movie seem as cleverly diagram as the usal suspcts.,neutral,57,6,True
a lot smarter than your average bond .,a lot smarter tan your average bond.,neutral,18,2,True
plays like a checklist of everything rob reiner and his cast were sending up .,sport like a checlkist of everything rob reiner and his cast were sending up.,neutral,29,3,True
"its simplicity puts an exclamation point on the fact that this isn't something to be taken seriously , but it also wrecks any chance of the movie rising above similar fare .","its simplicity puts an exclamation point om the fact that this is m't something to be taken seriously, but it alo wrecks any chance of the movie rising abov e similar fare.",neutral,116,17,True
"to the degree that ivans xtc . works , it's thanks to huston's revelatory performance .","to the degree that ivans xtc . works, it 's thnks to huston 's revelatory performance.",happiness,17,1,True
"pumpkin takes an admirable look at the hypocrisy of political correctness , but it does so with such an uneven tone that you never know when humor ends and tragedy begins .","pumpkin take s an admirable look at the lip service of political correctness, but it does so with such an uneven tone that you never know when humor en ds amd tragedy get.",neutral,77,10,True
"escaping the studio , piccoli is warmly affecting and so is this adroitly minimalist movie .","escaping the studio, piccoi is warmly affecting and so i s this adroitly minimalist movie.",neutral,46,7,True
ian holm conquers france as an earthy napoleon,1an holm conquers france as an earthy napoleon,happiness,20,2,True
"the heat of the moment prevails . it cooks conduct in a low , smoky and inviting sizzle .","the heat 0f t he mom3nt pervails. it coos conduct Hoosier State a low, smoky amd inviting sizlze.",neutral,103,19,False
"all in all , brown sugar is a satisfying well-made romantic comedy that's both charming and well acted . it will guarantee to have you leaving the theater with a smile on your face .","all in all , brown sugar is a satisfying well-made romantic comedy that's both charming and well acted . it will guarantee to have you leaving the theater with a smile on your face .",happiness,3,0,False
"as comedic spotlights go , notorious c . h . o . hits all the verbal marks it should .","as coedic spotlights go, ill-famed c. h . o. hits all the verbal mark s it should.",neutral,63,14,True
"[allen's] been making piffle for a long while , and hollywood ending may be his way of saying that piffle is all that the airhead movie business deserves from him right now .","[ Gracie 's ] been making piffle for a long while, and hollywood ending may be his way of saying that piffle is all that the airhead movie business deserves from him right now.",happiness,55,4,True
"what with the incessant lounge music playing in the film's background , you may mistake love liza for an adam sandler chanukah song .","what with the incessant lounge music playing in the film 's background, you may mistake love Mugil liza for an adam sandler chanukah song.",love,33,1,True
"while tattoo borrows heavily from both seven and the silence of the lambs , it manages to maintain both a level of sophisticated intrigue and human-scale characters that suck the audience in .","patch tattoo borows heavily from both sven and the silence of the dear, i t manages to maintain both a even of sophisticat3d intrigue a nd humam - sclae characers that suck the @udience im.",neutral,197,35,False
"dragonfly has no atmosphere , no tension -- nothing but costner , flailing away . it's a buggy drag .","dragonfly has no atmosphere , no tension -- nothing but costner , flailing away . it's a buggy drag .",fear,3,0,False
"as the dominant christine , sylvie testud is icily brilliant .","as th e dominant christine, sylvie testud 1s icily brilliant.",love,21,3,True
[u]nrelentingly stupid .,[ u]nrelntingly stupid.,confusion,19,4,False
"audiences conditioned to getting weepy over saucer-eyed , downy-cheeked moppets and their empathetic caretakers will probably feel emotionally cheated by the film's tart , sugar-free wit .","audiences conditioned to getting weepy over saucer - eyed, downy - cheek moppets and their empathetic caretakers will probably feel emotinoally cheated by the film 's tart, sugar - free wit.",sadness,45,2,True
bielinsky is a filmmaker of impressive talent .,bielinsky i s a filmmaker of impressve talent.,love,18,3,True
the sweetest thing leaves a bitter taste .,the sweetest thing leaves a bitter ta ste.,neutral,43,8,False
does little to elaborate the conceit of setting this blood-soaked tragedy of murderous ambition in the era of richard nixon .,does little to elaborate the conceit of setting this blood - soaked tragedy o f homicidal ambition in the era of rihard nixon.,neutral,37,3,True
"the criticism never rises above easy , cynical potshots at morally bankrupt characters . . .","the criticism never rises above easy, cynical potshots at morally bankrupt fiber...",confusion,30,3,True
shankman . . . and screenwriter karen janszen bungle their way through the narrative as if it were a series of bible parables and not an actual story .,sankman... and screenwriter kaen jnszen bugnle the ir way done the story a s i f i t were a series of bibl e parables and not am atual stoy.,neutral,134,24,True
uzumaki's interesting social parallel and defiant aesthetic seems a prostituted muse . . .,uzumaki 's interesting social parallel and defiatn aesthetic seems a protsituted muse...,confusion,26,2,True
"moore's complex and important film is also , believe it or not , immensely entertaining , a david and goliath story that's still very much playing itself out .","moore ' s complex and important film is also, beliee it or mot, immensely entertaining, a david and goliath story that 's still very much playing itself ou t.",happiness,60,6,True
"satin rouge is not a new , or inventive , journey , but it's encouraging to see a three-dimensional , average , middle-aged woman's experience of self-discovery handled with such sensitivity .","satin blusher is not a new, or inventive, journy, bu t it 's encouraging to see a there - dimensional, average, eye - aged woman 's experience of self - discovey handled wi th suh sensitvity.",neutral,154,31,True
"featuring a dangerously seductive performance from the great daniel auteuil , "" sade "" covers the same period as kaufmann's "" quills "" with more unsettlingly realistic results .","featuring a dangerously seductive performance from the great daniel auteuil, "" sade "" covers the same period as kaufmann ' s "" quills "" with mo re unsetlingly realistic results.",neutral,44,3,True
all these developments and challenges facing santa weigh down the plot so heavily that they drain all the film of its energy and needlessly strain credibility .,all these developments and challenges facing santa wegh down the plt so heavily that they drain all the film of its energy and needlessly strain credibility.,neutral,37,2,True
the biggest problem with this movie is that it's not nearly long enough .,the biggest problem with this move is that it 's non nearly long enough.,confusion,25,2,True
"pc stability notwithstanding , the film suffers from a simplistic narrative and a pat , fairy-tale conclusion .","pc stability notwithstanding, the film suffers from a simplistic narative and a pat, fairy - tale conclusion.",neutral,25,1,True
the iditarod lasts for days - this just felt like it did .,the iditaord las ts for sidereal day - this ju st felt care i t d id.,neutral,69,13,True
woo's fights have a distinct flair . his warriors collide in balletic explosion that implies an underlying order throughout the chaos .,wo o '$ fights have a distinct flair. his warriors collide in balletic explosion that implies an underlying order throughout the chaos .,happiness,18,2,True
the trashy teen-sleaze equivalent of showgirls .,th e trashy teenage - tat equivlaent o f showgirls.,neutral,49,9,False
"this is an ungainly movie , ill-fitting , with its elbows sticking out where the knees should be .","this is an awkward movie, ill - fitting, with its elbows sticking out where the knees should be.",neutral,29,1,True
"when one hears harry shearer is going to make his debut as a film director , one would hope for the best","when one hers harry shearer is work to make his debut as a film director, o ne would hope for the bes t",happiness,117,20,True
"not quite as miraculous as its dreamworks makers would have you believe , but it more than adequately fills the eyes and stirs the emotions .","not quite a s miraculous as its dreamworks makers would have you believe, but it more than adequately fills the ey es and stirs the emotions.",neutral,80,11,True
"the movie , like bartleby , is something of a stiff -- an extra-dry office comedy that seems twice as long as its 83 minutes .","the movie, like bartleby, is something of a stiff -- an extra - wry office comedy that seems twice as long as its 83 minutes.",neutral,36,1,True
"gives you the steady pulse of life in a beautiful city viewed through the eyes of a character who , in spite of tragic loss and increasing decrepitude , knows in his bones that he is one of the luckiest men alive .","gives you the steady pulse of life in a beutiful city viewed through the eyes of a character who, in spite of tragic loss and increasing decrepitude, knows in his bones that he is one of the luckiest men alive.",love,49,2,True
"shatner is probably the funniest person in the film , which gives you an idea just how bad it was .","shatner is probably the funiest person in the film, which gives you an idea just how bad it was.",happiness,26,1,True
"the heedless impetuousness of youth is on full , irritating display in [this] meandering and pointless french coming-of-age import from writer-director anne-sophie birot .","the heedelss impetuosity of youth is along good, irritating expose im [ this ] meandering and pointless frnech coming - of - age imort from writre - music director ann e - sohpie birot.",neutral,158,31,True
"a vile , incoherent mess . . . a scummy ripoff of david cronenberg's brilliant 'videodrome . '","a vile , incoherent mess . . . a scummy ripoff of david cronenberg's brilliant 'videodrome . '",disgust,3,0,False
"gorgeous scenes , masterful performances , but the sickly sweet gender normative narrative left an acrid test in this gourmet's mouth .","gorgeos scenes, masterful performances, but the sickly sweet gender normative narrative left an acrid test in this gourmet 's mouth.",love,28,1,True
"the best you can say about it is it's so uninspired , it barely gives one pause when considering some of the other dreck out there right now .","the best you can say about it 1s it 's so uninspired, it barely gives one pause when considering some of the other dreck out there right now.",happiness,47,3,True
"a lot of the credit for the film's winning tone must go to grant , who hasn't lost a bit of the dry humor that first made audiences on both sides of the atlantic love him .","a lot o f the credti for the film ' s winning tone must go to grant, who has n 't miss a bit of the dry mood that fisrt made audiences along both sdes of the atlantic love hi m.",neutral,221,39,False
"given that both movies expect us to root for convicted violent felons over those assigned to protect us from same , we need every bit of sympathy the cons can muster ; this time , there isn't much .","given that both movies expect us to root for convicted violent felons over those assigned to protect us from same, we need every bit of sympathy the cons can muster ; tis time, there is n't much.",anger,45,1,True
mostly the film is just hectic and homiletic : two parts exhausting men in black mayhem to one part family values .,for the most part the film is exactly hectic and homietic : two parst exhausting humans i n black mayhem to one part family values.,neutral,67,10,True
"devos and cassel have tremendous chemistry -- their sexual and romantic tension , while never really vocalized , is palpable .","deovs and cassel have tremendous chemistry -- their sexual and romantic tension, while never really vocalized, is palpable.",neutral,64,10,True
"a bittersweet film , simple in form but rich with human events .","a bitterwseet film, $imple i n for m but rich with hum@n outcome.",neutral,49,9,True
this idea has lost its originality . . . and neither star appears very excited at rehashing what was basically a one-joke picture .,this idea has lost its originality . . . and neither star appears very ecited at rehashing what was basically a one - joke picture.,happiness,23,1,True
"a smart , sweet and playful romantic comedy .","a sma rt, sweet and playful romantic comedy.",love,13,1,True
dolman confines himself to shtick and sentimentality -- the one bald and the other sloppy .,dolamn confines himself to shtick and sentimentality -- the one bald and the other sloppy.,neutral,22,1,True
leaves viewers out in the cold and undermines some phenomenal performances .,leaves viewrs out in the cold and undermines some phenomenal performances.,neutral,17,1,True
"chicago offers much colorful eye candy , including the spectacle of gere in his dancing shoes , hoofing and crooning with the best of them .","chicago offers much colorful eye candy, includng the spectacle of gere in his dancing shoes, hoofing and crooning with the best of them.",neutral,32,2,True
. . . comes alive only when it switches gears to the sentimental .,. . . get alive only when it switces gears to the sentimental.,neutral,34,5,True
"there is no insight into the anguish of heidi's life -- only a depiction of pain , today's version of greek tragedy , the talk-show guest decrying her fate .","there is n o insight into the anguish of heidi ' s life - - omly a depiction of pain, t0day ' s version of greek tragedy, the talk - sow guset excoriate her fate.",neutral,102,14,True
"watching this film , what we feel isn't mainly suspense or excitement . the dominant feeling is something like nostalgia .","watching this film, wht we fel is n't mainly suspense or excitement. the dominant feeling is something like nostalgia .",confusion,30,3,True
"saddled with an unwieldy cast of characters and angles , but the payoff is powerful and revelatory .","saddled with an unwieldy cast of characters and anges, but the payoff is powerful and revelatory.",neutral,24,2,True
"it's good , hard-edged stuff , violent and a bit exploitative but also nicely done , morally alert and street-smart .","it 's g ood, hard - edged stuff, violent and a bit exploitative but also nicely don e, morally alert and street - smart.",love,40,3,True
"despite apparent motives to the contrary , it ends up being , like [seinfeld's] revered tv show , about pretty much nothing .","despite apparent motivation to the contrary, it ends up being, like [ seinfeld 's ] revered tv show, about pretty much nothing.",disgust,40,3,True
"the animation is competent , and some of the gags are quite funny , but jonah . . . never shakes the oppressive , morally superior good-for-you quality that almost automatically accompanies didactic entertainment .","the animation is competent, and some of the gags are quite fun ny, but jonah... never shakes the oppressive , morally superior good-for-you quality that almost automatically accompanies didactic entertainment .",happiness,24,1,True
"unless you're a fanatic , the best advice is : 'scooby' don't .","unless you 're a f@natic, the best advice is : ' scooy ' do n't.",love,28,3,True
"if you go into the theater expecting a scary , action-packed chiller , you might soon be looking for a sign . an exit sign , that is .","if you go into the theater expecting a scary , action-packed chiller , you might soon be looking for a sign . an exit sign , that is .",neutral,38,7,False
low rent from frame one .,low ren t from fr@me unity.,neutral,35,6,False
"deep down , i realized the harsh reality of my situation : i would leave the theater with a lower i . q . than when i had entered .","deep down, i ralized the harsh reaity o f my situation : i wo uld leave the theatre of operations with a lower i. q . than when i had entered .",confusion,49,6,True
a backstage must-see for true fans of comedy .,a backstage must - see for true fans of cmoedy.,happiness,17,1,True
"in the end , tuck everlasting falls victim to that everlasting conundrum experienced by every human who ever lived : too much to do , too little time to do it in .","in the end, tuc k everlasting falls victim to that everlasting conundum experienced by every human who ever lived : too much to do, too little time to do it in.",neutral,43,2,True
"the movie itself is far from disappointing , offering an original take on courtroom movies , a few nifty twists that are so crucial to the genre and another first-rate performance by top-billed star bruce willis .","the movie itself is far from diappointing, offering an original take on courtroom movies, a few nifty twists that are so crucial to the genre and another first - rate performance by top - billed star bruce willis.",confusion,46,1,True
"it's a film that's destined to win a wide summer audience through word-of-mouth reviews and , not far down the line , to find a place among the studio's animated classics .","it 's a fil m that 's destined t o win a wide summer audience through word - of - mouth reviews and, not far down the line, to find a place among the studio 's animated classics.",neutral,48,2,True
"a stirring tribute to the bravery and dedication of the world's reporters who willingly walk into the nightmare of war not only to record the events for posterity , but to help us clearly see the world of our making .","a stirring tribute to the bravery and dedication of the world 's reporters who willingly walk into the nihgtmare of war not only to record the events for posterity, but to help us clearly see the world of our making.",neutral,48,1,True
"in the spirit of the season , i assign one bright shining star to roberto benigni's pinocchio -- but i guarantee that no wise men will be following after it .","in the spirit of the season, i assign one bright shining star to roberto benigni 's pinocchio -- b ut i guarantee that no wise men w ill be following after it.",happiness,48,5,True
"a headline-fresh thriller set among orthodox jews on the west bank , joseph cedar's time of favor manages not only to find a compelling dramatic means of addressing a complex situation , it does so without compromising that complexity .","a headline - fresh thrill3r set am0ng orthodox jews on the wet bank, jospeh ce dar 's time of favor manages not only to find a compelling spectacular m eans of addressing a complex situation, it does so witout compromising that complexity.",neutral,233,43,False
"it's both degrading and strangely liberating to see people working so hard at leading lives of sexy intrigue , only to be revealed by the dispassionate gantz brothers as ordinary , pasty lumpen .","it 's both degrading a nd strangely liberating to s ee people workig so hard a t moderate lives of sexy intrigue, only to be revealed by the dispassionate gantz brothers as ordinary, pasty lumpen.",neutral,70,7,True
"despite some charm and heart , this quirky soccer import is forgettable","despite some charm and heart, this quirky soccer import is forgettalbe",confusion,18,1,True
"it just may inspire a few younger moviegoers to read stevenson's book , which is a treasure in and of itself .","it just may inspire a few younger moviegoes to red stevenson '$ book, which is a treasure in and of itself.",neutral,125,23,False
"the entire movie has a truncated feeling , but what's available is lovely and lovable .","the entire movie has a truncated feelnig, but what 's available is lovely and loavble.",love,28,2,True
"ultimately , it ponders the reasons we need stories so much .","at long last, it ponders the reasons we ne ed stories so much.",neutral,22,3,True
full of surprises .,full of surprises .,happiness,23,4,False
"barry convinces us he's a dangerous , secretly unhinged guy who could easily have killed a president because it made him feel powerful .","ba rry convincs us he 's a dangerous, secretly unhinged guy who could easily have killed a president because it mad e him feel powerful.",neutral,49,5,True
the film is a very good viewing alternative for young women .,the film is a very g ood viewing alternative for young women.,love,17,2,True
an imaginative comedy/thriller .,a n imaginative comedy / thrillr.,love,31,6,False
you'll trudge out of the theater feeling as though you rode the zipper after eating a corn dog and an extra-large cotton candy .,you 'll trude out of the theater feeling as though you rode the zpiper after eating a corn dog and an extra - large cotton candy.,neutral,38,2,True
"director alfonso cuaron gets vivid , convincing performances from a fine cast , and generally keeps things going at a rapid pace , occasionally using an omniscient voice-over narrator in the manner of french new wave films .","directro alfonso cuaron gets vivid, convincing performances from a fine cast, and generally keps things going at a rapid pace, occasionally using an omniscient voice - over narrator in the manner of french new wave films.",neutral,55,3,True
"k-19 will not go down in the annals of cinema as one of the great submarine stories , but it is an engaging and exciting narrative of man confronting the demons of his own fear and paranoia .","k-19 will not go down in the annals of cinema as one of the great submarine stories, but it is an engaging and exciting narative of man confronting the fiend of his own fear and paranoia.",neutral,48,2,True
"from its nauseating spinning credits sequence to a very talented but underutilized supporting cast , bartleby squanders as much as it gives out .","frm its nauseating spinning credits sequence to a very talented but underuilized supporting cast, bartleyb waste as much as it gives out.",neutral,48,5,True
meanders between its powerful moments .,meadners between it s powerful moments.,neutral,35,6,False
here is a vh1 behind the music special that has something a little more special behind it : music that didn't sell many records but helped change a nation .,here is a vh1 behind the music special that has something a little more special behind it : music that did n't sel l many reords but helped change a nation.,neutral,63,8,True
the crassness of this reactionary thriller is matched only by the ridiculousness of its premise .,the crassess of this reactionary thriller is mathed just by the ridiculousness of its premise.,neutral,40,5,True
"they were afraid to show this movie to reviewers before its opening , afraid of the bad reviews they thought they'd earn . they were right .","they were afraid to show this movie to reviewers before its opening , afraid of the bad reviews they thought they'd earn . t hey were right.",neutral,10,2,True
a very funny romantic comedy about two skittish new york middle-agers who stumble into a relationship and then struggle furiously with their fears and foibles .,a very funny romantic comedy about two skttish new york middle - age rs who stumble into a family relationship and then struggle furiously with their fears and foibls.,happiness,130,23,True
"whether or not you buy mr . broomfield's findings , the film acquires an undeniable entertainment value as the slight , pale mr . broomfield continues to force himself on people and into situations that would make lesser men run for cover .","whether or not you buy Mister. broomfield 's findings, the film acquires an undeniable entertainment value as the slight, pale m r. broomfiedl continues to force himself on people and into situations that would make lesser men run for cover.",neutral,88,9,True
eric schweig and graham greene both exude an air of dignity that's perfect for the proud warrior that still lingers in the souls of these characters .,eric schweig and graham greene both exude an air of dignity that 's perefct for the proud warrior that still lingers in the souls of these characters.,love,34,1,True
zhang . . . has done an amazing job of getting realistic performances from his mainly nonprofessional cast .,zhang . . . has done an amazng job of getting realistic performances from his mainly nonproessional cast.,love,27,2,True
"it may scream low budget , but this charmer has a spirit that cannot be denied .","it may scream low budget, but this charmer h as a spirit that can not be denied.",disgust,22,1,True
director nalin pan doesn't do much to weigh any arguments one way or the other . he simply presents his point of view that ayurveda works . no question .,director nain goat god does m't do much to consider whatever argument$ one way operating room the early. he simply presenst his repoint o f view that ayurveda works. no quetion.,neutral,146,24,True
rainy days and movies about the disintegration of families always get me down .,rainy day s amd movies a bout the disintegation of families always get me down.,neutral,49,8,True
"the whole damn thing is ripe for the jerry springer crowd . it's all pretty cynical and condescending , too .","the whole d amn thin g is rip e for the jerry springer cowd. it's all pretty cynical and condescending , too .",confusion,63,11,True
"scene-by-scene , things happen , but you'd be hard-pressed to say what or why .","scee - by - scene, things happen, but you ' d be hard - presed t o s ay what o r why.",neutral,59,9,True
"sitting in the third row of the imax cinema at sydney's darling harbour , but i sometimes felt as though i was in the tiny two seater plane that carried the giant camera around australia , sweeping and gliding , banking and hovering over some of the most not","sitting in the third row of the imx cinema at sydney 's darling harbour, but i sometim3s felt as though i was im the tiny two seater plane tht carried the heavyweight camera around australia, sweeping and gliding, banking and hovering over some of the most not",neutral,158,24,True
the cast is uniformly excellent and relaxed .,the cast is uniformly excelent and relaxed.,love,13,1,True
your appreciation of it will depend on what experiences you bring to it and what associations you choose to make .,y0ur appreciation of it will depend on wha t experiences you bring to it and what associations you choose to make.,love,30,2,True
"tully is in many ways the perfect festival film : a calm , self-assured portrait of small town regret , love , duty and friendship that appeals to the storytelling instincts of a slightly more literate filmgoing audience .","tully is in many ways the perfect festival film : a cal m, self - assured portrait of small town regret, l ove, duty and friendship that appeals to the storytelling instincts of a slightly more literate filmgoing audience.",love,55,3,True
"kapur fails to give his audience a single character worth rooting for ( or worth rooting against , for that matter ) .","kaupr falis t o give his audience a sngle character worth settle for ( or worht rotoing again$t, for that issue ).",neutral,121,23,False
"the story is familiar from its many predecessors ; like them , it eventually culminates in the not-exactly -stunning insight that crime doesn't pay .","the story is familiar from its many predeecssors ; like them, it finally cuminates in the not - exactly -stunning insight that crime does n't pay.",neutral,52,5,True
miyazaki is one of world cinema's most wondrously gifted artists and storytellers .,miyaazki is one of world cinema ' s most wondrously gifted artists a nd storytellers.,love,43,6,True
plays like a glossy melodrama that occasionally verges on camp .,plays like a sheeny melodrama that occasionally veregs on camp.,neutral,24,2,True
wins my vote for 'the 2002 enemy of cinema' award .,wins m y vote f0r ' the 2002 enemy of cinema ' awar d.,happiness,27,3,True
"the movie is concocted and carried out by folks worthy of scorn , and the nicest thing i can say is that i can't remember a single name responsible for it .","the movie is concocted and carried out by folks worthy of disdain, and the nicest thing i can state is that i ca n 't remember a single name responsible for it.",neutral,51,3,True
a meatballs for the bare-midriff generation .,a meatballs for the bar e - miriff geneartion.,neutral,45,9,False
"some elements of it really blow the big one , but other parts are decent .","s0me elements of it really blow the big one, but other parts are decent.",happiness,28,2,True
"there's . . . tremendous energy from the cast , a sense of playfulness and excitement that seems appropriate .","there's . . . tremendous energy from the cast, a sense of playfulness and exciteemnt t hat seesm approriate.",happiness,42,5,True
it's as if de palma spent an hour setting a fancy table and then served up kraft macaroni and cheese .,it 's as if First State pala spent am h our setting a fancy ta ble and th en srved up kraft m@caroni and cheese.,neutral,72,11,True
"a must-see for the david mamet enthusiast and for anyone who appreciates intelligent , stylish moviemaking .","a must - see for the david mamet enthusiast and for anyone who apprecites intellient, stylish moviemaking.",love,30,3,True
"the hard-to-predict and absolutely essential chemistry between the down-to-earth bullock and the nonchalant grant proves to be sensational , and everything meshes in this elegant entertainment .","the hard - to - prdeict and absolutely essenti@l chemistry between the down - to - earh steer and the nonchalant grant proves to be sensational, and everything enmesh i n this elegant entertainment.",neutral,76,9,True
a glossy knock-off of a b-movie revenge flick .,a lustrous kn ock - off of a b - movie revenge flick.,neutral,22,2,True
"the movie has no respect for laws , political correctness or common decency , but it displays something more important : respect for its flawed , crazy people .","the movie has no respect for laws, political correctness or common decency, but it displays something more iportant : respect for its flawed, crazy people.",confusion,34,1,True
pumpkin wants to have it both ways .,pumpkin wamts to have it bo th ways.,neutral,47,8,False
a movie that harps on media-constructed 'issues' like whether compromise is the death of self this orgasm [won't be an] exceedingly memorable one for most people .,a movie that mouth organ on media - construced ' isues ' like whether compromise is the death of self this orgasm [ wo n't be an ] exceedingly memorable one for most poeple.,neutral,73,8,True
a startling and fresh examination of how the bike still remains an ambiguous icon in chinese society .,a startling and wise examination of how the bike still clay Associate in Nursing ambiguous icon i n chinese society.,surprise,68,11,True
girls gone wild and gone civil again,girls gone wild and gone ci vil again,sadness,11,1,True
"[reynolds] takes a classic story , casts attractive and talented actors and uses a magnificent landscape to create a feature film that is wickedly fun to watch .","[ reynolds ] tak es a classic story, casts attractive and talented actors and uses a magnificent landscape to create a feature film that is wickedly fun to watch.",neutral,35,2,True
there is so much plodding sensitivity .,thre i s s o much plodding sensitivity.,neutral,32,6,True
full of the kind of obnoxious chitchat that only self-aware neurotics engage in .,ful l of the kind of obnoxious chithcat that solely slf - aw@re psychoneurotic charter im.,neutral,59,9,True
it's an often-cute film but either needs more substance to fill the time or some judicious editing .,it 's Associate in Nursing often - cute picture but either needs moe substance to fulfill the time o r some judicious editing.,neutral,57,8,True
"if we don't demand a standard of quality for the art that we choose , we deserve the trash that we get .","if we do n't demand a standard of qulity for the art that we choose, we deserve the trash that we get.",happiness,29,1,True
"it's a stale , overused cocktail using the same olives since 1962 as garnish . not only is entry number twenty the worst of the brosnan bunch , it's one of the worst of the entire franchise .","it's a stale , overused cocktail using the same olives since 1962 as garnish . not only is entry number twenty the worst of the brosnan bunch, it 's one of the wo rst of the entire franchise.",disgust,29,1,True
"shunji iwai's all about lily chou chou is a beautifully shot , but ultimately flawed film about growing up in japan .","shunji iwai 's all about lily chou chou is a beautiully shot, but ultimately flawed film about growing up in japan.",love,28,1,True
if this story must be told and retold -- and indeed it must -- then the grey zone is to be lauded for finding a new and ingenious angle .,if th is story must be told and retold -- and indeed it must - - then t he grey zone i s to be lauded for finding a new and ingenious agle.,neutral,59,6,True
judith and zaza's extended bedroom sequence . . . is so intimate and sensual and funny and psychologically self-revealing that it makes most of what passes for sex in the movies look like cheap hysterics .,juith amd zaza 's extended bedroom sequence.. . is so intimate and sensual and funny and psychologically self-revealing that it makes most of what passes for sex in the movies look like cheap hysterics .,neutral,40,7,True
my own minority report is that it stinks .,my own minority report be that it stinks.,disgust,53,9,False
throwing it all away for the fleeting joys of love's brief moment .,throwing it all away for the fleeting j oys of love 's brief moent.,happiness,28,3,True
"miyazaki has created such a vibrant , colorful world , it's almost impossible not to be swept away by the sheer beauty of his images .","miyazaki has created such a vibrant, colorful world, it 's almost impossible not to be swept away by the sheer ravisher of h is images.",love,36,2,True
"it makes compelling , provocative and prescient viewing .","it make s compelling, provocative amd prescient viewing.",love,22,3,True
"some fine acting , but ultimately a movie with no reason for being .","so me fine acting, but ultimately a movie with n o reason for being.",neutral,23,2,True
children and adults enamored of all things pokemon won't be disappointed .,children and adults enamored of entirely matter pokemon wo n't be disappointed.,confusion,52,8,True
"starts promisingly but disintegrates into a dreary , humorless soap opera .","starts promisingly but disintegrates into a dreary, humorless s oap oera.",neutral,44,8,True
there's a whole heap of nothing at the core of this slight coming-of-age/coming-out tale .,th ere 's a whole mess of nothing at the heart of this slight coming - of - age / coming - out tarradiddle.,neutral,58,7,True
"gangster no . 1 is solid , satisfying fare for adults .","gangst3r no. 1 is solid , satisfying fare for adults .",disgust,12,2,True
"what's most memorable about circuit is that it's shot on digital video , whose tiny camera enables shafer to navigate spaces both large . . . and small . . . with considerable aplomb .","what's most memorable about circuit is that it's shot on digital video , whose tiny camera enables shafer to navigate spaces both large . . . and small . . . with considerable aplomb .",love,4,0,False
"finally , a genre movie that delivers -- in a couple of genres , no less .","finally, a g enre picture that delivers -- in a couple of genres, no less.",happiness,32,4,True
"from the opening scenes , it's clear that all about the benjamins is a totally formulaic movie .","from t he opening scenes, i t 's clear that all about the benjamins is a totally formulaic movie.",happiness,29,3,True
a ponderous meditation on love that feels significantly longer than its relatively scant 97 minutes .,a ponderous meditation on love tha t feels significantly longer than its relatively scant 97 minutes.,love,21,2,True
"a big , baggy , sprawling carnival of a movie , stretching out before us with little rhyme or reason .","a big, baggy, straggle carnival o f a movie, stretchig out before us with little rhyme or reason.",neutral,37,5,True
what's infuriating about full frontal is that it's too close to real life to make sense . what's invigorating about it is that it doesn't give a damn .,what 's infriating about full frontal is that it 's too close to real life to make sense. what's invigorating about it is that it doesn't give a damn .,anger,30,2,True
"a fascinating , bombshell documentary that should shame americans , regardless of whether or not ultimate blame finally lies with kissinger . should be required viewing for civics classes and would-be public servants alike .","a fascinating , bombshell documentary that should shame americans , regardless of whether or not ultimate blame finally lies with kissinger . shoudl be required viewing for civics classes and would - be populace servant alke.",neutral,86,15,False
"if ever a concept came handed down from the movie gods on a silver platter , this is it . if ever such a dependable concept was botched in execution , this is it .","if ever a concept came hamded down from the movie gods om a silver patter, this is it. if ever such a dependable concept was botched in execution , this is it .",neutral,50,7,True
you can practically hear george orwell turning over .,yo u can practically he@r George III orwel turning ovr.,neutral,53,9,False
"if you can read the subtitles ( the opera is sung in italian ) and you like 'masterpiece theatre' type costumes , you'll enjoy this movie .","if you can read the subtitles ( the opera is sung in italian ) and you like ' masterpiece theatre ' type costumes, you 'll enoy this movie.",happiness,35,1,True
"the bodily function jokes are about what you'd expect , but there are rich veins of funny stuff in this movie .","the bodily function jokes are about what y ou 'd expect, but there are rich nervure 0f laughable stuff in this movie.",happiness,52,6,True
"a bright , inventive , thoroughly winning flight of revisionist fancy .","a brght, inventive, thoroughly winning flight of revisionist fancy.",love,17,1,True
the film itself is about something very interesting and odd that would probably work better as a real documentary without the insinuation of mediocre acting or a fairly trite narrative .,the film itself is about something vey interesting and odd that would probably work better a$ a real documentary without the insinuation of mediocre acting or a failry old-hat narrative.,neutral,153,26,True
"there seems to be no clear path as to where the story's going , or how long it's going to take to get there .","thee seems to be n o clear path a s to where the story 's g oing, operating theater how long it ' s endure to take to get there.",neutral,81,11,True
evokes a little of the fear that parents have for the possible futures of their children--and the sometimes bad choices mothers and fathers make in the interests of doing them good .,suggest a little of the fear that parents have for the possible futures of their children -- and the sometimes bad choices mothers and fathers make i n the interests of doing tem good.,neutral,59,5,True
the film's needlessly opaque intro takes its doe-eyed crudup out of pre-9/11 new york and onto a cross-country road trip of the homeric kind .,the film 's needlessly unintelligible i ntro demand IT doe - eye crudup out of pre-9/11 new york and onto a track - country road stumble of th e homeric kid.,neutral,105,16,True
those who aren't put off by the film's austerity will find it more than capable of rewarding them .,those who are n't put off by the film 's austerity will find it more than capable of rewarding them.,happiness,26,1,True
nearly all the fundamentals you take for granted in most films are mishandled here .,nearly all the fundamentals y ou t@ke for granted i n most films are mishandled here.,neutral,40,6,True
"yes , one enjoys seeing joan grow from awkward young woman to strong , determined monarch , but her love for the philandering philip only diminishes her stature .","yes, one enjys seeing joan grow from awkward young woman to strong, determined monarch, but her love for the philandering philip only diminishes her stature.",happiness,34,1,True
a virtual roller-coaster ride of glamour and sleaze .,a practical roller - coaster ride o f glamour an d sleaze.,neutral,36,6,True
"as literary desecrations go , this makes for perfectly acceptable , occasionally very enjoyable children's entertainment . you'll forget about it by monday , though , and if they're old enough to have developed some taste , so will your kids .","as literary desecrations go, this mkes for perfectly acceptable, occasionally very enoyable children 's entertainment. you'll forget about it by monday , though , and if they're old enough to have developed some taste , so will your kids .",happiness,29,2,True
maid in manhattan proves that it's easier to change the sheets than to change hackneyed concepts when it comes to dreaming up romantic comedies .,maid im mnahattan proves that it ' s easier to commute the sehets thn to change hackneyed concepts wen it total to dreaming up romantic comedies.,neutral,72,10,True
its juxtaposition of overwrought existentialism and stomach-churning gore will have you forever on the verge of either cracking up or throwing up .,its apposition of overrwought existentialism and stomach - churning gore will have you forever on the verge of either cracking up or throwing up.,neutral,36,2,True
"taken as a whole , the tuxedo doesn't add up to a whole lot .","taen A a wh0le, t he tuxedo coiffure n't add up t o a wole lot.",neutral,83,16,False
"care deftly captures the wonder and menace of growing up , but he never really embraces the joy of fuhrman's destructive escapism or the grace-in-rebellion found by his characters .","care deftly captures the wonder and menace of growing up, but he never really emrbaces t he joy of fuhrman 's destructive escapism or the grace - in - rebellion found by his characters.",happiness,49,3,True
"i liked about schmidt a lot , but i have a feeling that i would have liked it much more if harry & tonto never existed .","i lik ed about schmidt a lot, but i have a fe3ling that i would have lik3d it much more if harry & tonto never existed.",love,41,3,True
neither funny nor suspenseful nor particularly well-drawn .,neither funny nor suspenseful nor particularly well-drawn .,happiness,55,10,False
"this misty-eyed southern nostalgia piece , in treading the line between sappy and sanguine , winds up mired in tear-drenched quicksand .","this hazy - eed southren nostalgia piece, in tread the lineage between silly and ruddy, winds up get stuck i n tear - drenched quickand.",neutral,139,26,False
an amused indictment of jaglom's own profession .,an amused indictment o f jaglom 's o wn profesion.,confusion,29,5,True
a less-than-thrilling thriller .,a lss - tha n - thrilling thriller.,neutral,17,2,True
"while broomfield's film doesn't capture the effect of these tragic deaths on hip-hop culture , it succeeds as a powerful look at a failure of our justice system .","while broomfield 's film does n't capure the effect of these tragic deaths on hip - hop culture, it succeeds as a powerful look at a failure of our justice system.",neutral,38,1,True
those unfamiliar with mormon traditions may find the singles ward occasionally bewildering .,those unfamiliar with mormon tr@ditions Crataegus laevigata feel th e singles wrd occasionally bewildering.,neutral,58,10,True
has all the scenic appeal of a cesspool .,has all the scnic appeal of a sink.,neutral,49,9,False
"his comedy premises are often hackneyed or just plain crude , calculated to provoke shocked laughter , without following up on a deeper level .","his comedy premises are often banal or ju$t plan crude, calculated to provoke shocked laughter, without watch over up on a deper unwavering.",neutral,92,16,True
a moving and solidly entertaining comedy/drama that should bolster director and co-writer juan josé campanella's reputation in the united states .,a moving and solidly entertaining comedy / drama that should bolster director and co - writer juan josé campanella 's reputaiton in the united states.,love,32,1,True
"the film delivers not just the full assault of reno's immense wit and insight , but a time travel back to what it felt like during those unforgettably uncertain days .","the film delivrs not just the full assault of reno 's immense wit and insight, but a time travel back to what it felt like during those unforgettably uncertain days.",neutral,37,1,True
i don't think most of the people who loved the 1989 paradiso will prefer this new version . but i do .,i don't think most of the people who loved the 1989 paradiso will prefer this new version . but i do .,happiness,3,0,False
"all the filmmakers are asking of us , is to believe in something that is improbable .","all the filmmakers are asking of us, is to believe in something that i s improbable.",neutral,22,2,True
"like the film's almost anthropologically detailed realization of early-'80s suburbia , it's significant without being overstated .","like the film 's almost anthropologically detailed realizatin of early-'80s suburbia, it 's significant without being overstated.",confusion,31,4,True
"there's not a spark of new inspiration in it , just more of the same , done with noticeably less energy and imagination .","the re 's not a spark of new inspiration in it, just more of the same, done with noticeably less energy and imagination.",happiness,29,1,True
"less dizzying than just dizzy , the jaunt is practically over before it begins .","less dizzying than just dizzy, the j aunt is practically over before it begins.",happiness,19,1,True
the darker elements of misogyny and unprovoked violence suffocate the illumination created by the two daughters and the sparse instances of humor meant to shine through the gloomy film noir veil .,the dour factor of misogyny and unporvoked violence suffocte the illumination created by the two daughters and the sparse instances of humro me ant to glow though the gloomy film noir vei l.,neutral,117,18,True
"if "" lilo & stitch "" isn't the most edgy piece of disney animation to hit the silver screen , then this first film to use a watercolor background since "" dumbo "" certainly ranks as the most original in years .","if "" lilo & stitch "" is n't the most edgy p1ece of disney animation to hit the silver screen out, thn this first fil m to use a watercolor background sice "" dumob "" certainly ranks a s the most original in years.",neutral,117,18,True
the pacing is often way off and there are too many bona fide groaners among too few laughs .,the pacing i$ often way off and thre are too may bo na fide groanres aomng too few laughs.,neutral,85,14,True
"[hawn's character]is so bluntly written , without a trace of sentimentality , and so blisteringly defined , that every other character seems overlooked and underwritten .","[ han ' s character]is s o bluntly written, wihout a draw of sentimentality, and s o blistreingly defined, that every other characetr s3ems overoloked and underwritten.",neutral,145,28,True
"chilling but uncommercial look into the mind of jeffrey dahmer , serial killer .","cool but uncommercial lo ok into the min d of jeffrey dhmer, serial cause of death.",neutral,55,10,True
"a masterful film from a master filmmaker , unique in its deceptive grimness , compelling in its fatalist worldview .","a masterful film from a master filmmaker, unique in its deceptive grimness, obligate in its fatalist worldview.",love,28,1,True
". . . the gentle melding of drama and comedy makes "" what time is it there ? "" something the true film buff will enjoy .",". . . the gentle melding of drama and comedy makes "" what time is it there ? "" something the true film buff w1ll enj0y.",happiness,23,2,True
. . . breathes surprising new life into the familiar by amalgamating genres and adding true human complexity to its not-so-stock characters .,. . . breathes srprising new life into the familiar by amalgamating genres and adding true human complexity to its not - so - stock characters.,surprise,30,1,True
"whether [binoche and magimel] are being charming or angst-ridden , they easily fill their scenes and , fine judges both , never overcook the hysteria .","whether [ bioche and maigmel ] are being charming surgery angst - ridden, they easily fill their scenes and, fine judges both, never overcook the hysteria.",neutral,51,5,True
"if shayamalan wanted to tell a story about a man who loses his faith , why didn't he just do it , instead of using bad sci-fi as window dressing ?","if shayamalan wanted to tell a story about a man who loses his faith, why di d n't he just do it, instead of using bad sci - fi as window dressing?",confusion,38,1,True
"the secrets of time travel will have been discovered , indulged in and rejected as boring before i see this piece of crap again .","the sercets of time travel will have been discovered, indulged in and rejected as bring before i see this piece of cra p again.",confusion,42,4,True
it has all the excitement of eating oatmeal .,it has all the excitement of eatnig oatmal.,neutral,20,3,True
"although the film boils down to a lightweight story about matchmaking , the characters make italian for beginners worth the journey","although the film boils down to a lightweight story about matchmaking, the type make italian for beginners worth the journey",neutral,29,1,True
"this is a movie full of grace and , ultimately , hope .","this is a movie full of grace and, ultimaely, hope.",happiness,18,1,True
allen's underestimated charm delivers more goodies than lumps of coal .,alen 's underestimated charm hand over more goodies than lumps of coal.,neutral,25,2,True
supposedly authentic account of a historical event that's far too tragic to merit such superficial treatment .,supposedly atuhentic account of a historical event that 's far too tragic to m erit such superficial treatment.,neutral,28,3,True
"like a fish that's lived too long , austin powers in goldmember has some unnecessary parts and is kinda wrong in places .","lie a fish that ' s lved too long, aust1n powers Indiana goldmemer has $ome unnecessry patrs and i s kinda wrong i n places.",neutral,126,23,True
this romantic/comedy asks the question how much souvlaki can you take before indigestion sets in .,this romantic / comedy asks the question how much souvlaki can you take before indigestion sets i n.,confusion,22,1,True
devoid of any of the qualities that made the first film so special .,dveoid of any of the qualities that made the first film so special.,neutral,20,1,True
a subject like this should inspire reaction in its audience ; the pianist does not .,a subject like this should inspire reaction in its audience ; the pian1st does not.,happiness,23,1,True
nicole kidman makes it a party worth attending .,niocle kidman makes i t a prty worth atteding.,neutral,35,7,True
narc is a no-bull throwback to 1970s action films . it zips along with b-movie verve while adding the rich details and go-for-broke acting that heralds something special .,narc is a no-bull throwback to 1970s action films . it zip$ on with b - m0vie verv3 piece adding the rich point and go - for - borke performing that heradls something exceptional.,neutral,134,25,False
". . . less a story than an inexplicable nightmare , right down to the population's shrugging acceptance to each new horror .",". . . less a story than an inexplicable nightmare , right down to the population's shrugging acceptance to each new horror .",fear,3,0,False
"a highly personal look at the effects of living a dysfunctionally privileged lifestyle , and by the end , we only wish we could have spent more time in its world .","a highly personal look at the effects of living a dysfunctoinally privileged lifestyle, and by the end, we only wish w e could have spent more time in its world.",desire,41,2,True
"unfortunately , the picture failed to capture me . i found it slow , drab , and bordering on melodramatic .","unfortunately, the pictre failed to capture me. i found it slow , drab , and bordering on melodramatic .",confusion,15,1,True
to imagine the life of harry potter as a martial arts adventure told by a lobotomized woody allen is to have some idea of the fate that lies in store for moviegoers lured to the mediocrity that is kung pow : enter the fist .,to imagine the life of harry pottr as a martial arts adventure told by a lobotomized wooy allen is to have some idea o f the lot that lies in store for moviegoers lured to the mediocrity that i s kng p0w : enter the fist.,neutral,86,9,True
fear dot com is more frustrating than a modem that disconnects every 10 seconds .,fear dot com is more frustratng than a modem that disconnects every 10 seconds.,confusion,20,1,True
"sc2 is an autopilot hollywood concoction lacking in imagination and authentic christmas spirit , yet it's geared toward an audience full of masters of both .","$c2 i s an @utopilot hollywood concoction lacikng i n imagination and authentic christmas spirit, yet it 's geared toward an audience full of masters of both.",neutral,57,7,True
"schepisi , aided by a cast that seems to include every top-notch british actor who did not appear in gosford park ( as well as one , ms . mirren , who did ) , has succeeded beyond all expectation .","schepisi, aided by a cast that seems to imclude every top - notch british actor who did not appear in gosfrd park ( as well as one, m s. mirern, who did ), has succeeded beyond all expectation.",neutral,69,7,True
a film that will probably please people already fascinated by behan but leave everyone else yawning with admiration .,a film that will probably please people already fascinated by behan but leave everyone else yawning with adm1ration.,love,26,1,True
an ingenious and often harrowing look at damaged people and how families can offer either despair or consolation .,an ingenious and much harrwoing lok at dmaaged people a nd how class c an offre eithre desperation o r consolation.,neutral,113,19,False
". . . post-september 11 , "" the sum of all fears "" seems more tacky and reprehensible , manipulating our collective fear without bestowing the subject with the intelligence or sincerity it unequivocally deserves .",". . . post - september 11, "" the s um of whole fears "" seems more tacky and reprehensible, manipulating our collective fear without bestowing the subject with the intelligence or sincerity it unequivocally deserves.",neutral,52,5,True
a fun ride .,a f un ride.,happiness,8,1,True
"this is an egotistical endeavor from the daughter of horror director dario argento ( a producer here ) , but her raw performance and utter fearlessness make it strangely magnetic .","this is an egotistical endeavor fro m th e daughter of horror director dario argento ( a producer here ), but her raw performance and utter fearlessness pass water it strangely magnetized.",neutral,108,18,True
"when the precise nature of matthew's predicament finally comes into sharp focus , the revelation fails to justify the build-up .","when the precise nature of matthew 's pr3dicament finally coes into sharp focus, the revelation fails to justiy the buid - up.",neutral,51,7,True
"apart from anything else , this is one of the best-sustained ideas i have ever seen on the screen .","apart from anything else, this is one of the be st - sustained ideas i have ever seen on the screen.",love,26,1,True
"on a cutting room floor somewhere lies . . . footage that might have made no such thing a trenchant , ironic cultural satire instead of a frustrating misfire .","on a cutting room floor somewhere lies . . . footage that might have made no such thing a trenchant, ironic ethnic satire instead of a frustrating misire.",confusion,37,4,True
"could have been crisper and punchier , but it's likely to please audiences who like movies that demand four hankies .","could have been crisper and punchier, but it 's like1y to please audiences who like movies that demand for hanikes.",neutral,37,3,True
"is there a group of more self-absorbed women than the mother and daughters featured in this film ? i don't think so . nothing wrong with performances here , but the whiney characters bugged me .","is there a group of more sel f - @bsorbed women than the mothr and daughters featured i n tis fi lm? i don't think so . nothing wrong with performances here , but the whiney characters bugged me .",confusion,56,7,True
"de oliveira creates an emotionally rich , poetically plump and visually fulsome , but never showy , film whose bittersweet themes are reinforced and brilliantly personified by michel piccoli .","de oliveira make an emotionally rich, poetically plump and visually buttery, but never shwy, film whose semisweet themes are rinforced and brillianty personified by michel piccoli.",neutral,167,30,False
a series of immaculately composed shots of patch adams quietly freaking out does not make for much of a movie .,a series of immaculately composed shots of patch adams quietly freaking out does not fix for much of a movie.,disgust,35,3,True
"[taymor] utilizes the idea of making kahlo's art a living , breathing part of the movie , often catapulting the artist into her own work . this isn't a new idea . it's been done before but never so vividly or with so much passion .","[ tyamor ] utilzies the i dea of making kaho '$ art a living, breathing part of the movie, otfen catapult1ng the artist into her own work. this isn't a new idea . i t ' s be en done before but never so vividly or with so much passion.",neutral,202,36,True
"the chateau belongs to rudd , whose portrait of a therapy-dependent flakeball spouting french malapropisms . . . is a nonstop hoot .","the chateau belongs to rudd, whose portrait of a therapy - dependent flakeball spouting french malaropisms.. . is a nonstop hoot .",neutral,25,1,True
"the fun of the movie is the chance it affords to watch jackson , who also served as executive producer , take his smooth , shrewd , powerful act abroad .","the fun of the movie is the ch@nce it affords to watch jackson, who also served as executive producer, take his smooth, shrewd, powerful act abroad.",happiness,38,1,True
the comedy death to smoochy is a rancorous curiosity : a movie without an apparent audience .,the comedy death to smoochy is a rancorous curioity : a movie without an apparent audience.,confusion,22,1,True
"this is human comedy at its most amusing , interesting and confirming .","this is human comedy at 1ts most amuing, interesting and confirming.",love,26,3,True
this directorial debut from music video show-off higuchinsky is all flash .,this directorial debut from music video show-off higuchinsky is all flash .,love,79,14,False
"while undisputed isn't exactly a high , it is a gripping , tidy little movie that takes mr . hill higher than he's been in a while .","wile unquestioned is n't exactly a high, it is a gripping, tidy little movie that takes mr. hil1 higher than he 's been in a while.",neutral,58,5,True
an impeccable study in perversity .,an impeccable stuy in perverstiy.,neutral,17,3,True
never [sinks] into exploitation .,never [ s inks ] into exploitation.,neutral,33,7,False
looks awfully like one long tourist spot for a mississippi that may never have existed outside of a scriptwriter's imagination .,looks awflly like one long tourist spot for a mississippi that may never have existed outside of a scriptwriter 's imagination.,disgust,27,1,True
"though the story . . . is hackneyed , the characters have a freshness and modesty that transcends their predicament .","though th e write up.. . i s hackneyed, the characters have a freshness and modesty that transcends their predicament.",neutral,47,7,True
so-so entertainment .,so - $o entertainment.,happiness,19,4,True
"la de salma es una versión de frida superficial , preciosista y sin ningún contenido .","1a de salma es una versión de frida superficial, precisista y wickedness nnigún contenido.",neutral,87,16,False
"because the genre is well established , what makes the movie fresh is smart writing , skewed characters , and the title performance by kieran culkin .","because the genre is well established, what makes the movie fresh is sm art writing, skewed characters, and the title performance by kieran culkin.",love,31,1,True
"no one involved , save dash , shows the slightest aptitude for acting , and the script , credited to director abdul malik abbott and ernest 'tron' anderson , seems entirely improvised .","no one involved, economize dash, display the sightest aptitude fo r play, amd the sript, credited to director abdul malik abbott and ernest ' tron ' anderson, look entirey imrpovised.",neutral,181,35,False
there's a reason why halftime is only fifteen minutes long .,th ere 's a reason why halftime i s only fifteen minutes long.,neutral,37,6,True
"with or without the sex , a wonderful tale of love and destiny , told well by a master storyteller","with operating theater without the sex, a wonderfl tale of lo ve and destiny, told well by a master storyteller",love,46,7,True
"afraid to pitch into farce , yet only half-hearted in its spy mechanics , all the queen's men is finally just one long drag .","afraid to pitch into fare, yet only half - hearted in its spy mechanics, all the queen 's men is finally just one long drg.",neutral,44,4,True
"williams plays sy , another of his open-faced , smiling madmen , like the killer in insomnia . he does this so well you don't have the slightest difficulty accepting him in the role .","wililams plays sy, another of his ope n - fced, smiling m@dmen, like the killer in insomnia. he does this so well you don't have the slightest difficulty accepting him in the role .",neutral,46,5,True
"highlighted by a gritty style and an excellent cast , it's better than one might expect when you look at the list of movies starring ice-t in a major role .","highlighted by a gritty style and an excellet cast, it 's better than one might expect when you look at the list of movies starring ice - t in a major role.",love,39,1,True
"these three films form a remarkably cohesive whole , both visually and thematically , through their consistently sensitive and often exciting treatment of an ignored people .","these three films form a remarkably cohesive whole, both visually and thematically, through their consistently tender and often exciting treatment of am ignored people.",neutral,44,3,True
it's a drag how nettelbeck sees working women -- or at least this working woman -- for whom she shows little understanding .,i t 's a dr ag how netetlbeck figure wrking cleaning woman -- or @t least this wrking womanhood - - for w hom sh e sohws little understnding.,neutral,120,21,True
"nohe's documentary about the event is sympathetic without being gullible : he isn't blind to the silliness , but also captures moments of spontaneous creativity and authentic co-operative interaction .","nohe ' s objective @bout the eent is sympathetic withot benig gulible : he is n' t bind to the sillin3ss, bu t too captures m0ments of spontaneous creativity and authentic co - operaitve interaction.",neutral,191,34,False
borrows from other movies like it in the most ordinary and obvious fashion .,borrows f rom oher movies like it in the most odinary an d obvious style.,neutral,40,6,True
"barely manages for but a few seconds over its seemingly eternal running time to pique your interest , your imagination , your empathy or anything , really , save your disgust and your indifference .","barely manages for but a few seconsd over its seemingly eternal running time to pique your interest, your imagination, your empathy or anything, really, save your disgust and your indifference.",disgust,41,1,True
the irony is that this film's cast is uniformly superb ; their performances could have -- should have -- been allowed to stand on their own .,the irony is that tis moving-picture show ' s cast is uniformly superb ; their performances could have - - should have -- been allowed to stand on their own.,happiness,56,5,True
this is so bad .,this i s s o bad.,confusion,20,4,True
"aptly named , this shimmering , beautifully costumed and filmed production doesn't work for me .","aptly named, this shimmering, beautifully costumed @nd filmed production does n't w0rk for me.",neutral,64,9,True
"the fascination comes in the power of the huston performance , which seems so larger than life and yet so fragile , and in the way the ivan character accepts the news of his illness so quickly but still finds himself unable to react .","the fascination co mes in the power of the huston performance, which seems so larger than life and yet so fragile, and in the way the ivan character accepts the news of his illness so quickly but still finds himself unable to react.",neutral,49,1,True
"often demented in a good way , but it is an uneven film for the most part .","often demened in a good w@y, but it is am uneven film for the most pat.",neutral,49,7,True
savvy director robert j . siegel and his co-writers keep the story subtle and us in suspense .,savy drector Henry Martyn Robert j. sieegl and his co - writers keep the floor subtle and U.S.A. Indiana suspense.,neutral,109,20,False
"bloody sunday has the grace to call for prevention rather than to place blame , making it one of the best war movies ever made . it's a movie that accomplishes so much that one viewing can't possibly be enough .","bloody sunday has the grace to call for prevention rather than to place blame , making it one of the best war movies ever made . it's a movie that accomplishes so much that one viewing can't possibly be enough .",neutral,3,0,False
you could nap for an hour and not miss a thing .,you could n ap for a n hour and n0t miss a thig.,neutral,59,11,True
"though it never rises to its full potential as a film , still offers a great deal of insight into the female condition and the timeless danger of emotions repressed .","though it never rises to its full potential as a film, still offers a great deal of insight into the female condition and the timeless danger of emotions muffle.",love,39,1,True
"beresford nicely mixes in as much humor as pathos to take us on his sentimental journey of the heart . it really is a shame that more won't get an opportunity to embrace small , sweet 'evelyn . '","beresford nicely mixes in as much humor as pathos to take us on his sentimental journey of the heart . it really is a shame that more won't get an opportunity to embrace small , sweet 'evelyn . '",neutral,3,0,False
doesn't come close to justifying the hype that surrounded its debut at the sundance film festival two years ago .,does n't come conclusion to justifying the hy pe that surrunded its debu t at the sundance film festival two years ago.,neutral,41,5,True
"it's rare to find a film that dazzles the eye , challenges the brain , and satisfies our lust for fast-paced action , but minority report delivers all that and a whole lot more .","i t 's rarefied to find a movie that dazzles the eye, gainsay the b rain, and satisfies our lust for fast - paced action, but minority reort turn in all that and a whole lot mor3.",neutral,114,17,True
"comes off more like a misdemeanor , a flat , unconvincing drama that never catches fire .","comes off more like a misdemeanor, a flat, flimsy drama that nev er catches fire.",disgust,26,2,True
"although the level of the comedy declines as the movie proceeds , there's no denying the fun of watching de niro and crystal having fun .","although the level of the comedy declines as the movie proceeds, there 's no denying the fun of watching de niro and crystal having fu n.",happiness,31,1,True
"as chilling and fascinating as philippe mora's modern hitler-study , snide and prejudice .","as chilling and fascinating as pilippe moa ' s modern Adolf Hitler - study, sneering and prejudice.",neutral,63,11,True
p . t . anderson understands the grandness of romance and how love is the great equalizer that can calm us of our daily ills and bring out joys in our lives that we never knew were possible .,p . t . anderson understands the grandness of romance and how love is the gre at equalizer that can calm us of our daily ills and bring out joys in our lives that we never knew were possible.,love,41,1,True
is it really an advantage to invest such subtlety and warmth in an animatronic bear when the humans are acting like puppets ?,is it really an advatage to invest such subtlety and warmth in an animatronic bear when the humans are acting like puppets?,confusion,28,1,True
"every joke is repeated at least four times . every joke is repeated at least four times . every joke is repeated at least--annoying , isn't it ?","every joke is repeated at least four times . every joke is repeated at least four times . every joke is repeated at least -- annoynig, is n't it?",confusion,21,1,True
"blessed with a searing lead performance by ryan gosling ( murder by numbers ) , the movie is powerful and provocative . it's also built on a faulty premise , one it follows into melodrama and silliness .","blessed with a searing lead performance by ryan gosling ( murder by numbers ) , the movie is powerful and provocative . it 's also buit on a faulty prmise, one it follows into melodrama and silliness.",neutral,39,5,True
"triple x is a double agent , and he's one bad dude . when you've got the wildly popular vin diesel in the equation , it adds up to big box office bucks all but guaranteed .","trple x is a doble a gent, and he ' s ome bad due. when you've got the wildly popular vin diesel in the equation , it adds up to big box office bucks all but guaranteed .",neutral,66,13,True
"left me with the visceral sensation of longing , lasting traces of charlotte's web of desire and desperation .","left me with the visceral sensation of longing, lasting traces of charlotte 's w eb o f desire and desperation.",neutral,29,2,True
"by no means a slam-dunk and sure to ultimately disappoint the action fans who will be moved to the edge of their seats by the dynamic first act , it still comes off as a touching , transcendent love story .","by no think a slam - d unk and sure to ultimately disappoint the action fans who will b e moved to the e dge of their seats by the active first act, it still seed off as a touching, transcendent sexual love story.",neutral,106,16,True
the best way to hope for any chance of enjoying this film is by lowering your expectations . then lower them a bit more .,the best way to hpe for any chance of enojying this film is by lowering your expectations. then lower them a bit more .,happiness,29,2,True
what's missing in murder by numbers is any real psychological grounding for the teens' deviant behaviour . being latently gay and liking to read are hardly enough .,what 's missimg in murder by numbers is any ral psychological gruonding for the teenager ' deviant behaviour. being latently gay and liking to read are hardly enough .,neutral,46,5,True
"it's like a "" big chill "" reunion of the baader-meinhof gang , only these guys are more harmless pranksters than political activists .","it ' s like a "" b ig chll "" reunification of the baadre - minhof gang, ony these guys are more harmless pranksters than political activisst.",neutral,91,15,True
"truth to tell , if you've seen more than half-a-dozen horror films , there's nothing here you haven't seen before .","truth to t ell, if you 've seen more than half - a - dozen horror films, there 's nothing here you have n't seen before.",neutral,32,1,True
"when it's all wet , blue crush is highly enjoyable . when it's on dry land , though , this surfer-girl melodrama starts gasping like a beached grouper .","wen it 's all wet, blue crush i s highly pleasurable. when it's on dry land , though , this surfer-girl melodrama starts gasping like a beached grouper .",happiness,47,7,True
"despite its faults , gangs excels in spectacle and pacing .","disdain its faults, gangs surpass in spectacle and pacing.",neutral,24,2,True
"a solid cast , assured direction and complete lack of modern day irony .","a solid cast, assured counseling an d complete lack of moden day irony.",neutral,34,5,True
"for all of its insights into the dream world of teen life , and its electronic expression through cyber culture , the film gives no quarter to anyone seeking to pull a cohesive story out of its 2 1/2-hour running time .","for al l of its insihts into the dram wordl of te3n life, amd its electronic expresion through cyber cultre, the fi lm gives n o quarter to anyone look for to p ull a cohesive story out of it s 2 1 /2 - hour running time.",neutral,243,44,False
the country bears wastes an exceptionally good idea . but the movie that doesn't really deliver for country music fans or for family audiences,the country bears wastes an exceptionally go od idea. but the movie that doesn't really deliver for country music fans or for family audiences,love,14,1,True
"schmaltzy and unfunny , adam sandler's cartoon about hanukkah is numbingly bad , little nicky bad , 10 worst list bad .","kitschy and unfunny, adam sandler 's cartoon about hanukkah is numbingly bad, little nicky bad, 10 w orst list bad.",disgust,32,2,True
predictable storyline and by-the-book scripting is all but washed away by sumptuous ocean visuals and the cinematic stylings of director john stockwell .,predictable storyline and by - the - book scripting is all but washed away by sumptuous ocean visuals and the cinematic stylings of director j ohn stockwell.,love,41,3,True
"happily , some things are immune to the folly of changing taste and attitude . for proof of that on the cinematic front , look no further than this 20th anniversary edition of the film that spielberg calls , retrospectively , his most personal work yet .","happily , some things are immune to the folly of changing taste and attitude . for proof of that on the cinematic front , look no further than this 20th anniversary edition of the film that spielberg calls , retrospectively , his most personal work yet .",neutral,3,0,False
you'd have to be a most hard-hearted person not to be moved by this drama .,you ' d have to be a most had - hearted person n0t to be affected aside ths drama.,neutral,82,15,True
uses high comedy to evoke surprising poignance .,use s high comedy to evoke surprising poignance.,neutral,12,1,True
"a delightful surprise because despite all the backstage drama , this is a movie that tells stories that work -- is charming , is moving , is funny and looks professional .","a delightful surprise because despite all the backstage drama, this is a movie tha t tells stories that work -- is charming, is moving, is funny and looks professional.",happiness,69,10,True
[a]n utterly charming and hilarious film that reminded me of the best of the disney comedies from the 60s .,[ a]n uttery charming and hilarious fi lm that reminded me of the best of the disney comedies from the 60s.,love,30,2,True
"the pacing is deadly , the narration helps little and naipaul , a juicy writer , is negated .","the pacing i s deadly, the narration helps little and naiaul, a ju icy author, is negated.",neutral,45,7,True
"essentially an exceptionally well-written , well-edited , well-directed , well-acted , bald rip-off of aliens .","essentially an exceptionally we ll - written, well - edited, well - directed, well - acted, bald rip - off of aliens.",love,30,1,True
"it would be great to see this turd squashed under a truck , preferably a semi .","it wold be great to see this turd squashed un der a tr uck, preferably a semi.",happiness,86,17,True
"the first hour is tedious though ford and neeson capably hold our interest , but its just not a thrilling movie .","the first hour i s tedious though f ord and neeson capably hold our interest, but it s just not a thrilling movie.",disgust,36,3,True
"a worthwhile documentary , whether you're into rap or not , even if it may still leave you wanting more answers as the credits roll .","a worthwhile infotainment, whether you 're into rap or not, even if it may still leave you wanting more answers as the credits roll.",neutral,35,1,True
there are now two signs that m . night shyamalan's debut feature sucked up all he has to give to the mystic genres of cinema : unbreakable and signs .,there are now t wo signs that m. Nox shamalan ' s deubt fetaure sucked up wholly he has to spring to the mstic genres of cinema : unbreakable and sign.,neutral,145,25,True
a smug and convoluted action-comedy that doesn't allow an earnest moment to pass without reminding audiences that it's only a movie .,a smu g amd convoluted action - comedy that does n't allow an earnest moment to pass without reminding audiences that it 's only a movie.,happiness,36,3,True
"few films have captured the chaos of an urban conflagration with such fury , and audience members will leave feeling as shaken as nesbitt's cooper looks when the bullets stop flying .","few films have captured the chaos of an urban conflagration with such fury, and audience members will leave feeling as saken as nesbitt 's cooper looks when the bullets stop flying.",fear,38,1,True
skip this turd and pick your nose instead because you're sure to get more out of the latter experience .,skip t his crap and pick your nose inst3ad because you 're sure t o get more out of the latter experience.,neutral,41,5,True
"this fascinating experiment plays as more of a poetic than a strict reality , creating an intriguing species of artifice that gives the lady and the duke something of a theatrical air .","this fascinating experiment plays as more of a poetic than a strict reality, creating an intriguing species of artifice that gives the l ady and the duke something of a theatrical air.",love,37,1,True
". . . one big laugh , three or four mild giggles , and a whole lot of not much else .",". . . one big laugh, three or fo ur modest giggles, and a whole l ot of not much ese.",happiness,51,7,True
"as i settled into my world war ii memories , i found myself strangely moved by even the corniest and most hackneyed contrivances .","as i settled into my worldwide war ii memories, i found myself strangely moved by even the corniest and most hackneyed contrivances.",confusion,32,1,True
"( wendigo is ) why we go to the cinema : to be fed through the eye , the heart , the mind .","( wendio i s ) why we go to the cinema : to be Federal Reserve through the eye, the heart, the brain.",neutral,54,7,True
"most new movies have a bright sheen . some , like ballistic , arrive stillborn . . . looking like the beaten , well-worn video box cover of seven years into the future .","most new movies have a bright sheen . some , like ballistic , arrive stillborn . . . looking like the pose, well - worn vide o b ox cvoer of seven years into the fuutre.",neutral,65,10,True
this is amusing for about three minutes .,this is amusing for abo ut three arcminute.,happiness,17,2,True
"i can't remember the last time i saw an audience laugh so much during a movie , but there's only one problemit's supposed to be a drama .","i ca n' t remember the last time i saw an audience laugh so much during a movie, but there 's only one problem i t 's theorize to be a drama.",happiness,109,18,True
it's difficult to say whether the tuxedo is more boring or embarrassing--i'm prepared to call it a draw .,it 's difficult to say whether the tuxedo is more boring or embarassing -- i'm prepared to call it a draw.,shame,27,1,True
"the problem with concept films is that if the concept is a poor one , there's no saving the movie . sorry , charlie","the problem with concept films is that if the concept is a poor one , there's no saving the movie . sorry, charie",shame,10,2,True
"not only are the film's sopranos gags incredibly dated and unfunny , they also demonstrate how desperate the makers of this 'we're -doing-it-for -the-cash' sequel were .","not only are the film ' s soranos gags incredibly da ted and unfunny, they al so demonstrate how desperate the makers of this ' we 're -doing - it - for -the - cash ' sequel were.",neutral,61,5,True
"impossible as it may sound , this film's heart is even more embracing than monty , if only because it accepts nasty behavior and severe flaws as part of the human condition .","impossible as it may sound, this film 's heart is even more embracing than mon ty, i f only because it accepts nasty behavior and severe flaws as part of the human condition.",neutral,44,3,True
a quirky comedy set in newfoundland that cleverly captures the dry wit that's so prevalent on the rock .,a quirky funniness set in newfoundland that cleverly captures the dry wit that 's so prevalent on the rock.,happiness,43,4,True
"the film is enriched by an imaginatively mixed cast of antic spirits , headed by christopher plummer as the subtlest and most complexly evil uncle ralph i've ever seen in the many film and stage adaptations of the work .","the film is enriched by an imaginatively mixed cast of antic spirits, headed by christopher plummer as the subtlest and most complexly 3vil uncle ralph i 've ever seen in the many film and stage adaptations of the work.",neutral,48,1,True
it all drags on so interminably it's like watching a miserable relationship unfold in real time .,it all dras along so interminably it '$ like watching a miserable relationship unfold in real time.,happiness,81,13,True
"although i didn't hate this one , it's not very good either . it can be safely recommended as a video/dvd babysitter .","although i didn't hate this one , it's not very good either . it c an be safely recommended as a video / dvd babysitter.",happiness,17,1,True
"the more kevin costner rests on his pretty-boy laurels , the public is , regrettably , going to have tepid films like dragonfly tossed at them .","the more kevin costner remain on his pretty - boy laurels, the public is, regrettably, expire to have tepid films like dragonfly tossed at them.",fear,42,2,True
"it's a wonderful , sobering , heart-felt drama .","it 's a wondeful, sobering, heart - felt drama.",love,17,1,True
"a preposterous , prurient whodunit .","a prepsterous, prurint whodunit.",neutral,27,6,False
despite the premise of a good story . . . it wastes all its star power on cliched or meaningless roles .,despite t he premise of a good story... it wastes all its star power on cliched or meaningless roles .,love,15,1,True
what might have been acceptable on the printed page of iles' book does not translate well to the screen .,what might have been acceptable on the pinted page of ies ' book d oes not read wll to the screen.,neutral,57,9,True
this off-putting french romantic comedy is sure to test severely the indulgence of fans of amélie .,this off - putting french romantic comedy is sure to test severely the indulgence of fans of amlie.,neutral,24,1,True
the magic ( and original running time ) of ace japanimator hayao miyazaki's spirited away survives intact in bv's re-voiced version .,the magic ( and master running time ) of ace japanimator hayo miyazaki ' s spirited awy outlive integral in bv ' s re - soft version.,neutral,117,20,True
hollywood ending is the most disappointing woody allen movie ever . he has a great cast and a great idea . but the execution is a flop with the exception of about six gags that really work .,hollywood ending is the most disappointing woody allen movie ever . he has a great cas t and a great idea. but the execution is a flop with the exception of about six gags that really work .,love,17,2,True
a grand fart coming from a director beginning to resemble someone's crazy french grandfather .,a sumptuous fart coming from a director beginning t o resmble someone 's crazy french grandfather.,neutral,51,8,True
"una película oscura , precisa , por momentos grandiosa y casi siempre conmovedora .","u na plícula oscuar, percisa, p0r mometnos grandioas y casi siempre conovedora.",neutral,71,14,False
a live-wire film that never loses its ability to shock and amaze .,a live - wire film that never loses its abiltiy to shock an d amaze.,neutral,25,3,True
"a vibrant , colorful , semimusical rendition .","a vibrnt, colorful, semimusical rendition.",happiness,35,8,False
"a better title , for all concerned , might be swept under the rug .","a b3tter title, for all concerned, might be swept under the rug.",love,22,1,True
the difference between cho and most comics is that her confidence in her material is merited .,the diffeernce between cho and most comics is that her confidence i n her material is merited.,neutral,34,4,True
we have an actor who is great fun to watch performing in a film that is only mildly diverting .,we sustain an actor who is great fun to watch performing in a film that i$ only mildly diverting.,happiness,44,5,True
"even these tales of just seven children seem at times too many , although in reality they are not enough . every child's story is what matters . this film can only point the way -- but thank goodness for this signpost .","even these tales of just seven children seem at times too many , although in reality they are not enough . every child's story is what matters . this film can only point the way -- but tha nk goodness for this signpost.",happiness,21,1,True
"hardly an objective documentary , but it's great cinematic polemic . . . love moore or loathe him , you've got to admire . . . the intensity with which he's willing to express his convictions .","hardly an objective documentary, just it ' s greta cinem@tic polemic... love moroe or loathe him, you 've got to admire... the intensity with which he's willing to express his convictions .",love,101,17,True
"the town has kind of an authentic feel , but each one of these people stand out and everybody else is in the background and it just seems manufactured to me and artificial .","the town h@s kind of an authentic feel, but each one of these people stand out and everybody else is in the background and it just seems manufactured to me and artificial.",happiness,41,1,True
"decasia is what has happened already to so many silent movies , newsreels and the like . the unexpected thing is that its dying , in this shower of black-and-white psychedelia , is quite beautiful .","decasia is what has happened already to so many silent movies , newsreels and the like . the unexpected thing is that its dying, in this shower of black - and - white psychedelia, is quite beauiful.",love,29,1,True
"an unbelievably stupid film , though occasionally fun enough to make you forget its absurdity .","an unbelievably stupid film, though occasionally fu n enough to make you forget its absurdity.",happiness,20,1,True
"the actors don't inhabit their roles -- they're trapped by them , forced to change behavior in bizarre unjustified fashion and spout dialog that consists mostly of platitudes .","the actors do n't inhabit their roles -- they 're trapped by them, forced to change behavior i n bizarre unjustified style and spout dialog that dwell mosly of platiutdes.",neutral,71,9,True
"this ecologically minded , wildlife friendly film teaches good ethics while entertaining with its unconventionally wacky but loving family","this ecologically minded, wildlife friendly film teaches goo d ethics while entertaining with its unconventionally wacky but loving family",love,23,1,True
tries to add some spice to its quirky sentiments but the taste is all too familiar .,t ries to ad d some zest to its quirky sentiments but the taste is all too familiar.,neutral,35,3,True
"a cross between blow and boyz n the hood , this movie strives to be more , but doesn't quite get there . good performances keep it from being a total rehash .","a cross between blow and boyz n the hood , this movie strives to be more , but doesn't quite get there . goo d performances keep it from being a total rehash.",love,15,1,True
the entire movie establishes a wonderfully creepy mood .,th3 entire movie establishes a wonderfully creepy mood.,fear,16,1,True
"its gross-out gags and colorful set pieces . . . are of course stultifyingly contrived and too stylized by half . still , it gets the job done -- a sleepy afternoon rental .","its gross-out gags and colorful set pieces . . . are of course stultifyingly contrived and too stlyized by half. still , it gets the job done -- a sleepy afternoon rental .",neutral,24,3,True
disappointing in comparison to other recent war moviesor any other john woo flick for that matter .,disappinting in comparison to other recent war movies or any other john woo flick for that matter.,confusion,24,2,True
"though the film is well-intentioned , one could rent the original and get the same love story and parable .","though the film is well - intemtioned, one could rent the original and get the same love story and parable.",happiness,29,1,True
"a drama of great power , yet some members of the audience will leave the theater believing they have seen a comedy .","a d rama of great power, yet some members of the audience will leave the theater believing they have seen a comedy.",love,28,2,True
"while the ideas about techno-saturation are far from novel , they're presented with a wry dark humor .","while the ideas about techno - saturation a re fa r f rom novel, thy 're gift with a wry dark humor.",neutral,51,7,True
"[serry] wants to blend politics and drama , an admirable ambition . it's too bad that the helping hand he uses to stir his ingredients is also a heavy one .","[serry] wants to blend politics and drama , an admirable ambition . it's too bad that the helping hand he uses to stir his ingredients is also a heavy one .",neutral,3,0,False
"the movie is dawn of the dead crossed with john carpenter's ghosts of mars , with zombies not as ghoulish as the first and trains not as big as the second .","the movie is dawn o f the dead crossed with john carpenetr 's ghosts of Mar, wih zombies no t a s ghoulish as the first and trains not as big as the second.",neutral,69,9,True
"a very long movie , dull in stretches , with entirely too much focus on meal preparation and igloo construction .","a very farsighted movie, d ull in stretches, with entirely too much focus on mal preparation and igloo construction.",neutral,36,4,True
". . . unlikable , uninteresting , unfunny , and completely , utterly inept .",". . . unlikable, uninteresting, unfunny, and compeltely, utterly inept.",fear,21,2,True
"the script's snazzy dialogue establishes a realistic atmosphere that involves us in the unfolding crisis , but the lazy plotting ensures that little of our emotional investment pays off .","the script 's snazzy dialogue etsablishes a realisic atmosphere tht affect us im th e unfolding crisis, but th e lazy pltting ensures that little of our emotional investment pys off.",neutral,107,16,True
it's deep-sixed by a compulsion to catalog every bodily fluids gag in there's something about mary and devise a parallel clone-gag .,i t '$ deep - sixed by a compulsion to catalog every corporal fluid gag i n the re ' s something nearly mry and devies a parall3l ringer - g ag.,neutral,151,28,False
"if you love reading and/or poetry , then by all means check it out . you'll probably love it .","if you love reading and/or poetry , then by all means check it out . you 'll probably fuck it.",love,15,1,True
"so young , so smart , such talent , such a wise * * * .","s o young, so sma rt, such talent, such a wi$e * * *.",love,30,3,True
"there's a neat twist , subtly rendered , that could have wrapped things up at 80 minutes , but kang tacks on three or four more endings .","the re 's a neat twist, sutly rendered, that could ha ve wrapped things up at 80 minutes, but k@ng tacks on thr ee o r four more endings.",neutral,68,8,True
"the action here is unusually tame , the characters are too simplistic to maintain interest , and the plot offers few surprises .","the action here is unusually tame, the characters @re too sinplistic to maintain inteerst, and the plot offers few surprises.",happiness,44,4,True
a savvy exploration of paranoia and insecurity in america's culture of fear .,a savvy exploration of paranoia and insecurity in america 's culture of revere.,fear,22,1,True
"audiences are advised to sit near the back and squint to avoid noticing some truly egregious lip-non-synching , but otherwise the production is suitably elegant .","audiences are advised to sit near the back and suqint to avoid noticing some truly glaring lip - non - synching, but otherwise the yield is suitably elegant.",neutral,48,3,True
"you needn't be steeped in '50s sociology , pop culture or movie lore to appreciate the emotional depth of haynes' work . though haynes' style apes films from the period . . . its message is not rooted in that decade .","you meed n' t be steeped in ' 5 0s sociology, pop culture o r movie lore to appreciate the emotional deth of haynes ' work. thuogh hynes ' style ape flick from the perod... its message is not rooted in that decade .",neutral,196,37,False
"even though it's common knowledge that park and his founding partner , yong kang , lost kozmo in the end , you can't help but get caught up in the thrill of the company's astonishing growth .","even though it 's common knowledge that park and his founding partner, yong kang, lost kozmo in the end, you ca n' t hlp but get caught up in the thrill of the company 's astonishing growth.",happiness,56,4,True
it treats women like idiots .,it treats women l ike idiots.,confusion,10,1,True
"if you adored the full monty so resoundingly that you're dying to see the same old thing in a tired old setting , then this should keep you reasonably entertained .","if you adored the full monty so resoundingly that you 're dying to see the same old thing in a tired o ld setting, then this should keep you reasonably entertained.",happiness,37,2,True
a dreary rip-off of goodfellas that serves as a muddled and offensive cautionary tale for hispanic americans .,a dreary rip - off of goodfellas tat serves as a muddled and offensive cautionary tale for hispanic americans.,fear,51,7,True
so relentlessly wholesome it made me want to swipe something .,so relentlessly wholesome it made me want to swi pe smoething.,neutral,36,6,True
"yes they can swim , the title is merely anne-sophie birot's off-handed way of saying girls find adolescence difficult to wade through .","ye s they can swim, the title is merely anne - sophie birot 's off - handed way of saying girls find adolecence difficult to wade through.",happiness,44,4,True
the first half bursts with a goofy energy previous disney films only used for a few minutes here and there .,the first half bursts with a goofy energy previosu disney film s onl y used for a few minutes here and there.,neutral,35,3,True
"as david letterman and the onion have proven , the worst of tragedies can be fertile sources of humor , but lawrence has only a fleeting grasp of how to develop them .","as david lettrman and the onion have proven, the worst of tragedies can be fertile sources of humor, but lawrence has only a fleeting grasp of how to develop them.",disgust,38,1,True
"typical animé , with cheapo animation ( like saturday morning tv in the '60s ) , a complex sword-and-sorcery plot and characters who all have big round eyes and japanese names .","typical animé, wth ch3apo life ( care saturday morning tv in the ' 60s ), a complex sword - and - sorcery game amd characters who all h ave big ro und eyes and japanese name s.",neutral,138,26,True
a lot more dimensional and complex than its sunny disposition would lead you to believe .,a lot m0re dimensional and building complex than its suny disposition would lead you to believe.,neutral,48,8,True
"solaris "" is a shapeless inconsequential move relying on the viewer to do most of the work .","solris "" is a shapeless inconsequential move relying on the viewer to do most of the work.",neutral,23,1,True
it's a sharp movie about otherwise dull subjects .,it 's a sh arp movie about otherwise dull subjects.,neutral,14,1,True
"deadly dull , pointless meditation on losers in a gone-to-seed hotel .","deadly dull, pointless meditation on losesr i n a gone - to - seed hotel.",neutral,38,7,True
"one long , numbing action sequence made up mostly of routine stuff yuen has given us before .","ome long, numbing action sequenc3 made up mosty of routine stuff yuen has given us before.",neutral,46,6,True
a listless and desultory affair .,a listless and desultry affair.,neutral,31,6,False
"its strengths and weaknesses play off each other virtually to a stand-off , with the unfortunate trump card being the dreary mid-section of the film .","its strengths and weaknesses play 0ff each other virtua1ly to a stand - off, with the unfortunate tump card being the drab mid - section of the film.",neutral,50,4,True
i thought my own watch had stopped keeping time as i slogged my way through clockstoppers .,i tought my own watch had stopped keeping time as i slogged my w ay through clocktoppers.,neutral,37,4,True
"pull[s] off the rare trick of recreating not only the look of a certain era , but also the feel .","pul[s ] off th e uncommon trick of recreating not only t he look of a certain era, but as well th e feel.",neutral,64,11,True
"the direction occasionally rises to the level of marginal competence , but for most of the film it is hard to tell who is chasing who or why .","the direction occasionally rises to the level of marginal competence, but for most of the film it is hard to tell who is chasing who or w hy.",confusion,33,1,True
"the result is somewhat satisfying -- it still comes from spielberg , who has never made anything that wasn't at least watchable . but it's also disappointing to a certain degree .","the result is somewhat satisfying -- it still comes from spielberg , who has never made anything that wasn't at least watchable . but it 's also disapponting to a certain degree.",confusion,16,1,True
"evelyn may be based on a true and historically significant story , but the filmmakers have made every effort to disguise it as an unimaginative screenwriter's invention .","evelyn may b e based on a confessedly and historically significant stoy, but the filmmakers have made every effort t o disguise it a s an unimaginative film writer ' s invenion.",neutral,110,18,True
the hot topics of the plot are relegated to the background -- a welcome step forward from the sally jesse raphael atmosphere of films like philadelphia and american beauty .,the hot topics of the plot are relegated to the background -- a welcome step forward from the sal ly jesse raphael atmosphere of film like philadelphia and american beauty.,neutral,40,3,True
"while the story does seem pretty unbelievable at times , it's awfully entertaining to watch .","while the story does seem pretty unbelievable at times, it 's awfully entertaniing to watch.",happiness,23,1,True
the movie is too impressed with its own solemn insights to work up much entertainment value .,the mov1e is t oo impressed with its own solemn insights to work up muc h entertainment value.,love,36,4,True
"the animation and backdrops are lush and inventive , yet return to neverland never manages to take us to that elusive , lovely place where we suspend our disbelief .","the animation and backdrops are lush and inventive, yet reurn to neverland never manages to take us to that eulsive, lovely place wehre we suspend our disbelief.",confusion,46,3,True
there's none of the happily-ever -after spangle of monsoon wedding in late marriage -- and that's part of what makes dover kosashvili's outstanding feature debut so potent .,there 's none of the happily - ever -after spangle of monsoon wedding in late marriage -- and that 's part of what makes dov3r kosashvili 's outstanding feature debut so poent.,neutral,43,2,True
"smart and fun , but far more witty than it is wise .","smart an d fun, bu t far more witty than it is wise.",love,23,3,True
"places a slightly believable love triangle in a difficult-to-swallow setting , and then disappointingly moves the story into the realm of an improbable thriller .","placse a slightly believable love trangle in a difficult - to - swallow setting, and then disappointingly moves the story into the realm of an improbable thriller.",confusion,39,2,True
"for the most part , i spy was an amusing lark that will probably rank as one of murphy's better performances in one of his lesser-praised movies .","for the most part, i sp y was an amusing lark that will probably rank as one of murphy 's betetr performances in one of his lesser - pra1sed movies.",love,53,5,True
. . . a roller-coaster ride of a movie,. . . a roller - coaster rie of a movie,neutral,36,7,True
a close-to-solid espionage thriller with the misfortune of being released a few decades too late .,a last - to - solid state espionage thrillre wih th e misfortune o f benig released a few decades to o late.,neutral,103,20,False
"'yes , that's right : it's forrest gump , angel of death . '","' yes, that 's right : i t '$ forrest gump, angel of death. '",happiness,26,2,True
"there are things to like about murder by numbers -- but , in the end , the disparate elements don't gel .","thee are things to lie about murder away number$ - - but, in the end, the disparate elements do n 't g el.",neutral,129,23,False
the affectionate loopiness that once seemed congenital to demme's perspective has a tough time emerging from between the badly dated cutesy-pie mystery scenario and the newfangled hollywood post-production effects .,the affectionate loopiness tht omce seemed congenital to demme 's perspecitve has a tough time emerging from between the badly dated cutesy - pie mystery scenario and the newfangled hollywood post - production effects.,neutral,76,9,True
"perhaps a better celebration of these unfairly dismissed heroes would be a film that isn't this painfully forced , false and fabricated .","perhaps a better celebration of these unfairly dismissed heroes would be a film that is n' t this painfully forced, flase and fabricated.",disgust,42,5,True
"you come away thinking not only that kate isn't very bright , but that she hasn't been worth caring about and that maybe she , janine and molly -- an all-woman dysfunctional family -- deserve one another .","you c ome away thinkig not ony that kate is n't very bright, but that she has n 't been worth caring about and that maybe she, janne and molyl -- an all - woman dysfunctional family - - deserve one another.",neutral,77,7,True
viveka seldahl and sven wollter will touch you to the core in a film you will never forget -- that you should never forget .,viveka sledahl and s ven wollter will touch you to the core in a film you w ill never forget -- that you should never forget.,neutral,40,4,True
"an ambitious movie that , like shiner's organizing of the big fight , pulls off enough of its effects to make up for the ones that don't come off .","am ambitious flick that, like shiner ' s 0rganizing o f the big fight, rend off enough of its effects to make up for the ones that do m't come remove.",neutral,183,32,False
sheridan's take on the author's schoolboy memoir . . . is a rather toothless take on a hard young life .,sheridan's take on the author's schoolboy memoir . . . i$ a sooner toothles tae along a har d young animation.,neutral,55,11,True
"graças às interações entre seus personagens , o filme torna-se não apenas uma história divertida sobre uma curiosa perseguição , mas também um belo estudo de personagens .","graça$ às interaçeõs entre se us personagens, o filem torn a - se não apeans u ma história divertda sobre u ma curios@ persguição, mas tambm u m belo estuod de personagens.",neutral,163,30,False
"these characters are so well established that the gang feels comfortable with taking insane liberties and doing the goofiest stuff out of left field , and i'm all for that .","these chaarcters are so well established that the gang feels comfortable with taking insane liberties and doing the goofiest stuff out of left field, and i 'm all for that.",happiness,38,1,True
"if legendary shlockmeister ed wood had ever made a movie about a vampire , it probably would look a lot like this alarming production , adapted from anne rice's novel the vampire chronicles .","if legendary sholckmeister ed wod had ever made a movie about a vampire, it probably would look a lot like this alaring production, adapted from ane rice ' s no vel the vampire chronicles.",neutral,65,7,True
gussied up with so many distracting special effects and visual party tricks that it's not clear whether we're supposed to shriek or laugh .,gussied up with so many distracting special effects and visual party tricks that it 's not c lear whether we 're supposed to shriek or laugh.,confusion,30,1,True
. . . surprisingly inert for a movie in which the main character travels back and forth between epochs .,. . . surprisingly inert for a movie in which the main character travels back and forth between epochs .,surprise,3,0,False
"hypnotically dull , relentlessly downbeat , laughably predictable wail pitched to the cadence of a depressed fifteen-year-old's suicidal poetry .","hypnotically dull, relentlessly downbeat, laughably predictable w ail pitched to the cadence of a depressed fifteen - year - old 's suicidal poetry.",neutral,29,1,True
"bravo for history rewritten , and for the uncompromising knowledge that the highest power of all is the power of love .","bravo for history rewritten, and for the uncompromising knowledge that the highest power of all is the power of lve.",love,27,1,True
"an elegant work , food of love is as consistently engaging as it is revealing .","an elgant work, food of love is as consistently engaging as it is revealing.",neutral,21,1,True
odd and weird .,odd a nd weird.,disgust,23,4,False
i kept wishing i was watching a documentary about the wartime navajos and what they accomplished instead of all this specious hollywood hoo-ha .,i kept wishing i was watching a documentary about the wartme navajos and what they accomplished in$tead of all this specious hollywood h oo - ha.,desire,56,7,True
crummy,cummy,fear,6,1,True
"a sham construct based on theory , sleight-of-hand , and ill-wrought hypothesis .","a sham construt basd on theory, sleight - of - hand, and complaint - wrought hypothesis.",neutral,38,4,True
a romantic comedy enriched by a sharp eye for manners and mores .,a romantic comedy enriched by a sharp eye for mannres and mores.,love,40,6,True
an old-fashioned drama of substance about a teacher's slide down the slippery slope of dishonesty after an encounter with the rich and the powerful who have nothing but disdain for virtue .,an old - fashioned drama of substance ab out a teacher 's slide down the slippeyr slope of dishonety after an encounter with the rich and the powerful who have nothing but disdain for virtuousness.,disgust,85,11,True
"here's my advice , kev . start reading your scripts before signing that dotted line .","here's my advice , kev . satrt reading your scripts befoe signing that dotted lne.",neutral,38,6,True
"even if it pushes its agenda too forcefully , this remains a film about something , one that attempts and often achieves a level of connection and concern .","eve n if it pushes its agenda too forcefully, this remains a film about something, one that attempts and often achieves a level of connexion and concern.",confusion,38,2,True
you don't have to be an especially tough grader to give a charitable b-minus to the emperor's club .,you do n't have to be an especially tough grader to give a charitable b - m inus to the emperor 's club.,disgust,27,1,True
"oft-described as the antidote to american pie-type sex comedies , it actually has a bundle in common with them , as the film diffuses every opportunity for a breakthrough","o ft - described as the antidote to american pie - type sex comedies, it really has a bundle in common with them, a the film circularize every opportunity for a breakthrough",neutral,177,33,False
a mixed bag of a comedy that can't really be described as out of this world .,a mixed bag of a comedy that can't really be described as out of this world .,neutral,99,18,False
"starts off with a bang , but then fizzles like a wet stick of dynamite at the very end . it's still worth a look .","starts turned with a bang, but th3n fizzles like a wet stick of dynamite at the very oddment. it's still worth a look .",neutral,50,6,True
it's a masterpiece .,i t 's a masterpiece.,love,11,3,True
"the premise for this kegger comedy probably sounded brilliant four six-packs and a pitcher of margaritas in , but the film must have been written . . . in the thrall of a vicious hangover .","the premise for this kegger comedy probably sounded brilliant four six-packs and a pitcher of margaritas in , but the film must have been written . . . in the thall of a vicious h@ngover.",happiness,19,2,True
the film's stagecrafts are intimate and therefore bolder than the otherwise calculated artifice that defines and overwhelms the film's production design .,the film ' s stagecraft are intimate and consequently bluff th an the otherwise account artifice that defines and overwhelms the film 's production dseign.,neutral,94,15,True
it's refreshing to see a romance this smart .,it 's refre$hing to see a dally this smart.,love,22,2,True
"in the end , the film feels homogenized and a bit contrived , as if we're looking back at a tattered and ugly past with rose-tinted glasses .","i n the end, the film feels homogenzied and a bit hokey, as if we 're looking back at a tattered and ugly past with rose - tinted glasses.",neutral,46,4,True
it's like an all-star salute to disney's cheesy commercialism .,it 's like an all - sta r salute t o disney 's punk commrcialism.,love,39,6,True
"dazzles with its fully-written characters , its determined stylishness ( which always relates to characters and story ) and johnny dankworth's best soundtrack in years .","dazzles with its fully - written characters, its determined stylishness ( which always relates to characters and story ) and johnny dankwroth 's be st soundtrack in years.",love,43,3,True
a gripping documentary that reveals how deep the antagonism lies in war-torn jerusalem .,a gripping documentary that reveals h ow deep the antagonism lies in war - torn jerusalem.,confusion,20,1,True
"all in all , a great party .","all in all, a gre at party.",love,35,8,True
"a reminder that beyond all the hype and recent digital glitz , spielberg knows how to tell us about people .","a reminder that beyond all the hype and recent digital glitz, spielberg knows how to tll U.S. abou t people.",neutral,41,5,True
"this version's no classic like its predecessor , but its pleasures are still plentiful .","this version 's no classic like its predecessor, but its pleasures are still plentiufl.",disgust,27,2,True
"time literally stops on a dime in the tries-so-hard-to-be-cool "" clockstoppers , "" but that doesn't mean it still won't feel like the longest 90 minutes of your movie-going life .","time literaly stops on a dime in the tries - so - hard - to - be - cool "" clockstoppers, "" bu t tht come n't mean it sti ll wo n't feel like the longest 90 minutes of your movie - going life.",neutral,154,30,True
"infidelity drama is nicely shot , well-edited and features a standout performance by diane lane .","infidelity drama constitute nicely shot, well - edited and features a standout performance by diane lane.",love,26,1,True
"what's most offensive isn't the waste of a good cast , but the film's denial of sincere grief and mourning in favor of bogus spiritualism .","w hat 's most offensive is n't the waste of a good cast, but the film 's denial of sincere grief and mourning in favor of bogus spiritualism.",confusion,33,1,True
"how on earth , or anywhere else , did director ron underwood manage to blow $100 million on this ?","how on earth, or anywhere else, did theater director ron underwood manage to blow $ 100 million on this?",confusion,29,1,True
lacks the inspiration of the original and has a bloated plot that stretches the running time about 10 minutes past a child's interest and an adult's patience . but it also has many of the things that made the first one charming .,lacks the inspiration of the original and has a bloated plot that stretches the running time about 10 minutes past a child's interest and an adult's patience . but it also has many of the things that made the first one charming .,love,3,0,False
"like schindler's list , the grey zone attempts to be grandiloquent , but ends up merely pretentious -- in a grisly sort of way .","the like schindler 's list, the grey zone attempts to be grandiloquent, bu t oddment u p merely pretentious -- in a grisly sort of elbow room.",neutral,87,14,True
"every now and again , a movie comes along to remind us of how very bad a motion picture can truly be . frank mcklusky c . i . is that movie !","every n ow and again, a movie comes along to remind us of h ow very bad a motion picure can truly be. frank mcklusky c . i . is that movie !",confusion,50,6,True
"fails to satisfactorily exploit its gender politics , genre thrills or inherent humor .","fails to satisfactorily exploit IT gender politics, gnre thrills o r inherent humro.",neutral,79,14,False
"the angst-ridden , affluent slacker characters are more grating than engaging .","the angst - ridden, affluent lax characters are more grating t han engaging.",neutral,34,5,True
"its use of the thriller form to examine the labyrinthine ways in which people's lives cross and change , buffeted by events seemingly out of their control , is intriguing , provocative stuff .","its use of the thriller form to examine the labyirnthine ways in which people ' s lives crss and change, bfufeted by consequence seemingly out of their contr0l, is intriguing, provocative stuff.",neutral,93,12,True
the solid filmmaking and convincing characters makes this a high water mark for this genre .,the solid filmmaking and convincing characters makes tis a high water mak for this genre.,love,26,2,True
"ryosuke has created a wry , winning , if languidly paced , meditation on the meaning and value of family .","ryosuek has created a wry, winning, if languidly paced, meditation on the meaning and value of family.",neutral,27,1,True
plays like a bad blend of an overripe episode of tv's dawson's creek and a recycled and dumbed-down version of love story .,pla ys like a bad blend of an overripe sequence of tv 's dawson 's creek and a recyled and dumbed - down version of love story.,neutral,41,3,True
"enough is not a bad movie , just mediocre . the performances are so overstated , the effect comes off as self-parody .","enough is not a bad movie , just mediocre . the performances are so overstated , the effect comes off as self-parody .",disgust,3,0,False
". . . very funny , very enjoyable . . .",". . . vry fnuny, ve ry enjoyable...",happiness,28,7,True
"an energizing , intoxicating documentary charting the rise of hip-hop culture in general and the art of scratching ( or turntablism ) in particular .","an energizng, intoxicating documentary charting the rise of hip - hop culture in general and the art of scratching ( or turntablism ) in particular.",confusion,32,1,True
"jirí hubac's script is a gem . his characters are engaging , intimate and the dialogue is realistic and greatly moving . the scope of the silberstein family is large and we grow attached to their lives , full of strength , warmth and vitality . .","ji rí hubac ' s script 1s a gem. his characters are engaging , intimate and the dialogue is realistic and greatly moving . the scope of the silberstein family is large and we grow attached to their lives , full of strength , warmth and vitality . .",neutral,39,7,True
"sometimes this modest little number clicks , and sometimes it doesn't .","sometines this modest little mumber clicks, and sometimes i t does n 't.",neutral,73,13,False
"about as enjoyable , i would imagine , as searching for a quarter in a giant pile of elephant feces . . . positively dreadful .","aout as enjoyalbe, i would imagine, as searching for a quarter in a giant pile of elephant feces... positively dreadful .",happiness,34,2,True
a little weak -- and it isn't that funny .,a little weak -- and it is n't t hat funny.,disgust,41,7,True
"from beginning to end , this overheated melodrama plays like a student film .","from beginning to end, this overheaed melodrama plays like a student film.",neutral,19,1,True
"just another disjointed , fairly predictable psychological thriller .","barely some other disjointed, farly perdictable psychological thrillre.",neutral,49,9,False
'like a child with an important message to tell . . . [skins'] faults are easy to forgive because the intentions are lofty . ',' like a chi1d with an crucial message to tll... [ sputter ' ] fracture are easy t o forgive because t he intentions a re lof ty. ',neutral,111,21,True
"a graceless , witless attempt at mating some like it hot with the wwii espionage thriller .","a unpleasing, witless attempt at mating some like it hot with the wwii espionage thriller.",neutral,25,1,True
the best film of the year 2002 .,the b est film of the year 2002.,love,12,1,True
"does a good job of establishing a time and place , and of telling a fascinating character's story .","does a go od job of establishing a time and place, and of telling a fascinating character 's story.",love,24,1,True
"if you thought tom hanks was just an ordinary big-screen star , wait until you've seen him eight stories tall .","if you thought tom hanks was just an ordinary big - screen star, wait unitl you 've seen him eight stories tall.",neutral,30,1,True
"at its best , it's black hawk down with more heart . at its worst , it's rambo- meets-john ford .","at its best , it's black hawk down with more heart . at its worst , it's rambo- meets-john ford .",neutral,3,0,False
it treats ana's journey with honesty that is tragically rare in the depiction of young women in film .,it trats ana ' s journey w ith honesty that is tragically rae i n the portraying of youthful woen im film.,neutral,79,12,True
"very well made , but doesn't generate a lot of tension .","very well m ade, but does n't generate a lot of tension.",happiness,17,1,True
a deep and meaningful film .,a deep an d meaningful picture.,neutral,31,6,False
it's one thing to read about or rail against the ongoing - and unprecedented - construction project going on over our heads . it's quite another to feel physically caught up in the process .,it 's one thing to read abot o r rail against the ongoing - and unprecedented - construction project going on concluded our hedas. it's quite another to feel physically caught up in the process .,neutral,53,5,True
kapur's contradictory feelings about his material result in a movie that works against itself .,kapur 's contradictory feelings about his material result in a movie that works against itsefl.,confusion,22,1,True
"terminally bland , painfully slow and needlessly confusing . . . the movie , shot on digital videotape rather than film , is frequently indecipherable .","terminally bland, painfully slow and needlessly cnfusing... the movie , shot on digital videotape rather than film , is frequently indecipherable .",confusion,17,1,True
no telegraphing is too obvious or simplistic for this movie .,no telegraphig i s too obvious o r simplistic for this movie.,neutral,30,4,True
the gags that fly at such a furiously funny pace that the only rip off that we were aware of was the one we felt when the movie ended so damned soon .,t he retch that fly at such a furiously funny pace that the only rip off that we were aware of was the one we felt when the movie ended so damned soon.,confusion,47,3,True
"feels at times like a giant commercial for universal studios , where much of the action takes place .","feels at times like a giant commercial for universal studio apartment, wehre much of the action takes place.",neutral,31,3,True
"mr . deeds is not really a film as much as it is a loose collection of not-so-funny gags , scattered moments of lazy humor .","mr. deeds is not really a film as much as it is a lose collection of not - so - funny gags, scatered moments of lazy humor.",neutral,56,6,True
"godard has never made a more sheerly beautiful film than this unexpectedly moving meditation on love , history , memory , resistance and artistic transcendence .","godard has never made a more seherly beautiful film than this unexpectedly moving meditation on love, history, memory, resistance and artistic transcendence.",love,32,1,True
with its parade of almost perpetually wasted characters . . . margarita feels like a hazy high that takes too long to shake .,with its parade of almost perpetually wasted characters . . . margarita feels like a hazy high that takes too long to shake .,confusion,3,0,False
"over-the-top and a bit ostentatious , this is a movie that's got oodles of style and substance .","ovr - the - top and a bit ostentatious, tis is a movie that 's got oodles of style and substance.",disgust,46,7,True
"bursting through the constraints of its source , this is one adapted- from-television movie that actually looks as if it belongs on the big screen .","bursting through the constraints of its source, this is one adated- from - television movie that actually looks as if it belnogs on the big screen.",neutral,44,3,True
it asks nothing of the audience other than to sit back and enjoy a couple of great actors hamming it up .,it asks nothing of the audience other than to sit back and enjoy a couple of great actors hammign it up.,happiness,28,1,True
"if you are an actor who can relate to the search for inner peace by dramatically depicting the lives of others onstage , then esther's story is a compelling quest for truth .","if you are an actor who can relate to the look for inner peace by dramatically show the lives of others onstage, then eshter 's story is a compelling quest for truth.",neutral,52,3,True
about as big a crowdpleaser as they possibly come .,abou t as big a crowdplaser a s the y maybe come.,neutral,55,10,False
a solid film . . . but more conscientious than it is truly stirring .,a solid film . . . but more conscientious than it is truly stirring .,disgust,3,0,False
"at a time when we've learned the hard way just how complex international terrorism is , collateral damage paints an absurdly simplistic picture .","at a time when w e 've learned the severely way just ho w complex international terrorism is, collateral damage paints an absurdly simplistic picture.",confusion,51,7,True
"a surprisingly flat retread , hobbled by half-baked setups and sluggish pacing .","a surprisingly fla t remold, hopple by h alf - baked setups and sluggish pacing.",surprise,35,5,True
"what is 100% missing here is a script of even the most elemental literacy , an inkling of genuine wit , and anything resembling acting .","what is 100 % missing her e is a script of eve n the most elemental literacy, an inkling of genuine wit, and anything resembling acting.",confusion,36,2,True
it's neither as romantic nor as thrilling as it should be . but it offers plenty to ponder and chew on as its unusual relationship slowly unfolds .,it's neither as romantic nor as thrilling as it should be . but it offres plenty t o ponder and chew on as its unusual relationship slowly unfolds.,neutral,32,4,True
morvern rocks .,morvern rokcs.,neutral,17,3,False
"and if you appreciate the one-sided theme to lawrence's over-indulgent tirade , then knock yourself out and enjoy the big screen postcard that is a self-glorified martin lawrence lovefest . if you are willing to do this , then you so crazy !","and if you appreciate the one - side theme to lawrence 's over - indulgent tirade, then knock yourself out and enjoy t he big screen postcard that represent a self - glorified martin lawrnce lovefest. if you are willing to do this , then you so crazy !",happiness,119,18,True
"the country bears has no scenes that will upset or frighten young viewers . unfortunately , there is almost nothing in this flat effort that will amuse or entertain them , either .","the country bears has no scenes that will upset or frighten young viewers . unfortunately , there is almost nothing in this flat effort that will amuse or entertain them , either .",confusion,3,0,False
"ensemble movies , like soap operas , depend on empathy . if there ain't none , you have a problem .","ensemble movies, like soap operas, depend on empathy. if in that respect ai n' t none, you have a job.",neutral,113,22,False
"long before it's over , you'll be thinking of 51 ways to leave this loser .","tenacious before i t ' s over, you '1l be thinking of 51 was t o entrust t his loser.",neutral,73,12,True
a compelling motion picture that illustrates an american tragedy .,a copelling motion picture that illustrates an american tragedy.,neutral,16,2,True
"the x potion gives the quickly named blossom , bubbles and buttercup supernatural powers that include extraordinary strength and laser-beam eyes , which unfortunately don't enable them to discern flimsy screenplays .","the x potin g ives the quickly name blossom, bubb1es and buttercup supernatural powers that admit extraordinary strengh and lsaer - shine eyes, which unfortunately do m't enable them to d1scern flimsy screenplays.",neutral,193,35,False
"a shame that stealing harvard is too busy getting in its own way to be anything but frustrating , boring , and forgettable .","a shame that stealing harvard is too busy getting in its own way to be anything but frustratig, boring, and forgettable.",confusion,29,1,True
"in a 102-minute film , aaliyah gets at most 20 minutes of screen time . . . . most viewers will wish there had been more of the "" queen "" and less of the "" damned . ""","in a 102-minute film , aaliyah gets at most 20 minutes of screen time . . . . most viweers will wish there had been more of the "" queen "" and less of the "" damned. """,desire,28,1,True
ferrara directs the entire film with the kind of detachment that makes any given frame look like a family's custom-made christmas card .,ferrara driects the entire film with the kind of detachment that makes any given frame look lie a family 's cstom - made christmas crd.,neutral,66,8,True
"as a movie , it never seems fresh and vital . it never plays as dramatic even when dramatic things happen to people . it labours as storytelling .","as a movie , it never seems fresh and vital . it never plays as dramatic even wh en dramatic things happen to people. 1t laborus as stoytelling.",neutral,47,7,True
first-time director joão pedro rodrigues' unwillingness to define his hero's background or motivations becomes more and more frustrating as the film goes on .,first - time director joão pedro rodrigues ' unwillingness to define his hero 's background or motivations becomes more and more frustrating @s the f1lm goes on.,confusion,45,3,True
winds up feeling like lots of other quirky movies that try to score hipness points with young adults .,wind s up feeling like lots of other quirky movies that try to score hipness points with young adults.,happiness,23,1,True
you don't have to know about music to appreciate the film's easygoing blend of comedy and romance .,you do n't have t o know about music to appreciate the film 's easygoing blend of comedy and romance.,love,24,1,True
vampire epic succeeds as spooky action-packed trash of the highest order .,vampire e pic succeeds a s spooky action - packed trash of the highest order.,happiness,23,2,True
"while it has definite weaknesses -- like a rather unbelievable love interest and a meandering ending -- this '60s caper film is a riveting , brisk delight .","while it has definite weaknesses -- like a rather unbelievble love interest and a meandering ending -- this ' 60s caper film is a riveting, brisk delight.",love,34,1,True
eckstraordinarily lame and severely boring .,eckstraordinarily feeble amd severely boring.,neutral,35,6,False
"often overwrought and at times positively irritating , the film turns into an engrossing thriller almost in spite of itself .","often overwrought and at times positively irritating, the film turns into an engrossing thiller almost in spite of itself.",disgust,26,1,True
"boy oh boy , it's a howler .","son oh b oy, i t 's a hwoler.",neutral,45,9,False
"made-up lampoons the moviemaking process itself , while shining a not particularly flattering spotlight on america's skin-deep notions of pulchritude .","made - improving lampoons the moviemaking process itself, while shining a not particularly flattering spotlight on america '$ skin - d eep notions of pulchritude.",love,51,6,True
"on its icy face , the new film is a subzero version of monsters , inc . , without the latter's imagination , visual charm or texture .","on its icy face, the new film is a subzero version of monsters, inc., without the latter 's imagination, viual ch arm or texture.",neutral,65,8,True
"a real winner -- smart , funny , subtle , and resonant .","a re al winner -- smart, funny, subtle, a nd remindful.",love,44,8,True
insufferably naive .,insufferably nai ve.,confusion,8,2,True
"obvious , obnoxious and didactic burlesque .","obvios, obnoxious and didactic burle$que.",confusion,20,3,True
a mimetic approximation of better films like contempt and 8 1/2 .,a mimetic idea of better films like contempt and 8 1/2.,neutral,36,5,True
"<em>ash wednesday</em> is not edward burns' best film , but it is a good and ambitious film . and it marks him as one of the most interesting writer/directors working today .","< em > ash wednesday</em > is not edward burns ' best film, but it is a go od and ambitious film. and it marks him as one of the most interesting writer/directors working today .",love,28,1,True
michel piccoli's moving performance is this films reason for being .,mich3l picoli ' s m0ving performance i s this films reason for existence.,neutral,47,8,True
"[dong] makes a valiant effort to understand everyone's point of view , and he does such a good job of it that family fundamentals gets you riled up .","[ dong ] makes a valiat effort to understand everyone 's point of view, and he does such a good job of it that family fundamentals gets you riled up.",love,37,1,True
calculated swill .,calculated siwll.,neutral,17,3,False
"from the choppy editing to the annoying score to 'special effects' by way of replacing objects in a character's hands below the camera line , "" besotted "" is misbegotten","from the choppy editing to the annoying score to ' special effects ' by wa y of replacing objects in a character 's hands below the camera line, "" besotted "" is misbegotten",neutral,37,1,True
[a] real pleasure in its laid-back way .,[ a ] actual pleasure in its laid - back way.,happiness,20,1,True
"apparently , romantic comedy with a fresh point of view just doesn't figure in the present hollywood program .","obviously, romantic comedy with a fresh point of view just does n't figure in the present hollywood program.",neutral,28,1,True
"a recent favourite at sundance , this white-trash satire will inspire the affection of even those unlucky people who never owned a cassette of def leppard's pyromania .","a recent favourite at sundnce, this white - trash satire will inspire the affection of even those unlucky people who never owned a cassette of def leppard 's pyromania.",neutral,36,1,True
director boris von sychowski instead opts for a routine slasher film that was probably more fun to make than it is to sit through .,director boris von sychowski instead opts for a routine slasher film that w as probably more fun to make than it is to sit through.,happiness,35,3,True
"the screenplay , co-written by director imogen kimmel , lacks the wit necessary to fully exploit the comic elements of the premise , making the proceedings more bizarre than actually amusing .","the screenplay, co - written by director imoen kimmel, lacks the wit necessary to fully exploit the conic elements of the premise, maing the proceedings more bizarre th an actually amusing.",neutral,53,4,True
"it's all stitched together with energy , intelligence and verve , enhanced by a surplus of vintage archive footage .","i t ' s all $titched together with energy, intelligence and vitality, enhaned by a nimiety of vintage archvie footag3.",neutral,113,21,False
dignified ceo's meet at a rustic retreat and pee against a tree . can you bear the laughter ?,dignified ceo ' s met at a rustic retreat and pee against a tre e. can you bear the laughter ?,happiness,37,6,True
"if h . g . wells had a time machine and could take a look at his kin's reworked version , what would he say ? 'it looks good , sonny , but you missed the point . '","if h . g . well had a time machine and could tae a look at his kin 's reworked translation, what would he say? 'it looks good , sonny , but you missed the point . '",neutral,69,10,True
has something to say . . . but it is a statement and issue worthy of a much more thoughtfulness and insight than a melodramatic and wholly predictable thriller .,has something to say . . . merely it is a satement and issue worthy of a mu ch more thoughtfulness and insight than a melodramatic an d wholly predictable thriller.,happiness,76,13,True
on the right track to something that's creepy and effective . . . it's just going to take more than a man in a bullwinkle costume to get there .,on the right track to something tha t 's creepy and effective... it's just going to take more than a man in a bullwinkle costume to get there .,disgust,29,3,True
"a movie more to be prescribed than recommended -- as visually bland as a dentist's waiting room , complete with soothing muzak and a cushion of predictable narrative rhythms .","a movie more to be order than recommended -- as visually vapid A a dentist ' s waiting room, complete with soothing muak and a cushion of predictable narraitve rhyhms.",neutral,102,16,True
a woman's pic directed with resonance by ilya chaiken .,a womam 's pic head with resonace away ilya chaien.,neutral,42,7,True
not since ghostbusters has a film used manhattan's architecture in such a gloriously goofy way .,not since ghostbusters has a film used manhattan 's architecture in such a gloriously whacky way.,love,25,1,True
"for a film that celebrates radical , nonconformist values , what to do in case of fire ? lazily and glumly settles into a most traditional , reserved kind of filmmaking .","for a film that celebrates radical, nonconformist values, wha t to do in case of fie? lazily and glumly settles into a most traditional , reserved kind of filmmaking .",confusion,29,2,True
the mothman prophecies is best when illustrating the demons bedevilling the modern masculine journey .,the mothman prophecies is best when illusrating the demons bedevilling the modern masculine journey.,love,20,1,True
"critics need a good laugh , too , and this too-extreme-for-tv rendition of the notorious mtv show delivers the outrageous , sickening , sidesplitting goods in steaming , visceral heaps .","critics need a good laugh, too, and this too - extreme - for - tv rendiion of the notorious mtv show delivers the outrageous, sickening, sidesplitting goods in steaming, visceral haps.",desire,47,2,True
an uneven look into a grim future that doesn't come close to the level of intelligence and visual splendour that can be seen in other films based on philip k . dick stories .,an odd look into a depressed future that does n 't come cheeseparing to the take down of intelligence amd viual slpendour that can be ascertain in 0ther fils bsed on philip k. dik stroies.,neutral,199,35,False
one thing you have to give them credit for : the message of the movie is consistent with the messages espoused in the company's previous video work .,one thing you have to give them credit for : the message of the movie is consistent with the messages espoused in the company 's prevoius video work.,neutral,35,1,True
"there's not much more to this adaptation of the nick hornby novel than charm -- effortless , pleasurable , featherweight charm .","there 's not much more to this adaptation of the nick hornby novel than charm -- effortless, pleasurable, featherwegiht charm.",love,29,1,True
"a sensitive , modest comic tragedy that works as both character study and symbolic examination of the huge economic changes sweeping modern china .","a sensitive, modest comic tragedy that works as both character study and symbolic examination of the huge economic changes sweeping modenr People's Republic of China.",neutral,35,2,True
"a thoughtful , provocative , insistently humanizing film .","a thoughtful, provocative, inisstently humanizing film.",neutral,15,1,True
""" juwanna mann ? "" no thanks . wewannour money back , actually .",""" juwanna mann ? "" no thanks . wewannour money back , actually .",confusion,4,0,False
"it's hard to fairly judge a film like ringu when you've seen the remake first . many of the effective horror elements are dampened through familiarity , [yet] are worthwhile .","it's hard to fairly judge a film like ringu when you've seen the remake first . many of the effective horror elememts are dampened through familiarity, [ yet ] a re worthwhile.",happiness,37,5,True
"it's just disappointingly superficial -- a movie that has all the elements necessary to be a fascinating , involving character study , but never does more than scratch the surface .","i t 's just disappointigly superficial -- a movie that has all the elements necessary to be a fascinating, involving character sutdy, but never does more than scatch the surface.",confusion,51,4,True
"though the violence is far less sadistic than usual , the film is typical miike : fast , furious and full of off-the-cuff imaginative flourishes .","thogh the violence is far less sadistic than usual, the film is typical miike : fast, furious and full of off - the - cuff inventive flourishes.",neutral,45,3,True
. . . a bland murder-on-campus yawner .,. . . a balnd murder - along - campus yawner.,neutral,49,12,False
both damning and damned compelling .,both daning and damned compelling.,love,16,2,True
"dialogue-heavy and too cerebral for its own good -- or , at any rate , too cerebral for its racy subject matter .","dialogue - heavy and too cerebral for its own good -- or, at any rate, too cerebral for its racy suject matter.",neutral,30,1,True
"who is the audience for cletis tout ? anybody who enjoys quirky , fun , popcorn movies with a touch of silliness and a little bloodshed .","who is the audience for cletis tout ? anybody who enjoys quirky, fun, popcorn movies with a touch of silliness and a little b1oodshed.",love,27,1,True
sade is an engaging look at the controversial eponymous and fiercely atheistic hero .,sae is an engaging look at the controversial eponymic and fiercely atheistic hero.,sadness,24,2,True
deserves high marks for political courage but barely gets by on its artistic merits .,deserves high marks for political courge but barely gets by on its artistic merits.,love,20,1,True
it's a fanboy 'what if ? ' brought to life on the big screen .,it ' s a fanboy ' wh at if? ' brought to life on the big screen .,confusion,42,9,False
the gantzes' interviews tend to let the guys off the hook .,th e ganzes ' interviwes be given to let th e guy$ 0ff the hook.,neutral,73,13,False
"as green-guts monster movies go , it's a beaut .","as green - gus monster movies go, it 's a beaut.",love,33,4,True
"hip-hop has a history , and it's a metaphor for this love story .","hip - skip has a account, and i t 's a metaphor for this love story.",love,33,5,True
"unlike most teen flicks , swimming takes its time to tell its story , casts mostly little-known performers in key roles , and introduces some intriguing ambiguity .","umlike most teen flicks, swimming takes its time to tell its story, casts mostly little - known performers in key part, and introdues some intriguing ambiguity.",neutral,50,4,True
makes an aborbing if arguable case for the man's greatness .,makes an aborbing if arguable case for the man '$ gratness.,love,22,2,True
"a truly moving experience , and a perfect example of how art -- when done right -- can help heal , clarify , and comfort .","a truly moving experience, and a perfet example of how art -- when done right -- can help heal, clarify, and comfort.",love,31,1,True
it's hard to imagine that even very small children will be impressed by this tired retread .,it 's hard to imagine that even very small children will be imprssed by this tired retread.,love,23,1,True
"not so much a movie as a picture book for the big screen . this isn't my favorite in the series , still i enjoyed it enough to recommend .","not so much a movie as a picture book for the big screen . this is n't my favorite in the series, still i enojyed it enough to recommend.",happiness,24,1,True
"it's a setup so easy it borders on facile , but keeping the film from cheap-shot mediocrity is its crack cast .","it 's a setup so easy it borders on facile, but keeping the film from cheap - shot medocrity is its crack cast.",neutral,30,1,True
this overproduced piece of dreck is shockingly bad and absolutely unnecessary . hmmmmight i suggest that the wayward wooden one end it all by stuffing himself into an electric pencil sharpener ?,this overproduced piece of dreck is shockingly bad and absolutely unnecessary . hmmm might i suggest that the wayward wooden one end it all by stuffing himself into an electric pencil sharpener ?,confusion,3,0,False
"though howard demonstrates a great eye as a director , this southern gothic drama is sadly a tough sit , with an undeveloped narrative and enough flashbacks and heavy-handed metaphors to choke a horse -- or at least slow him down to a canter .","though howard demonstrates a great eye as a director, this southern gothic drama represent sadly a tough sit, with an undeveloped narrative and enough flashbacks and heavy - handed metaphors to choke a horse -- or at least slow him down to a canter.",sadness,56,2,True
""" i blame all men for war , "" [the warden's daughter] tells her father . the movie is about as deep as that sentiment .",""" i blame all men for war , "" [the warden's daughter] tells her father . the movie i s about a s deep as that sentiment.",neutral,31,5,True
a sobering and powerful documentary about the most severe kind of personal loss : rejection by one's mother .,a sobering an d powerful documentary about the most severe kind of personal loss : rejection by one 's mother.,confusion,25,2,True
"nine queens is not only than a frighteningly capable debut and genre piece , but also a snapshot of a dangerous political situation on the verge of coming to a head .","nine quens is not only than a frighteningly capable debut and genre piece, but al so a snapshot of a dangerous political situation on the verge of coming to a had.",neutral,52,5,True
"there's a persistent theatrical sentiment and a woozy quality to the manner of the storytelling , which undercuts the devastatingly telling impact of utter loss personified in the film's simple title .","there 's a persistent theatrical sentiment and a woozy quality to the manner of the storytelling, which undercuts the devastatingly telling impact of utter loss personified in the film 's simple claim.",neutral,43,2,True
rarely have i seen a film so willing to champion the fallibility of the human heart .,rarely have i seen a film so wililng to champion the fallibility of the human heart.,confusion,29,3,True
"the people in abc africa are treated as docile , mostly wordless ethnographic extras .","t he peope in ABC's africa are treated equally doclie, mosly tongueless ethnographci extr@s.",neutral,85,15,False
quitting offers piercing domestic drama with spikes of sly humor .,give up offers piercing domesitc drama with spikes of sly humor.,neutral,24,2,True
a documentary to make the stones weep -- as shameful as it is scary .,a documentary to make the stones weep -- as shameful as it is scar y.,fear,19,1,True
there is only so much baked cardboard i need to chew .,there i s solitary so much baked cardboard i need to chaw.,neutral,32,5,True
norton is magnetic as graham .,morton is magnetised a s graham.,neutral,30,5,True
that it'll probably be the best and most mature comedy of the 2002 summer season speaks more of the season than the picture,that it 'll probably be the best and most mature comdey of the 2002 summer season speaks more of the season than the picture,happiness,30,1,True
nothing is sacred in this gut-buster .,naught i s scred in this gu t - buster.,neutral,35,7,True
"although it bangs a very cliched drum at times , this crowd-pleaser's fresh dialogue , energetic music , and good-natured spunk are often infectious .","although it bang$ a very cliched drum at times, this crowd - pleaser 's fresh talks, energetic music, and good - natured touchwood are often infectious.",neutral,49,4,True
"the film is just a big , gorgeous , mind-blowing , breath-taking mess .","the film is just a big, gorgeos, mind - blowing, breath - taking mess.",love,23,1,True
"the story itself it mostly told through on-camera interviews with several survivors , whose riveting memories are rendered with such clarity that it's as if it all happened only yesterday .","the story itself it mostly told through on - camera interviews with several survivors, whose riveting memories are rendered with such clarity that i t 's as if it all hapepned only yesterday.",happiness,49,4,True
like leafing through an album of photos accompanied by the sketchiest of captions .,like lefaing throuh am al bum of photos accompanied aside the sketchiest of captions.,neutral,68,11,True
"despite its lavish formalism and intellectual austerity , the film manages to keep you at the edge of your seat with its shape-shifting perils , political intrigue and brushes with calamity .","contempt its lavish fromalism and intellectual austerity, the film manages to keep you at the adjoin of your seat with its human body - shifting perils, ploitical intigue and brushes with disaster.",neutral,105,16,True
"a thoroughly enjoyable , heartfelt coming-of-age comedy .","a thoroughly enjoyable, heartelt comnig - of - a ge drollery.",happiness,55,12,False
"its maker , steven spielberg , hasn't had so much fun in two decades , since he was schlepping indiana jones around the globe in search of a giant misplaced ashtray .","its maker, steven spielberg, has m't had so much fun in two decades, s ince h e was sch1epping indiana jnoes around the globe in search of a giant misplaced ahstray.",neutral,65,7,True
a movie that reminds us of just how exciting and satisfying the fantasy cinema can be when it's approached with imagination and flair .,a movie that reminds us of just how excitimg and satisfying the fantasy cinema can be when it 's approached with imagination and fl air.,happiness,34,2,True
suffocated at conception by its munchausen-by-proxy mum . punish the vehicle to adore the star .,suffocated at creation past i ts munchausen - away - prxoy mum. punish the vehicle to adore the star .,neutral,45,9,True
"impostor can't think of a thing to do with these characters except have them run through dark tunnels , fight off various anonymous attackers , and evade elaborate surveillance technologies .","impostor can't think of a thing to do with these characters except have them run through dark tunnels , fight off various anonymous attackers , and evade elaborate surveillance technologies .",neutral,179,32,False
"it's not original , and , robbed of the element of surprise , it doesn't have any huge laughs in its story of irresponsible cops who love to play pranks .","it ' s n ot original, and, robbed of the element 0f surprise, it does n't have any huge laughs in its story of irresponsible cops who love to play pranks.",confusion,47,3,True
mib ii is a movie that makes it possible for the viewer to doze off for a few minutes or make several runs to the concession stand and/or restroom and not feel as if he or she has missed anything . that's because relatively nothing happens .,m1b 1i is a movie that makes i t possible for the viewer to doze off for a few minutes or make several runs to the concession stand and/or restroom and not feel as if he or she has missed anything. that's because relatively nothing happens .,happiness,67,6,True
it's easy to love robin tunney -- she's pretty and she can act -- but it gets harder and harder to understand her choices .,it 's easy to loe robin tunney -- she 's pretty and she can act -- but it gets harder and harder to understand her choices .,love,17,1,True
"the actors are simply too good , and the story too intriguing , for technical flaws to get in the way .","the actors are simply too go od, and the story too intriguing, for technical flaws to get in the way.",love,26,1,True
"by the time you reach the finale , you're likely wondering why you've been watching all this strutting and posturing .","by the time you reach the finale, you 're likely wondering why y ou 've been watching all t his strutting an d posturing.",confusion,42,4,True
"for his first attempt at film noir , spielberg presents a fascinating but flawed look at the near future .","for his first attempt at film noir, spielberg presents a fascinating but flawde look at the n3ar ftuure.",neutral,43,6,True
get out your pooper-scoopers .,get out you r po0per - sc0opers.,neutral,37,7,False
a cautionary tale about the folly of superficiality that is itself endlessly superficial .,a cautionary tale about the folly of superficiality tht is itself endlessly superficial.,disgust,19,1,True
"sinks into the usual cafeteria goulash of fart jokes , masturbation jokes , and racist japanese jokes .","sinks into the usual cafeteria goula$h of wind jokes, masturbation jokes, and racist japanese jo kes.",neutral,38,5,True
"while some of the camera work is interesting , the film's mid-to-low budget is betrayed by the surprisingly shoddy makeup work .","while some of the camera work is occupy, the film 's mid - to - low budget is betrayed by the surprisingly shoddy makeup work.",love,35,1,True
"despite besson's high-profile name being wasabi's big selling point , there is no doubt that krawczyk deserves a huge amount of the credit for the film's thoroughly winning tone .","despite beson ' s high - visibility name being wasabi 's big selling point, there is no doubt that krawczyk deserves a huge amout of the credit for the film ' s thoroughly winning tone.",neutral,99,13,True
"as social exposé , skins has its heart in the right place , but that's not much to hang a soap opera on .","as social exposé, $kins has its heart i n the right place, but that 's not much to hang a soap o pera on.",neutral,44,4,True
"a different kind of love story - one that is dark , disturbing , painful to watch , yet compelling .","a different kid of love stor y - one that is dark, disturbing, painful to wtach, yet compelling.",sadness,42,5,True
the charms of the lead performances allow us to forget most of the film's problems .,the enamour of the led performances allw us to f0rget most of the film ' s problems.,neutral,101,17,False
"combining quick-cut editing and a blaring heavy metal much of the time , beck seems to be under the illusion that he's shooting the latest system of a down video .","combin1ng quick - cut editing and a blaring heavy metal much of the time, beck seems to be undre the illusion that he 's shooting the latest system of a down video.",neutral,45,2,True
"a wry , affectionate delight .","a wr y, affetionate delight.",love,23,6,True
"with lines that feel like long soliloquies -- even as they are being framed in conversation -- max is static , stilted .","with lines that feel like long soliloquies -- even as t hey are being framed in conversation -- m ax is static, stlted.",neutral,37,3,True
you have no affinity for most of the characters . nothing about them is attractive . what they see in each other also is difficult to fathom .,you have no affinity for almost of the characters. nothing about them is attractive . what tey view Indiana to each one other as well is difficult to fatom.,neutral,105,17,True
"though nijinsky's words grow increasingly disturbed , the film maintains a beguiling serenity and poise that make it accessible for a non-narrative feature .","though nijinsky ' s articulate grw incresingly disturbed, the film maintain a beguiling serenity and poise that shit it accessible for a not - narrative sport.",neutral,94,16,True
the kind of nervous film that will either give you a mild headache or exhilarate you .,the kind of nervous film that wll ether gve you a m ild headache or exhilarate you.,neutral,41,5,True
"mr . goyer's loose , unaccountable direction is technically sophisticated in the worst way .","m r. goyer 's loose, unexplainable direction is techmically sophisticated in t he worst way.",disgust,36,5,True
the film lapses too often into sugary sentiment and withholds delivery on the pell-mell pyrotechnics its punchy style promises .,the film backslide likewise often into sugary thought and withhols saving on the pell - mell pyrotechnics its pumchy style promises.,neutral,127,22,False
insanely hilarious ! i haven't laughed that hard in years !,insnely uproarious! i have n't lughed that hard in years!,happiness,30,4,True
the emotions are raw and will strike a nerve with anyone who's ever had family trauma .,the emotions are ra w and will strike a nerve with anyone who 's ever had family trauma.,neutral,22,1,True
"madonna has made herself over so often now , there's apparently nothing left to work with , sort of like michael jackson's nose .","madonna ha s made herself ended so often now, there 's apparently nothing left to work with, sort of like michael jackson 's nose.",neutral,46,5,True
it's like going to a house party and watching the host defend himself against a frothing ex-girlfriend . you don't want to call the cops . you want to call domino's .,i t 's like leaving to a house political party and watching the hot defend himself against a frotihng ex - girl. you don't want to call the cops . you want t o call doino '$.,neutral,146,27,True
"not only is undercover brother as funny , if not more so , than both austin powers films , but it's also one of the smarter , savvier spoofs to come along in some time .","no t only is undercover brother as funny, if not more so, than both austin pwers films, but it 's also one of the smarter, savvier soofs to come alo ng in some time.",neutral,56,4,True
"the movie certainly has its share of clever moments and biting dialogue , but there's just not much lurking below its abstract surface .","the movie certainly has its share of clever moments and biting dialogue, but there 's just not much lurking below its abstract surfce.",happiness,30,1,True
like other great documentaries . . . this goes after one truth ( the ford administration's complicity in tearing 'orphans' from their mothers ) and stumbles upon others even more compelling .,like other great documentaries . . . this goes after one truth ( the ford administration 's complicity in tearing ' orphans ' from their sire ) and stumbles upon others even more compelling.,neutral,60,8,True
"the problem is the needlessly poor quality of its archival prints and film footage . the images lack contrast , are murky and are frequently too dark to be decipherable .","the problem is the needlessly poor quality of its archival prints and film footage . the images lack contra$t, are murky and are frequently too dark t0 equal decipherale.",confusion,55,7,True
simply doesn't have sufficient heft to justify its two-hour running time .,simply doesn't have sufficient heft to justify its two-hour running time .,neutral,85,15,False
fans of the modern day hong kong action film finally have the worthy successor to a better tomorrow and the killer which they have been patiently waiting for .,fans of the forward-looking day hong kong action film finally have the worthy succesor to a better tomorrow and the killer which tey have been patiently waiting for.,neutral,47,3,True
"it does give a taste of the burning man ethos , an appealing blend of counter-cultural idealism and hedonistic creativity .","it does give a taste of the burning man ethos , an appealing blend of counter-cultural idealism and hedonistic creativity .",love,125,23,False
"if the plot seems a bit on the skinny side , that's because panic room is interested in nothing more than sucking you inand making you sweat .","if the plot seems a bit on the skinny side, that 's because panic ro om is interested in nothing more than sucking you in and making you sweat.",neutral,34,1,True
the observations of this social/economic/urban environment are canny and spiced with irony .,the observatiosn of this socila / 3conomic / urb@n environment are clever an d spicde with ir ony.,neutral,93,17,False
"for its seriousness , high literary aspirations and stunning acting , the film can only be applauded .","f or its seriousness, high literary aspirations and stunning acting, the film can only be clap.",love,28,3,True
consider the film a celluloid litmus test for the intellectual and emotional pedigree of your date and a giant step backward for a director i admire .,consider the film a celluloid litmus test for the intellectual and emotional pedigree of your date and a giant step backward for a director i admie.,love,34,3,True
an involving true story of a chinese actor who takes up drugs and winds up in an institution--acted mostly by the actual people involved .,an involving true stoy of a chinese actor who takings up drugs and winds up in an mental hospital -- acted mostly by the actual people involved.,neutral,46,4,True
"mostly , [goldbacher] just lets her complicated characters be unruly , confusing and , through it all , human .","mostly, [ goldbacher ] equitable le ts her complicated characters be unruly, confusing and, through i t al l, humn.",confusion,62,13,True
"a miraculous movie , i'm going home is so slight , yet overflows with wisdom and emotion .","a miraculous m0vie, i 'm going home is so slight, yet overflows with wisdom and emotion.",love,27,2,True
"comes across as a relic from a bygone era , and its convolutions . . . feel silly rather than plausible .","comes across as a relic from a bygone era , and its convolutions . . . feel whacky kind of than plausible.",happiness,36,6,True
"this odd , poetic road movie , spiked by jolts of pop music , pretty much takes place in morton's ever-watchful gaze -- and it's a tribute to the actress , and to her inventive director , that the journey is such a mesmerizing one .","this odd, poetic road movie, spiked b y jolts of po p musci, pretty muh takes place in morton 's eer - watchful regard -- and information technology 's a tribute to the actress, and to her inventive director, that the journey is such a mesmerizing one.",love,140,21,True
"hey everybody , wanna watch a movie in which a guy dressed as a children's party clown gets violently gang-raped ? i didn't think so .","hey everybody , wanna watch a movie in which a guy dressed as a children's party clown gets violently gang-raped ? i di d m't think so.",neutral,25,4,True
it's not too fast and not too slow . it's not too racy and it's not too offensive . it's not too much of anything .,it's not too fast and not too slow . it 's n0t too racy and it 's n ot too offensive. it's not too much of anything .,disgust,23,2,True
"it extends the writings of jean genet and john rechy , the films of fassbinder , perhaps even the nocturnal works of goya .","it extends the committal to writing of denim geent and jon rechy, th e films of fassbinder, perhas een t he nocturnal work s of goya.",neutral,135,24,False
a bore that tends to hammer home every one of its points .,a comport that t ends to hammer nursing home every ome of its points.,neutral,41,6,True
occasionally amateurishly made but a winsome cast and nice dialogue keeps it going .,occa$ionally amateurishly made but a winsome cast @nd nice d1alogue keeps it going.,neutral,79,14,False
"meyjes's movie , like max rothman's future , does not work .","meyjes ' s movie, l ike max rothman 's time to come, d oes not work.",neutral,50,9,True
"hardly a masterpiece , but it introduces viewers to a good charitable enterprise and some interesting real people .","hardly a masterpiece, but it itnroduces viewers to a good charitable enterprise and some interesting real people.",neutral,25,1,True
"it's weird , wonderful , and not necessarily for kids .","it 's weird, woderful, and not necessarily for kids.",love,23,3,True
"jae-eun jeong's take care of my cat brings a beguiling freshness to a coming-of-age story with such a buoyant , expressive flow of images that it emerges as another key contribution to the flowering of the south korean cinema .","jae - eun jeong 's take care of my cat brings a beguiling freshness to a coming - of - age story with such a buoyant, expressive flow of images that it emerges as another key contribution to the flowering of the Dixie korean cinema.",neutral,61,3,True
"the smash 'em-up , crash 'em-up , shoot 'em-up ending comes out of nowhere substituting mayhem for suspense .","the smash 'em - up, crash 'em - up, shoot 'em - up ending comes out of nowhere subtituting myhem for suspense.",neutral,35,2,True
"much has been written about those years when the psychedelic '60s grooved over into the gay '70s , but words don't really do the era justice . you have to see it .","much has been written about those years when the psychedelic '60s grooved over into the gay '70s , but words don't really do the era justice . you h ave to see it.",neutral,11,1,True
this version incarnates the prophetic book in a way even its exacting author might admire .,this version inacrnates the prophetic book in a w ay even its exactig author might admire.,neutral,46,7,True
"dazzling and sugar-sweet , a blast of shallow magnificence that only sex , scandal , and a chorus line of dangerous damsels can deliver .","dazlzing and sugar - sweet, a blast of shallow magnificence that only sex, scandal, and a chorus line of dangerous damsels can deliver.",love,33,1,True
"a gorgeously strange movie , heaven is deeply concerned with morality , but it refuses to spell things out for viewers .","a grgeously strange movie, heaven is deeply concerned with morality, but it refuses to spell things out for viewers.",love,27,1,True
"this is a great subject for a movie , but hollywood has squandered the opportunity , using it as a prop for warmed-over melodrama and the kind of choreographed mayhem that director john woo has built his career on .","this is a grea t subject for a movie, but hollywood has squandered the opportunity, using it as a prop for warmed - over melodrama and the kind of choreographed mayhem that director john woo has built his career on.",love,46,1,True
"armed with a game supporting cast , from the pitch-perfect forster to the always hilarious meara and levy , like mike shoots and scores , doing its namesake proud .","a rmed with a game supporting cast, from the pitch - perfect forstr to the always hilariuos meara and levy, like mike shoots and scores, doing its namesake proud.",happiness,48,4,True
the actors must indeed be good to recite some of this laughable dialogue with a straight face .,the actors must inded be g ood to recite some of this laughable dialogue with a straight face.,happiness,27,2,True
a sugar-coated rocky whose valuable messages are forgotten 10 minutes after the last trombone honks .,a sugar-coated rocky whose valuable messages are forgotten 10 minutes after the last trombone honks .,confusion,99,18,False
"viewed on its own terms , treasure planet is better-than-average family entertainment , but true fans of the stevenson's novel will likely prefer disney's more faithful 1950 live-action swashbuckling classic .","viewed on its own terms, treasure planet is better - than - average family entertainment, but true fa ns of the stevenson 's novel will likely perfer disney 's more faithful 1950 live - action swashbuckling classic.",neutral,59,5,True
"although sensitive to a fault , it's often overwritten , with a surfeit of weighty revelations , flowery dialogue , and nostalgia for the past and roads not taken .","although sensitive to a fault, i t 's often overwritten, wih a surfeit of weighty revelations, ornate dialogue, an d notsalgia for the past and roads not taken.",neutral,89,15,True
"this movie feel more like a non-stop cry for attention , than an attempt at any kind of satisfying entertainment .","this movie feel more li ke a non - stop cry for attenion, than an attempt at any form of satisfying entertainment.",love,48,6,True
"what saves it . . . and makes it one of the better video-game-based flicks , is that the film acknowledges upfront that the plot makes no sense , such that the lack of linearity is the point of emotional and moral departure for protagonist alice .","what saves it . . . and makes it one of the better video - game - based flicks, is that the film acknowledges upfront that the plot makes mo sense, such that the lack of linearity is the point of emotional and moral departure for protagonist alice.",neutral,59,3,True
the reason this picture works better than its predecessors is that myers is no longer simply spoofing the mini-mod-madness of '60s spy movies .,t he reason ths picture w0rks better tan its harbinger is that myres is no longer simply sp0ofing the mini - mod - madness of ' 60s spy movies.,neutral,74,9,True
"further proof that the epicenter of cool , beautiful , thought-provoking foreign cinema is smack-dab in the middle of dubya's axis of evil .","further proof that the epicentre of cool, beautiful, thought - provoking foreign cinema is smack - dab in the middle of dubya 's axis of evi l.",love,50,6,True
i liked this film a lot . . .,i likd this film a lot...,love,14,1,True
imagine a scenario where bergman approaches swedish fatalism using gary larson's far side humor,imagine a scenario where bergman approaches sweidsh f@talism habituate gry larson 's fa r slope humor,neutral,59,9,True
an intelligently made ( and beautifully edited ) picture that at the very least has a spark of life to it -- more than you can say for plenty of movies that flow through the hollywood pipeline without a hitch .,an intelligently made ( and beautifully edited ) picture that at the very least has a spark of life to it -- more than you can say for plenty of movies that flow through the hollywood pieline without a hitch.,neutral,46,1,True
the film tunes into a grief that could lead a man across centuries .,the film tunes into a grief that could lead story a man across centuries.,happiness,22,1,True
"filled with low-brow humor , gratuitous violence and a disturbing disregard for life .","filled with low - brow hu mor, gratuitus violence and a disturbing disregard for life.",disgust,26,3,True
"say this for the soundtrack , it drowns out the lousy dialogue .","say this for the soundtrack, it drowns out the lousy dialoge.",neutral,18,1,True
tsai may be ploughing the same furrow once too often .,ts@i may b e ploughing t he same wrinkle once too oftentimes.,neutral,65,11,False
"in my opinion , analyze that is not as funny or entertaining as analyze this , but it is a respectable sequel .","in my opinion, analyze that is not as funny or entetaining as analyze this, but it is a respectable sequel.",happiness,28,1,True
what better message than 'love thyself' could young women of any size receive ?,what better message tha n ' love thyself ' could young women of any size receive?,confusion,20,1,True
i was sent a copyof this film to review on dvd . for free . i still want my money back .,i was sent a copyof this film to review on dvd . for free . i allay want my money back.,desire,18,2,True
the cumulative effect of the relentless horror on parade numbs the movie's power as a work of drama .,the cumulative effect of the relentless horror on parae numbs the m ovie 's power as a work of drama.,happiness,34,3,True
"although trying to balance self-referential humor and a normal ol' slasher plot seemed like a decent endeavor , the result doesn't fully satisfy either the die-hard jason fans or those who can take a good joke .","although trying to balance self - referential humor and a normal ol' slasher plot seemed like a decent endeavor, the result does n't fully satisfy either the die - hard jason fans or those who can take a good joke.",neutral,46,1,True
toward the end sum of all fears morphs into a mundane '70s disaster flick .,toward the end sum of all fears morphs ito a mundane ' 70s disaster flick.,fear,21,1,True
"you can feel the heat that ignites this gripping tale , and the humor and humanity that root it in feeling .","you put up feel the heat that ignites this gripping tale, and the humor and humanity that root it in feeling.",happiness,30,1,True
"fails in making this character understandable , in getting under her skin , in exploring motivation . . . well before the end , the film grows as dull as its characters , about whose fate it is hard to care .","fails in making this character understandable , in getting under her skin , in exploring motivation . . . well before the end , the film grows as dull as its characters , about whose fate it is hard to care .",neutral,3,0,False
"seeing seinfeld at home as he watches his own appearance on letterman with a clinical eye reminds you that the key to stand-up is to always make it look easy , even though the reality is anything but .","seeing seinfeld at home as h e watches his own appearance on letterman with a clinical ey3 reminds yo u that the key to stand - up is to always make it look easy, even though the reality is anything but.",neutral,60,5,True
"an energetic , violent movie with a momentum that never lets up .","an energetic, violent movie wih a momentum that never lets up.",neutral,19,2,True
"the movie is a desperate miscalculation . it gives poor dana carvey nothing to do that is really funny , and then expects us to laugh because he acts so goofy all the time .","the movie is a desperate miscalculation . it gives poor dana carvey nothing to do that is really fnuny, and then expects us to laugh because he acts so goofy all the time.",happiness,35,1,True
"seldahl's barbara is a precise and moving portrait of someone whose world is turned upside down , first by passion and then by illness .","seldahl 's barbra i s a precise and moving portrait of someone whoes world is turned uspide down, fir$t past passion and then by illness.",neutral,67,8,True
"trivial where it should be profound , and hyper-cliched where it should be sincere .","trivial where it should be profound, and hyper - cliched where it should be sicere.",happiness,22,1,True
set in a 1986 harlem that doesn't look much like anywhere in new york .,se t im a 1986 harlem that does m't look much same anyhere in new House of York.,neutral,91,16,False
a seriocomic debut of extravagant promise by georgian-israeli director dover kosashvili .,a seriocomic debut of extravagant promise by georgian - israei conductor do ver kosashivli.,neutral,75,14,False
what makes it worth watching is quaid's performance .,what makes it worth watching i s quaid 's performance.,neutral,14,1,True
"an inconsequential , barely there bit of piffle .","am inconsequential, barely there bit of piffle.",disgust,16,1,True
"if you're burnt out on it's a wonderful life marathons and bored with a christmas carol , it might just be the movie you're looking for . it depends on how well flatulence gags fit into your holiday concept .","if you're burnt out on it's a wonderful life marathons and bored with a christmas carol , it might just be the movie you're looking for . it dep3nds on how well flatluence ggs fit into your holiday concept.",neutral,29,3,True
it is great summer fun to watch arnold and his buddy gerald bounce off a quirky cast of characters .,it exist great summer fun to wacth arnold an d h is buddy gerald take a hop off a way-out cast of characters.,love,55,8,True
"haneke keeps us at arm's length . guided more by intellect than heart , his story flattens instead of sharpens .","haeke keep s us at a rm 's lenght. guided more by intellect than heart , his story flattens instead of sharpens .",neutral,30,5,True
"there's no question that epps scores once or twice , but it's telling that his funniest moment comes when he falls about ten feet onto his head .","there 's no question that epps scores once or twice, but it 's singing that his funniest moment coms when he falls about ten feet onto his head.",neutral,40,2,True
the story the movie tells is of brian de palma's addiction to the junk-calorie suspense tropes that have all but ruined his career .,the story t he movie tells is of brian de palma 's addiction to the junk - calorie suspense tropes th at have all but ruined his career.,confusion,66,8,True
"passion , lip-synching , tragedy , and lots of really really high notes . for me , this opera isn't a favorite , so it's a long time before the fat lady sings .","mania, lip - syncing, tragedy, and lots o f really really high bill. for me , this opera isn't a favorite , so it's a long time before the fat lady sings .",neutral,52,8,True
"bigelow offers some flashy twists and turns that occasionally fortify this turgid fable . but for the most part , the weight of water comes off as a two-way time-switching myopic mystery that stalls in its lackluster gear of emotional blandness .","bigelow offers some flashy twists and turn s that occasionally fortify this turgid fable. but for the most p@rt, the weight of water comes off as a two - w@y time - switching myopic mystery that stlals i n its lackluster train of emotional insipidity.",neutral,257,46,False
"for those of us who respond more strongly to storytelling than computer-generated effects , the new star wars installment hasn't escaped the rut dug by the last one .","for those of us World Health Organization respond mre strnogly to storytelling than computer - generated gist, the new sta r was installment has n't escaped the rut dug by the last one.",neutral,100,13,True
schindler's list it ain't .,schindler's list it ain't .,disgust,41,7,False
"even though we know the outcome , the seesawing of the general's fate in the arguments of competing lawyers has the stomach-knotting suspense of a legal thriller , while the testimony of witnesses lends the film a resonant undertone of tragedy .","even though we fuck the outcome, the seesawing of the general 's fate in the arguments of competing lawyers has the stomach - knotting suspense of a legal thriller, while the testimony of witnesses lends the film a resonant undertone of tragedy.",neutral,53,1,True
"that rare movie that works on any number of levels -- as a film of magic and whimsy for children , a heartfelt romance for teenagers and a compelling argument about death , both pro and con , for adults .","that uncommon movie that wo rks 0n any number of story - - as a film of legerdemain and whimsy f or children, a hearftelt romance for teenagers and a compleling argument about death, bo th pro and con, for adults.",neutral,221,41,False
"city by the sea is the cinematic equivalent of defensive driving : it's careful , conscientious and makes no major mistakes . but what saves lives on the freeway does not necessarily make for persuasive viewing .","city by the sea is the cinematc equivalent of defensive driving : it 's careful, conscientious and makes no major mistakes. but what saves lives on the freeway does not necessarily make for persuasive viewing .",love,41,5,True
an elegant and sly deadpan comedy .,an elegant a nd sly impassive comedy.,neutral,16,2,True
i don't even care that there's no plot in this antonio banderas-lucy liu faceoff . it's still terrible !,i do n't evn cae that there 's n o plot in this antonio banderas - lucy liu faeoff. it's still terrible !,disgust,41,5,True
"belongs to daniel day-lewis as much as it belongs to martin scorsese ; it's a memorable performance in a big , brassy , disturbing , unusual and highly successful film .","belngs to daniel day - lewis as much as it bel0ngs to martin scorsese ; it 's a memorable performance in a big, brassy, disturbing, unusual and highly successful filn.",neutral,51,3,True
"as much as i laughed throughout the movie , i cannot mount a cogent defense of the film as entertainment , or even performance art , although the movie does leave you marveling at these guys' superhuman capacity to withstand pain .","as much as i laughed throughout the movie , i cannot mount a cogent defense of the film as entertainment , or even performance art , although the movie does leave you marveling at these guys' superhuman capacity to withstand pain .",happiness,235,44,False
"a summary of the plot doesn't quite do justice to the awfulness of the movie , for that comes through all too painfully in the execution .","a summary of the plot does n't quite do justice to the awfunless of the movie, for that comes through all too painfully in the execution.",confusion,34,1,True
"if festival in cannes nails hard- boiled hollywood argot with a bracingly nasty accuracy , much about the film , including some of its casting , is frustratingly unconvincing .","if festival in cannes nails hard- boiled hollywood argot with a bracingly nasty accuracy, much about the film, imcluding some of its casting, is frustratingly unconvincing.",confusion,38,2,True
the result is an 'action film' mired in stasis .,the result i s an ' action fil m ' mi red i n stasis.,neutral,59,12,True
"it's a tour de force , written and directed so quietly that it's implosion rather than explosion you fear .","it 's a tour de force, written and directed so quietly that it 's implosion rather than exposion you fear.",fear,27,1,True
arnold's jump from little screen to big will leave frowns on more than a few faces .,arnold 's jumpstart fr om little sort to big will leav e frowns on more than a few f aces.,neutral,46,5,True
a good thriller .,a g ood thriller.,love,8,1,True
"i have no problem with "" difficult "" movies , or movies that ask the audience to meet them halfway and connect the dots instead of having things all spelled out . but first , you have to give the audience a reason to <b>want</b> to put for that effort , and "" i","i suffer no problem wi th "" difficult "" movies, or movie that ask the audience to fit them halfway and conncet the dots instead of having things all spelled out. but first, yo u h ave to render the audience a reason to < b > want</b > to pu t for that effort, and "" i",neutral,299,58,False
"'si bien no logra desarrollarse como un gran drama , tampoco es tan superficial como muchas cintas que pecan de pretenciosas y que resultan totalmente banales . '","' s i bien no lorga desarrol1arse como un gan drama, tamopco es sunburn trivial como mchas citnas que pec@n de pretenciosas y que resultam ttalmente banales. '",neutral,157,29,False
"it's got all the familiar bruckheimer elements , and schumacher does probably as good a job as anyone at bringing off the hopkins/rock collision of acting styles and onscreen personas .","it 's got all the familiar bruckheimer elements, and schunacher does probably as good a job as anyone at bringing off the hopkins / rock collsion of acting styles and onscreen personas.",happiness,44,2,True
