original_text,adversarial_text,original_label,requests_number,num_perturbed,attack_sucessful
"occasionally funny , always very colorful and enjoyably overblown in the traditional almodóvar style .","occasionally funny, always very colorful and enjoyably overblown in the traditional almodóvar style.",__label__2,19,1,True
becomes the last thing you would expect from a film with this title or indeed from any plympton film : boring .,becomes the last thi ng you would expect from a film with this title or indeed from any plympton film : borig.,__label__1,32,3,True
"sodden and glum , even in those moments where it's supposed to feel funny and light .","sodden and glum, ev en in those moments w here it 's supposed to feel funny and light.",__label__2,38,5,True
"some movies were made for the big screen , some for the small screen , and some , like ballistic : ecks vs . sever , were made for the palm screen .","some movies wer e made for the bi g screen, som3 for the small screen, and some, like ballistic : ecks vs. sever , were made for the palm screen .",__label__2,44,4,True
"it's not only dull because we've seen [eddie] murphy do the genial-rogue shtick to death , but because the plot is equally hackneyed .","it 's not only du ll because we 've seen [ eddie ] murphy do the genial - rogue shtick to death, but because the plot is equally hackneyed.",__label__1,34,1,True
"if you're looking for a smart , nuanced look at de sade and what might have happened at picpus , sade is your film .","if you 're looking for a smart, naunced look at de sade and wh@t might have take place at picpus, sade is your film.",__label__2,44,3,True
"it's hard to believe that a relationship like holly and marina's could survive the hothouse emotions of teendom , and its longevity gets more inexplicable as the characterizations turn more crassly reductive .","it 's hard to believe that a relationship like holly and marina 's could survive the hothouse emotions of teemdom, and its longevity gets more inexplicable axerophthol the characterizations plough more crassly reductive.",__label__2,63,5,True
friday after next is the kind of film that could only be made by african-americans because of its broad racial insensitivity towards african-americans .,friday after next is the kind o f film that could oly be made by african - americans because of its broad racial insensitivity towards african - americans.,__label__1,37,2,True
the worst film of the year .,t he wo rst film of the year.,__label__1,16,2,True
"it made me feel unclean , and i'm the guy who liked there's something about mary and both american pie movies . oh , and booty call .","it made me feel unclean, and i 'm the guy wh o liked there 's something about mary and both american pie movies. o h, a nd booyt shout out.",__label__1,58,7,True
"hardly a nuanced portrait of a young woman's breakdown , the film nevertheless works up a few scares .","hardly a naunced portrait of a young womn 's breakdown, the film nevertheless wor ks up a few pall.",__label__2,67,12,True
"this starts off with a 1950's doris day feel and it gets very ugly , very fast . the first five minutes will have you talking 'til the end of the year !","this starts off wi th a 1950 's dois day feel and it gets v ery ugly, very fast. the first five minutes will have you talking 'til the end of the year !",__label__1,49,6,True
"more vaudeville show than well-constructed narrative , but on those terms it's inoffensive and actually rather sweet .","more vaudeville show than well - constructed narrative, but on those terms it ' s inoffensive and actually rather sweet.",__label__2,30,2,True
'cq may one day be fondly remembered as roman coppola's brief pretentious period before going on to other films that actually tell a story worth caring about,' cq may one day be fondly remembered as roman coppola 's brief pretentius period before going on to other films that actually tell a story worth caring about,__label__1,34,1,True
"the inspirational screenplay by mike rich covers a lot of ground , perhaps too much , but ties things together , neatly , by the end .","the ispirational screenplay by mike rich covers a 1ot of gronud, prehaps too much, but ti es things together, neatyl, by the 3nd.",__label__2,66,8,True
it's probably worth catching solely on its visual merits . if only it had the story to match .,it's probably worth catching solely on its visual merits . if only it h@d t he sotry t o mach.,__label__1,40,7,True
"fairy-tale formula , serves as a paper skeleton for some very good acting , dialogue , comedy , direction and especially charm .","fairy - tale formula, serves as a paper skeleton for some ve ry g ood acting, dialogue, comedy, direction and especially charm.",__label__2,42,6,True
"the color sense of stuart little 2 is its most immediate and most obvious pleasure , but it would count for very little if the movie weren't as beautifully shaped and as delicately calibrated in tone as it is .","the color sense of stuart little 2 is its most immediate and most obvious pleasure, but it would count for very little if the movie were n't as beautifully shaped and as delicately calibrated in tone as it is.",__label__2,45,1,True
the most surprising thing about this film is that they are actually releasing it into theaters .,the most surprising thing about this film is that th3y are actually releasing it in to theaters.,__label__2,26,2,True
a fan film that for the uninitiated plays better on video with the sound turned down .,a fan fi lm that for the uninitiated plays better on video with the sound turned do wn.,__label__2,26,2,True
"strong filmmaking requires a clear sense of purpose , and in that oh-so-important category , the four feathers comes up short .","strong filmmaking requires a clear sense of purpose, and in that oh - so - important c@tegory, the four feathers comes up short.",__label__1,33,1,True
". . . an otherwise intense , twist-and-turn thriller that certainly shouldn't hurt talented young gaghan's resume .",". . . an otherwise int3nse, twist - and - turn thriler that certainly should n't hurt talented young gaghan 's resume.",__label__2,33,2,True
cho's timing is priceless .,cho 's timing is priceless.,__label__2,10,1,True
. . . a lesson in prehistoric hilarity .,. . . a lesson in prehistoric hilarity .,__label__2,3,0,False
"this is a good script , good dialogue , funny even for adults . the characters are interesting and often very creatively constructed from figure to backstory . the film will play equally well on both the standard and giant screens .","this i$ a upright script, g ood dilaogue, suspect even for aduls. the characters are interesting and often very creatively constructed from figure to backstory . the film will play equally well on both the standard and giant screens .",__label__2,66,13,True
an almost unbearably morbid love story .,an almost unbearably diseased love st ory.,__label__1,41,7,False
if you grew up on scooby -- you'll love this movie . matthew lillard is born to play shaggy !,if you gr ew up on scooby -- you 'll l ove this movie. matthew lillard is born to play shaggy !,__label__2,28,3,True
"as conceived by mr . schaeffer , christopher and grace are little more than collections of quirky traits lifted from a screenwriter's outline and thrown at actors charged with the impossible task of making them jell .","as conceived by mr . schaeffer , christopher and grace are little more than collections of quirky traits lifted from a screenwriter's outline and thrown at actors charged with the impossible task of making them jell .",__label__1,215,38,False
"do not , under any circumstances , consider taking a child younger than middle school age to this wallow in crude humor .","suffice non, under a ny circumstances, see taking a child younger than middle shcool long time to this welter in crude humor.",__label__1,64,10,True
"depicts the sorriest and most sordid of human behavior on the screen , then laughs at how clever it's being .","depicst the sorriest and most sordid of homo behavoir on the screen, then laughs at how clever it 's bein g.",__label__2,43,4,True
"alex nohe's documentary plays like a travelogue for what mostly resembles a real-life , big-budget nc-17 version of tank girl .","alex nohe 's documentary plays lik e a travelogue for what mostly resembles a real - life, big - budget nc-17 version of tank girl.",__label__1,30,1,True
"a beautiful , timeless and universal tale of heated passions -- jealousy , betrayal , forgiveness and murder .","a beautiful, timel3ss and universal t ale of heated passions -- jealousy, betrayal, forgiveness and murder.",__label__2,38,4,True
ya-yas everywhere will forgive the flaws and love the film .,ya - yas everywhere will forgive the flaw s and love t he film.,__label__2,33,5,True
"watching the powerpuff girls movie , my mind kept returning to one anecdote for comparison : the cartoon in japan that gave people seizures .","watching the powerpuff girls movie, my mind kept returning to one anedote for comparison : the carton in japan that gave people seizure.",__label__1,53,5,True
"austin powers in goldmember is a cinematic car wreck , a catastrophic collision of tastelessness and gall that nevertheless will leave fans clamoring for another ride .","austin powers in goldmember is a cinematic car wreck, a catastrophic collision of tastelessness and gall that nvertheless will leave fans clamoring for another ride.",__label__2,32,1,True
"[gai] comes closer to any actress i can remember to personifying independence in its purest and , yes , most intimidating form .","[ gai ] come s closer t o any actress i can rememer to personifying independence in its virgin and, yes, nearly intimidaing form.",__label__2,60,8,True
the pool drowned me in boredom .,t he pool drowned me in tedium.,__label__1,17,3,True
"the tone is balanced , reflective and reasonable .","the tone is balanced, reflective and reasonable.",__label__2,13,1,True
brings an irresistible blend of warmth and humor and a consistent embracing humanity in the face of life's harshness .,play an irresistible bend o f warmth a nd hu mor and a consistent embracing humnaity in the face of life 's harshness.,__label__2,50,6,True
"a ragbag of promising ideas and failed narrative , of good acting and plain old bad filmmaking .","a ragbag of promising ideas and go wrong narrative, of good acting and plai n old badness filmmaking.",__label__1,47,6,True
writer/director alexander payne ( election ) and his co-writer jim taylor brilliantly employ their quirky and fearless ability to look american angst in the eye and end up laughing .,writer / director alexander payne ( election ) and his co - writer jim taylor brillianly employ their quirky and fearless ability to look american angst in the eye and end up laughing.,__label__2,39,1,True
"a well-done film of a self-reflexive , philosophical nature .","a well - done film of a self - reflexive, philosophical nature.",__label__2,18,1,True
"entertains not so much because of its music or comic antics , but through the perverse pleasure of watching disney scrape the bottom of its own cracker barrel .","entertains n ot so much because of its music or comic antics, but through the perverse pleasure of watching disney scrape the bottom of its own cracker barrel.",__label__1,33,1,True
"an amusing and unexpectedly insightful examination of sexual jealousy , resentment and the fine line between passion and pretence .","an amusing and unexpectedly insgihtful test of sexual jealousy, resentment and the fine line between passion and pretemce.",__label__2,38,3,True
"there ought to be a directing license , so that ed burns can have his revoked .","there ougt to be a directing license, so that ed bruns can have his revoked.",__label__1,27,2,True
"while most films these days are about nothing , this film seems to be about everything that's plaguing the human spirit in a relentlessly globalizing world .","while most films these days are about nothing, this film seems to be about everything that 's plaguing the human spirit i n a relentlessly globalizing world.",__label__1,73,10,True
i'm going to give it a marginal thumbs up . i liked it just enough .,i 'm going to give it a marginal thumbs up. i care information technology just enough.,__label__2,45,7,True
"clint eastwood's blood work is a lot like a well-made pb& j sandwich : familiar , fairly uneventful and boasting no real surprises  but still quite tasty and inviting all the same .","clint eastwood 's blood work is a lot like a well - made pb & j sandwich : familiar, failry uneventful and boasting no real surprises  but s till quite t@sty and inviting all the same.",__label__2,52,3,True
"its story about a young chinese woman , ah na , who has come to new york city to replace past tragedy with the american dream is one that any art-house moviegoer is likely to find compelling .","its story aout a yo ung chinese woman, ah na, who has come to new york cit y t o replac3 past tragedy with th e aerican draem represent one that any art - huse moviegoer is likely t o fid compellng.",__label__2,139,23,True
"one of the most plain , unimaginative romantic comedies i've ever seen .","one of the most plain, unimaginative romantic comedies i 've of all time see n.",__label__1,27,2,True
"phillip noyce and all of his actors -- as well as his cinematographer , christopher doyle -- understand the delicate forcefulness of greene's prose , and it's there on the screen in their version of the quiet american .","phillip noyce and all of his actors -- as wll a$ his cinematographer, christopher doyle -- sympathize the delictae forcefulness of greene 's prose, and it 's there on the screen i n their version of the quiet american.",__label__2,71,7,True
the transporter bombards the viewer with so many explosions and side snap kicks that it ends up being surprisingly dull .,the transporter bombards the viewer with so many explosions and side snap kicks that it ends up being surprisingly dull.,__label__1,27,1,True
it's lazy for a movie to avoid solving one problem by trying to distract us with the solution to another .,it 's lazy for a movie t o avoid solving one problem by trying to distract us with the solution to another.,__label__2,26,1,True
"me no lika da accents so good , but i thoroughly enjoyed the love story . scott baio is turning in some delightful work on indie projects .","me no lika da accents s o god, simply i throughly enjoyde the dear story. scott baio is turning in some delightful work on indie projects .",__label__2,57,9,True
"short and sweet , but also more than anything else slight tadpole pulls back from the consequences of its own actions and revelations .","short and sweet, b ut also more than anything els3 little tadpole pulls back from the consequences of its o wn actions and Revelation of Saint John the Divine.",__label__2,62,7,True
alarms for duvall's throbbing sincerity and his elderly propensity for patting people while he talks .,alarms for duvall 's throbbing sincerity and his elderly propensity for patting people while h e talk s.,__label__1,26,2,True
martyr gets royally screwed and comes back for more .,martyr gets royally scewed and co mes back for more.,__label__1,19,2,True
i didn't laugh . i didn't smile . i survived .,i didn't laugh . i coif n't grinning. i survived.,__label__2,32,6,True
"overly stylized with lots of flash black-&-white freeze frames reminiscent of a pseudo-hip luxury car commercial , ( it's ) at its worst when it's actually inside the ring .","overly stylized with lots of flash black-&-white freeze frames reminiscent of a pseudo - hip luxury car comercial, ( it ' s ) at its tough when i t 's actually inside the ring.",__label__1,81,12,True
"reeboir varies between a sweet smile and an angry bark , while said attempts to wear down possible pupils through repetition . it has no affect on the kurds , but it wore me down .","reeboir varies between a sweet smile and an angry bark , while said attempts to wear down possible pupils through repetition . it has mo affect on the kurds, but it wor e m e down.",__label__1,35,5,True
a sometimes tedious film .,a sometimes teious film.,__label__1,10,1,True
i admired this work a lot .,i admired tis wo rk a lo t.,__label__2,33,7,False
staggeringly dreadful romance .,staggeringly dre@dful romance.,__label__1,23,4,False
a flawed but engrossing thriller .,a flawed b ut engrossing trhiller.,__label__2,31,6,False
"efteriades gives the neighborhood -- scenery , vibe and all -- the cinematic equivalent of a big , tender hug .","efteriades g ives t he neighborhood -- scenery, vibe and all -- the cinematic equivalent of a big, tender hug.",__label__2,35,3,True
. . . there's enough cool fun here to warm the hearts of animation enthusiasts of all ages .,. . . there 's enough cool fu n here to warm the hearts of animation enthusiasts of a ll ags.,__label__2,33,3,True
"adults will certainly want to spend their time in the theater thinking up grocery lists and ways to tell their kids how not to act like pinocchio . as for children , they won't enjoy the movie at all .","adults will certainly want to sp end their time in the theater thinking up grocery lists and ways to tell their kids how no t to act like pinocchio. as for children , they won't enjoy the movie at all .",__label__1,43,3,True
the quirky drama touches the heart and the funnybone thanks to the energetic and always surprising performance by rachel griffiths .,the quirky drama toches the pump and the funnybne th@nks to the enrgetic and always surprsiing public presentation by rachel griffiths.,__label__2,66,9,True
director jay russell weighs down his capricious fairy-tale with heavy sentiment and lightweight meaning .,director jay russell weighs down his capricious fairy - tale with heavy seniment and lightweight meaning.,__label__1,32,3,True
the kind of primal storytelling that george lucas can only dream of .,the kind of primal storytelling that george luas can on ly dream of.,__label__1,22,2,True
"a powerful , inflammatory film about religion that dares to question an ancient faith , and about hatred that offers no easy , comfortable resolution .","a powerful, inflammatory film about religion that dares to question an ancient faith, and about hatred that offers no easy, comfortable resolution.",__label__2,30,1,True
it's so good that you can practically see the hollywood 'suits' trying to put together the cast and filmmaking team for the all-too -inevitable american remake .,it 's s o good that you can much see the hollywood ' suits ' trying to put together the cast and filmmaking team for the all - too -inevitable american remake.,__label__2,41,2,True
"the setting is so cool that it chills the characters , reducing our emotional stake in the outcome of "" intacto's "" dangerous and seductively stylish game .","the setting is so co0l that it chils the characters, reducing our emotional stake in the outcome of "" intacto 's "" dangerous and seductively stylish game.",__label__2,39,2,True
"nicks refuses to let slackers be seen as just another teen movie , which means he can be forgiven for frequently pandering to fans of the gross-out comedy .","nicks refues to let slackers be seen as just another teen movie, which means he can be forgiven for frequently pandeing to fans of the gro ss - out comedy.",__label__1,46,3,True
"as if to prove a female director can make a movie with no soft edges , kathryn bigelow offers no sugar-coating or interludes of lightness . her film is unrelentingly claustrophobic and unpleasant .","a s i f to prove a female director can make a movie with no soft edges, kathryn bigelow offers mo sugar - coating or interludes of lightness. her fi lm i s unrelentigly claustrophboic and upleasant.",__label__1,88,11,True
"a loud , ugly , irritating movie without any of its satirical salvos hitting a discernible target .","a loud, ugly, nettle mo vie witohut whatever o f i ts satirical salvso hitting a discernible target.",__label__1,72,13,True
"take care is nicely performed by a quintet of actresses , but nonetheless it drags during its 112-minute length .","take care i s nicely performed by a quintet of actresses, but nonetheless it drags during its 112 - minute length.",__label__1,36,3,True
both a grand tour through 300 hundred years of russian cultural identity and a stunning technical achievement .,bot h a grand tour through 300 hundred years of russian cultural identity and a sandbag technical achievement.,__label__2,27,2,True
fessenden's narrative is just as much about the ownership and redefinition of myth as it is about a domestic unit finding their way to joy .,fessenden 's narrative is just a s much about the ownership and redefinition of myth as it is about a domestic unit finding their way to joy.,__label__2,31,1,True
this is the kind of movie where people who have never picked a lock do so easily after a few tries and become expert fighters after a few weeks .,this is the kind of movie where people who have never picked a lock do s o easily after a few tries and become expert fighters after a few weeks.,__label__1,35,2,True
it's the unsettling images of a war-ravaged land that prove more potent and riveting than the unlikely story of sarah and harrison .,it 's the unsettling images of a war - ravaged land that prove more ptoent and concentrate than t he unlikely narrative o f sarah and Reginald Carey Harrison.,__label__2,55,6,True
"best of all is garcia , who perfectly portrays the desperation of a very insecure man .","best of all i s garcia, who pefectly portrays the desperation of a very insecure man.",__label__2,26,2,True
weiss and speck never make a convincing case for the relevance of these two 20th-century footnotes .,weiss and speck never make a convincig case for the relevance of these two 20th - century footnotes.,__label__2,24,1,True
everyone's to blame here .,everyone 's t o blaem here.,__label__1,15,2,True
changing lanes is an anomaly for a hollywood movie ; it's a well-written and occasionally challenging social drama that actually has something interesting to say .,changing lanes is an anomaly for a hollywood movie ; it 's a we ll - written and occasionally challenging social drama that actually own something interesting t0 say.,__label__2,43,3,True
just not campy enough,jus t non cam py enough,__label__1,18,3,True
"if oscar had a category called best bad film you thought was going to be really awful but wasn't , guys would probably be duking it out with the queen of the damned for the honor .","if oscar had a category called best ba d film you thought was going to be really aw ful but was n't, guys would probably be duking it out with the queen of the damned for the honor.",__label__1,47,2,True
"accuracy and realism are terrific , but if your film becomes boring , and your dialogue isn't smart , then you need to use more poetic license .","accuracy and realism are wonderful, but 1f your film becomes boring, and your dialogue is n't smart, then y0u nee d to use more petic license.",__label__2,58,6,True
"this engrossing , characteristically complex tom clancy thriller is shifty in the manner in which it addresses current terrorism anxieties and sidesteps them at the same time .","this engrossing, characteristically complex tom clancy thriller is shifty in the manner in which it addreses current terrorism anxieties and sidesteps thm at the same clock time.",__label__2,60,8,True
i hope the movie is widely seen and debated with appropriate ferocity and thoughtfulness .,i hope the movie is widely seen and debated with appropriate furiousness and thoughtfulness.,__label__1,23,1,True
"based on dave barry's popular book of the same name , the movie benefits from having a real writer plot out all of the characters' moves and overlapping story .","based on dave barry's popular book of the same name , the movie benefits from having a real writer plot out all of the characters' moves and overlapping story .",__label__1,179,32,False
"thirty years ago , it would have been groundbreaking . now it's just tired .","thirty years ago , it would have been groundbreaking . now i t 's just tired.",__label__1,11,1,True
the big finish is a bit like getting all excited about a chocolate eclair and then biting into it and finding the filling missing .,the big finish is a bit like getting all excited about a chocolate eclair and and then biting into it and finding the filling missing.,__label__1,53,5,True
"a movie just for friday fans , critics be damned . if you already like this sort of thing , this is that sort of thing all over again .","a movie just for friday fans , critics be damned . if you already like this sort of thing , this is that sort of thing all over again .",__label__2,58,11,False
[crystal and de niro] manage to squeeze out some good laughs but not enough to make this silly con job sing .,[ crystal and de niro ] manage t o squeeze out some good laughs bu t n ot enough to make this $illy con job sing.,__label__1,48,5,True
"it may not be a huge cut of above the rest , but i enjoyed barbershop . it's a funny little movie with clever dialogue and likeable characters .","it may not be a huge cut of above the rest , but i enjoyed barbershop . it 's a funny little picture w ith clever dialogue and likeble characters.",__label__2,29,3,True
"it's predictable , but it jumps through the expected hoops with style and even some depth .","it 's predictabl3, but it jumps through the expected hoops with style and even some d3pth.",__label__1,30,2,True
"an exceptionally dreary and overwrought bit of work , every bit as imperious as katzenberg's the prince of egypt from 1998 .","an exceptionally dreary and overwrouht bit of work, every bit as imperious as katzenberg 's the prince of egypt from 1998.",__label__1,28,1,True
"secretary manages a neat trick , bundling the flowers of perversity , comedy and romance into a strangely tempting bouquet of a movie .","sceretary manaegs a nat trick, bundling the flowers of perversity, comedy and romance into a strangely tempting bouquet of a m ovie.",__label__2,46,5,True
"for all the dolorous trim , secretary is a genial romance that maintains a surprisingly buoyant tone throughout , notwithstanding some of the writers' sporadic dips into pop freudianism .","for al l the dolorous trim, secretary is a genila romance that maintain$ a astonishingly buoyant tone throughout, notwithstanding some of the writers ' sporadic dips into pop freudianism.",__label__2,51,5,True
narc is all menace and atmosphere .,narc is all menace and atmosphere.,__label__2,12,1,True
"the story loses its bite in a last-minute happy ending that's even less plausible than the rest of the picture . much of the way , though , this is a refreshingly novel ride .","the story loses its bite in a last-minute happy ending that's even less plausible than the rest of the picture . much of the way, though, this is a refreshingly novel ride.",__label__2,19,1,True
the modern-day characters are nowhere near as vivid as the 19th-century ones .,the modern - day graphic symbol are nowhere nea r a s vivid as the 19th - century ones.,__label__1,32,4,True
filmmaker tian zhuangzhuang triumphantly returns to narrative filmmaking with a visually masterful work of quiet power .,filmmaker tian zhuangzhuang triumphantly returns to narrative filmmaking with a visually virtuoso work of quiet power.,__label__2,25,1,True
a really funny fifteen-minute short stretched beyond its limits to fill an almost feature-length film .,a really funny fifteen - minute short stretched beyond its limts to fill an almost feature - length film.,__label__2,30,2,True
"reggio falls victim to relying on the very digital technology that he fervently scorns , creating a meandering , inarticulate and ultimately disappointing film .","reggio fall s victim to relying o n the ve ry digital technology that he fervently scorns, cretaing a rambling, inarticulate and ultimately dissatisfactory film.",__label__1,70,10,True
"watching this gentle , mesmerizing portrait of a man coming to terms with time , you barely realize your mind is being blown .","watching this gentle, mesmerise portait of a man coming to terms with time, yo u barely realize your mind is being blown.",__label__2,40,4,True
manages to be both repulsively sadistic and mundane .,manages to b e both repulsively sadistic and quotidian.,__label__1,23,3,True
""" freaky friday , "" it's not .",""" freaky friday, "" i t 's n0t.",__label__1,20,4,True
"a lousy movie that's not merely unwatchable , but also unlistenable .","a lous y movie that 's not merely unwatchable, but also unlistenable.",__label__1,18,2,True
i'm just too bored to care .,i ' m ju$t t0o bred to care.,__label__1,31,5,True
laggard drama wending its way to an uninspired philosophical epiphany .,laggard drama wending its wa y to an uninspierd philosophical epiphany.,__label__1,20,2,True
"you've already seen city by the sea under a variety of titles , but it's worth yet another visit .","you 've already seen cty by the sea under a variety of titles, but it 's Charles Frederick Worth yet another visit.",__label__2,110,20,True
"its story may be a thousand years old , but why did it have to seem like it took another thousand to tell it to us ?","its story may be a thousand years old, but wh y did it have to seem like it took another thousand to tell it to us?",__label__1,31,1,True
". . . instead go rent "" shakes the clown "" , a much funnier film with a similar theme and an equally great robin williams performance .",". . . instead go re nt "" shakes the clown "", a m uch funnier film with a similar theme and an equally great robin williams performance.",__label__1,42,5,True
an awkwardly garish showcase that diverges from anything remotely probing or penetrating .,a n awkwarldy garsh display case that dverges from anytihng rem0tely probing or penetrating.,__label__1,52,8,True
a well paced and satisfying little drama that deserved better than a direct-to-video' release .,a we ll paced and satisfiyng little drama that deserved better thn a direct - to - video ' release.,__label__2,34,3,True
"a spunky , original take on a theme that will resonate with singles of many ages .","a spunky, origial tke on a theme that w ill resonate with singles of m any ags.",__label__2,52,8,True
"this version moves beyond the original's nostalgia for the communal film experiences of yesteryear to a deeper realization of cinema's inability to stand in for true , lived experience .","this version moves beyond the original 's nostalgia for the communal film experiences of yesteryear to a deepr realization of cinema 's inability to stand in for true, lived experience.",__label__2,37,1,True
too clunky and too busy ribbing itself to be truly entertaining .,to o clnuky and as well busy ribbing itself to be truly entertaining.,__label__1,31,4,True
the wild thornberrys movie is a jolly surprise .,the wild thornberrys movie is a joly surprisal.,__label__2,21,4,True
"in its own floundering way , it gets to you . just like igby .","in its ow n floundering way, it gets to you. just like igby .",__label__2,16,1,True
not sweet enough to liven up its predictable story and will leave even fans of hip-hop sorely disappointed .,n ot sweet enough to liven up its predcitable story and will leave even fans of hip - hop soely disapponted.,__label__1,41,5,True
"a movie that , rather than skip along the seine , more or less slogs its way through soggy paris , tongue uncomfortably in cheek .","a movie that, rather than ski p aolng the seine, more or less slogs its wa y through soggy paris, tongue uncomfortably in cheek.",__label__1,42,3,True
"for its 100 minutes running time , you'll wait in vain for a movie to happen .","for its 100 minutes running time, you 'll wait in va in for a movie to happen.",__label__1,28,3,True
"a punch line without a premise , a joke built entirely from musty memories of half-dimensional characters .","a punch line without a prem1se, a jok e built entirely from mu sty memories of hal f - dimension@l characters.",__label__1,50,7,True
"thirteen conversations about one thing lays out a narrative puzzle that interweaves individual stories , and , like a mobius strip , elliptically loops back to where it began .","thirteen conversations about one ting lays out a narrative puzzle that interweaves individual stories, and, like a mobius strip, elliptically loops back to where it began.",__label__1,130,24,True
many of benjamins' elements feel like they've been patched in from an episode of miami vice .,many of benjamins ' elements feel like they 've been patched i n from an episode of miami frailty.,__label__2,28,2,True
"samira makhmalbaf's new film blackboards is much like the ethos of a stream of consciousness , although , it's unfortunate for the viewer that the thoughts and reflections coming through are torpid and banal","samira makhmalbaf 's new film blackboards is much like the ethos of a stream 0f consciousness, although, it 's unf0rtunate for the viewer that the thoughts and reflections coming through are torpid and ba nal",__label__1,53,3,True
"it's not so much enjoyable to watch as it is enlightening to listen to new sides of a previous reality , and to visit with some of the people who were able to make an impact in the theater world .","it 's not so much enoyable to watch as it is elightening to listen to new sides of a previous reality, and to visit with some of the people who wre able to make an impact in the theater world.",__label__2,57,3,True
a tv style murder mystery with a few big screen moments ( including one that seems to be made for a different film altogether ) .,a tv sty le murder mystery with a few big screen momemts ( including one that seems to be made for a different film altogetehr ).,__label__1,58,9,True
a rambling ensemble piece with loosely connected characters and plots that never quite gel .,a ramb1ing ensemble piece with loosley connected characters and plots that never q uite gel.,__label__1,30,4,True
features what is surely the funniest and most accurate depiction of writer's block ever .,features what is surely the funniets and most acurate depition o f writer 's block of all time.,__label__2,45,6,True
"while you have to admit it's semi-amusing to watch robert deniro belt out "" when you're a jet , you're a jet all the way , "" it's equally distasteful to watch him sing the lyrics to "" tonight . ""","while you have to admit it's semi-amusing to watch robert deniro belt out "" when you're a jet , you're a jet all the way , "" it's equally distasteful to watch him sing the lyrics to "" tonight . """,__label__1,245,47,False
gives an intriguing twist to the french coming-of-age genre .,g ives an intrigung twist to the french coming - of - age genre.,__label__2,23,2,True
"using a stock plot , about a boy injects just enough freshness into the proceedings to provide an enjoyable 100 minutes in a movie theater .","using a stock plot, about a boy injects just eough freshness into the proceedings to provide an enjoyalbe 100 minutes in a movie theater.",__label__2,36,2,True
"i've always dreamed of attending cannes , but after seeing this film , it's not that big a deal .","i 've always dreamed of attending cannes, but after seeing this film, it 's not that boastful a dea l.",__label__2,35,2,True
"a sad , superior human comedy played out on the back roads of life .","a sad, superior human comedy played out o n the back roads of life.",__label__2,19,1,True
"it arrives with an impeccable pedigree , mongrel pep , and almost indecipherable plot complications .","1t arrves with an impeccable pedigree, mongrel pep, and almost indecipherable plot complications.",__label__1,53,7,True
"a film which presses familiar herzog tropes into the service of a limpid and conventional historical fiction , when really what we demand of the director is to be mesmerised .","a film which presses familiar herzog tropes into the service of a limpid and conventional historical fiction, when really what we demand of the drector i s to be mesmerised.",__label__1,40,2,True
"mild , meandering teen flick .","mi ld, mandering ten flick.",__label__1,21,4,True
"for every cheesy scene , though , there is a really cool bit -- the movie's conception of a future-world holographic librarian ( orlando jones ) who knows everything and answers all questions , is visually smart , cleverly written , and nicely realized .","for every cheesy scene, though, there 1s a really cool bit -- the movie 's conception of a fuutre - w orld holographic librarian ( orlando jones ) who knows everything and ansewrs all questions, is visually sm art, clevrly written, and niely realized.",__label__2,93,10,True
"although largely a heavy-handed indictment of parental failings and the indifference of spanish social workers and legal system towards child abuse , the film retains ambiguities that make it well worth watching .","although largely a heavy - handed indictment of parental failings and the indifference of spanish social workers and legal system towards child abuse, the film retains ambiguities that make it w ell wort h watching.",__label__2,44,2,True
serving sara should be served an eviction notice at every theater stuck with it .,serving sara should be served an eviction notice at every theater s tuck wi th it.,__label__1,24,2,True
"just because it really happened to you , honey , doesn't mean that it's interesting to anyone else .","just because it rally happened to you, honey, does n't mean that it 's interesting t o anyone else.",__label__2,30,2,True
one of those terrific documentaries that collect a bunch of people who are enthusiastic about something and then figures out how to make us share their enthusiasm .,one of those wonderful documentaries that collect a bunch of people who are enthusiastic about something and then figures out how to make us share their enthusiasm.,__label__2,163,28,False
a classy item by a legend who may have nothing left to prove but still has the chops and drive to show how its done .,a calssy item by a legend who may have nothing left to prove but st ill has the chops and drive to show how its done.,__label__2,35,2,True
the production values are of the highest and the performances attractive without being memorable .,the production values a re o f the highest and the performances attractive wthout bein g memorable.,__label__2,39,5,True
"not only does the movie fail to make us part of its reality , it fails the most basic relevancy test as well .","not only does the movie f@il to make us part of its reality, it fils the most basi c relevancy test as well.",__label__1,38,3,True
"this story still seems timely and important . and there's an element of heartbreak to watching it now , with older and wiser eyes , because we know what will happen after greene's story ends .","this story still seems tmely and importnt. and there's an element of heartbreak to watching it now , with older and wiser eyes , because we know what will happen after greene's story ends .",__label__2,19,2,True
it's one pussy-ass world when even killer-thrillers revolve around group therapy sessions .,it 's on e pussy - ass wo rld when even killer - thrillers revolve around group therapy sessions.,__label__1,32,3,True
"a witty , whimsical feature debut .","a witty, whimical feature debut.",__label__2,12,1,True
an engrossing iranian film about two itinerant teachers and some lost and desolate people they encounter in a place where war has savaged the lives and liberties of the poor and the dispossessed .,an engossing iranian film about two itinerant teachers and some lost and desolate people they encounter in a place where war has savaged the liv es and liberties of the poor and the dispossessed.,__label__2,43,2,True
"although fairly involving as far as it goes , the film doesn't end up having much that is fresh to say about growing up catholic or , really , anything .","although fairly involving as far as it goes , the film doesn't end up having much that is fresh to say about growing up catholic or , really , anything .",__label__2,179,32,False
it's fascinating to see how bettany and mcdowell play off each other .,it 's f@scinating to see how bettany an d mcdowell play off e ach ot her.,__label__2,33,4,True
"collateral damage is , despite its alleged provocation post-9/11 , an antique , in the end . as are its star , its attitude and its obliviousness .","collateral damage 1s, despite its alleged provocation post-9/11, an antiue, in t he end. as are its star , its attitude and its obliviousness .",__label__1,59,10,True
"despite its title , punch-drunk love is never heavy-handed . the jabs it employs are short , carefully placed and dead-center .","despite its title, punch - dru nk love is never heavy - handed. the jabs it employs are short , carefully placed and dead-center .",__label__1,19,1,True
"just a string of stale gags , with no good inside dope , and no particular bite .","just a string of s tale gags, with n o good inside dope, and n o particular bite.",__label__1,37,4,True
how this one escaped the lifetime network i'll never know .,how th is one escaped the lifetime network i 'll never know.,__label__1,16,1,True
"the biggest problem with satin rouge is lilia herself . she's a cipher , played by an actress who smiles and frowns but doesn't reveal an inner life .","the biggest problm with satin rouge is lilia herself. she's a cipher , played by an actress who smiles and frowns but doesn't reveal an inner life .",__label__1,16,1,True
"a movie i loved on first sight and , even more important , love in remembrance .","a movie i loved on first sigt and, even mor3 important, eff in remembrance.",__label__2,33,4,True
"branagh , in his most forceful non-shakespeare screen performance , grounds even the softest moments in the angry revolt of his wit .","branagh, in his mot forceful non - shakespeare screen performance, grounds even the softest moments in the angry revolt of his wit.",__label__2,30,1,True
"the film , while not exactly assured in its execution , is notable for its sheer audacity and openness .","the f ilm, while not exactly assured in its execution, is notable for its sheer audacity and openness.",__label__1,57,10,True
the ending feels at odds with the rest of the film .,the ending feels at odds with t he rst of the film.,__label__1,21,2,True
beautifully directed and convincingly acted .,beautifuly directed and convincingly ac ted.,__label__2,15,2,True
"another big , dumb action movie in the vein of xxx , the transporter is riddled with plot holes big enough for its titular hero to drive his sleek black bmw through .","another big, dumb action movie in the vein of xxx, the transporter is ridled with plot holes big enough for its titular hero to drive his sleek black bmw through.",__label__1,38,1,True
"mandel holland's direction is uninspired , and his scripting unsurprising , but the performances by phifer and black are ultimately winning . you'll find yourself wishing that you and they were in another movie .","mandel hol1and 's direction is unimspired, and his scripting unusrprising, b ut the performances by phifer and black are ultimately winning. you'll find yourself wishing that you and they were in another movie .",__label__1,49,6,True
absolutely ( and unintentionally ) terrifying .,absolutely ( a nd unintentoinally ) terrifying.,__label__1,17,3,True
crush is so warm and fuzzy you might be able to forgive its mean-spirited second half .,crush is so warm and fuzzy y ou might be able to forgive its man - spirited second half.,__label__1,29,2,True
"to paraphrase a line from another dickens' novel , nicholas nickleby is too much like a fragment of an underdone potato .","t o paraphrasis a line from anther dickens ' novel, nichols nickleby equal also much like a fragment o f an underdone potato.",__label__1,58,7,True
uneven but a lot of fun .,unevn but a lot of fun.,__label__2,37,7,False
do not see this film .,d o n ot see this film.,__label__1,15,2,True
the cast delivers without sham the raw-nerved story .,th3 cast delivers wthout sham the r aw - nerve st ory.,__label__2,61,11,False
the stunt work is top-notch ; the dialogue and drama often food-spittingly funny .,the stunt work is to p - notch ; the dialogue and draam often food - spittingly funny.,__label__2,27,2,True
"the only camouflage carvey should now be considering is a paper bag to wear over his head when he goes out into public , to avoid being recognized as the man who bilked unsuspecting moviegoers .","the only camouflage carvey should now be considering is a paper bag to wear over his head when he goes out into public, to avoid being recognized group A the man who bilked unsuspecting moviegoers.",__label__2,75,8,True
a bit too eager to please .,a bit too eag er t o plase.,__label__1,37,7,False
"as well-acted and well-intentioned as all or nothing is , however , the film comes perilously close to being too bleak , too pessimistic and too unflinching for its own good .","as well - acted and well - intentioned as all or nothing is, however, the film comes perilously close to being too bleak, too pessimistic an d too unflinching for its own good.",__label__1,40,1,True
"men in black ii has sequel-itis something fierce . an ungainly , comedy-deficient , b-movie rush job . . .","manpower im blac k i1 ha s sequel - itis smoething fierce. an ungainly , comedy-deficient , b-movie rush job . . .",__label__1,41,6,True
"the jokes are flat , and the action looks fake .","the jokes are f1at, and the action looks talk through one's hat.",__label__1,61,11,False
"this cuddly sequel to the 1999 hit is a little more visually polished , a little funnier , and a little more madcap .","this cudd1y sequel to the 1999 hit i s a little more visually polished, a little odd, and a little more madcap.",__label__2,46,7,True
""" 13 conversations about one thing "" is an intelligent flick that examines many different ideas from happiness to guilt in an intriguing bit of storytelling .",""" 13 conversations about one t hing "" is Associate in Nursing intelilgent flick that exaines mny different ideas from happiness to guilt in an fascinate bit of storytellig.",__label__2,61,7,True
"the movie is gorgeously made , but it is also somewhat shallow and art-conscious .","the movie is gorgeously made, but it is also somewhat shalow and art - conscious.",__label__1,22,1,True
the piece plays as well as it does thanks in large measure to anspaugh's three lead actresses .,the piece plays as well a s it does thakns in large measure to anspaugh 's three lead actresses.,__label__2,28,2,True
. . . the picture's cleverness is ironically muted by the very people who are intended to make it shine .,. . . the picture's cleverness is ironically muted by the very people who are intended to make it shine .,__label__1,121,22,False
"it's a rollicking adventure for you and all your mateys , regardless of their ages .","it 's a rolicking adventure for you and all your mateys, regardless of their ages.",__label__2,22,1,True
"the film is old-fashioned , occasionally charming and as subtle as boldface .","the fim is old - fashioned, occasionally charmnig @nd as sutle as bolface.",__label__2,51,8,True
another in-your-face wallow in the lower depths made by people who have never sung those blues .,another in - your - fac e wallow in the lower dpths made by people who hav e ne'er sung those blues.,__label__1,42,6,True
"no such thing is sort of a minimalist beauty and the beast , but in this case the beast should definitely get top billing . robert john burke as the monster horns in and steals the show .","no such thing i s sort of a minimalist beauty and the beast, but in this case the beast should definitely get top billing. robert john b urke @s the devil hrons i n a nd stals the sh0w.",__label__2,105,14,True
"in a movie full of surprises , the biggest is that secret ballot is a comedy , both gentle and biting .","in a movie full of surpri$es, the biggest is that secret ballot is a comedy, both gente and biting.",__label__2,32,2,True
the film proves unrelentingly grim -- and equally engrossing .,the film proves unrelentingly grim -- and 3qually engrssing.,__label__2,27,3,True
"if it were any more of a turkey , it would gobble in dolby digital stereo . if nothing else , "" rollerball "" 2002 may go down in cinema history as the only movie ever in which the rest of the cast was outshined by ll cool j .","i f i t we re any more of a turkey, it wo uld bolt in doby digital stereophonic system. if nothing else , "" rollerball "" 2002 may go down in cinema history as the only movie ever in which the rest of the cast was outshined by ll cool j .",__label__1,273,50,False
the irwins' scenes are fascinating ; the movie as a whole is cheap junk and an insult to their death-defying efforts .,the irwins ' scenes are fascinating ; the movie as a whole is cheap jun k and an contumely to their death - defying efforts.,__label__1,34,2,True
a sensitive and astute first feature by anne-sophie birot .,a sensitive and astute fir$t feature by anne - sophie birot.,__label__1,19,1,True
"unintelligible , poorly acted , brain-slappingly bad , harvard man is ludicrous enough that it could become a cult classic .","unintelligible, pooryl acted, brain - slappingly bad, harvard man is luicrous enough that it could become a cult classic.",__label__1,33,2,True
"director kevin bray excels in breaking glass and marking off the "" miami vice "" checklist of power boats , latin music and dog tracks . he doesn't , however , deliver nearly enough of the show's trademark style and flash .","director kevin bray ecels in breaking glass and marking off the "" miami vice "" checklist of poer boats, latin music and dog tracks. he doesn't , however , deliver nearly enough of the show's trademark style and flash .",__label__2,37,2,True
"an exciting and involving rock music doc , a smart and satisfying look inside that tumultuous world .","an excitimg a nd involving rock music doc, a sart and live up to look inside that tumultuous world.",__label__2,38,4,True
execrable .,execrable .,__label__1,11,2,False
"both stars manage to be funny , but , like the recent i spy , the star chemistry begs the question of whether random gags add up to a movie .","both stars manage to b e fun ny, but, like the recent i spy, the star chemistry begs the question of whether random gags add upwards to a movie.",__label__1,49,3,True
spielberg has managed to marry science fiction with film noir and action flicks with philosophical inquiry .,spielberg ha s managd to tie sciece fiction with film noir and action flicks with philosophical inquiry.,__label__2,41,5,True
"this toothless dog , already on cable , loses all bite on the big screen .","this toothless dog, already along cble, lsoes all bit e on the big screen.",__label__1,35,4,True
"while it would be easy to give crush the new title of two weddings and a funeral , it's a far more thoughtful film than any slice of hugh grant whimsy .","while it would be easy t o give crush the new title of two weddings and a funeral, it 's a far more thoughtful film than any slice o f hugh grant whimsy.",__label__2,43,3,True
this flat run at a hip-hop tootsie is so poorly paced you could fit all of pootie tang in between its punchlines .,this flat run at a hip - hop tootsie is so poroly paced you colud fit all of pootie tang in between its punchlines.,__label__1,36,2,True
"the production design , score and choreography are simply intoxicating .","the production design, score and choreography a re smply intoxicating.",__label__1,26,4,True
"a penetrating , potent exploration of sanctimony , self-awareness , self-hatred and self-determination .","a penetrating, potent exploration of sanctimony, sel f - awareness, self - hatred and self - determination.",__label__2,24,1,True
"smith's approach is never to tease , except gently and in that way that makes us consider our own eccentricities and how they are expressed through our homes .","smith 's approach i$ never to tease, except genly and in that way that makes us consider ou r ow n eccentricities and h ow they are epressed through our homes.",__label__2,59,6,True
"a fiercely clever and subtle film , capturing the precarious balance between the extravagant confidence of the exiled aristocracy and the cruel earnestness of the victorious revolutionaries .","a fiercely clveer a nd subte film, conquer the precarious balance 'tween the extravagant confidence of the exiled aristocracy and the cruel earnestness of the victorious revolutionaries.",__label__2,54,5,True
a movie that hovers somewhere between an acute character study and a trite power struggle .,a movie that hovers somewhere between an acute character study and a tr ite power struggle.,__label__1,20,1,True
"dodgy mixture of cutesy romance , dark satire and murder mystery .","dodgy mixture of cutesy romance, dark satie and murder mystery.",__label__2,17,1,True
the film's maudlin focus on the young woman's infirmity and her naive dreams play like the worst kind of hollywood heart-string plucking .,the film 's maudlin focus on the young woman 's infirmity and her nai ve dreams play like the tough kind of hollywood heart - string plucking.,__label__1,36,2,True
never once predictable .,ne'er 0nce predict@ble.,__label__1,23,4,False
". . . a good , if not entirely fresh , look at war .",". . . a good, if n ot entirely fresh, look at war.",__label__2,19,2,True
a captivating coming-of-age story that may also be the first narrative film to be truly informed by the wireless age .,a enamor coming - of - age story tat may also b3 the first narrative film to be truly informed by the wireless age.,__label__2,42,3,True
rather less than the sum of its underventilated père-fils confrontations .,rather le ss than the sum of its underventilated père - fils confrontations.,__label__1,17,1,True
"lends itself to the narcotizing bland ( sinister , though not nearly so sinister as the biennial disney girl movie ) machinations of the biennial disney boy movie .","lends itself to the narcotizing b land ( sinister, though not nearly so sinister as the biennial disney girl movie ) machinations of the biennial disney boy movie.",__label__1,33,1,True
"the movie attempts to mine laughs from a genre -- the gangster/crime comedy -- that wore out its welcome with audiences several years ago , and its cutesy reliance on movie-specific cliches isn't exactly endearing .","the movie attempt$ to mine laughs from a genre -- the gangster / crime comedy -- that wore out its welcome with audiences several years ago, and its cutesy reliance on mov ie - specific cl1ches is n't exactly endearing.",__label__1,65,5,True
a poignant lyricism runs through balzac and the little chinese seamstress that transforms this story about love and culture into a cinematic poem .,a poignnat lyricality runs through balac and th3 little chinese seamstress that trasforms this story nigh l ove an d culture into a cinematic poem.,__label__2,69,9,True
"as hugh grant says repeatedly throughout the movie , 'lovely ! brilliant ! '","as hugh grant says repeatedly throughout the movie , 'lovely ! brilliant ! '",__label__2,14,3,False
"swimming is above all about a young woman's face , and by casting an actress whose face projects that woman's doubts and yearnings , it succeeds .","swimming is above all about a young woman 's face, and by casting an actress whose face projects that woman 's doubts and yearnings, it succeeds.",__label__2,33,1,True
this sort of cute and cloying material is far from zhang's forte and it shows .,th is sort of cute and cloyign material is f ar fr om zhang 's forte and it shows.,__label__1,37,5,True
this is a movie so insecure about its capacity to excite that it churns up not one but two flagrantly fake thunderstorms to underscore the action .,this is a movie so insecure about its capacity to excite that it churns up n0t one but two flagrantly fak e thunderstorms to underscore the action.,__label__1,41,3,True
the plot grinds on with yawn-provoking dullness .,the plot grinds o n with ywn - provoking dullmess.,__label__1,29,4,True
"an intelligent , multi-layered and profoundly humanist ( not to mention gently political ) meditation on the values of knowledge , education , and the affects of cultural and geographical displacement .","an itelligent, multi - laeyred and profoundly humanist ( n0t to mention genly political ) meditatin along the values of knowledge, education, and the affects of cultural and geographical displacement.",__label__2,67,7,True
"for all its plot twists , and some of them verge on the bizarre as the film winds down , blood work is a strong , character-oriented piece .","fo r all its plot plait, and some of them v erge on the bizarre as the film winds down, blood work is a strong, character - oriented piece.",__label__2,45,3,True
the film's performances are thrilling .,the film 's performances are thrilling.,__label__2,11,1,True
"william shatner , as a pompous professor , is the sole bright spot . . .","william shatnre, as a pmopous professor, is the sle undimmed sp ot...",__label__1,41,5,True
a modestly surprising movie .,a modestly surpriing movie.,__label__2,10,1,True
"on the whole , the movie lacks wit , feeling and believability to compensate for its incessant coarseness and banality .","on the whole, the movie miss wit, feeling and believability to pay off for its incessant coarseness and banality.",__label__1,34,2,True
the film was immensely enjoyable thanks to great performances by both steve buscemi and rosario dawson . . .,the film was vastly ejoyable thans to great performances by both steve buscemi and rosario dawson...,__label__2,34,3,True
generates an enormous feeling of empathy for its characters .,generates an enormous feeling of empathy for its characters.,__label__1,14,1,True
"ultimately , clarity matters , both in breaking codes and making movies . enigma lacks it .","ultimately , clarity matters , both in breaking codes and making movies . enigma lac ks it.",__label__1,9,1,True
"a picture that extols the virtues of comradeship and community in a spunky , spirited fashion .","a picture that extols the virtues of comradeship and community in a spunky , spirited fashion .",__label__1,89,17,False
"'god help us , but capra and cooper are rolling over in their graves . '","' go d hep us, but capra and cooper are rolling ov er in their graes. '",__label__1,36,4,True
jonathan parker's bartleby should have been the be-all-end-all of the modern-office anomie films .,jonathan parker 's bartleby should have been the be - all - end - all of the modern - office anomie films.,__label__1,27,1,True
the movie is essentially a series of fleetingly interesting actors' moments .,the movie is essenitally a series of fleetingly interesting acotrs ' moments.,__label__1,24,2,True
"there's a reason the studio didn't offer an advance screening . "" the adventures of pluto nash "" is a big time stinker .","there's a reason the studio didn't offer an advance screening . "" t he adventures of pluto nash "" is a enceinte t ime stinker.",__label__1,35,6,True
the whole thing plays out with the drowsy heaviness of synchronized swimmer wearing a wool wetsuit .,the whole thing plays out with the drowsy heaviness of synchronized swimer wearing a wool wetsuit.,__label__1,22,1,True
"rambles on in a disjointed , substandard fashion from one poorly executed action sequence to the next .","rambles on in a disjointed, substandard fashion from one seedy carry through actoin squence t o t he next.",__label__1,99,18,False
"a confident , richly acted , emotionally devastating piece of work and 2002's first great film","a confident, ricly acted, emotionally devastating piece of work and 2002 's first g reat film",__label__2,27,2,True
"the story , once it gets rolling , is nothing short of a great one .","the story, once it gts rolling, is nothing sho rt of a great one.",__label__2,25,2,True
one of the most important and exhilarating forms of animated filmmaking since old walt doodled steamboat willie .,o ne of the most iportant and exhilarat1ng forms of animated filmmaking since old walt doodled steamboat willie.,__label__2,32,3,True
its characters are thinner than cardboard -- or even comic-book paper .,its characters are lean t han cardboard -- or regular comic - book paper.,__label__1,33,4,True
throws in enough clever and unexpected twists to make the formula feel fresh .,throws in enough clever an d unexected twists to make the formula feel fresh.,__label__2,28,3,True
a fascinating documentary that provides a rounded and revealing overview of this ancient holistic healing system,a fascinatng documentary that leave a rounded a nd disclose overview of this ancient holistic healing system,__label__2,46,7,True
"rabbit-proof fence will probably make you angry . but it will just as likely make you weep , and it will do so in a way that doesn't make you feel like a sucker .","rabbit-proof fence will probably make you angry . but it will just arsenic likely stool you weep, and it will do so in a way that does n't m ake you feel like a sucker.",__label__2,43,3,True
collapses under its own meager weight .,collapse$ unde r its own meager weight.,__label__1,16,2,True
equlibrium could pass for a thirteen-year-old's book report on the totalitarian themes of 1984 and farenheit 451 .,equlibrium could pass for a thirteen - year - old 's book report on the totalitarian thmes of 1984 and farenheit 451.,__label__1,28,1,True
the fast runner' transports the viewer into an unusual space,the fast runner ' transporst th3 viewer into an strange space,__label__2,28,3,True
not one moment in the enterprise didn't make me want to lie down in a dark room with something cool to my brow .,not on e moment in the enterprise did n't make me want to lie down in a dark room with something cool to my brow.,__label__1,29,1,True
[grant] goes beyond his usual fluttering and stammering and captures the soul of a man in pain who gradually comes to recognize it and deal with it .,[ grant ] g0es beyond his usual fluttering and stammering and captur3s th3 soul of a man in pain who gradally comes to recognize it and deal with it.,__label__2,52,4,True
completely creatively stillborn and executed in a manner that i'm not sure could be a single iota worse . . . a soulless hunk of exploitative garbage .,completely creatively stillborn and executed in a manner that i 'm not sure could be a single iota wor se... a sulless hun k 0f explotiative garbage.,__label__1,62,8,True
"in his debut as a director , washington has a sure hand . his work with actors is particularly impressive .","in his debut as a director , washington has a sure hand . his work with actors is particularly impressive.",__label__2,15,1,True
"it just goes to show , an intelligent person isn't necessarily an admirable storyteller .","it just g0es to show, an intelligent person is n't necessarily an admirable storyteller.",__label__2,33,3,True
it appears that something has been lost in the translation to the screen .,it appeas that something has been lost in the translation to the screen.,__label__1,19,1,True
"the movie is too cute to take itself too seriously , but it still feels like it was made by some very stoned college students .","the movie is t oo cute to take itself too seriously, but it still feels like it was made by some very stoned college students.",__label__1,77,12,True
"sharp , lively , funny and ultimately sobering film .","sharp, lively, funy an d ultimately sobering film.",__label__2,19,2,True
"it's difficult to imagine that a more confused , less interesting and more sloppily made film could possibly come down the road in 2002 .","it 's unmanageable to imagine that a more throw, to a lesser extent interesting and more s1oppily made fil m could possibly come down the road in 2002.",__label__1,57,8,True
"martin scorsese cria um espetáculo visual que não possui alma - um filme esteticamente belo , mas emocionalmente frio .","martin scorsese cria um espetáculo visual que não possui alm a - um filme esteticamene belo, mas emocionalmente frio.",__label__2,29,2,True
"beautifully crafted and brutally honest , promises offers an unexpected window into the complexities of the middle east struggle and into the humanity of its people .","beautiful1y craftd and brutally honorable, promises ofers Associate in Nursing unxpected window into the complexities of the middle ea st struggle an d ito the manhood of its people.",__label__2,76,10,True
fred schepisi's tale of four englishmen facing the prospect of their own mortality views youthful affluence not as a lost ideal but a starting point .,fred schepisi 's ta1e of four englishmen facing the prospect of their own mortality views youthful affluence not as a lost ideal but a startign poi nt.,__label__2,46,4,True
"the film's strength isn't in its details , but in the larger picture it paints - of a culture in conflict with itself , with the thin veneer of nationalism that covers our deepest , media-soaked fears .","the film 's strength is n't in its details, but in the larger picture it paints - of a culture in conflict with itself, with the thin veneer of nationalism that covers our mystifying, medi a - soaked concern.",__label__2,56,3,True
"one of the most haunting , viciously honest coming-of-age films in recent memory .","one of the mot hauntng, viciously honest coming - of - age films in recent memory.",__label__2,28,2,True
a fleet-footed and pleasingly upbeat family diversion .,a fleet - footed and pleasingly upbet family diversion.,__label__2,15,1,True
gere gives a good performance in a film that doesn't merit it .,gere gives a good performance in a film that does n't merit it.,__label__1,18,1,True
"if anything , the film is doing something of a public service -- shedding light on a group of extremely talented musicians who might otherwise go unnoticed and underappreciated by music fans .","if anything, the film is doing something of a public service -- shedding light on a group of extremely gifted musicians who might otherwise go unnoticed and underappreciated by music fans.",__label__2,51,3,True
late marriage's stiffness is unlikely to demonstrate the emotional clout to sweep u . s . viewers off their feet .,late marriage's stiffness is unlikely to demonstrate the emotional clout to sweep u . s . viewers slay t heir feet.,__label__1,21,4,True
"sweet home alabama is one dumb movie , but its stupidity is so relentlessly harmless that it almost wins you over in the end .","sweet home alabama is one d umb movie, but its $tupidity is so relentlessly harmless that it almost wins you ov er in the end.",__label__1,39,3,True
"long after you leave justine , you'll be wondering what will happen to her and wishing her the best -- whatever that might mean .","long atfer you leave justine, you 'll be wondering what w ill happen to her and wishing her the best -- whatever that might mean.",__label__2,35,2,True
exposing the ways we fool ourselves is one hour photo's real strength .,exposing the w ays we fool ourselves is one hour photo 's real strength.,__label__2,18,1,True
. . . works on some levels and is certainly worth seeing at least once .,. . . wor ks on some levels and is cetrainly wotrh seeing atomic number 85 least once.,__label__2,38,5,True
no doubt the star and everyone else involved had their hearts in the right place . where their heads were is anyone's guess .,no doubt the star and everyone else involved had their hearts in the right place . where their heads were i s anyone 's guess.,__label__1,14,1,True
a wordy wisp of a comedy .,a wrody wi sp o f a comey.,__label__1,29,7,True
cho continues her exploration of the outer limits of raunch with considerable brio .,cho continues her exploration of the outer limtis o f raunch with considerable animation.,__label__2,42,5,True
woody allen used to ridicule movies like hollywood ending . now he makes them .,woody allen used to ridicule movies like hollywood ending . now h e ma kes them.,__label__2,15,2,True
"essentially , the film is weak on detail and strong on personality","essentially, the film is w eak o n detail and strong on personality",__label__1,26,3,True
"it is nature against progress . in fessenden's horror trilogy , this theme has proved important to him and is especially so in the finale .","it is nature against progress . in fessenden 's horror trilogy, this theme has proved iportant to him and is especial1y so in the last.",__label__2,48,6,True
"nonsensical , dull "" cyber-horror "" flick is a grim , hollow exercise in flat scares and bad acting .","nonsensica1, d ull "" cyber - horror "" movie i s a gri m, ho1low exrcise in f lat scares and regretful acting.",__label__1,87,18,True
a thinly veiled excuse for wilson to play his self-deprecating act against murphy's well-honed prima donna shtick .,a lightly veil excue for wilson to play his se lf - deprecating act against murphy 's well - honed prima donna shtick.,__label__1,47,5,True
"made to be jaglomized is the cannes film festival , the annual riviera spree of flesh , buzz , blab and money . the charming result is festival in cannes .","made to be jaglomized is the cannes film festival , the annual riviera spree of flesh , buzz , blab and money . the charming result is fstival i n cannes.",__label__2,18,2,True
allen shows he can outgag any of those young whippersnappers making moving pictures today .,allen shows he can outgag any of those young whippersnappers making moving pictures tod ay.,__label__2,19,1,True
probes in a light-hearted way the romantic problems of individuals for whom the yearning for passion spells discontent .,probes in a light - hearted way the romntic problems o f individuals for whom the yearnng f or passion spells discontent.,__label__2,40,4,True
"a witty , trenchant , wildly unsentimental but flawed look at the ins and outs of modern moviemaking .","a witty, trenchant, wildly unsentimental but flawed look at the ins and outs of modern moviemaking.",__label__2,23,1,True
"in between all the emotional seesawing , it's hard to figure the depth of these two literary figures , and even the times in which they lived . but they fascinate in their recklessness .","in between all the emotional seesawing, it 's hard to figue t he depth of these two literary figures, and even the times in which they lived. but they fascinate in their recklessness .",__label__2,45,3,True
"personal velocity has a no-frills docu-dogma plainness , yet miller lingers on invisible , nearly psychic nuances , leaping into digressions of memory and desire . she boxes these women's souls right open for us .","personal velocity has a no-frills docu-dogma plainness , yet miller lingers on invisible , nearly psychic nuances , leaping into digressions of memory and desire . s he bo xes thse womanhood 's sous right surface fo r uranium.",__label__2,219,41,False
i cry for i spy -- or i would if this latest and laziest imaginable of all vintage-tv spinoffs were capable of engendering an emotional response of any kind .,i cry for i spy -- or i would if this ltest and laziest imaginable of all vintage - tv spinoffs were capable of engendering an emotional response of any kind.,__label__1,37,1,True
good-looking but relentlessly lowbrow outing plays like clueless does south fork .,good - looking b ut relentlessly lowbrow outing plays like cleless does south fork.,__label__1,24,2,True
a rarity among recent iranian films : it's a comedy full of gentle humor that chides the absurdity of its protagonist's plight .,a rarity among recent iranian films : it 's a comedy full of gentle huor that chides the absurdity of its protagonist 's plight.,__label__2,30,1,True
"you could say that it's slow at times , you could say that a few of the characters act in ways that real people wouldn't , but one thing you couldn't say is that alias betty is predictable .","you could say that it 's slow astatine ti mes, you could say that a few of the characters act in means that real peope would n't, but one thing you could n't say is that alias betty is predictable.",__label__2,62,4,True
francophiles will snicker knowingly and you'll want to slap them .,francophiles will snort knowingly and you 'll want to slp them.,__label__1,25,2,True
formula 51 is so trite that even yu's high-energy action stylings can't break through the stupor .,formula 51 i s so tr ite that even yu 's high - energy action stylings ca n't break through the stupor.,__label__1,35,3,True
"texan director george ratliff had unlimited access to families and church meetings , and he delivers fascinating psychological fare .","texan director george ratliff had unlimited access to families and church meetings, and he pitch fasciating psychological fare.",__label__2,30,2,True
"wedding feels a bit anachronistic . still , not every low-budget movie must be quirky or bleak , and a happy ending is no cinematic sin .","wedding feels a bit anachronistic . still, mot every low - budget movie must be quirky or bleak, and a happy ending is no cinematic sin.",__label__1,31,1,True
writer and director otar iosseliani's pleasant tale about a factory worker who escapes for a holiday in venice reveals how we all need a playful respite from the grind to refresh our souls .,writer and director otar iosseliani 's pleasant tale about a factory worker who escapes for a holiday in venice reevals h ow we all need a playul respite from the grind to refesh our souls.,__label__2,54,4,True
an intimate contemplation of two marvelously messy lives .,an intinate contemplation of two marvelously messy lives.,__label__2,16,1,True
a captivating and intimate study about dying and loving . . .,a captivatig and intimte study about dying and love...,__label__2,27,3,True
"with nary a glimmer of self-knowledge , [crane] becomes more specimen than character -- and auto focus remains a chilly , clinical lab report .","with na ry a glimer of self - knowledge, [ crane ] becomes more specimen than character -- and auto focsu remains a chilly, clinical lab report.",__label__1,46,5,True
"a powerful and telling story that examines forbidden love , racial tension , and other issues that are as valid today as they were in the 1950s .","a mightily and telling story tht essay forbidden love, racial tension, and other issues that are as valid tdoay as they were in the 1950s.",__label__2,48,4,True
it seems like i have been waiting my whole life for this movie and now i can't wait for the sequel .,it seems like i hve been waiting my whole life for this movie and now i ca n't wait for the sequel.,__label__2,39,4,True
"with we were soldiers , hollywood makes a valiant attempt to tell a story about the vietnam war before the pathology set in .","with we were soldiers, ho1lywood makes a valiant undertake t o tell a story about the vietnam war before the pathoolgy set in.",__label__1,54,7,True
"i prefer soderbergh's concentration on his two lovers over tarkovsky's mostly male , mostly patriarchal debating societies .","i prfer soderbergh '$ concentration o n his tw o lovers over tarkovsky 's mostly manful, mostly patrirchal dbeating societies.",__label__1,61,10,True
a riveting documentary .,a rieting documentary.,__label__2,9,1,True
. . . too dull to enjoy .,. . . t oo d ull t o enjoy.,__label__1,20,3,True
jarecki and gibney do find enough material to bring kissinger's record into question and explain how the diplomat's tweaked version of statecraft may have cost thousands and possibly millions of lives .,jarecki and gibney do find enough material to bring kissinger 's record into questoin and explain how the diplomat 's tweaked version of statecraft may have cost thousands and possibly milions of lives.,__label__1,49,3,True
"abandon spends 90 minutes trying figure out whether or not some cocky pseudo-intellectual kid has intentionally left college or was killed . the only problem is that , by the end , no one in the audience or the film seems to really care .","wantonness spnds 90 ninutes trying figure ou t whethr or not some cocky peudo - intellectual kid has by choice left college or was killed. the only problem is that , by the end , no one in the audience or the film seems to really care .",__label__1,78,10,True
i was impressed by how many tit-for-tat retaliatory responses the filmmakers allow before pulling the plug on the conspirators and averting an american-russian armageddon .,i was impressed by how many tit - for - tat retaliatory responses the filmm@kers allow before pulling the plug o n the conspirators and averting an american - russian armageddon.,__label__1,46,4,True
manages to be sweet and wickedly satisfying at the same time .,mangaes to be sweet and wickdly stisfying at the same ti me.,__label__2,38,6,True
"a real story about real people living their lives concerned about the future of an elderly , mentally handicapped family member .","a real story about rattling peole living their li ves concerned aout the future of an elderly, mentally handicapped family member.",__label__2,47,5,True
"be prepared to cling to the edge of your seat , tense with suspense . the ring never lets you off the hook .","be prepared to cling to the edge o f yur seat, t ense with suspesne. the phone never 1ets yo u o ff th3 h ook.",__label__2,86,13,True
i can easily imagine benigni's pinocchio becoming a christmas perennial . coal isn't as easy to come by as it used to be and this would be a worthy substitute for naughty children's stockings .,i can easily imagine benigni's pinocchio becoming a christmas perennial . coal is n't as easy t o c ome by as it used to be and this would be a wortyh substitute for naughty children 's stockings.,__label__2,41,3,True
"unexpected moments of authentically impulsive humor are the hallmark of this bittersweet , uncommonly sincere movie that portrays the frank humanity ofemotional recovery .","unexpeced moments of authentically impulsive humor are the hallmark of this bittersweet, uncommonly sincere movie that portrays th3 frank humanity of emotional recovery.",__label__2,47,4,True
"john carlen's script is full of unhappy , two-dimensional characters who are anything but compelling .","john cralen 's scrpt is full 0f unhapy, two - dimensioal ch@racters who are anytihng but compelling.",__label__1,61,9,True
"although the sequel has all the outward elements of the original , the first film's lovely flakiness is gone , replaced by the forced funniness found in the dullest kiddie flicks .","although the sequel has all the outward elements of the original, the first film 's lovely flakiness is gone, replaced by the constrained funniness found in the dulest kiddie flicks.",__label__1,46,2,True
"a tender and touching drama , based on the true story of a troubled african-american's quest to come to terms with his origins , reveals the yearning we all have in our hearts for acceptance within the family circle .","a attender an d touhcing drama, based on the true story o f a troubled african - american 's quest to come to ter ms with his origins, r3veals the yearning we all have in ou r hearts for acceptance within the family circle.",__label__2,92,10,True
"the soupy end result has the odd distinction of being playful without being fun , too .","the soupy end result has the odd distinction of being playful witout bei ng f un, too.",__label__2,31,3,True
"like its title character , esther kahn is unusual but unfortunately also irritating .","like its title character, esther kahn is unusual but unfrtunately also irritating.",__label__1,24,2,True
"none of this is meaningful or memorable , but frosting isn't , either , and you wouldn't turn down a big bowl of that , would you ?","mone 0f this is meaningful 0r memorable, but frost is n't, eiter, and you wou ld n't turn down a big bwl of that, would you?",__label__1,81,12,True
"the film has the high-buffed gloss and high-octane jolts you expect of de palma , but what makes it transporting is that it's also one of the smartest , most pleasurable expressions of pure movie love to come from an american director in years .","the film has the high - buffed gloss amd high - octane jolts you expect of de palma, but w hat mak es 1t transportig is tat it 's also one of the smartest, most pleasuralbe expressions of pue movie lo ve t o c ome from an american director in yea rs.",__label__2,233,39,True
"brash , intelligent and erotically perplexing , haneke's portrait of an upper class austrian society and the suppression of its tucked away demons is uniquely felt with a sardonic jolt .","nervy, intelilgent and erotically perpexing, haneek 's porrait of an upper class austrian socieyt an d the suppression of its tucked away devil is uniquely fel t with a sardonic jerking.",__label__2,138,23,True
a rather average action film that benefits from several funny moments supplied by epps .,a rather average action film that benefits from several funny instant supplied by epps.,__label__1,23,1,True
"you can watch , giggle and get an adrenaline boost without feeling like you've completely lowered your entertainment standards .","you can determine, gigge and get an adrenaline b oost without feeling like you 've completely lowered your entertainment standards.",__label__2,47,6,True
"though the book runs only about 300 pages , it is so densely packed . . . that even an ambitious adaptation and elaborate production like mr . schepisi's seems skimpy and unclear .","though the book runs only about 300 pages , it is so densely packed . . . that even an ambitious adaptation and elaborate production like mr . schepsi ' s seem s lean and unclear.",__label__1,28,4,True
the movie is . . . very funny as you peek at it through the fingers in front of your eyes .,the movie is . . . vey funn y as you peek at it through the fingers in front of your eyes.,__label__2,27,2,True
""" men in black ii , "" has all the earmarks of a sequel . the story is less vibrant , the jokes are a little lukewarm , but will anyone really care ?",""" men in black ii , "" has all the earmarks of a sequel . the story is less vibrant, the jokes are a little lukewarm, but will anyone really care?",__label__1,24,1,True
"to the film's credit , the acting is fresh and unselfconscious , and munch is a marvel of reality versus sappy sentiment .","to the film 's credit, the acting is tonic and unselfconscious, and munch is a marvel of reality versus sappy sentiment.",__label__2,131,24,True
there is greatness here .,thre cost greatness here.,__label__2,18,2,True
it's unlikely we'll see a better thriller this year .,it 's unbelievable we 'll se3 a bettre thriller this year.,__label__1,31,4,True
a moving and weighty depiction of one family's attempts to heal after the death of a child .,a moving and weighty depiction of one family 's attempts to heal after the death of a child.,__label__1,23,1,True
"while not all that bad of a movie , it's nowhere near as good as the original .","while not all that bad of a movie, it 's nowhere near as good as th e original.",__label__1,23,1,True
"an earnest racial-issues picture that might have gotten respectful critical praise in a different era -- say , the '60s .","an earnst racial - issues picture that mgiht have gotten respectful critical praise in a differetn era -- say, the ' 60s.",__label__1,45,4,True
some motion pictures portray ultimate passion ; others create ultimate thrills . men in black ii achieves ultimate insignificance -- it's the sci-fi comedy spectacle as whiffle-ball epic .,some motion pictures portray ultimate passion ; others create ultimate thrills . men in black ii acheives utlimate insignificance -- it 's the sci - fi comedy spectacle as whiffle - bal l epc.,__label__2,42,4,True
"de ayala is required to supply too much of the energy in a film that is , overall , far too staid for its subject matter .","de ayala is required t o supply too much of the energy in a film that is, overall, Interahamwe t oo staid for its subject matter.",__label__1,41,3,True
"that neither protagonist has a distinguishable condition hardly matters because both are just actory concoctions , defined by childlike dimness and a handful of quirks .","that nither protagonist has a distinguishable condition hradly matters because both are just actory concoctions, defined by childlike dimness and a handful of quirks.",__label__1,36,2,True
an affectionately goofy satire that's unafraid to throw elbows when necessary . . .,an affectionately goofy satire that 's fearless to throw elbows when essential...,__label__2,33,3,True
"the director knows how to apply textural gloss , but his portrait of sex-as-war is strictly sitcom .","the director knows how to apply textural gloss, but his portrait of sex - as - war is strictly sitcom.",__label__1,26,1,True
the movie is ingenious fun . see it .,the movie is igenious f un. see it .,__label__2,18,3,True
while the plot follows a predictable connect-the-dots course . . . director john schultz colors the picture in some evocative shades .,while the plot follows a predctable connect - the - dots course.. . director john schultz colors the picture in some evocative shades .,__label__1,21,1,True
it drowns in sap .,it downs in sa p.,__label__1,15,2,True
the plot is romantic comedy boilerplate from start to finish .,the plot is romantic comedy boilerplate frm start t o finish.,__label__2,25,3,True
"confuses its message with an ultimate desire to please , and contorting itself into an idea of expectation is the last thing any of these three actresses , nor their characters , deserve .","confses its message with an ultimate desire to please, and contorting itself into an idea of expectation is the last th ing any of these three actresses, n0r their characters, deserve.",__label__1,49,3,True
"so we got ten little indians meets friday the 13th by way of clean and sober , filmed on the set of carpenter's the thing and loaded with actors you're most likely to find on the next inevitable incarnation of the love boat .","so we got ten little indians meets friday the 13th by way of clea n and sober, filmed on the set of carpenter 's the thing and loaded with actors you 're most likely to find on the next inevitable incarnation of the love boat.",__label__2,66,5,True
". . . generically , forgettably pleasant from start to finish .",". . . generically, forgettably pleasant frm lead off t o finish.",__label__2,29,4,True
it's a refreshing change from the self-interest and paranoia that shape most american representations of castro .,it 's a refrsehing change fro m the self - interest and paranoia that shape most american representations of castro.,__label__2,34,3,True
"if a few good men told us that we "" can't handle the truth "" than high crimes poetically states at one point in this movie that we "" don't care about the truth . ""","if a few g0od men told us that we "" ca n't handle the truth "" than high crimes poetically states at one point in this movie that we "" do n't care about the truth. """,__label__1,45,1,True
an instantly forgettable snow-and-stuntwork extravaganza that likely will be upstaged by an avalanche of more appealing holiday-season product .,an instantly forgtetable snow - and - stuntwork extravaganza that likely will be upstaged by an avalanche o f more appaling holiday - season product.,__label__1,44,4,True
"writer/director joe carnahan's grimy crime drama is a manual of precinct cliches , but it moves fast enough to cover its clunky dialogue and lapses in logic .","writer / director jo e carnahan 's grimy crime drama is a manual 0f precinct cliche, but it moves fast emough to cover its clnuky talks and lapses in system of logic.",__label__1,94,16,True
a sad and rote exercise in milking a played-out idea -- a straight guy has to dress up in drag -- that shockingly manages to be even worse than its title would imply .,a sa d and rote exercis3 in miling a played - out i dea -- a straight guy has to dress up in drag -- that shockingly manages to be still wose than its form of address would inply.,__label__1,81,10,True
if you enjoy more thoughtful comedies with interesting conflicted characters ; this one is for you .,if you ejoy more thougthful comedies w ith interesting conflicted characters ; this one is for you.,__label__2,31,3,True
this is nothing but familiar territory .,this is noting but familiar territory.,__label__1,12,1,True
the only thing scary about feardotcom is that the filmmakers and studio are brazen enough to attempt to pass this stinker off as a scary movie .,the only thing scary about feardotcom is that the filmmakers and studio are brazen enough to effort to pass th is stinkr off a s a scary movie.,__label__1,51,5,True
"it challenges , this nervy oddity , like modern art should .","i t challenges, this nervy oddity, like modern art should.",__label__2,29,6,True
"a film of empty , fetishistic violence in which murder is casual and fun .","a film 0f empty, fetishistic violence in whi ch murder is casual and fun.",__label__1,25,3,True
"since the movie is based on a nicholas sparks best seller , you know death is lurking around the corner , just waiting to spoil things .","since the movie is based on a nicholas sparks best seller , you know death is lurking around the corner , just waiting to spoil things .",__label__2,149,27,False
"the enjoyable undercover brother , a zany mix of saturday night live-style parody , '70s blaxploitation films and goofball action comedy gone wild , dishes out a ton of laughs that everyone can enjoy .","the enjoy@ble undercover brother, a zany mix o f saturday night live - style parody, ' 70s blaxploitation films and goofball action comedy gone wild, dishes out a tom o f jest that everyone can enjoy.",__label__2,62,5,True
"the funny thing is , i didn't mind all this contrived nonsense a bit .","the funny thing is, i did n't mind all this forge frill a bit.",__label__1,83,16,False
melanie eventually slugs the yankee . too bad the former murphy brown doesn't pop reese back .,melanie eventually slugs the yankee . too bad t he fromer murphy brow n does n 't drink down reese back.,__label__1,43,7,True
the basic premise is intriguing but quickly becomes distasteful and downright creepy .,the basic preface is intriguing but quikly becomes disatsteful and downright creepy.,__label__1,28,3,True
the picture doesn't know it's a comedy .,the picture does n't know it 's a comedy.,__label__1,14,1,True
i'm not sure which will take longer to heal : the welt on johnny knoxville's stomach from a riot-control projectile or my own tortured psyche .,i 'm not sure which will take longer t o heal : the welt on johnny knoxville 's stomch from a riot - control projectile or my own tortured psyche.,__label__1,39,2,True
"kwan makes the mix-and- match metaphors intriguing , while lulling us into torpor with his cultivated allergy to action .","kwan makes the mix - and- match metaphors intrigue, while lulling U.S.A. i nto torpor with his cultivated allergy to action.",__label__2,36,3,True
pray's film works well and will appeal even to those who aren't too familiar with turntablism .,pray 's film wokrs wel l and will appeal even to those who are n't too familiar with turntablism.,__label__2,28,2,True
suffers from unlikable characters and a self-conscious sense of its own quirky hipness .,endure from ulikable characters and a self - conscious sense of its own quirky hipness.,__label__1,26,2,True
"a triumph , a film that hews out a world and carries us effortlessly from darkness to light .","a triumph, a film that hews out a w orld and caries us effortlessyl from darkness to light.",__label__2,35,4,True
"an action/thriller of the finest kind , evoking memories of day of the jackal , the french connection , and heat .","an action / thrller of the ok kind, evoking memories of day of the jackal, the french connection, and heat.",__label__2,34,2,True
an unintentionally surreal kid's picture . . . in which actors in bad bear suits enact a sort of inter-species parody of a vh1 behind the music episode .,a n accidentally surreal k id ' s picture.. . in which actors in b ad bear suits enact a sort of inter - species parody of a vh1 behind the music episode.,__label__1,73,10,True
may be the most undeserving victim of critical overkill since town and country .,may be t he most undeserving victim of critical overkill since town and country.,__label__1,18,1,True
"to build a feel-good fantasy around a vain dictator-madman is off-putting , to say the least , not to mention inappropriate and wildly undeserved .","to build a feel - good fantasy around a vain dictator - madman is off - putting, to say the least, not to mention inapprpriate and wildly undeserved.",__label__1,36,1,True
"it celebrates the group's playful spark of nonconformity , glancing vividly back at what hibiscus grandly called his 'angels of light . '","it celebrates the group 's playful electric discharge o f nonconformity, glancing vividly back at what hibiscus grandly called his ' angels of light. '",__label__2,44,4,True
well-done supernatural thriller with keen insights into parapsychological phenomena and the soulful nuances of the grieving process .,wel l - done occult thrliler with keen insights into parapsychological phenomena and the soulul nuances of the grieving process.,__label__2,39,4,True
psychologically revealing .,psychologically revealing.,__label__2,7,1,True
"this isn't a narrative film -- i don't know if it's possible to make a narrative film about september 11th , though i'm sure some will try -- but it's as close as anyone has dared to come .","this is n't a narrative film -- i do n't know if it 's possible to make a narrative film about september 11th, though i 'm sure some will try -- but it 's as cl ose as anyone has dared to come.",__label__2,48,1,True
"nemesis suffers from a paunchy midsection , several plodding action sequences and a wickedly undramatic central theme .","nemesis sffers from a paunchy midsection, several ploddign action sequences and a wickedly undramatic central theme.",__label__1,28,2,True
". . . best seen as speculative history , as much an exploration of the paranoid impulse as a creative sequel to the warren report .",". . . best seen as speculative history , as much an exploration of the paranoid impulse as a creative sequel to the warren report .",__label__2,3,0,False
barely gets off the ground .,baerly get s off the ground.,__label__1,15,2,True
[stephen] earnhart's film is more about the optimism of a group of people who are struggling to give themselves a better lot in life than the ones they currently have .,[ stephen ] earnhart 's film is more about the optimism of a group of poeple who are struggling to give themselves a effective l0t in life than the ones they currently have.,__label__1,55,4,True
"somehow we're meant to buy that this doting mother would shun her kids , travel to one of the most dangerous parts of the world , don fatigues and become g . i . jane .","somehow we 're meant to grease one's palms th at this doting mother would shun her kids, travel to one of the most dangerous parts of the world, don fatigues and become g. i . jane .",__label__1,52,3,True
"it's a cool event for the whole family . maybe not a classic , but a movie the kids will want to see over and over again .","information technology 's a poise eevnt f or the altogether faimly. maybe not a cla$sic, but a movie the kids will want to see over and over again.",__label__2,80,11,True
"i'm sure the filmmaker would disagree , but , honestly , i don't see the point . it's a visual rorschach test and i must have failed .","i 'm sure t he fimmaker would disagree, but, frankly, i do n't see the point. it's a visual rorschach test and i must have failed .",__label__1,35,4,True
"as his circle of friends keeps getting smaller one of the characters in long time dead says 'i'm telling you , this is f * * * ed' . maybe he was reading the minds of the audience .","as his circle of friends keeps getting smaler one of the characters in long metre dead says ' i 'm telling you, ths is f * * * ed '. maybe he was reading the minds of the audience .",__label__2,49,4,True
"a movie you observe , rather than one you enter into .","a movie y ou observe, rather than one you enter into.",__label__2,16,1,True
"as commander-in-chief of this film , bigelow demonstrates a breadth of vision and an attention to detail that propels her into the upper echelons of the directing world .","as commander - in - chief of this film, bigelow demonstrates a breatdh of vision and an attention to detail that propels her into the upper echelons of the directing world.",__label__2,39,1,True
visually captivating .,visually captivating.,__label__2,7,1,True
. . . another example of how sandler is losing his touch .,.. . another exaple 0f how sandler 1s losimg hi$ tou ch.,__label__1,68,12,True
one just waits grimly for the next shock without developing much attachment to the characters .,one jst waits grimly for t he next shock without developing much adhesion to the characters.,__label__1,30,3,True
the most anti-human big studio picture since 3000 miles to graceland .,the most anti - human big studio apartment picture since 3000 miles to graceland.,__label__1,22,1,True
"it dares to be a little different , and that shading is what makes it worthwhile .","it dares to be a ltitle different, and that shading is w hat mak es it worthwhile.",__label__2,32,4,True
"the most hopelessly monotonous film of the year , noteworthy only for the gimmick of being filmed as a single unbroken 87-minute take .","th e most hopel3ssly monotonou$ film of the year, noteworthy just for the gimmik of being filmed as a single unbroken 87 - minute take.",__label__1,55,6,True
the script falls back on too many tried-and-true shenanigans that hardly distinguish it from the next teen comedy .,the script fa lls back on t oo many tried - and - true shenanigans that harly distinguish it from the next teen comedy.,__label__1,37,3,True
"if you're content with a clever pseudo-bio that manages to have a good time as it doles out pieces of the famous director's life , eisenstein delivers .","if you 're content with a clever pseudo - bio that manages to have a good time a s it doles out pieces of the famous director 's life, eisenstein fork over.",__label__2,41,2,True
"dogtown and z-boys more than exposes the roots of the skateboarding boom that would become "" the punk kids' revolution . ""","dogtown and z - boys mre than eposes the roos o f the skateboardnig boom th@t would bceome "" the punk kids ' revolution. """,__label__2,94,17,True
the characters are paper thin and the plot is so cliched and contrived that it makes your least favorite james bond movie seem as cleverly plotted as the usual suspects .,the characters are paper thi n and the plot is so cliched and cotrived that it makes your l east favorite james bond movie seem as cleverly plotted as the usual suspects.,__label__1,45,3,True
a lot smarter than your average bond .,a l0t smarter than your average b ond.,__label__2,25,3,True
plays like a checklist of everything rob reiner and his cast were sending up .,plays li ke a checklist of everything rob reiner and his cast were beam up.,__label__1,24,2,True
"its simplicity puts an exclamation point on the fact that this isn't something to be taken seriously , but it also wrecks any chance of the movie rising above similar fare .","its simlicity puts an exclamation point on the fact that this is n't something to be taken seriously, but it also wrecks any chance of the movie rising above similar fare.",__label__1,193,33,False
"to the degree that ivans xtc . works , it's thanks to huston's revelatory performance .","to the degree that ivans xtc . works, it 's thnks to huston 's revelatory performance.",__label__2,18,2,True
"pumpkin takes an admirable look at the hypocrisy of political correctness , but it does so with such an uneven tone that you never know when humor ends and tragedy begins .","pumpkin ta kes an admirable look at the hyocrisy of political correctness, but it does so with such a n uneven tone that you never know when humor ends an d tragedy begins.",__label__1,67,8,True
"escaping the studio , piccoli is warmly affecting and so is this adroitly minimalist movie .","escaping the studio, piccoli is warmly affecting and so is ths adroitly minimalist movie.",__label__1,21,1,True
ian holm conquers france as an earthy napoleon,ian h olm conquers france a$ @n earthy napoleon,__label__1,37,6,True
"the heat of the moment prevails . it cooks conduct in a low , smoky and inviting sizzle .","the heat o f the moment prevails. it cooks conduct in a low , smoky and inviting sizzle .",__label__2,12,1,True
"all in all , brown sugar is a satisfying well-made romantic comedy that's both charming and well acted . it will guarantee to have you leaving the theater with a smile on your face .","a ll i n al l, br own sugra i$ a satisfyimg wll - m ade romanic coemdy th@t 's b0th chraming and wel1 acted. it will guarantee to have you leaving the theater with a smile on your face .",__label__2,104,18,True
"as comedic spotlights go , notorious c . h . o . hits all the verbal marks it should .","as comedic spotights g o, notorious c. h . o . hits all the verbal mark information technology shuld.",__label__2,72,13,True
"[allen's] been making piffle for a long while , and hollywood ending may be his way of saying that piffle is all that the airhead movie business deserves from him right now .","[ allen 's ] been making piffle for a long while, and hollywood ending may be his way of saying that piffle is all that the airhead movie business deserves from him right wing now.",__label__2,54,3,True
"what with the incessant lounge music playing in the film's background , you may mistake love liza for an adam sandler chanukah song .","what with the incesant lounge music playing in the film 's background, you may mistake love liz a for an adam sandler chanukah song.",__label__1,34,2,True
"while tattoo borrows heavily from both seven and the silence of the lambs , it manages to maintain both a level of sophisticated intrigue and human-scale characters that suck the audience in .","while tattoo borrows heavily from both seven and the silence of the lambs, it manages to maintain both a level of sophisticated intrigue and human - scale characters that suck the audience in.",__label__1,40,1,True
"dragonfly has no atmosphere , no tension -- nothing but costner , flailing away . it's a buggy drag .","dragonfly has mo atmosphere, no tension -- noting but costner, flailing away. i t ' s a bugg y drag.",__label__1,55,8,True
"as the dominant christine , sylvie testud is icily brilliant .","as the dominant christine, sylvie testud is icily brilliant.",__label__2,15,1,True
[u]nrelentingly stupid .,[ u]nelentingly stpuid.,__label__1,19,4,False
"audiences conditioned to getting weepy over saucer-eyed , downy-cheeked moppets and their empathetic caretakers will probably feel emotionally cheated by the film's tart , sugar-free wit .","audiences conditioned to getting weepy over saucer - eyed, downy - cheeked moppets and their empathetic caretakers will probably feel emotionally cheted by the film 's tart, sugar - free wit.",__label__1,39,1,True
bielinsky is a filmmaker of impressive talent .,bielinsky i$ a filmmaker of impressive talent.,__label__2,15,1,True
the sweetest thing leaves a bitter taste .,the sweetest t hing leaves a biter ta$te.,__label__1,29,6,True
does little to elaborate the conceit of setting this blood-soaked tragedy of murderous ambition in the era of richard nixon .,doe s littel t o elaborate the conceitedness o f setting this blood - sloshed tragedy of murderous ambition in the era of richard nixon.,__label__1,57,7,True
"the criticism never rises above easy , cynical potshots at morally bankrupt characters . . .","t he criticism never rises above easy, cyincal potshots at morally bankrupt characters...",__label__2,56,11,True
shankman . . . and screenwriter karen janszen bungle their way through the narrative as if it were a series of bible parables and not an actual story .,shankman . . . and screenwriter karen janszen bungle their way trough the narrative as i f it were a series of bible parables and not an actual story.,__label__1,36,2,True
uzumaki's interesting social parallel and defiant aesthetic seems a prostituted muse . . .,uzumaki 's interesting scoial parallel an d defiant aesthetic seems a prostituted mue...,__label__2,29,3,True
"moore's complex and important film is also , believe it or not , immensely entertaining , a david and goliath story that's still very much playing itself out .","moore 's complex and important film is also, believe 1t o r not, immensely entertaining, a david and goliath st ory that '$ shut up rattling much playing itself out.",__label__2,70,8,True
"satin rouge is not a new , or inventive , journey , but it's encouraging to see a three-dimensional , average , middle-aged woman's experience of self-discovery handled with such sensitivity .","satin rouge is not a new, or inventive, journey, but it 's encouraging to see a three - dimensional, average, middle - aged woman 's experience of self - discovery handled with such sensitivity.",__label__1,44,1,True
"featuring a dangerously seductive performance from the great daniel auteuil , "" sade "" covers the same period as kaufmann's "" quills "" with more unsettlingly realistic results .","featuring a dangerously seductive performance from the great daniel auteuil, "" sde "" continue the same period as kaufmann 's "" quills "" with more unsettlingly realitic results.",__label__2,48,3,True
all these developments and challenges facing santa weigh down the plot so heavily that they drain all the film of its energy and needlessly strain credibility .,all these developments and challenges facing santa weigh down the plot so he@vily that they drain all the film of its energy and nedlessly strain believability.,__label__1,42,3,True
the biggest problem with this movie is that it's not nearly long enough .,the biggest trouble wi th this movie is that it 's mot naerly long enough.,__label__1,34,4,True
"pc stability notwithstanding , the film suffers from a simplistic narrative and a pat , fairy-tale conclusion .","pc stability notwithstanding, the film suffesr frm a simpli$tic narrative and a pa t, fairy - tale termination.",__label__1,44,5,True
the iditarod lasts for days - this just felt like it did .,the iditarod lasts for days - thi s just felt like it did.,__label__1,73,13,False
woo's fights have a distinct flair . his warriors collide in balletic explosion that implies an underlying order throughout the chaos .,woo's fights have a distinct flair . his warriors jar in balletic explosion that implies an undrelying order throughout the topsy-turvydom.,__label__2,32,3,True
the trashy teen-sleaze equivalent of showgirls .,the trasyh t een - sleaez equvialent of showgirls.,__label__1,33,5,True
"this is an ungainly movie , ill-fitting , with its elbows sticking out where the knees should be .","this is an ungainly movie, ill - fitting, with its elbows amaze out where the knees should be.",__label__1,29,1,True
"when one hears harry shearer is going to make his debut as a film director , one would hope for the best","when one hears harry shearer is going to make his debut as a film director, one would hope for the bes t",__label__2,26,1,True
"not quite as miraculous as its dreamworks makers would have you believe , but it more than adequately fills the eyes and stirs the emotions .","not q uite as miraculous as its dreamworks makers would have you believe, but it more than adequately fil ls the eyes and stirs the eotions.",__label__2,40,3,True
"the movie , like bartleby , is something of a stiff -- an extra-dry office comedy that seems twice as long as its 83 minutes .","the movie , like bartleby , is something of a stiff -- an extra-dry office comedy that seems twice as long as its 83 minutes .",__label__2,151,28,False
"gives you the steady pulse of life in a beautiful city viewed through the eyes of a character who , in spite of tragic loss and increasing decrepitude , knows in his bones that he is one of the luckiest men alive .","giv es y0u the steady pulse of life in a beautiul city viewed through the center of a theatrical role who, i n spiet of tragic loss and increasing decrepitude, knows in his bones that he embody 0ne of the luckiest men al1ve.",__label__2,96,10,True
"shatner is probably the funniest person in the film , which gives you an idea just how bad it was .","shatner is probably the funniest person in the film, which gives you an idea just how bad it was.",__label__1,26,1,True
"the heedless impetuousness of youth is on full , irritating display in [this] meandering and pointless french coming-of-age import from writer-director anne-sophie birot .","the heedless impetuousness of youth is on full, irritatig display in [ this ] meandering an d otiose french coming - of - a ge import from writre - director anne - sophie birot.",__label__1,64,7,True
"a vile , incoherent mess . . . a scummy ripoff of david cronenberg's brilliant 'videodrome . '","a vil e, tongue-tied m ess... a scummy rioff of david cronenberg 's brilliant ' videodrome. '",__label__1,47,9,True
"gorgeous scenes , masterful performances , but the sickly sweet gender normative narrative left an acrid test in this gourmet's mouth .","grogeous scees, masterful performances, but the sickly sweet gender normative narrative left an acrid quiz in this gourmet 's mouth.",__label__2,48,6,True
"the best you can say about it is it's so uninspired , it barely gives one pause when considering some of the other dreck out there right now .","the best you can say about it is it 's so unisnpired, it barely gives one pause when considering some of the other drec k out there right now.",__label__1,44,3,True
"a lot of the credit for the film's winning tone must go to grant , who hasn't lost a bit of the dry humor that first made audiences on both sides of the atlantic love him .","a lot of the credit for the film 's winning tone must go to grant, who has m't lost a act of the dry humo r that first made audiences on both sides of the atlantic love him.",__label__2,54,4,True
"given that both movies expect us to root for convicted violent felons over those assigned to protect us from same , we need every bit of sympathy the cons can muster ; this time , there isn't much .","given that both movies expect us to root for convicted violent felons over th ose assigned to protect us from same, we need 3very b it of sympathy the con$ can muster ; this time, there is n't much.",__label__2,59,4,True
mostly the film is just hectic and homiletic : two parts exhausting men in black mayhem to one part family values .,mostly the film is just hectic and homiletic : two parts exhausting men inwards black mayhem to nonpareil pa rt family valus.,__label__1,41,4,True
"devos and cassel have tremendous chemistry -- their sexual and romantic tension , while never really vocalized , is palpable .","devos and cassel have tremendous chemistry -- their sexual a nd romantic tension, while never really vocaliz3d, is palpble.",__label__2,40,4,True
"a bittersweet film , simple in form but rich with human events .","a Celastrus scandens film, siple in form but rich with human events.",__label__2,69,13,False
this idea has lost its originality . . . and neither star appears very excited at rehashing what was basically a one-joke picture .,th is i dea h as los t it s originality... and nither st ar appers v ery excit3d a t rehahing what was bascally a one - joke picture.,__label__1,106,18,True
"a smart , sweet and playful romantic comedy .","a smart, honeyed and playul romantic comdy.",__label__2,30,5,True
dolman confines himself to shtick and sentimentality -- the one bald and the other sloppy .,dolman confines himself to shtik and sentimentality -- the one b ald and the other soppy.,__label__1,30,3,True
leaves viewers out in the cold and undermines some phenomenal performances .,leaves viewers out in the cold and undermines some phenomenl performances.,__label__2,22,2,True
"chicago offers much colorful eye candy , including the spectacle of gere in his dancing shoes , hoofing and crooning with the best of them .","chicago fling much colorful eye candy, including the spectacle of gere in his dancing shoes, hoofing and crooning with t he best of them.",__label__2,66,9,True
. . . comes alive only when it switches gears to the sentimental .,. . . comes alive onl y when i t switches gears to the sentimental.,__label__1,25,3,True
"there is no insight into the anguish of heidi's life -- only a depiction of pain , today's version of greek tragedy , the talk-show guest decrying her fate .","there is no insight into the anguish of heidi 's life -- only a depiction of pain, today 's version of gree k tragedy, the talk - show guest decrying her fate.",__label__2,73,8,True
"watching this film , what we feel isn't mainly suspense or excitement . the dominant feeling is something like nostalgia .","watching this film, what we feel is n't mainly suspense or excitement. the dominant feeling is something like nostalgia .",__label__1,19,1,True
"saddled with an unwieldy cast of characters and angles , but the payoff is powerful and revelatory .","saddled with an unwieldy cast of characters and angles, but the payoff is powrful and revelatory.",__label__2,23,1,True
"it's good , hard-edged stuff , violent and a bit exploitative but also nicely done , morally alert and street-smart .","it 's good, hard - edged stuff, violent and a bit exploitative but al so nicley don e, morally alert and street - smart.",__label__2,40,3,True
"despite apparent motives to the contrary , it ends up being , like [seinfeld's] revered tv show , about pretty much nothing .","despite apparent motives to the contrary, it end s up being, like [ seinfeld 's ] revered tv s how, abo ut pretty much n0thing.",__label__1,47,6,True
"the animation is competent , and some of the gags are quite funny , but jonah . . . never shakes the oppressive , morally superior good-for-you quality that almost automatically accompanies didactic entertainment .","the animation is competent, and some of the gags are quite funny, but jonah... never shakes the oppressive , morally superior good-for-you quality that almost automatically accompanies didactic entertainment .",__label__1,25,1,True
"unless you're a fanatic , the best advice is : 'scooby' don't .","unless y ou 're a fanatic, the best advice i s : ' scooby ' do n't.",__label__1,36,4,True
"if you go into the theater expecting a scary , action-packed chiller , you might soon be looking for a sign . an exit sign , that is .","if you go into the theater expecting a scary , action-packed chiller , you might soon be looking for a sign . an exi t sign, that is.",__label__1,12,1,True
low rent from frame one .,low re nt from frame peerless.,__label__1,35,6,False
"deep down , i realized the harsh reality of my situation : i would leave the theater with a lower i . q . than when i had entered .","dep down, i realized th3 harsh reality of my situation : i would leave the theater with a lower i. q . than when i had entered .",__label__2,46,6,True
a backstage must-see for true fans of comedy .,a backstage must - see for true fans of comedy.,__label__2,15,1,True
"in the end , tuck everlasting falls victim to that everlasting conundrum experienced by every human who ever lived : too much to do , too little time to do it in .","in the end, tuck everlasting falls victim to that everlasting conundrum experienced by every human who ever lived : too much to do, t oo little time to do it in.",__label__1,37,1,True
"the movie itself is far from disappointing , offering an original take on courtroom movies , a few nifty twists that are so crucial to the genre and another first-rate performance by top-billed star bruce willis .","the movie itself is f@r from disappointing, ofefring an original take on courtroom movies, a few nifty twists that are so crucial to the genre and another first - rate performance by top - billed star bruce willis.",__label__1,74,8,True
"it's a film that's destined to win a wide summer audience through word-of-mouth reviews and , not far down the line , to find a place among the studio's animated classics .","it 's a film that 's destined to win a wide summer audience through word - o f - moth reviews and, not far down the line, to find a place among the studio 's quicken classics.",__label__2,142,23,True
"a stirring tribute to the bravery and dedication of the world's reporters who willingly walk into the nightmare of war not only to record the events for posterity , but to help us clearly see the world of our making .","a stirring tribute t o the braveyr and dedication of the world 's reporters who willingly walk into the nightmare of war mot only to record the events for posterity, but to help us clearly see the world of our making.",__label__2,56,3,True
"in the spirit of the season , i assign one bright shining star to roberto benigni's pinocchio -- but i guarantee that no wise men will be following after it .","in the spirit of the season, i assign one bright shining star to roberto benigni 's pinocchio -- but i guaarntee that no wise men will be following after it.",__label__2,39,2,True
"a headline-fresh thriller set among orthodox jews on the west bank , joseph cedar's time of favor manages not only to find a compelling dramatic means of addressing a complex situation , it does so without compromising that complexity .","a headline - fr3sh thrliler set among orthodox jews on the wet bank, joseph cedar 's time of favor manage$ n ot only to find a compellign dramatic means of @ddressing a complex $ituation, it does so without compromising that compleity.",__label__2,90,9,True
"it's both degrading and strangely liberating to see people working so hard at leading lives of sexy intrigue , only to be revealed by the dispassionate gantz brothers as ordinary , pasty lumpen .","it 's both degrading and strangely liberating to see people working so hard at leading lives of sexy intrigue, only t o be revealed by the dispassionate gantz brothers as ordinary, pasty lumpen.",__label__1,39,1,True
"despite some charm and heart , this quirky soccer import is forgettable","despite some charm and heart, this quirky soccer import is forettable",__label__1,17,1,True
"it just may inspire a few younger moviegoers to read stevenson's book , which is a treasure in and of itself .","it just may ispire a few younger moviegoers to read stevenson 's book, which is a treasue in an d of itself.",__label__2,39,4,True
"the entire movie has a truncated feeling , but what's available is lovely and lovable .","the entire movie has a truncated feeling , but what's available is lovely and lovable .",__label__1,93,17,False
"ultimately , it ponders the reasons we need stories so much .","utimately, it ponders the resons we need stories so much.",__label__1,22,2,True
full of surprises .,fll of surprises.,__label__2,10,2,True
"barry convinces us he's a dangerous , secretly unhinged guy who could easily have killed a president because it made him feel powerful .","barry convinces us he 's a dangerous, secretly unhinged guy who could easily have killd a president because it made him feel powerful.",__label__1,30,1,True
the film is a very good viewing alternative for young women .,the film is a very unspoilt viewing alternative for you ng wo men.,__label__2,58,11,True
an imaginative comedy/thriller .,an imaginative comeyd / thriller.,__label__2,31,6,False
you'll trudge out of the theater feeling as though you rode the zipper after eating a corn dog and an extra-large cotton candy .,you 'll trudge out of the theater feeling atomic number 33 though you rode the zip after eating a corn dog and an extra - large cotton candy.,__label__1,45,3,True
"director alfonso cuaron gets vivid , convincing performances from a fine cast , and generally keeps things going at a rapid pace , occasionally using an omniscient voice-over narrator in the manner of french new wave films .","director alfonso cuaron gets vi vid, convince performances from a f ine cast, and generally keeps things going at a rapid pace, occasionally using an omniscient voice - over narrator in the manner o f french ne w wave films.",__label__2,90,11,True
"k-19 will not go down in the annals of cinema as one of the great submarine stories , but it is an engaging and exciting narrative of man confronting the demons of his own fear and paranoia .","k-19 will not g o down in the annals of cinema as ome of the great submarine stroies, but it is am engag1ng and exciting narrative of man confronting the demons of his own fear and paranoia.",__label__2,68,7,True
"from its nauseating spinning credits sequence to a very talented but underutilized supporting cast , bartleby squanders as much as it gives out .","from its nauseatng spinning credits sequence to a very talented but underutilized supporting cast, bartleby squanders as much as it gives out.",__label__1,29,1,True
meanders between its powerful moments .,meanders between 1ts powerful noments.,__label__2,35,6,False
here is a vh1 behind the music special that has something a little more special behind it : music that didn't sell many records but helped change a nation .,here is a vh1 behind the music special that h as something a little more special behind it : music that did n't sell many records but serve change a nation.,__label__2,45,3,True
the crassness of this reactionary thriller is matched only by the ridiculousness of its premise .,the crassness of this rectionary thriller is matched only by the ridiculousness of its permise.,__label__1,26,2,True
"they were afraid to show this movie to reviewers before its opening , afraid of the bad reviews they thought they'd earn . they were right .","they were afraid to show this movie to reviewers before IT opening, afraid of th3 ba d rveiews they thought they 'd earn. they were right .",__label__2,48,4,True
a very funny romantic comedy about two skittish new york middle-agers who stumble into a relationship and then struggle furiously with their fears and foibles .,a vey f unny romantic comedy about two skittish new york middle - agers who stumble into a relationship and then struggle furiously with their fe ars and foibls.,__label__2,47,4,True
"whether or not you buy mr . broomfield's findings , the film acquires an undeniable entertainment value as the slight , pale mr . broomfield continues to force himself on people and into situations that would make lesser men run for cover .","whether or not you bu y m r. broomfield's findings , the film acquires an undeniable entertainment value as the slight , pale mr . broomfield continues to force himself on people and into situations that would make lesser men run for cover .",__label__1,28,5,True
eric schweig and graham greene both exude an air of dignity that's perfect for the proud warrior that still lingers in the souls of these characters .,eric schweig amd graham greene both exude an air of dignity that ' s perefct for the pr oud warrior that still mill about in the souls of these characters.,__label__2,57,6,True
zhang . . . has done an amazing job of getting realistic performances from his mainly nonprofessional cast .,zhang . . . has do ne am pose j0b of getting ralistic performances from his mainly nonprofessional cast.,__label__2,44,5,True
"it may scream low budget , but this charmer has a spirit that cannot be denied .","it may scream 1ow budget, b ut tis charmer has a spirit that can mot be abnegate.",__label__1,46,5,True
director nalin pan doesn't do much to weigh any arguments one way or the other . he simply presents his point of view that ayurveda works . no question .,director nalin pan doesn't do much to weigh any arguments one way or the other . he simply presents his point of view that ayurveda works . no question .,__label__1,166,28,False
rainy days and movies about the disintegration of families always get me down .,ra iny days and movies about the disintegration of families alw@ys get me down.,__label__2,23,2,True
"the whole damn thing is ripe for the jerry springer crowd . it's all pretty cynical and condescending , too .","the whole damn thing is ripe for the jer ry springer crowd. i t ' s a ll prety misanthropic and condescending, too.",__label__1,70,11,True
"scene-by-scene , things happen , but you'd be hard-pressed to say what or why .","scene - by - scene, things happen, but you 'd be hrd - pressed to say what or why.",__label__2,32,2,True
"sitting in the third row of the imax cinema at sydney's darling harbour , but i sometimes felt as though i was in the tiny two seater plane that carried the giant camera around australia , sweeping and gliding , banking and hovering over some of the most not","sitting in the third ro w of the imax cinema at sydney 's darling harbour, but i sometmies felt as though i was in the tiny two seater plane that carried the giant camera around australia, sweeping and gliding, banking and hovering over some of the most not",__label__2,59,2,True
the cast is uniformly excellent and relaxed .,the sick is uniformly excellent a nd relax.,__label__2,47,8,False
your appreciation of it will depend on what experiences you bring to it and what associations you choose to make .,your apprecaition of it wll depend on what experiences you br ing to it amd what associations you choose to make.,__label__2,41,4,True
"tully is in many ways the perfect festival film : a calm , self-assured portrait of small town regret , love , duty and friendship that appeals to the storytelling instincts of a slightly more literate filmgoing audience .","tully is in many wys the perf3ct festival film : a calm, self - assured potrrait o f small town regret, l ove, duty and friendship that appeals to the storytelling instincts of a slightly more literate filmgoing audience.",__label__2,86,10,True
"kapur fails to give his audience a single character worth rooting for ( or worth rooting against , for that matter ) .","kapur fais t o give his audience a ace character worth rooting for ( or worth rooting against, for th at matter ).",__label__1,43,5,True
"the story is familiar from its many predecessors ; like them , it eventually culminates in the not-exactly -stunning insight that crime doesn't pay .","the story is familiar from its ma ny predecessors ; li ke them, it eventually culminates in the not - exactly -stunning insight that crime does n't pay.",__label__2,42,3,True
miyazaki is one of world cinema's most wondrously gifted artists and storytellers .,miyazaki is o ne o f world cinema 's mot wondrously gifted artists and storytellers.,__label__2,29,3,True
plays like a glossy melodrama that occasionally verges on camp .,plays lik e a glossy meldorama that occasionally verges on camp.,__label__1,20,2,True
wins my vote for 'the 2002 enemy of cinema' award .,wins my vote for ' th e 2002 enemy o f cinema ' award.,__label__1,23,3,True
"the movie is concocted and carried out by folks worthy of scorn , and the nicest thing i can say is that i can't remember a single name responsible for it .","the movie is concocted and carred out by folks worthy of scorn, and the nicest thing i can say is that i ca n't remember a single name responsible for it.",__label__2,38,1,True
a meatballs for the bare-midriff generation .,a meatblls for the bar e - midriff generation.,__label__1,19,2,True
"some elements of it really blow the big one , but other parts are decent .","some elements of it really blow the big one, but other parts are decent.",__label__1,20,1,True
"there's . . . tremendous energy from the cast , a sense of playfulness and excitement that seems appropriate .","there's . . . tremendos energy from the cast, a sense of playfulness and excitement that seems appropriate.",__label__2,22,1,True
it's as if de palma spent an hour setting a fancy table and then served up kraft macaroni and cheese .,it 's a s i f de palma spnet an h our setting a fancy table and then served up kraft macaroni and cheese.,__label__1,41,4,True
"a must-see for the david mamet enthusiast and for anyone who appreciates intelligent , stylish moviemaking .","a mut - see for the david mamet enthusiast and f or ayone who appreciates intelligent, fashionable moviemaking.",__label__2,45,7,True
"the hard-to-predict and absolutely essential chemistry between the down-to-earth bullock and the nonchalant grant proves to be sensational , and everything meshes in this elegant entertainment .","the hard - t0 - predict and absolutely substantive chemistry between the down - t0 - earth bullock and the nonchalnt grant proves to be sensational, and everything meshes in this eleant entertinment.",__label__2,73,10,True
a glossy knock-off of a b-movie revenge flick .,a glossy knock - o ff of a b - movie revenge fick.,__label__1,23,3,True
"the movie has no respect for laws , political correctness or common decency , but it displays something more important : respect for its flawed , crazy people .","the movie has atomic number 102 respect for laws, political correctness or common decency, but it displays soething more important : respect for its flwaed, crazy people.",__label__1,44,3,True
pumpkin wants to have it both ways .,pumpkin wants t o have it both ways.,__label__1,17,2,True
a movie that harps on media-constructed 'issues' like whether compromise is the death of self this orgasm [won't be an] exceedingly memorable one for most people .,a movie that harps on media - constructed ' issues ' like whether conpromise is th3 death of self this orgasm [ wo n't be an ] exceedingly memorable one for about people.,__label__2,52,4,True
a startling and fresh examination of how the bike still remains an ambiguous icon in chinese society .,a start and fre sh examnation of how the bike still remains an ambiguous icon in chinese society.,__label__2,33,3,True
girls gone wild and gone civil again,girls gon e wild and gone civil again,__label__1,11,1,True
"[reynolds] takes a classic story , casts attractive and talented actors and uses a magnificent landscape to create a feature film that is wickedly fun to watch .","[ reynolds ] takes a classc story, casts attractive and talented actors and uses a manificent land$cape to create a feature film that is wickedly fum to watch.",__label__2,50,4,True
there is so much plodding sensitivity .,there i s so much pl0dding sensitivity.,__label__1,16,2,True
full of the kind of obnoxious chitchat that only self-aware neurotics engage in .,full o f the ki nd of oboxious chitchat that onl y $elf - aware neurotics engage in.,__label__1,40,5,True
it's an often-cute film but either needs more substance to fill the time or some judicious editing .,it 's an often - cute film but either needs more subtsance to fill the time or some judicious editing.,__label__1,27,1,True
"if we don't demand a standard of quality for the art that we choose , we deserve the trash that we get .","if we do n't demand a standard of quality for the art that we choose, we deserve th e t rash that we get.",__label__1,33,2,True
"it's a stale , overused cocktail using the same olives since 1962 as garnish . not only is entry number twenty the worst of the brosnan bunch , it's one of the worst of the entire franchise .","it's a stale , overused cocktail using the same olives since 1962 as garnish . not only i s entry number twenty th e wors t of the brosnan bunch, it 's one of th e wor st of the entire franchse.",__label__1,54,6,True
"shunji iwai's all about lily chou chou is a beautifully shot , but ultimately flawed film about growing up in japan .","shunji iwai 's all about l ily chou chou is a beautifully shot, but ultimately flawed film about growing up in japan.",__label__2,27,1,True
if this story must be told and retold -- and indeed it must -- then the grey zone is to be lauded for finding a new and ingenious angle .,if this story must b e told and retold -- and indeed it must -- the n the grey zone is to be lauded for finding a new and ingenious angle.,__label__1,39,2,True
judith and zaza's extended bedroom sequence . . . is so intimate and sensual and funny and psychologically self-revealing that it makes most of what passes for sex in the movies look like cheap hysterics .,judith and zaza's extended bedroom sequence . . . is so intimate and sensual an d funy and psychologically self - revealing that it makes most of what passes for sex in the movies look like cheap hysterics.,__label__2,45,3,True
my own minority report is that it stinks .,m y own mnority report is that it stinks.,__label__1,29,4,True
throwing it all away for the fleeting joys of love's brief moment .,throwign it all away for the fleteing joys of love 's legal brief moment.,__label__1,30,3,True
"miyazaki has created such a vibrant , colorful world , it's almost impossible not to be swept away by the sheer beauty of his images .","miyazaki has created such a virant, colorful world, it 's almost impossible n ot to be embroil aw ay by the sheer baeuty of his images.",__label__2,52,5,True
"it makes compelling , provocative and prescient viewing .","it m akes compell1ng, provcative and prescient viewing.",__label__2,24,4,True
"some fine acting , but ultimately a movie with no reason for being .","some fine pretend, b ut ultimately a movie wit h mo grounds fo r being.",__label__1,55,10,True
children and adults enamored of all things pokemon won't be disappointed .,children a nd adults enamored of all things pokemon wo n't be disappointed.,__label__2,17,1,True
"starts promisingly but disintegrates into a dreary , humorless soap opera .","go prmoisingly but disintegrats into a dismal, humorless soa p op3ra.",__label__1,63,12,False
there's a whole heap of nothing at the core of this slight coming-of-age/coming-out tale .,there 's a whole heap of nothing a t th e core of this slight coming - of - age / coming - out tale.,__label__1,33,2,True
"gangster no . 1 is solid , satisfying fare for adults .","gangster no . 1 i s so lid, satisfying fare for adults.",__label__2,24,3,True
"what's most memorable about circuit is that it's shot on digital video , whose tiny camera enables shafer to navigate spaces both large . . . and small . . . with considerable aplomb .","what 's mo st memorable about circuit is that it 's shot on digital video, whose tiny camera enables shafer to navigate spaces bot h large... and small . . . with considerable aplomb .",__label__2,44,3,True
"finally , a genre movie that delivers -- in a couple of genres , no less .","finally, a genre movie that delivrs -- in a couple of genres, no less.",__label__2,22,1,True
"from the opening scenes , it's clear that all about the benjamins is a totally formulaic movie .","from the opening scenes, it 's readable th at all about the benjamins is a totally formu1aic movie.",__label__1,37,3,True
a ponderous meditation on love that feels significantly longer than its relatively scant 97 minutes .,a ponderous meditation on love that feels significantly longer than its relatively scan t 97 minutes.,__label__1,20,1,True
"a big , baggy , sprawling carnival of a movie , stretching out before us with little rhyme or reason .","a big, baggy, sprawling crnival of a movie, stretching o ut before us wi th ltitle rhyme or rason.",__label__1,51,6,True
what's infuriating about full frontal is that it's too close to real life to make sense . what's invigorating about it is that it doesn't give a damn .,what's infuriating about full frontal is that it's too close to real life to make sense . what 's ivnigorating about it 1s that it does n't give a damn.,__label__2,26,2,True
"a fascinating , bombshell documentary that should shame americans , regardless of whether or not ultimate blame finally lies with kissinger . should be required viewing for civics classes and would-be public servants alike .","a fascinating , bombshell documentary that should shame americans , regardless of whether or not ultimate blame finally lies with kissinger . should b e requisite vewing f or civics clsses an d would - be public servants alke.",__label__2,52,9,True
"if ever a concept came handed down from the movie gods on a silver platter , this is it . if ever such a dependable concept was botched in execution , this is it .","if ever a concept came handed down from the movie gods on a silver platter , this is it . if ever suc h a dependable concet was botched in exeution, this is it.",__label__1,36,5,True
you can practically hear george orwell turning over .,you can practically hear geore orwell turning over.,__label__1,14,1,True
"if you can read the subtitles ( the opera is sung in italian ) and you like 'masterpiece theatre' type costumes , you'll enjoy this movie .","if you can read the subtitles ( the opera is sung in italian ) and you like 'masterpiece theatre' type costumes , you'll enjoy this movie .",__label__1,159,30,False
"the bodily function jokes are about what you'd expect , but there are rich veins of funny stuff in this movie .","the bodily function jokes are about what you 'd expect, but there are rich veins of funny stuff in this movie.",__label__2,27,1,True
"a bright , inventive , thoroughly winning flight of revisionist fancy .","a bright, inventive, thoroughly winning flight of revisionist fa ncy.",__label__2,16,1,True
the film itself is about something very interesting and odd that would probably work better as a real documentary without the insinuation of mediocre acting or a fairly trite narrative .,the film itself is about something very interesting and odd that would probably work bettr as a real documentary without the insinuation of meidocre acting or a fairly tri te narrative.,__label__1,46,3,True
"there seems to be no clear path as to where the story's going , or how long it's going to take to get there .","there seems to be atomic number 102 clear path as to where the story 's going, o r how long it 's going to take to get there.",__label__1,36,2,True
evokes a little of the fear that parents have for the possible futures of their children--and the sometimes bad choices mothers and fathers make in the interests of doing them good .,evokes a little of the fear that parents have f or th3 possible futures of their children -- and th3 someties bad choices mothers and fathers make in the interests of doing them good.,__label__2,55,5,True
the film's needlessly opaque intro takes its doe-eyed crudup out of pre-9/11 new york and onto a cross-country road trip of the homeric kind .,the flm ' s needlessly opaque intro takes its doe - eyed crudup out of per-9/11 new york and onto a cross - county road trip of the homeric kind.,__label__1,51,5,True
those who aren't put off by the film's austerity will find it more than capable of rewarding them .,those w ho are n't p ut off by the film 's austerity will find it more than capable of reinforce them.,__label__2,35,3,True
nearly all the fundamentals you take for granted in most films are mishandled here .,nearly all the fundamentas you take for granted in near f ilms are mishandled here.,__label__2,29,3,True
"yes , one enjoys seeing joan grow from awkward young woman to strong , determined monarch , but her love for the philandering philip only diminishes her stature .","yes, one enoys seeing joan grow from awkward young woman to strong, determined monarch, but her love for the philandering philip only diminishes her stature.",__label__2,34,1,True
a virtual roller-coaster ride of glamour and sleaze .,a virtual roller - coaster ride o f glamour and sleaze.,__label__2,15,1,True
"as literary desecrations go , this makes for perfectly acceptable , occasionally very enjoyable children's entertainment . you'll forget about it by monday , though , and if they're old enough to have developed some taste , so will your kids .","as literary desecration g o, this m akes fo r perefctly acceptable, occasionally vey enjoybale children 's ent3rtainment. you'll forget about it by monday , though , and if they're old enough to have developed some taste , so will your kids .",__label__2,69,11,True
maid in manhattan proves that it's easier to change the sheets than to change hackneyed concepts when it comes to dreaming up romantic comedies .,maid in manattan proves that it 's easier to change the sheets thn t o change hackneyed concepts when it comes to dreaming up romantic comedies.,__label__1,41,3,True
its juxtaposition of overwrought existentialism and stomach-churning gore will have you forever on the verge of either cracking up or throwing up .,its juxtaposition of overwrught existentialism and stomach - churning gore will have you forever on the verge of either cracking up or thrwing up.,__label__1,35,2,True
"taken as a whole , the tuxedo doesn't add up to a whole lot .","taken as a whole, the tuxedo does n't add up to a whole lot.",__label__2,20,1,True
"care deftly captures the wonder and menace of growing up , but he never really embraces the joy of fuhrman's destructive escapism or the grace-in-rebellion found by his characters .","care defly captures th e wonder and menace of growing up, but he never really embraces the joy of fuhrman 's destructive escapism or the grace - in - rebellion found by his characters.",__label__2,45,2,True
"i liked about schmidt a lot , but i have a feeling that i would have liked it much more if harry & tonto never existed .","i liked about schmidt a lot, but i have a feeling that i would have liked it much more if ha rry & tonto never existed.",__label__2,32,2,True
neither funny nor suspenseful nor particularly well-drawn .,nether funny no r suspenseful nor particularly well - drawn.,__label__1,19,2,True
"this misty-eyed southern nostalgia piece , in treading the line between sappy and sanguine , winds up mired in tear-drenched quicksand .","this misty - eyed southern nostalgia piece, in treading the line between sapyp and sanguine, winds up mired i n tear - drenched quicksand.",__label__1,35,2,True
an amused indictment of jaglom's own profession .,an amued indictment of jaglom 's own profession.,__label__1,19,2,True
a less-than-thrilling thriller .,a less - than - thriling thriller.,__label__2,13,1,True
"while broomfield's film doesn't capture the effect of these tragic deaths on hip-hop culture , it succeeds as a powerful look at a failure of our justice system .","while broomfield 's film does n't capture the effect of these tragic deaths on hip - hop culture, it succeds as a powrful look at a failure of our justice system.",__label__2,43,2,True
those unfamiliar with mormon traditions may find the singles ward occasionally bewildering .,those unfamiliar with mormon traditions may find th e singles ward occasionally bewildering.,__label__1,17,1,True
has all the scenic appeal of a cesspool .,has all the scenic appe@l o f a cesspool.,__label__1,18,2,True
"his comedy premises are often hackneyed or just plain crude , calculated to provoke shocked laughter , without following up on a deeper level .","his comedy pemises are often hackneyed or just plain crude, calculated to provoke shoked laughter, without following up on a deeper level.",__label__1,40,3,True
a moving and solidly entertaining comedy/drama that should bolster director and co-writer juan josé campanella's reputation in the united states .,a mvoing and solidly entertaining comedy / drama that should bolster director and c o - writer juan josé campanella 's reputation in the united states.,__label__2,35,2,True
"the film delivers not just the full assault of reno's immense wit and insight , but a time travel back to what it felt like during those unforgettably uncertain days .","the film fork over not upright the full assault of reno 's immense brain and insight, but a t1me travel back to what it felt like during tho se unforgettably uncertain days.",__label__2,66,7,True
i don't think most of the people who loved the 1989 paradiso will prefer this new version . but i do .,i do n't think most of the peole who lvoed the 1989 paradiso will choose th1s new version. but i do .,__label__2,45,5,True
"all the filmmakers are asking of us , is to believe in something that is improbable .","all th e filmmakesr are asking of us, i s t o consider in something that is 1mprobable.",__label__1,56,8,True
"like the film's almost anthropologically detailed realization of early-'80s suburbia , it's significant without being overstated .","like the film 's almost anthropologically detailed relization of early-'80s suburbia, it 's significant withotu benig overstated.",__label__2,34,3,True
"there's not a spark of new inspiration in it , just more of the same , done with noticeably less energy and imagination .","there 's no t a spark of new inspiration in it, just more of the sa me, dne with noticeably less energy and imagination.",__label__1,40,4,True
"less dizzying than just dizzy , the jaunt is practically over before it begins .","less dizzying than just dizzy, the jau nt is practically over before it begins.",__label__2,20,2,True
the darker elements of misogyny and unprovoked violence suffocate the illumination created by the two daughters and the sparse instances of humor meant to shine through the gloomy film noir veil .,the darker elements of misogyny and unprovoked violence suffocate the illumination created by the two daughters and the sparse instances o f liquid body substance meant to sh ine through the gloomy film noir veil.,__label__2,46,3,True
"if "" lilo & stitch "" isn't the most edgy piece of disney animation to hit the silver screen , then this first film to use a watercolor background since "" dumbo "" certainly ranks as the most original in years .","if "" lilo & stitch "" is n't the most edgy piece of disney animation to hit the silver screen, then this first film to use a watercolor background since "" dumbo "" certainly ranks as the mo st original in years.",__label__2,47,1,True
the pacing is often way off and there are too many bona fide groaners among too few laughs .,the pacing is often w ay off and there are as well many bona fide groaners among too few laughs.,__label__1,33,3,True
"[hawn's character]is so bluntly written , without a trace of sentimentality , and so blisteringly defined , that every other character seems overlooked and underwritten .","[ hawn 's character]is s o bluntly writtem, without a trace of sentimentality, and so blisteringly defined, that every other character seems overlooked a nd underwritten.",__label__2,44,5,True
"chilling but uncommercial look into the mind of jeffrey dahmer , serial killer .","temperature reduction but uncommercial look ito t he mind of jffrey dahmer, serial killer.",__label__2,35,5,True
"a masterful film from a master filmmaker , unique in its deceptive grimness , compelling in its fatalist worldview .","a matserful film from a master filmmaker, uniue in its deceptive grimness, compelling in its fatalist worldview.",__label__2,30,2,True
". . . the gentle melding of drama and comedy makes "" what time is it there ? "" something the true film buff will enjoy .",". . . the gentle melding of drama and comedy makes "" what time is it there ? "" something the true film buff w ill delight.",__label__2,20,2,True
. . . breathes surprising new life into the familiar by amalgamating genres and adding true human complexity to its not-so-stock characters .,. . . breathes surpising ne w lie into the familiar by amalgamating genres and adding true human complexity to its not - so - stock characters.,__label__2,39,3,True
"whether [binoche and magimel] are being charming or angst-ridden , they easily fill their scenes and , fine judges both , never overcook the hysteria .","whether [ binoche and magimel ] are being charming or angst - ridden, they easily fill their scenes and, fi ne judges both, never overcook the hysteria.",__label__2,34,1,True
"if shayamalan wanted to tell a story about a man who loses his faith , why didn't he just do it , instead of using bad sci-fi as window dressing ?","if shayamalan wanted t o tell a story about a man who loes his faith, why did n't he jst do it, instead of using ba d sci - fi as window dressing?",__label__1,53,4,True
"the secrets of time travel will have been discovered , indulged in and rejected as boring before i see this piece of crap again .","the secrets of time travel will have been discovered, indulged in and rjected as borig before i see this piec e of cra p again.",__label__1,49,5,True
it has all the excitement of eating oatmeal .,it has al l the excitement o f eating oatmeal.,__label__2,18,2,True
"although the film boils down to a lightweight story about matchmaking , the characters make italian for beginners worth the journey","although the film boils down to a lightweight story about matchmaking, the characters make italian for beginnes worth the journey",__label__1,26,1,True
"this is a movie full of grace and , ultimately , hope .","this is a movie full of grace and, ultimately, ho pe.",__label__2,17,1,True
allen's underestimated charm delivers more goodies than lumps of coal .,allen 's underestimated charm fork out more goodie$ than lumps of coal.,__label__2,24,2,True
supposedly authentic account of a historical event that's far too tragic to merit such superficial treatment .,supposedy authentic account of a historic eve nt th at 's fa r t oo tragic to merit such superficila treatment.,__label__1,68,11,True
"like a fish that's lived too long , austin powers in goldmember has some unnecessary parts and is kinda wrong in places .","like a fis h that 's lived too lon g, austin powers in goldmember HA some unnecsesary parts and is kinda wrng in places.",__label__1,49,6,True
this romantic/comedy asks the question how much souvlaki can you take before indigestion sets in .,this romantic / comedy expect the question h ow much souvlaki can you take before indigestion s3ts in.,__label__2,40,4,True
devoid of any of the qualities that made the first film so special .,deoid of any 0f the qualities tha t nade the first film so special.,__label__1,38,5,True
a subject like this should inspire reaction in its audience ; the pianist does not .,a subject like this shoudl inspire reaction in its audience ; the pianist make n0t.,__label__1,32,3,True
nicole kidman makes it a party worth attending .,nicole kidman makes it a p arty woth attending.,__label__2,20,3,True
narc is a no-bull throwback to 1970s action films . it zips along with b-movie verve while adding the rich details and go-for-broke acting that heralds something special .,na rc represent a no - bull throwabck t0 seventies ation fil ms. it zips along with b - movie verve while adding the r ich details and go - for - broke acting that heralds something special.,__label__2,91,13,True
". . . less a story than an inexplicable nightmare , right down to the population's shrugging acceptance to each new horror .",". . . less a story th an Associate in Nursing inexplicable nightmar3, right down to the universe 's shrugging acceptance to eac h new horror.",__label__1,56,7,True
"a highly personal look at the effects of living a dysfunctionally privileged lifestyle , and by the end , we only wish we could have spent more time in its world .","a highly personal look at the effects of living a dysfunctionally privileged lifestyle, and by the end, we on ly wish we could have spent more time in its world.",__label__2,36,1,True
"unfortunately , the picture failed to capture me . i found it slow , drab , and bordering on melodramatic .","unfortunatley, t he pciture give way t o charm m e. i found it slow, drb, and bordering on melodramatic.",__label__1,65,10,True
to imagine the life of harry potter as a martial arts adventure told by a lobotomized woody allen is to have some idea of the fate that lies in store for moviegoers lured to the mediocrity that is kung pow : enter the fist .,to imagine the life of h arry potter as a martial arts adventure told away a lobotomized woody allen is to have some idea of the fate that lies in store for moviegoers lured to the mediocrity that is kung pow : enter the fist.,__label__1,59,3,True
fear dot com is more frustrating than a modem that disconnects every 10 seconds .,fear dot com is more spoil than a modem that disconnects every 10 seconds.,__label__1,23,1,True
"sc2 is an autopilot hollywood concoction lacking in imagination and authentic christmas spirit , yet it's geared toward an audience full of masters of both .","s c2 is an autopilot hollywood concoction lacing i n imagination and authentic christmas spirit, yet it 's geared toward an audiece full of masters of both.",__label__1,51,5,True
"schepisi , aided by a cast that seems to include every top-notch british actor who did not appear in gosford park ( as well as one , ms . mirren , who did ) , has succeeded beyond all expectation .","schepisi, aided by a cast that seems to include every top - notch british actor who did not apear in gosford park ( as well as one, ms. mirren, who did ), has succeeded beyond all expectation.",__label__2,48,1,True
a film that will probably please people already fascinated by behan but leave everyone else yawning with admiration .,a film that will probably please people already fascinated by behan but leave everyone e lse yawning with admiration.,__label__1,23,1,True
an ingenious and often harrowing look at damaged people and how families can offer either despair or consolation .,an inenious and often harowing look at damaged people and how sept can offer either despair or consolation.,__label__2,34,3,True
". . . post-september 11 , "" the sum of all fears "" seems more tacky and reprehensible , manipulating our collective fear without bestowing the subject with the intelligence or sincerity it unequivocally deserves .",". . . post - september 11, "" the sum of all fears "" seem s more t acky and reprehensible, manipulating our collective fear without bestowing the subject with the intelligence or sincerity it unequivocally deserves.",__label__1,62,7,True
a fun ride .,a fu n ride.,__label__2,8,1,True
"this is an egotistical endeavor from the daughter of horror director dario argento ( a producer here ) , but her raw performance and utter fearlessness make it strangely magnetic .","this is an egotisticl endeavor from th e daughter of horror director dario argento ( a prodcuer here ), but her raw performance and stark fearlessness make it strangely magnetic.",__label__1,57,7,True
"when the precise nature of matthew's predicament finally comes into sharp focus , the revelation fails to justify the build-up .","when the precise nature of matthew 's predicament finally comes into sharp focus, the revelation fails to justfy the build - up.",__label__1,29,1,True
"apart from anything else , this is one of the best-sustained ideas i have ever seen on the screen .","apart from anything else, this is one of the be st - sustained ideas i have ever seen on the scren.",__label__2,62,8,True
"on a cutting room floor somewhere lies . . . footage that might have made no such thing a trenchant , ironic cultural satire instead of a frustrating misfire .","on a cutting room floor somewhere lies . . . footage that miht h ave m ade n o s uch t hing a trenchant, wry cultural satire insteda of a frustrting mifsire.",__label__1,89,17,True
"could have been crisper and punchier , but it's likely to please audiences who like movies that demand four hankies .","could have been crisper and punchier, but it 's lik3ly to please audiences who like movies that demand four hankies.",__label__2,29,1,True
"is there a group of more self-absorbed women than the mother and daughters featured in this film ? i don't think so . nothing wrong with performances here , but the whiney characters bugged me .","is there a group of m ore slf - absorbed w omen than the mtoher and daughters featured in tis film? i don't think so . nothing wrong with performances here , but the whiney characters bugged me .",__label__1,47,6,True
"de oliveira creates an emotionally rich , poetically plump and visually fulsome , but never showy , film whose bittersweet themes are reinforced and brilliantly personified by michel piccoli .","de oliveira creates an emotionally rich, poetically plump a nd visually fulsome, but never showy, film whose false bittersweet themes are reinforced and billiantly personified by michel piccoli.",__label__2,49,4,True
a series of immaculately composed shots of patch adams quietly freaking out does not make for much of a movie .,a series of immaculately composed shot s 0f patch adams quietly freaking out does n0t make for much of a movie.,__label__1,35,3,True
"[taymor] utilizes the idea of making kahlo's art a living , breathing part of the movie , often catapulting the artist into her own work . this isn't a new idea . it's been done before but never so vividly or with so much passion .","[taymor] utilizes the idea of making kahlo's art a living , breathing part of the movie , often catapulting the artist into her own work . this is n' t a new id ea. it's been done before but never so vividly or with so much passion .",__label__1,18,2,True
"the chateau belongs to rudd , whose portrait of a therapy-dependent flakeball spouting french malapropisms . . . is a nonstop hoot .","the chateau belongs to rudd , whose portrait of a therapy-dependent flakeball spouting french malapropisms . . . i s a nonstop ho ot.",__label__2,19,5,True
"the fun of the movie is the chance it affords to watch jackson , who also served as executive producer , take his smooth , shrewd , powerful act abroad .","the fun of the movie is th e chance it affods to watch jackson, who also served as executive producer, take his sooth, shrewd, powerufl act abroad.",__label__2,52,5,True
the comedy death to smoochy is a rancorous curiosity : a movie without an apparent audience .,the comedy death to smoochy is a rancorous curioity : a movie wtihout an @pparent audience.,__label__1,32,3,True
"this is human comedy at its most amusing , interesting and confirming .","this is human comedy at information technology mo$t amusing, interesting an d confirmative.",__label__2,73,13,False
this directorial debut from music video show-off higuchinsky is all flash .,this directorial debut frm music video sh ow - off higuchinsky is all f lash.,__label__2,33,4,True
"while undisputed isn't exactly a high , it is a gripping , tidy little movie that takes mr . hill higher than he's been in a while .","while undisputed is n't exactly a high, it is a gripping, tidy little movie that takes mr. hill higher than he 's been in a while.",__label__2,34,1,True
an impeccable study in perversity .,an ipeccable study in perversity.,__label__2,11,1,True
never [sinks] into exploitation .,never [ sink s ] into exploitation.,__label__1,11,1,True
looks awfully like one long tourist spot for a mississippi that may never have existed outside of a scriptwriter's imagination .,looks awfully like o ne long tourist spot for a mississippi that may never have existed outside of a scriptwriter 's imagination.,__label__1,26,1,True
"though the story . . . is hackneyed , the characters have a freshness and modesty that transcends their predicament .","thouh the stry.. . is hcakneyed, the characters have a impertinence and modesty that transcends their predicament.",__label__2,106,20,False
so-so entertainment .,so - sol entertainment.,__label__1,25,5,False
"la de salma es una versión de frida superficial , preciosista y sin ningún contenido .","la de salma es una versión de fr ida $uperficial, preciosista y s in ningún contenido.",__label__1,31,4,True
"because the genre is well established , what makes the movie fresh is smart writing , skewed characters , and the title performance by kieran culkin .","b3cause the genre is wel l established, what cause the movie fresh is sart writing, skewed characters, and the title performance by kieran culkin.",__label__2,46,4,True
"no one involved , save dash , shows the slightest aptitude for acting , and the script , credited to director abdul malik abbott and ernest 'tron' anderson , seems entirely improvised .","n o one involved, s ave dash, shows the little aptitude for ating, and the book, cerdited to director abdul malik abbott and ernest ' tron ' anderson, seems entirely improvised.",__label__1,64,6,True
there's a reason why halftime is only fifteen minutes long .,there 's a reaon why halftime is ony fift3en minues long.,__label__1,33,5,True
"with or without the sex , a wonderful tale of love and destiny , told well by a master storyteller","with or without the sex, a w0nderful narrative of love and fortune, tld we ll by a maser storyteller",__label__2,53,9,True
"afraid to pitch into farce , yet only half-hearted in its spy mechanics , all the queen's men is finally just one long drag .","afraid to pitch into f arce, yet only h alf - hearted in its spy mechanics, all the queen 's men is finally just one long drag.",__label__1,37,2,True
"williams plays sy , another of his open-faced , smiling madmen , like the killer in insomnia . he does this so well you don't have the slightest difficulty accepting him in the role .","williams plays sy , another of his open-faced , smiling madmen , like the killer in insomnia . he does this so well you do n 't have t he slightest difficulty accepting him in the role.",__label__1,36,4,True
"highlighted by a gritty style and an excellent cast , it's better than one might expect when you look at the list of movies starring ice-t in a major role .","highlighted by a gritty style and an exce1lent cast, it 's better tan one might expect when you look at the list of movies starring ice - t in a major role.",__label__2,46,2,True
"these three films form a remarkably cohesive whole , both visually and thematically , through their consistently sensitive and often exciting treatment of an ignored people .","these thre e films form a reamrkably cohesive whole, both visually and thematically, through their consistently sensitive and often exciting treatment of an ignored people.",__label__2,38,2,True
it's a drag how nettelbeck sees working women -- or at least this working woman -- for whom she shows little understanding .,it 's a draw how nettelbeck sees working women -- or at least this working woman -- for whom she shows litle understanding.,__label__1,35,3,True
"nohe's documentary about the event is sympathetic without being gullible : he isn't blind to the silliness , but also captures moments of spontaneous creativity and authentic co-operative interaction .","nohe 's documentary about the event is sympathetic without being gullible : he is n't blind to the silliness, merely alo captures moments of spontaneous creativity and authentic co - operative interaction.",__label__2,47,2,True
borrows from other movies like it in the most ordinary and obvious fashion .,borrows from early movies like it in th e mos t ordinary and obviuos fashion.,__label__1,48,7,True
"barely manages for but a few seconds over its seemingly eternal running time to pique your interest , your imagination , your empathy or anything , really , save your disgust and your indifference .","barly manages for but a few seconds over its seemingly eternal running time to pique your interest, your imagination, your empathy or anything, really, sve you r disgust and your indifference.",__label__1,50,3,True
the irony is that this film's cast is uniformly superb ; their performances could have -- should have -- been allowed to stand on their own .,the irony is that this film 's cast is uniformly superb ; their performances could have -- should hav e -- been allowed to stand on their own.,__label__1,77,10,True
this is so bad .,this 1s so bad.,__label__1,29,5,False
"aptly named , this shimmering , beautifully costumed and filmed production doesn't work for me .","aptly named, this shimmering, beautfully costumed and filmed production does n't work for me.",__label__2,22,1,True
"the fascination comes in the power of the huston performance , which seems so larger than life and yet so fragile , and in the way the ivan character accepts the news of his illness so quickly but still finds himself unable to react .","the fascination comes in the power of the huston performance, which seems so larger than life and yet so fragile, and in the way the ivan character accepts the news of his illness so quickly just still finds himself unable to rea ct.",__label__2,237,41,True
"often demented in a good way , but it is an uneven film for the most part .","often demented in a good way, but it is an uneven film for the most part.",__label__2,23,1,True
savvy director robert j . siegel and his co-writers keep the story subtle and us in suspense .,savvy director robert j . siegel and his co - writers keep the story sutle and United States of America i n suspense.,__label__2,30,3,True
"bloody sunday has the grace to call for prevention rather than to place blame , making it one of the best war movies ever made . it's a movie that accomplishes so much that one viewing can't possibly be enough .","bloody sunday has the grace to call for prevention rather than to place blame , making it one of the best war movies ever made . it 's a movie that accomplises therefore much that one viewing ca n't possibly be enough.",__label__2,31,2,True
you could nap for an hour and not miss a thing .,you colud nap for an hour and not miss a thing.,__label__1,33,4,True
"though it never rises to its full potential as a film , still offers a great deal of insight into the female condition and the timeless danger of emotions repressed .","though it never rises to its full potential as a film, sti ll offers a great deal of insight into the female condition and the dateless danger o f emotinos repressed.",__label__2,51,5,True
"beresford nicely mixes in as much humor as pathos to take us on his sentimental journey of the heart . it really is a shame that more won't get an opportunity to embrace small , sweet 'evelyn . '","beresford nicly mixse in adenine much hu mor as p@thos to take us o n his sentimental journy of the he art. it really is a shame that more won't get an opportunity to embrace small , sweet 'evelyn . '",__label__2,64,9,True
doesn't come close to justifying the hype that surrounded its debut at the sundance film festival two years ago .,does n't co me close to justifying the hype that surrounded its debut at the sundance film festival two years ago.,__label__1,25,1,True
"it's rare to find a film that dazzles the eye , challenges the brain , and satisfies our lust for fast-paced action , but minority report delivers all that and a whole lot more .","it 's rre to find a film that dazzles the eye, challenges the brain, and satisfies our lust for fast - paced military action, but minority report fork out all that and a whole lot more.",__label__2,66,5,True
"comes off more like a misdemeanor , a flat , unconvincing drama that never catches fire .","comes o ff mo re like a misdemeanor, a fat, umconvincing drama that never catches fire.",__label__1,37,5,True
"although the level of the comedy declines as the movie proceeds , there's no denying the fun of watching de niro and crystal having fun .","although the level of the comedy declines as the movie proceeds, there ' s no denying the fun of watching de niro and crystal having fu n.",__label__2,42,4,True
"as chilling and fascinating as philippe mora's modern hitler-study , snide and prejudice .","as chiling and fascinatig as philippe mora 's modern hitler - study, snide and prejudice.",__label__2,27,2,True
p . t . anderson understands the grandness of romance and how love is the great equalizer that can calm us of our daily ills and bring out joys in our lives that we never knew were possible .,p . t . anderson understands the grandness of mash an d h ow love is the great equalizer that can calm us of o ur dily ills and brin g out joys in our liv es that we never kne w were possible.,__label__2,76,8,True
is it really an advantage to invest such subtlety and warmth in an animatronic bear when the humans are acting like puppets ?,is it really an advantage to invest such subtety and warmth in an animatronic bear when the humans are acting like puppets?,__label__1,29,2,True
"every joke is repeated at least four times . every joke is repeated at least four times . every joke is repeated at least--annoying , isn't it ?","every j oke is rep3ated at leas t four tines. every j oke is rep3ated at leas t four tines. every joke is repeated at least--annoying , isn't it ?",__label__1,30,4,True
"blessed with a searing lead performance by ryan gosling ( murder by numbers ) , the movie is powerful and provocative . it's also built on a faulty premise , one it follows into melodrama and silliness .","blessed with a searing lead performance by ryan gosling ( murder by nubers ), the movie is powerful and provocative. it's also built on a faulty premise , one it follows into melodrama and silliness .",__label__2,97,18,True
"triple x is a double agent , and he's one bad dude . when you've got the wildly popular vin diesel in the equation , it adds up to big box office bucks all but guaranteed .","triple x is a double agent , and he's one bad dude . when you 've got the wildly popular vin diesel in the equation, it adds up to big bo x office bucks all but guaranteed.",__label__2,30,1,True
"left me with the visceral sensation of longing , lasting traces of charlotte's web of desire and desperation .","left me with the visceral sensation of l0nging, lasting traes of charlotte 's web of desire and desperation.",__label__2,37,3,True
"by no means a slam-dunk and sure to ultimately disappoint the action fans who will be moved to the edge of their seats by the dynamic first act , it still comes off as a touching , transcendent love story .","by no means a sl am - dunk and sure to ultimately disappoint the acion fans who will be moved to the edge of their sea ts by the dynamic first act, it still comes off as a partake, transcendent love story.",__label__2,67,5,True
the best way to hope for any chance of enjoying this film is by lowering your expectations . then lower them a bit more .,t he best way to hope fo r any chance of enjoynig this film is by lowering your expectations. then lower them a bit more .,__label__2,33,3,True
what's missing in murder by numbers is any real psychological grounding for the teens' deviant behaviour . being latently gay and liking to read are hardly enough .,what 's misisng in murder b y come 1s an y re al psychological grounding for the teens ' deviant behaviour. being latently gay and liking to read are hardly enough .,__label__1,64,9,True
"it's like a "" big chill "" reunion of the baader-meinhof gang , only these guys are more harmless pranksters than political activists .","it 's like a "" big chill "" reunion of the baader - meinhof gang, alone these guy s are more h@rmless pranksters than political activists.",__label__1,46,4,True
"truth to tell , if you've seen more than half-a-dozen horror films , there's nothing here you haven't seen before .","truth to te ll, if you 've seen more than half - a - dozen horror films, there 's nothing her e you have n't seen before.",__label__1,37,2,True
"when it's all wet , blue crush is highly enjoyable . when it's on dry land , though , this surfer-girl melodrama starts gasping like a beached grouper .","when it 's all wet, blue crush is hgihly enjoyable. when it's on dry land , though , this surfer-girl melodrama starts gasping like a beached grouper .",__label__2,19,1,True
"despite its faults , gangs excels in spectacle and pacing .","despite IT faults, gangs ecels in spectacle and pacing.",__label__2,29,3,True
"a solid cast , assured direction and complete lack of modern day irony .","a solid cast, assured direction and complete lack o f modern day irony.",__label__1,55,10,True
"for all of its insights into the dream world of teen life , and its electronic expression through cyber culture , the film gives no quarter to anyone seeking to pull a cohesive story out of its 2 1/2-hour running time .","for all o f its insights into the dream world of teen life, and its electronic expression through cyber culture, the film gives no quarter to anyone seeking to pull a cohesive story out of its 2 1/2 - hour running time.",__label__2,48,1,True
the country bears wastes an exceptionally good idea . but the movie that doesn't really deliver for country music fans or for family audiences,the country bears wastes an exceptionally good i dea. but the movie that doesn't really deliver for country music fans or for family audiences,__label__1,14,1,True
"schmaltzy and unfunny , adam sandler's cartoon about hanukkah is numbingly bad , little nicky bad , 10 worst list bad .","schmaltyz an d unfunny, ecstasy sander ' s carton about hanukkah is numbingly bad, little nicky bad, 10 wo rst list bad.",__label__1,64,9,True
predictable storyline and by-the-book scripting is all but washed away by sumptuous ocean visuals and the cinematic stylings of director john stockwell .,pedictable storyline and by - the - book scripting is all but washed away by sumptuous ocean visuals and the cinematic stylings of director john stockwell.,__label__1,32,1,True
"happily , some things are immune to the folly of changing taste and attitude . for proof of that on the cinematic front , look no further than this 20th anniversary edition of the film that spielberg calls , retrospectively , his most personal work yet .","happily , some things are immune to the folly of changing taste and attitude . for proof of that on the cinematic front, loo k no furhter than this 20th anniversary edition of the film that spielberg calls, retrospectively, his m ost personal work yet.",__label__2,47,3,True
you'd have to be a most hard-hearted person not to be moved by this drama .,you 'd have to be a m ost hard - hearted person not to be noved by this drama.,__label__2,33,3,True
uses high comedy to evoke surprising poignance .,uses hi gh comedy to evoke surprsiing poignance.,__label__2,43,8,True
"a delightful surprise because despite all the backstage drama , this is a movie that tells stories that work -- is charming , is moving , is funny and looks professional .","a delightul surprise because despite all the backstage drama, this i s a movie that tells stories that work -- is charming, is act, is fu nny a nd looks professional.",__label__2,84,13,True
[a]n utterly charming and hilarious film that reminded me of the best of the disney comedies from the 60s .,[ a]n utterly charming and screaming fi lm that reminded me of the best of the disney comedies from the LX.,__label__2,40,4,True
"the pacing is deadly , the narration helps little and naipaul , a juicy writer , is negated .","the pacing is deadly, the narration help s little and naipaul, a juicy writer, is negated.",__label__2,58,12,True
"essentially an exceptionally well-written , well-edited , well-directed , well-acted , bald rip-off of aliens .","essentially an exceptionally well - written, well - edited, well - directed, well - acted, bald rip - off of aliens.",__label__1,30,1,True
"it would be great to see this turd squashed under a truck , preferably a semi .","it would be great to see this tu rd squashed under a truck, preferably a semi.",__label__1,21,1,True
"the first hour is tedious though ford and neeson capably hold our interest , but its just not a thrilling movie .","the first hour is teidous though ford and neeson capably hold our interest, but its just n ot a thrilling movie.",__label__1,31,2,True
"a worthwhile documentary , whether you're into rap or not , even if it may still leave you wanting more answers as the credits roll .","a worthwhie documentary, whethre y ou 're into rap o r not, ev en if it may still leave y ou missing more answers as the credits roll.",__label__2,68,10,True
there are now two signs that m . night shyamalan's debut feature sucked up all he has to give to the mystic genres of cinema : unbreakable and signs .,there ar e n ow two signs that m. night shyamalan's debut feature sucked up all he has to give to the mystic genres of cinema : unbreakable and signs .,__label__1,18,2,True
a smug and convoluted action-comedy that doesn't allow an earnest moment to pass without reminding audiences that it's only a movie .,a smug and convoluted action - comedy that does n't allow an earnest moment to pass without reminding audiences that it 's onl y a movie.,__label__1,30,1,True
"few films have captured the chaos of an urban conflagration with such fury , and audience members will leave feeling as shaken as nesbitt's cooper looks when the bullets stop flying .","few films have becharm t he cha os of an urban conflagration with such fury, and audience members will leave feeling as shaken as nesbitt 's cooper looks when the bullets stop flying.",__label__2,47,3,True
skip this turd and pick your nose instead because you're sure to get more out of the latter experience .,ski p t his t urd and pick your nose insetad because you 're sure to get more out of the latter experience.,__label__1,40,4,True
"this fascinating experiment plays as more of a poetic than a strict reality , creating an intriguing species of artifice that gives the lady and the duke something of a theatrical air .","this facsinating experiment plays as mor e of a poetic than a strict reality, creating an connive species of artifice that gives th e lady and the duke something o f a theatrical air.",__label__2,62,6,True
". . . one big laugh , three or four mild giggles , and a whole lot of not much else .",". . . one b1g la ugh, three or four mild giggles, and a whole lot of not m uch else.",__label__1,48,7,True
"as i settled into my world war ii memories , i found myself strangely moved by even the corniest and most hackneyed contrivances .","as i settled into my world war ii memories, i found myself strangely moved by even the corniest and almost hackneyed contrivances.",__label__2,32,1,True
"( wendigo is ) why we go to the cinema : to be fed through the eye , the heart , the mind .","( wendigo is ) why we go to the cinema : to be fed through the eye, the heat, the min d.",__label__2,34,2,True
"most new movies have a bright sheen . some , like ballistic , arrive stillborn . . . looking like the beaten , well-worn video box cover of seven years into the future .","most new movies have a bright sheen . some , like ballistic , arrive stillborn . . . looking like the beaten, wel l - worn video box cover of seven yea rs in to the future.",__label__2,41,6,True
this is amusing for about three minutes .,this is amsuing fo r abo ut three minut3s.,__label__1,27,4,True
"i can't remember the last time i saw an audience laugh so much during a movie , but there's only one problemit's supposed to be a drama .","i ca n't remember the last time i saw a n audience lauh s o much during a movie, but there 's only one problem it 's supposed to be a drama.",__label__2,56,5,True
it's difficult to say whether the tuxedo is more boring or embarrassing--i'm prepared to call it a draw .,it 's difficlt t o say whether the tuxedo is more borng or hinder -- i'm prepared to ca ll it a draw.,__label__1,47,5,True
"the problem with concept films is that if the concept is a poor one , there's no saving the movie . sorry , charlie","the poblem with concept films is that if the construct is a po or one, there 's no saving the movie. s orry, charlie",__label__1,53,6,True
"not only are the film's sopranos gags incredibly dated and unfunny , they also demonstrate how desperate the makers of this 'we're -doing-it-for -the-cash' sequel were .","not only are the film 's sopranos gags incredibly datd and unfnuny, they also demonstrate how desperaet the makes of ths ' we 're -doing - it - fo r -the - cash ' sequel were.",__label__1,78,10,True
"impossible as it may sound , this film's heart is even more embracing than monty , if only because it accepts nasty behavior and severe flaws as part of the human condition .","impossible as i t may sound, this film 's heart is even more embracing than monty, if only because it accepts nasty behavior and severe flaws as part of the human condition.",__label__2,146,25,True
a quirky comedy set in newfoundland that cleverly captures the dry wit that's so prevalent on the rock .,a far-out c0medy set in newfoundland that cleevrly c@ptures the d ry mental capacity that ' s so prvealent on the shake.,__label__2,77,11,True
"the film is enriched by an imaginatively mixed cast of antic spirits , headed by christopher plummer as the subtlest and most complexly evil uncle ralph i've ever seen in the many film and stage adaptations of the work .","the film is enriched by an imaginatively mixed cast of antic spirits, headed by christopher plummer as the subtlest and most complexly evil uncle ralph i 've ever seen in the many film and sta ge adaptations of the work.",__label__1,56,4,True
it all drags on so interminably it's like watching a miserable relationship unfold in real time .,it all dras on so interminably it 's like watching a miesrable relationship unfold in r eal time.,__label__1,32,3,True
"although i didn't hate this one , it's not very good either . it can be safely recommended as a video/dvd babysitter .","although i did n't h ate this one, it 's non very good either. it can be safely recommended as a video/dvd babysitter .",__label__1,25,2,True
"the more kevin costner rests on his pretty-boy laurels , the public is , regrettably , going to have tepid films like dragonfly tossed at them .","the more kevin costner rests on his pretty - boy laurels, the public is, unfortunately, going to have te pid f ilms like dragonfly tossde at them.",__label__1,61,9,True
"it's a wonderful , sobering , heart-felt drama .","it 's a wonderul, sobering, heart - felt drama.",__label__2,17,1,True
"a preposterous , prurient whodunit .","a preposterous, pruient whodunit.",__label__1,27,6,False
despite the premise of a good story . . . it wastes all its star power on cliched or meaningless roles .,despite the premise of a good story . . . i t wasets @ll i ts adept power o n ready-made or nonmeaningful roles.,__label__1,57,9,True
what might have been acceptable on the printed page of iles' book does not translate well to the screen .,what might have been satisfactory on the printed page of iles ' book doe s mot translate well to the screen.,__label__1,39,3,True
this off-putting french romantic comedy is sure to test severely the indulgence of fans of amélie .,this 0ff - putting french romantic comedy is sure to test severely the indulgence o f fans of amélie.,__label__1,28,2,True
the magic ( and original running time ) of ace japanimator hayao miyazaki's spirited away survives intact in bv's re-voiced version .,the magic ( and original running time ) of ace japanimator hayao miyazaki's spirited away survives intact in bv's re-voiced version .,__label__2,143,26,False
hollywood ending is the most disappointing woody allen movie ever . he has a great cast and a great idea . but the execution is a flop with the exception of about six gags that really work .,hollywood ending is the most disappointing woody allen movie ever . he has a great cast and a great idea . bu t t he implementation i s a flo p wi th t he excpetion of ab0ut s ix gags that really work.,__label__1,75,13,True
a grand fart coming from a director beginning to resemble someone's crazy french grandfather .,a grand fa rt coming fr om a director beginning to resemble someone 's crazy french grandfather.,__label__1,25,2,True
"una película oscura , precisa , por momentos grandiosa y casi siempre conmovedora .","un@ película oscrua, preisa, por momentos grandiosa y cas i siempre conmovedora.",__label__1,44,7,True
a live-wire film that never loses its ability to shock and amaze .,a live - wire film that never loses i ts abliity to sh ock and amaze.,__label__1,30,4,True
"a vibrant , colorful , semimusical rendition .","a vibrant, colorful, semimusical rendition.",__label__2,12,1,True
"a better title , for all concerned , might be swept under the rug .","a better title, for all concerned, might be swept under the rug.",__label__1,19,1,True
the difference between cho and most comics is that her confidence in her material is merited .,the difference between cho and mot comics is that her confidence in her material is merited.,__label__2,22,1,True
we have an actor who is great fun to watch performing in a film that is only mildly diverting .,we have an actor who is great fun to watch performing in a film that i s only mildly diverting.,__label__1,24,1,True
"even these tales of just seven children seem at times too many , although in reality they are not enough . every child's story is what matters . this film can only point the way -- but thank goodness for this signpost .","even these tales of just seven children seem at times too many, although in reality they are no t enough. every child's story is what matters . this film can only point the way -- but thank goodness for this signpost .",__label__1,27,1,True
"hardly an objective documentary , but it's great cinematic polemic . . . love moore or loathe him , you've got to admire . . . the intensity with which he's willing to express his convictions .","hardly an objective documentary , but it's great cinematic polemic . . . love moore or loathe him , you've got to admire . . . the intensity with which he 's willing to express his convictins.",__label__2,34,4,True
"the town has kind of an authentic feel , but each one of these people stand out and everybody else is in the background and it just seems manufactured to me and artificial .","the town has kind of an authentic feel, but each one of these people stand out and everybody else is in the background and it j ust seems manufactured to me and artificial.",__label__1,38,1,True
"decasia is what has happened already to so many silent movies , newsreels and the like . the unexpected thing is that its dying , in this shower of black-and-white psychedelia , is quite beautiful .","decasia is what has happened already to so many silent movies , newsreels and the like . th3 unexpect3d thing i s that its dying, in this shower of black - and - white psychedelia, is quite bautiful.",__label__2,52,6,True
"an unbelievably stupid film , though occasionally fun enough to make you forget its absurdity .","an unbelievably stupid film, though occasionally f un enough to make you forget its absurdity.",__label__2,56,9,True
"the actors don't inhabit their roles -- they're trapped by them , forced to change behavior in bizarre unjustified fashion and spout dialog that consists mostly of platitudes .","the actosr do n't inhabit their roles -- they 're trapped b y them, forced to change behavior in biarre unjustified fashion and spout dialog that comprise mostly of platitude.",__label__1,81,11,True
"this ecologically minded , wildlife friendly film teaches good ethics while entertaining with its unconventionally wacky but loving family","this ecologically minded, wildlife friendly film teaches good ethcs while entertianing with its unconventionally wacky but lovng family",__label__2,34,3,True
tries to add some spice to its quirky sentiments but the taste is all too familiar .,tries to add some sp ice to its quirky sentimetns b ut the tast e is all to o familiar.,__label__1,41,5,True
"a cross between blow and boyz n the hood , this movie strives to be more , but doesn't quite get there . good performances keep it from being a total rehash .","a cross between blow and boyz n the hood , this movie strives to be more , but doesn't quite get there . good performances keep it from being a total rehash.",__label__1,15,1,True
the entire movie establishes a wonderfully creepy mood .,the entire movie establishes a woderfully creepy mood.,__label__2,14,1,True
"its gross-out gags and colorful set pieces . . . are of course stultifyingly contrived and too stylized by half . still , it gets the job done -- a sleepy afternoon rental .","its gross-out gags and colorful set pieces . . . are of course stultifyingly contrived and t oo stylized by half. still , it gets the job done -- a sleepy afternoon rental .",__label__1,23,2,True
disappointing in comparison to other recent war moviesor any other john woo flick for that matter .,disapponiting in comparison to other recent war movies or any other john woo flick for that matter.,__label__1,24,1,True
"though the film is well-intentioned , one could rent the original and get the same love story and parable .","though t he film is well - intentioned, one could rent the original and get the same love story and parable.",__label__1,26,1,True
"a drama of great power , yet some members of the audience will leave the theater believing they have seen a comedy .","a drama of great power, yet some members of the audience w ill leave the theater believing they have seen a comedy.",__label__2,37,3,True
"while the ideas about techno-saturation are far from novel , they're presented with a wry dark humor .","while the ideas about techno - saturation are f ar from novel, they 're presented with a wry dark humor.",__label__1,25,1,True
"[serry] wants to blend politics and drama , an admirable ambition . it's too bad that the helping hand he uses to stir his ingredients is also a heavy one .","[ ser ry ] desire to bled ploitics a nd dram a, a n admirale ambition. it 's t oo bad that the helping hand he uses to stir his ingredients is also a haevy one.",__label__2,99,16,True
"the movie is dawn of the dead crossed with john carpenter's ghosts of mars , with zombies not as ghoulish as the first and trains not as big as the second .","the movie is dawn of the dead crossed with john carpenter 's ghosts of mars, with zombies n0t as ghoulish as the first and trains non as big as the second.",__label__1,45,2,True
"a very long movie , dull in stretches , with entirely too much focus on meal preparation and igloo construction .","a very long movie, dul in stretches, with entirely to o much focus on meal preparation and igloo construction.",__label__1,31,3,True
". . . unlikable , uninteresting , unfunny , and completely , utterly inept .",".. . unlikalbe, uninteresting, unfunny, an d completely, utetrly inept.",__label__1,65,15,False
"the script's snazzy dialogue establishes a realistic atmosphere that involves us in the unfolding crisis , but the lazy plotting ensures that little of our emotional investment pays off .","the script 's snazzy dialogue establishes a ralistic atmosphere that involves us in the unfolding crisis, but the lazy plotting ensures that little of o ur emotional investment pas off.",__label__2,45,3,True
it's deep-sixed by a compulsion to catalog every bodily fluids gag in there's something about mary and devise a parallel clone-gag .,it 's deep - sixed by a compulsion to catalog every bodily fluids g ag in there 's something about mary and devise a parallel clone - gag.,__label__1,32,1,True
"if you love reading and/or poetry , then by all means check it out . you'll probably love it .","if you love reading and/or poetry , then by all means check it out . you 'll probably get laid it.",__label__2,15,1,True
"so young , so smart , such talent , such a wise * * * .","so youn g, so snart, such talent, such a wie * * *.",__label__2,31,4,True
"there's a neat twist , subtly rendered , that could have wrapped things up at 80 minutes , but kang tacks on three or four more endings .","there 's a neat twist, subtly rendered, that could have wrapped things up at 80 minutes, but kang tacks on thre e or four more endings.",__label__1,38,2,True
"the action here is unusually tame , the characters are too simplistic to maintain interest , and the plot offers few surprises .","the action here is unusually tame, the characters are t oo simplisitc to maintain interest, and the plot offers few surprises.",__label__1,32,2,True
a savvy exploration of paranoia and insecurity in america's culture of fear .,a savvy exploration of paranoia and insecurity im america 's culture of fear.,__label__2,21,1,True
"audiences are advised to sit near the back and squint to avoid noticing some truly egregious lip-non-synching , but otherwise the production is suitably elegant .","audiences are advised to sit near the back and squint to avoid noticing some truly egregious lip-non-synching , but otherwise the production is suitably elegant .",__label__1,167,30,False
"you needn't be steeped in '50s sociology , pop culture or movie lore to appreciate the emotional depth of haynes' work . though haynes' style apes films from the period . . . its message is not rooted in that decade .","yo u nee d n't be steeped in ' 50s sociology, pop culture or movie lore to apprec1ate the emotional depth o f haynes ' work. though haynes' style apes films from the period . . . its message is not rooted in that decade .",__label__2,52,6,True
"even though it's common knowledge that park and his founding partner , yong kang , lost kozmo in the end , you can't help but get caught up in the thrill of the company's astonishing growth .","even though it 's common knowledge that park and his founding partner, yong kang, lost kozmo in the end, you ca n't h elp merely get caught up in the thrill of the company 's astnishing growth.",__label__2,55,3,True
it treats women like idiots .,i t treats wom en like iidots.,__label__1,20,3,True
"if you adored the full monty so resoundingly that you're dying to see the same old thing in a tired old setting , then this should keep you reasonably entertained .","if you adored the full monty so resoundingly that you 're dying to see the sa me old thing in a tire d old setting, then this should keep you reasonably entertained.",__label__1,41,2,True
a dreary rip-off of goodfellas that serves as a muddled and offensive cautionary tale for hispanic americans .,a dreay rip - off of goodfellas that serves as a muddeld and ofensive cautionary tale for hispanic americans.,__label__1,35,3,True
so relentlessly wholesome it made me want to swipe something .,so relentlessly wholesome it made me want to swipe somthing.,__label__1,16,1,True
"yes they can swim , the title is merely anne-sophie birot's off-handed way of saying girls find adolescence difficult to wade through .","yes they can swim, the title is meerly anne - sophie birot 's off - handed way of saying girls find adolescence difficult t o wa de through.",__label__1,42,3,True
the first half bursts with a goofy energy previous disney films only used for a few minutes here and there .,the first half bursts with a goofy energy previous disey films lone used fo r a few minutes here and there.,__label__1,36,3,True
"as david letterman and the onion have proven , the worst of tragedies can be fertile sources of humor , but lawrence has only a fleeting grasp of how to develop them .","as david letterman and the onion have proven, the wors t of tragedies can be fertile sources of humor, but lawrence has on ly a fleeting grasp of how to develop them.",__label__1,42,2,True
"typical animé , with cheapo animation ( like saturday morning tv in the '60s ) , a complex sword-and-sorcery plot and characters who all have big round eyes and japanese names .","distinctive animé, with cheapo animation ( like saturday good morning tv in the ' 60s ), a complex sword - and - sorcery plot and characters who all have big roudn eyes and japanese nam es.",__label__1,164,32,True
a lot more dimensional and complex than its sunny disposition would lead you to believe .,a lot moe dimensional and complex than its sunny disposition would lad you to believe.,__label__1,26,2,True
"solaris "" is a shapeless inconsequential move relying on the viewer to do most of the work .","soalris "" is a shapeless incnosequential move relying on the viewer to do most o f the work.",__label__1,32,3,True
it's a sharp movie about otherwise dull subjects .,it ' s a sharp movie about otherwise d ull subjects.,__label__1,19,2,True
"deadly dull , pointless meditation on losers in a gone-to-seed hotel .","deadly dull, poimtless meditation on losers in a gone - to - seed hotel.",__label__1,23,1,True
"one long , numbing action sequence made up mostly of routine stuff yuen has given us before .","one long, numb1ng action sequence made up mostly of routnie stuff yuen has given us before.",__label__1,34,3,True
a listless and desultory affair .,a lstless and desultry affari.,__label__1,22,4,True
"its strengths and weaknesses play off each other virtually to a stand-off , with the unfortunate trump card being the dreary mid-section of the film .","its strengths and weaknesses play off each other virtually to a stand - off, with the unfortunate t rump card being the drery mid - section of the film.",__label__1,44,3,True
i thought my own watch had stopped keeping time as i slogged my way through clockstoppers .,i thought my own watch had stopped keeping time as i $logged my way through clockstoppers.,__label__1,24,1,True
"pull[s] off the rare trick of recreating not only the look of a certain era , but also the feel .","pull[s ] off the rare trick of recreating not only the look of a certain era, but also the fee l.",__label__2,26,1,True
"the direction occasionally rises to the level of marginal competence , but for most of the film it is hard to tell who is chasing who or why .","the direction occasionally rises to the level of marinal competence, but for most of the film it is hard t o tell who is chasing who or why.",__label__1,38,2,True
"the result is somewhat satisfying -- it still comes from spielberg , who has never made anything that wasn't at least watchable . but it's also disappointing to a certain degree .","the result is somewhat satisfying -- it still comes from spielberg , who has never made anything that wasn't at least watchable . but it 's also dissatisfactory to a certain dgree.",__label__1,21,2,True
"evelyn may be based on a true and historically significant story , but the filmmakers have made every effort to disguise it as an unimaginative screenwriter's invention .","evelyn may be based on a true and historically significant story, but the fimmakers have made every sweat to disguse it as an unmiaginative screenwriter 's invention.",__label__1,49,4,True
the hot topics of the plot are relegated to the background -- a welcome step forward from the sally jesse raphael atmosphere of films like philadelphia and american beauty .,the hot topics of the plot are relegated to the background -- a welome step forward from the sally jesse raphael atmosphere of films like philadelphia and american beauty.,__label__2,35,1,True
"while the story does seem pretty unbelievable at times , it's awfully entertaining to watch .","while t he story does seem pretty unbelievable at times, it 's awfully entertaining to watch.",__label__1,67,11,True
the movie is too impressed with its own solemn insights to work up much entertainment value .,the movie is t oo impressed with its own solemn insights to work up much entertainment value.,__label__1,21,1,True
"the animation and backdrops are lush and inventive , yet return to neverland never manages to take us to that elusive , lovely place where we suspend our disbelief .","the animation and backdrops are boozer and inv3ntive, yet return t o neverland never manaes to take atomic number 92 to that elusive, pin-up place where we suspend our disbelief.",__label__2,69,8,True
there's none of the happily-ever -after spangle of monsoon wedding in late marriage -- and that's part of what makes dover kosashvili's outstanding feature debut so potent .,there 's none of the happily - ever -after spangle of monsoon wedding in late marriage - - and that 's part of w hat nakes dover kosashvili 's outstadning feature debut so potent.,__label__2,57,5,True
"smart and fun , but far more witty than it is wise .","smart and fu n, but far more witty than it is wise.",__label__2,17,1,True
"places a slightly believable love triangle in a difficult-to-swallow setting , and then disappointingly moves the story into the realm of an improbable thriller .","places a slightly believable love triangle in a difficult - to - swallow setting, and then disappiontingly moves the story into the realm of an improbabel thriller.",__label__1,40,2,True
"for the most part , i spy was an amusing lark that will probably rank as one of murphy's better performances in one of his lesser-praised movies .","for the most part, i spy was an amusing lark that will probably rank as one of murphy 's beter performances in one of his lesser - praised movies.",__label__1,36,1,True
. . . a roller-coaster ride of a movie,. . . a rller - coaster ride o f a movie,__label__2,20,3,True
a close-to-solid espionage thriller with the misfortune of being released a few decades too late .,a close - t o - sloid espionage thriller with the misfortune of being released a few decades too late.,__label__2,39,4,True
"'yes , that's right : it's forrest gump , angel of death . '","' yes, that 's ri ght : it 's forrest gup, angel 0f death. '",__label__1,38,6,True
"there are things to like about murder by numbers -- but , in the end , the disparate elements don't gel .","thre are things to like about murder by numbers -- but, i n the end, the disparate elements do n't ge1.",__label__2,53,6,True
the affectionate loopiness that once seemed congenital to demme's perspective has a tough time emerging from between the badly dated cutesy-pie mystery scenario and the newfangled hollywood post-production effects .,the affectionate loopiness that once seemed congenital to demme's perspective has a tough time emerging from between the badly dated cutesy-pie mystery scenario and the newfangled hollywood post-production effects .,__label__1,197,35,False
"perhaps a better celebration of these unfairly dismissed heroes would be a film that isn't this painfully forced , false and fabricated .","pehaps a btter solemnization of the$e unfaily dismissed Hero wou ld be a film that is n't this paimfully forced, fales and fabricatd.",__label__1,90,15,True
"you come away thinking not only that kate isn't very bright , but that she hasn't been worth caring about and that maybe she , janine and molly -- an all-woman dysfunctional family -- deserve one another .","you come away thinking not only that kate is n't very bright, but that she has n't been worth caring about and that maybe she, janine and molly -- an all - woman dysfunctional family -- deserve one another.",__label__2,48,1,True
viveka seldahl and sven wollter will touch you to the core in a film you will never forget -- that you should never forget .,viveka seldahl and sven wollter will touch you to the core in a film you will never foret -- that you should never forgte.,__label__2,35,2,True
"an ambitious movie that , like shiner's organizing of the big fight , pulls off enough of its effects to make up for the ones that don't come off .","an ambitious movie that, like shiner 's organizing of the big fight, pulls off enough of its effects to make up f or the ones that do n't come off.",__label__2,37,2,True
sheridan's take on the author's schoolboy memoir . . . is a rather toothless take on a hard young life .,sheridan 's take on the author 's schoolboy memoir.. . is a rather toothless take on a hard young life .,__label__2,17,1,True
"graças às interações entre seus personagens , o filme torna-se não apenas uma história divertida sobre uma curiosa perseguição , mas também um belo estudo de personagens .","graças às interações entre seu s personagens, o filme torna - se não apenas uma história divertida sobre uma curiosa perseguição, mas também um belo estudo de personagens.",__label__1,34,1,True
"these characters are so well established that the gang feels comfortable with taking insane liberties and doing the goofiest stuff out of left field , and i'm all for that .","these characters are so w ell established that the gang feels comfortable with taking insane liberties and doing the goofiest stuff out of left field, and i 'm all for that.",__label__2,36,1,True
"if legendary shlockmeister ed wood had ever made a movie about a vampire , it probably would look a lot like this alarming production , adapted from anne rice's novel the vampire chronicles .","if legendary shlockmeister ed wood had ever made a movie about a vampire , it probably would look a lot like this alarming production , adapted from anne rice's novel the vampire chronicles .",__label__2,189,35,False
gussied up with so many distracting special effects and visual party tricks that it's not clear whether we're supposed to shriek or laugh .,gussied up with so many distractng special effects and visual party tricks that it 's mot clear whether we 're suppsed to shriek or laugh.,__label__1,41,3,True
. . . surprisingly inert for a movie in which the main character travels back and forth between epochs .,. . . surrisingly inert for a movie in which the main character travels back and forth between epochs.,__label__2,23,1,True
"hypnotically dull , relentlessly downbeat , laughably predictable wail pitched to the cadence of a depressed fifteen-year-old's suicidal poetry .","hypnotically du ll, reentlessly downbeat, laughably predict@ble wal sky to the cadence of a depressde fiftene - year - ol d '$ suicidal poetry.",__label__1,72,12,True
"bravo for history rewritten , and for the uncompromising knowledge that the highest power of all is the power of love .","brav o for history rewritten, and for the uncompromising knowledeg that the gamey power of a ll i s the power o f lo ve.",__label__2,61,8,True
"an elegant work , food of love is as consistently engaging as it is revealing .","an eleg@nt work, food of love is as consistently engagign as it is discover.",__label__2,32,3,True
odd and weird .,o dd an d wierd.,__label__1,23,4,False
i kept wishing i was watching a documentary about the wartime navajos and what they accomplished instead of all this specious hollywood hoo-ha .,i keep on wishign i was watching a documentry about the wartime navajos and what they accomplished instead of all th is specious hollywood hoo - ha.,__label__1,52,6,True
crummy,crumy,__label__1,9,1,False
"a sham construct based on theory , sleight-of-hand , and ill-wrought hypothesis .","a s ham construct based on theory, sleight - of - hand, and ill - wrought hypothesis.",__label__1,23,1,True
a romantic comedy enriched by a sharp eye for manners and mores .,a romanticistic comedy enriched by a sharp ey e for manners and mores.,__label__2,22,2,True
an old-fashioned drama of substance about a teacher's slide down the slippery slope of dishonesty after an encounter with the rich and the powerful who have nothing but disdain for virtue .,an old - fashioned drama of meaning about a teacher 's slide down the slippery slope of dishonesty after an encounter with the rich and the powerful who have nohing but disdain for virtue.,__label__1,45,2,True
"here's my advice , kev . start reading your scripts before signing that dotted line .","here 's my advice, kev. start reading your scripts before signing that dotted line .",__label__1,12,1,True
"even if it pushes its agenda too forcefully , this remains a film about something , one that attempts and often achieves a level of connection and concern .","even if it pushes its order of business t oo forcefully, this remains a film about something, one that attempts and often achieves a level of connection and concern.",__label__1,38,2,True
you don't have to be an especially tough grader to give a charitable b-minus to the emperor's club .,you do n't have to be an especially tough grader to give a charitable b - minu s to the empror 's club.,__label__1,33,2,True
"oft-described as the antidote to american pie-type sex comedies , it actually has a bundle in common with them , as the film diffuses every opportunity for a breakthrough","oft - described as the antidote to american pie - type sex comedies, it actually has a bundle in common with them, as the film diffuses every opportunity for a breakthrough",__label__2,37,1,True
a mixed bag of a comedy that can't really be described as out of this world .,a mix ed bag o f a comedy that Calif. n 't really be de$cribed a s out 0f this world.,__label__1,60,11,True
"starts off with a bang , but then fizzles like a wet stick of dynamite at the very end . it's still worth a look .","starts off with a bang , but then fizzles like a wet stick of dynamite at the very end . it 's still wort h a looking at.",__label__2,23,4,True
it's a masterpiece .,it 's a masterpiece.,__label__2,9,1,True
"the premise for this kegger comedy probably sounded brilliant four six-packs and a pitcher of margaritas in , but the film must have been written . . . in the thrall of a vicious hangover .","the precede for this kegger comedy probably sounded brilliant four six - packs an d a pitcher of margaritas in, but the fim must hav e been written... in the thrall of a vicious hangover .",__label__1,60,6,True
the film's stagecrafts are intimate and therefore bolder than the otherwise calculated artifice that defines and overwhelms the film's production design .,the film ' s stagcrafts embody intimate and therefore bolder than the otherwise calculated artifice that defines and overwhelms the film 's production design.,__label__2,54,6,True
it's refreshing to see a romance this smart .,it 's refeshing to see a romance this smart.,__label__2,15,1,True
"in the end , the film feels homogenized and a bit contrived , as if we're looking back at a tattered and ugly past with rose-tinted glasses .","in the end, the film feels homogenized and a bit cnotrived, as i f we 're looking back at a tattered and ug1y past with rose - tinted glasses.",__label__1,45,3,True
it's like an all-star salute to disney's cheesy commercialism .,i t 's like an all - star salute to disney 's ch3esy commercialism.,__label__1,40,7,True
"dazzles with its fully-written characters , its determined stylishness ( which always relates to characters and story ) and johnny dankworth's best soundtrack in years .","dazzles with its amply - written characters, its determined stylishness ( which always relates to characters and story ) and johnny dankworth 's bet soundtrack i n years.",__label__2,48,4,True
a gripping documentary that reveals how deep the antagonism lies in war-torn jerusalem .,a grpping documentary that reevals how deep the antagonism lies i n war - torn jerusaem.,__label__2,35,4,True
"all in all , a great party .","all i n all, a g reat party.",__label__2,17,2,True
"a reminder that beyond all the hype and recent digital glitz , spielberg knows how to tell us about people .","a reminder that beyond all the hype and recent digital glitz, spielberg knows how t o tell us about people.",__label__1,25,1,True
"this version's no classic like its predecessor , but its pleasures are still plentiful .","this version 's no classc li ke IT predecessor, but its pleasures are still plentiful.",__label__2,61,10,True
"time literally stops on a dime in the tries-so-hard-to-be-cool "" clockstoppers , "" but that doesn't mean it still won't feel like the longest 90 minutes of your movie-going life .","time literally stops on a dme in the tr ies - so - hard - to - be - cool "" clockstoppers, "" but that does n't mean it still wo n't feel like the longest 90 m1nutes of your movie - going life.",__label__1,59,3,True
"infidelity drama is nicely shot , well-edited and features a standout performance by diane lane .","infidelity drama is nice1y shot, wel l - edited and features a standotu performance by diane lane.",__label__2,43,6,True
"what's most offensive isn't the waste of a good cast , but the film's denial of sincere grief and mourning in favor of bogus spiritualism .","what 's most offesive is n 't the wast3 o f a good cast, but the film 's denial o f sincere grief and mourning in favor of bgous spiritualism.",__label__1,73,9,True
"how on earth , or anywhere else , did director ron underwood manage to blow $100 million on this ?","how along earth, or anywhere else, d id director ron underwod maage t o blow $ 100 million on th is?",__label__1,59,10,True
lacks the inspiration of the original and has a bloated plot that stretches the running time about 10 minutes past a child's interest and an adult's patience . but it also has many of the things that made the first one charming .,l acks the inspiration of the original and has a bloated plot that stretches the running time about 10 minutes past a child 's interest and an adult 's patience. but it also has many of the things that made the first one charming .,__label__1,35,1,True
"like schindler's list , the grey zone attempts to be grandiloquent , but ends up merely pretentious -- in a grisly sort of way .","like schindler 's list, the grey zone essay to be grandiloquent, but en ds up meerly pretentios -- in a grisly sort of way.",__label__1,47,4,True
"every now and again , a movie comes along to remind us of how very bad a motion picture can truly be . frank mcklusky c . i . is that movie !","every now and again, a movie comes along to remind u s of how very bad a motion picture can truly be. frank mcklusky c . i. exist that mo vie!",__label__2,54,7,True
"fails to satisfactorily exploit its gender politics , genre thrills or inherent humor .","f ails t o satisfactorily exploit its gender politics, genre thrills or inherent humor.",__label__1,23,2,True
"the angst-ridden , affluent slacker characters are more grating than engaging .","the agst - ridden, affluent slacker characters are more graing than engaging.",__label__1,34,4,True
"its use of the thriller form to examine the labyrinthine ways in which people's lives cross and change , buffeted by events seemingly out of their control , is intriguing , provocative stuff .","its use of the triller form t o examine the labyrinthine ways in which people 's livse cross and change, buffeted by events seemingly out of their control, is intriguing, prvocative stuff.",__label__2,59,5,True
the solid filmmaking and convincing characters makes this a high water mark for this genre .,the solid filmmaking and convincing characters mak es this a high water mark for this genre.,__label__2,20,1,True
"ryosuke has created a wry , winning , if languidly paced , meditation on the meaning and value of family .","ryosuke has creatde a wry, winning, if languidly paced, meditation on the meaning a nd value of family.",__label__2,45,5,True
plays like a bad blend of an overripe episode of tv's dawson's creek and a recycled and dumbed-down version of love story .,plays li ke a bad blend of an overripe episode of tv 's dawson 's creek and a recyc1ed and dunbed - down version of love story.,__label__1,41,3,True
"enough is not a bad movie , just mediocre . the performances are so overstated , the effect comes off as self-parody .","enoguh equal non a bad mov ie, j ust mediocer. the performances are so overstated, the effect cmoes of f as se lf - parody.",__label__1,79,13,True
". . . very funny , very enjoyable . . .",". . . very funny, very enjoyable...",__label__2,14,1,True
"an energizing , intoxicating documentary charting the rise of hip-hop culture in general and the art of scratching ( or turntablism ) in particular .","an energizing, intoxicatign documentary charting the rise of hip - hop culture i n general and the art of scratchng ( or turntablism ) in particular.",__label__2,41,3,True
"jirí hubac's script is a gem . his characters are engaging , intimate and the dialogue is realistic and greatly moving . the scope of the silberstein family is large and we grow attached to their lives , full of strength , warmth and vitality . .","jií hubac ' s script cost a gem. his chaarcters ar engaging, inimate and the dialogue is raelistic and greatly moving. the scope of the silberstein family is large and we grow attached to their li ves, full of strength, warmth and vitality..",__label__2,155,24,True
"sometimes this modest little number clicks , and sometimes it doesn't .","sometimes this modest little number clicks, and sometimes it does n't.",__label__1,17,1,True
"about as enjoyable , i would imagine , as searching for a quarter in a giant pile of elephant feces . . . positively dreadful .","ab out a s enjoyable, i would imagine, as searching for a quarter in a g iant plenty of elephant feces... positively dreadful.",__label__1,75,12,True
a little weak -- and it isn't that funny .,a little weak -- and it is n 't that f unny.,__label__1,25,3,True
"from beginning to end , this overheated melodrama plays like a student film .","from beginning to end, this overheated melodama plays l ike a student film.",__label__1,23,2,True
"just another disjointed , fairly predictable psychological thriller .","jut some other divorce, fairly predictable psychological thriller.",__label__1,49,9,False
'like a child with an important message to tell . . . [skins'] faults are easy to forgive because the intentions are lofty . ',' like a child with a n important message to tell... [ shin ' ] faulst be ea sy t0 forgive because the intentions are lo fty. ',__label__2,95,17,True
"a graceless , witless attempt at mating some like it hot with the wwii espionage thriller .","a grace1ess, witless attempt a t mating some like it hot with t he wwii esionage thriller.",__label__1,49,9,True
the best film of the year 2002 .,the bst film of the yea r 2002.,__label__2,17,2,True
"does a good job of establishing a time and place , and of telling a fascinating character's story .","des a g ood Book of Job of establishing a time and p lace, and of telling a fsacinating character 's story.",__label__2,46,6,True
"if you thought tom hanks was just an ordinary big-screen star , wait until you've seen him eight stories tall .","if you thought tom hanks was just an ordniary big - screen star, wa it utnil you 've seen him eight stories tall.",__label__1,47,6,True
"at its best , it's black hawk down with more heart . at its worst , it's rambo- meets-john ford .","at its best , it's black hawk down with more heart . at its worst , it's rambo- meets-john ford .",__label__1,64,12,False
it treats ana's journey with honesty that is tragically rare in the depiction of young women in film .,it treats a na 's jouney with honesyt that is tragically rae in the depiction of young women i n film.,__label__2,44,5,True
"very well made , but doesn't generate a lot of tension .","very wel l made, but does n't generate a lot of tension.",__label__2,17,1,True
a deep and meaningful film .,a dep an d meaningful film.,__label__2,15,2,True
it's one thing to read about or rail against the ongoing - and unprecedented - construction project going on over our heads . it's quite another to feel physically caught up in the process .,it 's one thing to read about o r rail against the ongoing - and unprecedented - construction project going o n ove r our heads. it's quite another to feel physically caught up in the process .,__label__2,39,3,True
kapur's contradictory feelings about his material result in a movie that works against itself .,kapur 's conflicting feelings about his materail reult in a movie tha t whole shebang against itself.,__label__1,44,5,True
"terminally bland , painfully slow and needlessly confusing . . . the movie , shot on digital videotape rather than film , is frequently indecipherable .","terminlaly b land, painfulyl sow a nd needlesly conusing... the movie, sho t on digital videotape kind of th an fi lm, i s oftentimes unreadable.",__label__1,102,19,True
no telegraphing is too obvious or simplistic for this movie .,n o telegraphing i s to0 obvous 0r simpli$tic f or t his movie.,__label__1,55,9,True
the gags that fly at such a furiously funny pace that the only rip off that we were aware of was the one we felt when the movie ended so damned soon .,the gags that fly at su ch a furiously funny pace that the only rip off that we were aware of was the one w3 felt when th e movie ended so damned soon.,__label__1,57,5,True
"feels at times like a giant commercial for universal studios , where much of the action takes place .","feels at times lik e a giant commercial for universal studios, where much of t he action takes place.",__label__1,44,6,True
"mr . deeds is not really a film as much as it is a loose collection of not-so-funny gags , scattered moments of lazy humor .","mr. deeds is mot really a film as much as it is a loose collection of not - so - funny gags, sctatered moments of la zy humor.",__label__1,47,4,True
"godard has never made a more sheerly beautiful film than this unexpectedly moving meditation on love , history , memory , resistance and artistic transcendence .","godard ha s never made a more sheerly beautiful film than this unexpectedly moving meditation on love, history, memory, resistance and artistic transcendence.",__label__2,30,1,True
with its parade of almost perpetually wasted characters . . . margarita feels like a hazy high that takes too long to shake .,wit h it s exhibit o f almsot perpetually wastd charact3rs... margarita feels lik e a hazy high that tak es too long to shake.,__label__1,78,13,True
"over-the-top and a bit ostentatious , this is a movie that's got oodles of style and substance .","over - the - top and a bit ostentatious, this is a movie that 's got oodles of title and substance.",__label__1,72,10,True
"bursting through the constraints of its source , this is one adapted- from-television movie that actually looks as if it belongs on the big screen .","bursting through the constraints of its source, this i s one adapted- from - television movie that actually looks as if it belongs on the big screen.",__label__2,32,1,True
it asks nothing of the audience other than to sit back and enjoy a couple of great actors hamming it up .,it asks nothing o f the audience other than to sit back and enjoy a couple of great acors hamming it up.,__label__1,32,3,True
"if you are an actor who can relate to the search for inner peace by dramatically depicting the lives of others onstage , then esther's story is a compelling quest for truth .","if you are an actor who can relae to the search for inner peace by dramatically depicting the lives of others onstage, then esther 's story is a cmpelling quest for truth.",__label__2,44,2,True
about as big a crowdpleaser as they possibly come .,ab out as big a crowdpleaser as they possibly come.,__label__1,14,1,True
a solid film . . . but more conscientious than it is truly stirring .,a soid f ilm... but more conscientious than it is tr uly stirring.,__label__2,35,7,True
"at a time when we've learned the hard way just how complex international terrorism is , collateral damage paints an absurdly simplistic picture .","at a time when we 've learned the hard way jst how complex international terrorism is, collateral damage paints an absurdly simplistic picture.",__label__2,82,13,True
"a surprisingly flat retread , hobbled by half-baked setups and sluggish pacing .","a surprisingly f lat retread, hobbled by half - baked setups and sluggish pacing.",__label__1,19,1,True
"what is 100% missing here is a script of even the most elemental literacy , an inkling of genuine wit , and anything resembling acting .","what is 100% missing here is a script of even the most elemental literacy , an inkling of genuine wit , and anything resembling acting .",__label__1,145,27,False
it's neither as romantic nor as thrilling as it should be . but it offers plenty to ponder and chew on as its unusual relationship slowly unfolds .,it's neither as romantic nor as thrilling as it should be . but it offers plety t0 ruminate a nd che w on type A its strange relationship slowly unfolds.,__label__2,81,13,True
morvern rocks .,morvern roc ks.,__label__2,17,3,False
"and if you appreciate the one-sided theme to lawrence's over-indulgent tirade , then knock yourself out and enjoy the big screen postcard that is a self-glorified martin lawrence lovefest . if you are willing to do this , then you so crazy !","and if you appreciate the one-sided theme to lawrence's over-indulgent tirade , then knock yourself out and enjoy the big screen postcard that is a self-glorified martin lawrence lovefest . if you are wlling to do this, then you s o crazy!",__label__2,23,2,True
"the country bears has no scenes that will upset or frighten young viewers . unfortunately , there is almost nothing in this flat effort that will amuse or entertain them , either .","the country bears has no scenes that will upset or frighten young viewers . unluckily, there i s almost cypher Indiana this flat sweat that will amuse or entertain them, 3ither.",__label__1,51,8,True
"ensemble movies , like soap operas , depend on empathy . if there ain't none , you have a problem .","ensemble movies, like soap operas, depend on empathy. if there ain't none , you have a problem .",__label__1,16,1,True
"long before it's over , you'll be thinking of 51 ways to leave this loser .","long before it ' s over, you 'll be thinking of 51 ways to l eave t his losre.",__label__1,37,4,True
a compelling motion picture that illustrates an american tragedy .,a complling motion picture that illutrates an american tragedy.,__label__2,20,2,True
"the x potion gives the quickly named blossom , bubbles and buttercup supernatural powers that include extraordinary strength and laser-beam eyes , which unfortunately don't enable them to discern flimsy screenplays .","the x potion give s the quickly named blossom, bubbles and buttercup supernatural powers that include sinful strength and laser - beam eyes, which unfortunately do n't enable them to discern flimsy screenplays.",__label__2,44,2,True
"a shame that stealing harvard is too busy getting in its own way to be anything but frustrating , boring , and forgettable .","a s hame th at stealing harvard i s too busy getting in its own way to be anything but frustrating, boring, and forgettable.",__label__1,54,7,True
"in a 102-minute film , aaliyah gets at most 20 minutes of screen time . . . . most viewers will wish there had been more of the "" queen "" and less of the "" damned . ""","in a 102-minute film , aaliyah gets at most 20 minutes of screen time . . . . most viewers will wish the re had been more of the "" queen "" and less o f the "" damned. """,__label__2,36,3,True
ferrara directs the entire film with the kind of detachment that makes any given frame look like a family's custom-made christmas card .,ferrara directs the entire film with the kind of detachment that makes @ny given frame lo0k lik e a family 's custom - made christmas card.,__label__1,43,3,True
"as a movie , it never seems fresh and vital . it never plays as dramatic even when dramatic things happen to people . it labours as storytelling .","as a movie, it never seems fresh a nd vital. it never plays as dramatic even when dramatic things happen to people . it labours as storytelling .",__label__2,17,1,True
first-time director joão pedro rodrigues' unwillingness to define his hero's background or motivations becomes more and more frustrating as the film goes on .,first - time driector joão pedro rodrigues ' uwillingness to define his hero 's background or motivations becomes more and m ore furstrating as the film gos on.,__label__1,52,5,True
winds up feeling like lots of other quirky movies that try to score hipness points with young adults .,winds up feeling like lots of other quirky movies that try to score hipness points with young adults.,__label__1,24,1,True
you don't have to know about music to appreciate the film's easygoing blend of comedy and romance .,you do n't have to know about music to apprize the film 's easygoing bl3nd o f comedy and love affair.,__label__2,43,4,True
vampire epic succeeds as spooky action-packed trash of the highest order .,vampire epic succeds as spooky action - paced trash of the high order.,__label__2,29,3,True
"while it has definite weaknesses -- like a rather unbelievable love interest and a meandering ending -- this '60s caper film is a riveting , brisk delight .","while it has definite weaknesses -- like a rather unbelievable love interest and a meandering ending -- this ' 60s caper film i s a riveting, brisk delight.",__label__2,81,13,True
eckstraordinarily lame and severely boring .,eckstraordinarily la me a nd sev3rely borimg.,__label__1,35,6,False
"often overwrought and at times positively irritating , the film turns into an engrossing thriller almost in spite of itself .","often overwrought and at times positively irritating , the film turns into an engrossing thriller almost in spite of itself .",__label__1,121,21,False
"boy oh boy , it's a howler .","boy oh boy, it ' s a howler.",__label__1,18,2,True
"made-up lampoons the moviemaking process itself , while shining a not particularly flattering spotlight on america's skin-deep notions of pulchritude .","made - up lampoons the moviemaking process itself, while shining a n ot particularly flattering spotlight on america 's skin - deep notions of pulchritude.",__label__1,30,1,True
"on its icy face , the new film is a subzero version of monsters , inc . , without the latter's imagination , visual charm or texture .","on its icy f ace, the new film is a subzero version o f monsters, inc., without the latter 's imaginaiton, visual charm or texture.",__label__2,56,8,True
"a real winner -- smart , funny , subtle , and resonant .","a r eal winner - - snart, f unny, insidious, an d reosnant.",__label__2,57,13,True
insufferably naive .,inufferably n aive.,__label__1,17,3,False
"obvious , obnoxious and didactic burlesque .","obviou$, obnoxios a nd didacitc burlesque.",__label__1,29,5,True
a mimetic approximation of better films like contempt and 8 1/2 .,a mimetic approximation of bettre films like conempt and 8 1/2.,__label__1,27,3,True
"<em>ash wednesday</em> is not edward burns' best film , but it is a good and ambitious film . and it marks him as one of the most interesting writer/directors working today .","< en > as h wednesday</em > is not edward burns ' bet film, but it i s a goo d a nd ambitious film. and it marks him as one of the most interesting writer/directors working today .",__label__2,69,10,True
michel piccoli's moving performance is this films reason for being .,michel piccoli 's moving performance is this films reason for bein g.,__label__2,16,1,True
"[dong] makes a valiant effort to understand everyone's point of view , and he does such a good job of it that family fundamentals gets you riled up .","[ dong ] makes a valiant effort to understand everyone 's point of view, and he does such a goo d job of it that family fundamentals gts yo u riled up.",__label__2,47,3,True
calculated swill .,calculatde sw ill.,__label__1,17,3,False
"from the choppy editing to the annoying score to 'special effects' by way of replacing objects in a character's hands below the camera line , "" besotted "" is misbegotten","from the chopy editing to the vexation score to ' special efects ' by way of replacing objects in a character 's hands be1ow the photographic camera line, "" besotted "" is misbegotten",__label__1,58,5,True
[a] real pleasure in its laid-back way .,[ a ] rea l pleasure in its laid - b ack way.,__label__2,37,6,True
"apparently , romantic comedy with a fresh point of view just doesn't figure in the present hollywood program .","apparently, romantic comedy with a fresh target of view just does n't figure in the presnt hollywood program.",__label__1,48,5,True
"a recent favourite at sundance , this white-trash satire will inspire the affection of even those unlucky people who never owned a cassette of def leppard's pyromania .","a recent faovurite at sundance, this white - trash saire will inspire the affection of even those unlucky people who never owned a cassette of def leppard 's pyromania.",__label__2,41,2,True
director boris von sychowski instead opts for a routine slasher film that was probably more fun to make than it is to sit through .,director boris von sychowski or else opts for a routine slasher film that was probably mre fun to make tha n it is t o si t though.,__label__1,54,6,True
"the screenplay , co-written by director imogen kimmel , lacks the wit necessary to fully exploit the comic elements of the premise , making the proceedings more bizarre than actually amusing .","the screenplay, co - written by director imogen kimmel, deficiency the wit necessary to fully exploit the comic elements of the preise, making the proceedings more biarre tha n actully amusing.",__label__1,58,5,True
"it's all stitched together with energy , intelligence and verve , enhanced by a surplus of vintage archive footage .","it 's all stitched together with energy, intelligence and verve, enhaced by a surplus of time of origin archive footage.",__label__2,34,2,True
dignified ceo's meet at a rustic retreat and pee against a tree . can you bear the laughter ?,dignified ceo's meet at a rustic retreat and pee against a tree . c an you bear th3 laughter?,__label__2,36,6,False
"if h . g . wells had a time machine and could take a look at his kin's reworked version , what would he say ? 'it looks good , sonny , but you missed the point . '","if h . g . wells had a time machine and could take a look at his kin's reworked version , what would he say ? 'it looks good , sonny , but you missed the point . '",__label__2,5,0,False
has something to say . . . but it is a statement and issue worthy of a much more thoughtfulness and insight than a melodramatic and wholly predictable thriller .,has something to say . . . but it is a statement and issue worthy of a m uch more thoughtfulness and insight than a melodramatic and wholly preidctable thriller.,__label__1,39,4,True
on the right track to something that's creepy and effective . . . it's just going to take more than a man in a bullwinkle costume to get there .,on the right track to something that '$ creepy and effective... it's just going to take more than a man in a bullwinkle costume to get there .,__label__2,67,10,True
"a movie more to be prescribed than recommended -- as visually bland as a dentist's waiting room , complete with soothing muzak and a cushion of predictable narrative rhythms .","a movie more to be prescribed than recommended -- as visually b land as a dentist 's waiting room, complete with soothing muazk and a cushion of predicatble narrative rhythms.",__label__1,47,3,True
a woman's pic directed with resonance by ilya chaiken .,a wom@n 's pic driected with resonance b y ilya chaiken.,__label__1,61,11,False
not since ghostbusters has a film used manhattan's architecture in such a gloriously goofy way .,not since ghostbusters has a film used manhattan 's architecture in such a gloriously goofy way.,__label__2,21,1,True
"for a film that celebrates radical , nonconformist values , what to do in case of fire ? lazily and glumly settles into a most traditional , reserved kind of filmmaking .","for a film that celebrates radical , nonconformist values , what to do in case of fire ? lazily and glumly settles into a mo st traditional, reserved kind of filmmaking.",__label__2,19,1,True
the mothman prophecies is best when illustrating the demons bedevilling the modern masculine journey .,the mothman prphecies is best when exemplify the demons bedevilling the modern font masculne journ3y.,__label__2,46,7,True
"critics need a good laugh , too , and this too-extreme-for-tv rendition of the notorious mtv show delivers the outrageous , sickening , sidesplitting goods in steaming , visceral heaps .","critics need a good laugh, too, and this too - extreme - for - tv rendition of the notorious mtv show deilvers the outrageous, sickening, sidesplitting goods in steaming, visceral heaps.",__label__2,185,37,False
an uneven look into a grim future that doesn't come close to the level of intelligence and visual splendour that can be seen in other films based on philip k . dick stories .,an uneven look into a grim future tat dos n't come close to the level of intelligence and visual splendour that can be seen in other films based on philip k. dick stories .,__label__2,43,2,True
one thing you have to give them credit for : the message of the movie is consistent with the messages espoused in the company's previous video work .,one thing you have to give them credti fo r : the content of the movie is consistent with the messages espoused in the company 's previous video work.,__label__1,48,4,True
"there's not much more to this adaptation of the nick hornby novel than charm -- effortless , pleasurable , featherweight charm .","there 's not much more to t his adaptation of the nick hornby novel than charm -- effortless, pleasurable, featherweight charm.",__label__2,75,13,True
"a sensitive , modest comic tragedy that works as both character study and symbolic examination of the huge economic changes sweeping modern china .","a sensitive, modest comic tragedy that works a s boh character stud y and symbolic exmination of the huge economic changes sweeping modern china.",__label__2,43,4,True
"a thoughtful , provocative , insistently humanizing film .","a thoughtful, provocative, insistently humanizing film.",__label__2,13,1,True
""" juwanna mann ? "" no thanks . wewannour money back , actually .",""" juwanna mann? "" n o give thanks. wweannour mone y bck, actualy.",__label__1,55,10,True
"it's hard to fairly judge a film like ringu when you've seen the remake first . many of the effective horror elements are dampened through familiarity , [yet] are worthwhile .","it's hard to fairly judge a film like ringu when you've seen the remake first . may of the effectvie hroror elememts are dampened through familiarity, [ ye t ] are worthhile.",__label__2,50,7,True
"it's just disappointingly superficial -- a movie that has all the elements necessary to be a fascinating , involving character study , but never does more than scratch the surface .","it's just disappointingly superficial -- a movie that has all the elements necessary to be a fascinating , involving character study , but never does more than scratch the surface .",__label__1,175,32,False
"though the violence is far less sadistic than usual , the film is typical miike : fast , furious and full of off-the-cuff imaginative flourishes .","though the violence is far less sadistic than usual, the film is typical miike : fast, furious and full of off - the - cuff imaginative flourishes.",__label__2,34,1,True
. . . a bland murder-on-campus yawner .,. . . a blnad murdr - on - campus yawner.,__label__1,21,3,True
both damning and damned compelling .,boh daning a nd dmned compell1ng.,__label__2,32,6,True
"dialogue-heavy and too cerebral for its own good -- or , at any rate , too cerebral for its racy subject matter .","dialogue - heavy a nd too cerebral for its own good -- or, at any rate, to0 cerebral for its racy subject matter.",__label__1,40,4,True
"who is the audience for cletis tout ? anybody who enjoys quirky , fun , popcorn movies with a touch of silliness and a little bloodshed .","who is the audience for cletis tout ? @nybody wh o savour qurky, f un, popcorn movies with a bear on of silliness and a little bloodshed.",__label__2,64,12,True
sade is an engaging look at the controversial eponymous and fiercely atheistic hero .,sade is an engaing look astatine the controversil eponymous and fiercely atheistic hero.,__label__2,37,4,True
deserves high marks for political courage but barely gets by on its artistic merits .,deserves high marks for political courage bu t barely gets by o n its artistic merits.,__label__1,24,2,True
it's a fanboy 'what if ? ' brought to life on the big screen .,it's a fanboy 'what if ? ' brought to lie on the big screen.,__label__2,14,1,True
the gantzes' interviews tend to let the guys off the hook .,the gantzes ' interviews tend t0 let the guys off the ho ok.,__label__2,22,2,True
"as green-guts monster movies go , it's a beaut .","as green - moxie monster movies go, it 's a beaut.",__label__2,21,1,True
"hip-hop has a history , and it's a metaphor for this love story .","hip - hop has a account, and it 's a metaphor for tis love story.",__label__1,30,2,True
"unlike most teen flicks , swimming takes its time to tell its story , casts mostly little-known performers in key roles , and introduces some intriguing ambiguity .","unlke near teen flicks, swimming takes its time to tell its story, casts mostly little - known performers in key roles, and insert some intiguing ambiguity.",__label__2,50,4,True
makes an aborbing if arguable case for the man's greatness .,makes an aborbing if arguable case for the man 's greatness.,__label__2,16,1,True
"a truly moving experience , and a perfect example of how art -- when done right -- can help heal , clarify , and comfort .","a truly moving experience, and a perf3ct example of how art -- when done right -- c an help heal, clarify, and comfot.",__label__2,40,3,True
it's hard to imagine that even very small children will be impressed by this tired retread .,it 's hard to imagine that eve n v ery snall children will be impressed by this tire d retread.,__label__1,37,4,True
"not so much a movie as a picture book for the big screen . this isn't my favorite in the series , still i enjoyed it enough to recommend .","not so much a movie as a picture book for the big screen . this is n't my favorite in the series, st ill i 3njoyed information technology enouhg to recommend.",__label__2,44,7,True
"it's a setup so easy it borders on facile , but keeping the film from cheap-shot mediocrity is its crack cast .","it 's a setup so easy it borders on facile, but keeping the film from cheap - shot mediority is its crack cast.",__label__1,30,1,True
this overproduced piece of dreck is shockingly bad and absolutely unnecessary . hmmmmight i suggest that the wayward wooden one end it all by stuffing himself into an electric pencil sharpener ?,th is overproducde pice of drck i s shockigly ba d and absolutey umnecessary. hmmm might i suggest that the wayward wooden one end it all by sutffing himself into an electric pencil sharpener?,__label__1,97,13,True
"though howard demonstrates a great eye as a director , this southern gothic drama is sadly a tough sit , with an undeveloped narrative and enough flashbacks and heavy-handed metaphors to choke a horse -- or at least slow him down to a canter .","though howard demonstrates a great eye as a theatre director, this southern gothic drama is sa dly a tough sit, with an unexploited narrative and enough flashbacks and heavy - handed metaphors to c hoke a horse -- or at least slow him down to a canter.",__label__1,71,5,True
""" i blame all men for war , "" [the warden's daughter] tells her father . the movie is about as deep as that sentiment .",""" i blame all men for war , "" [the warden's daughter] tells her father . the movie is about as deep as that sentment.",__label__1,26,3,True
a sobering and powerful documentary about the most severe kind of personal loss : rejection by one's mother .,a sober1ng and powerful documentary about the most severe kind of personal loss : rejection by one 's mother.,__label__2,27,1,True
"nine queens is not only than a frighteningly capable debut and genre piece , but also a snapshot of a dangerous political situation on the verge of coming to a head .","nine queens is no t only than a frighteningly capable debut and genre piece, but also a snapshot of a dangerous political situation on the verge of coming to a head.",__label__2,36,1,True
"there's a persistent theatrical sentiment and a woozy quality to the manner of the storytelling , which undercuts the devastatingly telling impact of utter loss personified in the film's simple title .","there 's a persistent theatrical sentiment and a wo ozy quality to the manner of the storytelling, which undercuts the devastatingly telling impact of uter loss personified in t he film 's simple tilte.",__label__1,63,6,True
rarely have i seen a film so willing to champion the fallibility of the human heart .,rarely have i se en a film so willing to champion the fallibility of the h uman heart.,__label__2,28,4,True
"the people in abc africa are treated as docile , mostly wordless ethnographic extras .","the people in @bc africa are treated as docile, mostly wodless ethnographic extars.",__label__2,35,4,True
quitting offers piercing domestic drama with spikes of sly humor .,quitting proffer piercing domstic dra ma w ith spikes of sly humour.,__label__2,35,5,True
a documentary to make the stones weep -- as shameful as it is scary .,a documentary to make the stones weep -- as shaeful as it is scary.,__label__1,20,1,True
there is only so much baked cardboard i need to chew .,there is on ly so much baked cardboard i need t o che w.,__label__1,31,4,True
norton is magnetic as graham .,norton is magnetic as graham.,__label__2,11,1,True
that it'll probably be the best and most mature comedy of the 2002 summer season speaks more of the season than the picture,that it 'll probably be t he considerably and nost matre comey o f the 2002 summer season speaks more of the season than the picture,__label__2,58,7,True
nothing is sacred in this gut-buster .,nthing is sacred im th is gut - buster.,__label__1,35,7,True
"although it bangs a very cliched drum at times , this crowd-pleaser's fresh dialogue , energetic music , and good-natured spunk are often infectious .","although it bangs a very cliched drum at ties, this crowd - pleaser 's fresh dialogue, enrgetic music, and g ood - natured spunk are often infective.",__label__2,49,4,True
"the film is just a big , gorgeous , mind-blowing , breath-taking mess .","the film is just a bi g, gorgeous, mind - b1owing, breath - takign mess.",__label__1,60,11,True
"the story itself it mostly told through on-camera interviews with several survivors , whose riveting memories are rendered with such clarity that it's as if it all happened only yesterday .","the story itself i t mostly told through on - camera interviews with several survivors, whose riveting memories are rendered with such c1arity that it 's as if information technology all happened only yesterday.",__label__2,58,5,True
like leafing through an album of photos accompanied by the sketchiest of captions .,like leafing throuh an record album o f ph0tos play along by the sketchiest of captions.,__label__2,44,6,True
"despite its lavish formalism and intellectual austerity , the film manages to keep you at the edge of your seat with its shape-shifting perils , political intrigue and brushes with calamity .","disdain it$ lavish formalism and intellectual austerity, the film manages to keep on you at the edge o f yor sat with its shape - shifting queer, political intrigue an d brushes with calamity.",__label__2,73,8,True
"a thoroughly enjoyable , heartfelt coming-of-age comedy .","a thor0ughly enjoyable, heartfelt comng - of - age comedy.",__label__2,33,5,True
"its maker , steven spielberg , hasn't had so much fun in two decades , since he was schlepping indiana jones around the globe in search of a giant misplaced ashtray .","its maker, steven spielberg, has n't had so much fun in two decades, since he was schlepping indiana jones around the globe in search of a giant misplaced ashtray.",__label__2,37,1,True
a movie that reminds us of just how exciting and satisfying the fantasy cinema can be when it's approached with imagination and flair .,a movie that reinds u s o f merely how exciting a nd live up to the fantasy cinema can be when it 's approached with imagiation and flair.,__label__2,63,7,True
suffocated at conception by its munchausen-by-proxy mum . punish the vehicle to adore the star .,suffocated at conception by its munchausen-by-proxy mum . penalize the vehicle t o adore the sar.,__label__1,24,4,True
"impostor can't think of a thing to do with these characters except have them run through dark tunnels , fight off various anonymous attackers , and evade elaborate surveillance technologies .","impostor ca n't think of a thng to d0 with these chraacters except have them run through dark tunnels, fight off various anonymous attackers, and evade elaborate surveillance technologies.",__label__1,73,9,True
"it's not original , and , robbed of the element of surprise , it doesn't have any huge laughs in its story of irresponsible cops who love to play pranks .","it 's non original, and, robbed of the element of surprise, it does n't have any huge laughs in its story of irrsponsible cops wh o lov e to play pranks.",__label__1,57,5,True
mib ii is a movie that makes it possible for the viewer to doze off for a few minutes or make several runs to the concession stand and/or restroom and not feel as if he or she has missed anything . that's because relatively nothing happens .,mib ii is a movie that makes it possible for the viewer to doze off for a few minutes or make several runs to the concession stand and/or restroom and not feel as if he or she has missed anything . tha t ' s because relatively nothing hpapens.,__label__1,28,5,True
it's easy to love robin tunney -- she's pretty and she can act -- but it gets harder and harder to understand her choices .,it 's easy t o love robin tunney -- she 's pretty and she can act -- but it gets harder and harder to understand her choices .,__label__2,16,1,True
"the actors are simply too good , and the story too intriguing , for technical flaws to get in the way .","the actors are simply as well good, and the story too intriguing, for technical flaws to get in the way.",__label__1,123,22,False
"by the time you reach the finale , you're likely wondering why you've been watching all this strutting and posturing .","by the time y ou reach the finale, you 're likely wondering wherefore you 've been watching all thi s strutting and posturing.",__label__1,42,4,True
"for his first attempt at film noir , spielberg presents a fascinating but flawed look at the near future .","for his first attempt a t film noir, spielberg presents a fascinating but flawed look at the near future.",__label__1,81,14,True
get out your pooper-scoopers .,get o ut your pooper - scoopers.,__label__1,22,4,True
a cautionary tale about the folly of superficiality that is itself endlessly superficial .,a cautionary tale about the folly of superficiality that is itself infinitely superfici@l.,__label__1,27,2,True
"sinks into the usual cafeteria goulash of fart jokes , masturbation jokes , and racist japanese jokes .","drop down into the usual cafeteria goulash of fa rt jokes, masturbation jokes, and raist japanese jokes.",__label__1,32,3,True
"while some of the camera work is interesting , the film's mid-to-low budget is betrayed by the surprisingly shoddy makeup work .","while some of the camera work is interesting, the film 's mid - to - lo w budget is betrayed by the surprisingly jerry-built makeup work.",__label__1,36,2,True
"despite besson's high-profile name being wasabi's big selling point , there is no doubt that krawczyk deserves a huge amount of the credit for the film's thoroughly winning tone .","despite besson 's high - profile name being wasabi 's big sellnig point, there represent no doubt that krawczyk deserves a huge amount of the credit for the film '$ thoroughly winning tone.",__label__2,89,11,True
"as social exposé , skins has its heart in the right place , but that's not much to hang a soap opera on .","as social exposé, skins has its heart in the right place, but that 's not much to hang a soap ope ra on.",__label__1,29,1,True
"a different kind of love story - one that is dark , disturbing , painful to watch , yet compelling .","a different kind of love story - one th at is dark, disturbing, painful t o wat ch, yet compelling.",__label__1,47,7,True
the charms of the lead performances allow us to forget most of the film's problems .,the charms of the lead performances allow us to forget most of the film's problems .,__label__2,101,17,False
"combining quick-cut editing and a blaring heavy metal much of the time , beck seems to be under the illusion that he's shooting the latest system of a down video .","combining quick - cut editing an d a blaring heavy metal much of the time, bec k seems to be uder the illusion that he 's inject the latest system of a down vidoe.",__label__1,62,5,True
"a wry , affectionate delight .","a wry, affectionate delight.",__label__2,10,1,True
"with lines that feel like long soliloquies -- even as they are being framed in conversation -- max is static , stilted .","with li nes that feel like long soliloquies -- even as they are being framed in conversation -- max is $tatic, contrived.",__label__1,37,3,True
you have no affinity for most of the characters . nothing about them is attractive . what they see in each other also is difficult to fathom .,you have n o affinity for mos t of the characters. notihng a bout them 1s attrctive. what they see in each other also is difficult to fathom .,__label__1,54,8,True
"though nijinsky's words grow increasingly disturbed , the film maintains a beguiling serenity and poise that make it accessible for a non-narrative feature .","though nijinsky 's words grow increasingly disturbed, the film observe a beguiling serenty and poise that make it accessibel for a non - narrative feature.",__label__2,42,3,True
the kind of nervous film that will either give you a mild headache or exhilarate you .,the kind of nervous film that will either give you a mild headache or exhilarate you.,__label__2,22,1,True
"mr . goyer's loose , unaccountable direction is technically sophisticated in the worst way .","m r. go yer 's on the loose, unaccountable direction is technically sophisticated in t he tough way.",__label__1,50,7,True
the film lapses too often into sugary sentiment and withholds delivery on the pell-mell pyrotechnics its punchy style promises .,the film lapses too often into sugary sentim3nt and withholds delivery o n the pell - mell pyrotechnics its punchy style prmises.,__label__1,46,5,True
insanely hilarious ! i haven't laughed that hard in years !,insanely hialrious! i have n't laughed that h ard in years!,__label__2,34,5,True
the emotions are raw and will strike a nerve with anyone who's ever had family trauma .,the emotios are naked and will strike a nerve with anyone wh o 's ever had family trauma.,__label__2,37,4,True
"madonna has made herself over so often now , there's apparently nothing left to work with , sort of like michael jackson's nose .","madonna has made herself over so often now, there 's appaently notihng left to work with, sor t of like michal jackson 's nose.",__label__1,47,5,True
it's like going to a house party and watching the host defend himself against a frothing ex-girlfriend . you don't want to call the cops . you want to call domino's .,it 's like going to a house party and watching the host defend himself against a frothing ex - girlfriend. you don't want to call the cops . you want to call domino's .,__label__2,27,1,True
"not only is undercover brother as funny , if not more so , than both austin powers films , but it's also one of the smarter , savvier spoofs to come along in some time .","n ot only is undercover brother as funy, i f not m ore so, than both austin powers films, but it 's als o one of the smarter, savvier spoofs to come alo ng i n some time.",__label__2,76,8,True
"the movie certainly has its share of clever moments and biting dialogue , but there's just not much lurking below its abstract surface .","the movie certainly has its share of clever moments and biting dialogue, but there 's j ust not much lurking below its abstract surface.",__label__1,29,1,True
like other great documentaries . . . this goes after one truth ( the ford administration's complicity in tearing 'orphans' from their mothers ) and stumbles upon others even more compelling .,like other great documentaries... this goes after one truth ( the ford administration's complicity in tearing 'orphans' from their mothers ) and stumbles upon others even more compelling .,__label__2,15,1,True
"the problem is the needlessly poor quality of its archival prints and film footage . the images lack contrast , are murky and are frequently too dark to be decipherable .","the job is th e nedlessly p oor qualtiy o f it s archival prnts a nd cinema footge. the images lac k contrast, are murky and are frequently t oo dark to be decipherable.",__label__1,113,17,True
simply doesn't have sufficient heft to justify its two-hour running time .,siply does n't have sufficient heft to jutsify its two - hour running time.,__label__1,25,2,True
fans of the modern day hong kong action film finally have the worthy successor to a better tomorrow and the killer which they have been patiently waiting for .,fans of the modern day hong kong action film finlaly give the worthy successor to a better tomorrow and the killer which they have been patiently waiting for.,__label__2,47,3,True
"it does give a taste of the burning man ethos , an appealing blend of counter-cultural idealism and hedonistic creativity .","it does give a taste of the burning man ethos, an appealing bled o f counter - cultural idealism and hedonistic creativity.",__label__2,32,2,True
"if the plot seems a bit on the skinny side , that's because panic room is interested in nothing more than sucking you inand making you sweat .","if the plot seems a bit on the skinny side, that 's because p@nic room is inteersted in nothing more tham sucking you in and making you sweat.",__label__2,61,6,True
the observations of this social/economic/urban environment are canny and spiced with irony .,the observatins of this social / economic / urban environment are canny and spiced with irony.,__label__1,22,1,True
"for its seriousness , high literary aspirations and stunning acting , the film can only be applauded .","for its seriousness, high literary aspirations and stuning acting, the film can only be applauded.",__label__2,23,1,True
consider the film a celluloid litmus test for the intellectual and emotional pedigree of your date and a giant step backward for a director i admire .,consider the film a cleluloid litmus test for the intellectual and emotional pedigree of your go out and a giant stp feebleminded fo r a direcor i look up to.,__label__1,63,8,True
an involving true story of a chinese actor who takes up drugs and winds up in an institution--acted mostly by the actual people involved .,an involving true story o f a chinese actor who takes up drugs and winds up in an institution -- acted mostly by the actual people involved.,__label__2,41,3,True
"mostly , [goldbacher] just lets her complicated characters be unruly , confusing and , through it all , human .","mostly, [ goldbacher ] ju st lets her refine cahracters be unruly, conufsing and, trough it all, human.",__label__1,64,10,True
"a miraculous movie , i'm going home is so slight , yet overflows with wisdom and emotion .","a miraculous movie, i 'm going ho me is so slight, yet overflows with wisdom and emotion.",__label__1,60,10,True
"comes across as a relic from a bygone era , and its convolutions . . . feel silly rather than plausible .","cmoes aross a s a re lic from a bygone era, and its convolutions... feel silly rather than plausible .",__label__1,37,5,True
"this odd , poetic road movie , spiked by jolts of pop music , pretty much takes place in morton's ever-watchful gaze -- and it's a tribute to the actress , and to her inventive director , that the journey is such a mesmerizing one .","this odd, po3tic road movie, spikd by jolts of pop music, petty much takes place in morton 's ever - watchful gze -- and it 's a tribute to the actress, and to h er imaginative director, that the journeying is such a mesmerizing one.",__label__2,267,50,False
"hey everybody , wanna watch a movie in which a guy dressed as a children's party clown gets violently gang-raped ? i didn't think so .","hey everybody, wanna watc h a movie in which a guy drssed a s a children 's party clown gets violently gang - ra ped? i di d n 't t hink s o.",__label__1,80,13,True
it's not too fast and not too slow . it's not too racy and it's not too offensive . it's not too much of anything .,it's not too fast and not too slow . it's not too racy and it's not too offensive . it 's not too much of anything.,__label__1,14,1,True
"it extends the writings of jean genet and john rechy , the films of fassbinder , perhaps even the nocturnal works of goya .","it extends the writings of jean genet and john rechy, the films of fassbinder, perhaps ev en the nocturnal works of goya.",__label__1,33,2,True
a bore that tends to hammer home every one of its points .,a bo re that tends to hammer home every one of its points.,__label__1,17,1,True
occasionally amateurishly made but a winsome cast and nice dialogue keeps it going .,ocasionally amateurishly made b ut a winsome c ast and nice dialogue keeps it going.,__label__2,29,4,True
"meyjes's movie , like max rothman's future , does not work .","meyjes 's movie, like max rothman 's future, does n0t work.",__label__1,21,1,True
"hardly a masterpiece , but it introduces viewers to a good charitable enterprise and some interesting real people .","hardly a masterpiece, but it introduces viewers to a good charitable enterprise and some ineresting real people.",__label__2,88,17,True
"it's weird , wonderful , and not necessarily for kids .","it 's weird, wonderful, and not necessarily for kids.",__label__2,16,1,True
"jae-eun jeong's take care of my cat brings a beguiling freshness to a coming-of-age story with such a buoyant , expressive flow of images that it emerges as another key contribution to the flowering of the south korean cinema .","jae - eun jeong 's take care of my cat brinsg a beguiling freshness to a coming - of - age sory w ith such a buoyant, expressiev flow of images that it energes as another key contribution to the flowering of the south korean cniema.",__label__2,93,10,True
"the smash 'em-up , crash 'em-up , shoot 'em-up ending comes out of nowhere substituting mayhem for suspense .","the smash 'em - up, crash 'em - up, shoot 'em - up ending comes out of nwohere substituting mayhem for suspense.",__label__1,31,1,True
"much has been written about those years when the psychedelic '60s grooved over into the gay '70s , but words don't really do the era justice . you have to see it .","much throw been written about those years when the psychedleic ' 60s grooved over into the gay ' LXX, but words do n't really do the 3ra jutsice. you have to see it .",__label__2,58,5,True
this version incarnates the prophetic book in a way even its exacting author might admire .,this version incarnates the prophetic bo ok in a way even its exacting author might admire.,__label__2,31,4,True
"dazzling and sugar-sweet , a blast of shallow magnificence that only sex , scandal , and a chorus line of dangerous damsels can deliver .","dazzling and sugar - sweet, a blast of shallow magnificence that only sex, scandal, and a chorus line of danerous damsels can deliver.",__label__1,37,2,True
"a gorgeously strange movie , heaven is deeply concerned with morality , but it refuses to spell things out for viewers .","a gorgeously strange movie, heaven is deeply concerned with morality, but it reuses t o spell things out for viewers.",__label__1,31,2,True
"this is a great subject for a movie , but hollywood has squandered the opportunity , using it as a prop for warmed-over melodrama and the kind of choreographed mayhem that director john woo has built his career on .","this is a great subjetc for a movie, but hollywood has squandreed the opportunity, using it as a pro p for warmed - over melodama and the kind of choreographed mayhem that director john woo has built his career on.",__label__1,66,5,True
"armed with a game supporting cast , from the pitch-perfect forster to the always hilarious meara and levy , like mike shoots and scores , doing its namesake proud .","armed with a game supporting cast, from the pitch - perfcet forster to the always uproarious meara and levy, like mike shoots and scores, doing its namesake prud.",__label__2,47,3,True
the actors must indeed be good to recite some of this laughable dialogue with a straight face .,the actors must indeed b e good to recite some of this lauhable dialogue with a straight face.,__label__1,38,5,True
a sugar-coated rocky whose valuable messages are forgotten 10 minutes after the last trombone honks .,a sugar - coated rocky whose valuabl3 messages are forgotten 10 minutes after the last trombone honks.,__label__2,25,1,True
"viewed on its own terms , treasure planet is better-than-average family entertainment , but true fans of the stevenson's novel will likely prefer disney's more faithful 1950 live-action swashbuckling classic .","viewed on its own terms, treasure planet is better - than - average family entertainment, but true fans of the stevenson 's novel will likely prefer disney 's more faithful 1950 live - action swashbuckling classic.",__label__2,43,1,True
"although sensitive to a fault , it's often overwritten , with a surfeit of weighty revelations , flowery dialogue , and nostalgia for the past and roads not taken .","although sensitve to a fault, it 's often overwritten, wit h a surfeit of weighty revelations, ornate dialogue, and nostalgia for the past and roads non taken.",__label__1,56,6,True
"this movie feel more like a non-stop cry for attention , than an attempt at any kind of satisfying entertainment .","this movie feel more like a non - stop cry for attention, th an an attepmt @t any kind of satisfying entertainment.",__label__1,37,3,True
"what saves it . . . and makes it one of the better video-game-based flicks , is that the film acknowledges upfront that the plot makes no sense , such that the lack of linearity is the point of emotional and moral departure for protagonist alice .","what saves it .. . and makes i t one of the better video - game - based flicks, is that the film acknowledges upfront that the plot mkes no sense, such that the lack of linearity is the point of emotional and moral departure for protagonist alice.",__label__1,108,14,True
the reason this picture works better than its predecessors is that myers is no longer simply spoofing the mini-mod-madness of '60s spy movies .,the reason this picture wor ks better than its predecessors is that myers is no longer simply spoofing the mini - mod - madness of ' 60s spy movies.,__label__1,33,1,True
"further proof that the epicenter of cool , beautiful , thought-provoking foreign cinema is smack-dab in the middle of dubya's axis of evil .","further proof that the epicenter of cool, beuatiful, thought - provokig foreign cinema is smack - dab in the middle of dubya 's axis of evil.",__label__2,39,2,True
i liked this film a lot . . .,i l iked this film a lot...,__label__2,13,1,True
imagine a scenario where bergman approaches swedish fatalism using gary larson's far side humor,conceive of a scenario where bergman come on swedish fatalism using gary larson 's far s1de hu mor,__label__2,35,5,True
an intelligently made ( and beautifully edited ) picture that at the very least has a spark of life to it -- more than you can say for plenty of movies that flow through the hollywood pipeline without a hitch .,an intelligently made ( and beuatifully edited ) picture that at the very least has a spark of life to it -- more than you can say for plenty of movies that flow through the hollywood pipeline without a hich.,__label__2,52,2,True
the film tunes into a grief that could lead a man across centuries .,the film tunes into a grief that could lead a man across centuries.,__label__2,18,1,True
"filled with low-brow humor , gratuitous violence and a disturbing disregard for life .","filled with low - bow humor, complimentary volence and a diturbing disregad fo r lif e.",__label__1,63,12,True
"say this for the soundtrack , it drowns out the lousy dialogue .","say this for the soundtrack, it downs out the dirty dialogue.",__label__1,23,2,True
tsai may be ploughing the same furrow once too often .,tsai may be ploughing the sae furrow once too a great deal.,__label__1,21,2,True
"in my opinion , analyze that is not as funny or entertaining as analyze this , but it is a respectable sequel .","in my opinion, analyze that is not as funny o r entertaining as analyze this, but it is a respectable sequel.",__label__1,27,1,True
what better message than 'love thyself' could young women of any size receive ?,what better message than ' love thyself ' could young women of any size of it receive?,__label__1,24,1,True
i was sent a copyof this film to review on dvd . for free . i still want my money back .,i was sent a copyof this film to review on dvd . for fre e. i s till wa nt m y mo ney bak.,__label__1,44,8,True
the cumulative effect of the relentless horror on parade numbs the movie's power as a work of drama .,the cumulative effect of the relentless horror on parade numbs the movie 's powre as a work of drama.,__label__2,46,5,True
"although trying to balance self-referential humor and a normal ol' slasher plot seemed like a decent endeavor , the result doesn't fully satisfy either the die-hard jason fans or those who can take a good joke .","although trying to balance self - referential humor and a normal ol' slasher plot seemed li ke a decent endeavor, the result does n't fully satisfy either the die - hard jason fans or those who can take a good jo ke.",__label__1,56,3,True
toward the end sum of all fears morphs into a mundane '70s disaster flick .,toward the end sum of all fears mophs into a everyday ' 70s disaster flick.,__label__1,31,3,True
"you can feel the heat that ignites this gripping tale , and the humor and humanity that root it in feeling .","you c an f eel the heat that ignites this grip tale, and the hmor and humaniyt that root it in feeling.",__label__2,46,5,True
"fails in making this character understandable , in getting under her skin , in exploring motivation . . . well before the end , the film grows as dull as its characters , about whose fate it is hard to care .","go in making this character udnerstandable, in getting under her skin, in exploring motivation... well before the end, the film grows as dull as its characters, about whose fate it is hard t o care.",__label__1,123,20,True
"seeing seinfeld at home as he watches his own appearance on letterman with a clinical eye reminds you that the key to stand-up is to always make it look easy , even though the reality is anything but .","seeing seinfeld at home as he watches his own appearance on letterman with a clinical eye reminds you that the k3y t0 stand - up is to always make it look ea sy, even though the reality is anything but.",__label__2,65,5,True
"an energetic , violent movie with a momentum that never lets up .","an gumptious, violent movie with a momentum that never le ts up.",__label__2,22,2,True
"the movie is a desperate miscalculation . it gives poor dana carvey nothing to do that is really funny , and then expects us to laugh because he acts so goofy all the time .","th e m ovie is a heroic miscalcuation. it gives poor dana carvey nothing to do that is really funny , and then expects us to laugh because he acts so goofy all the time .",__label__1,29,5,True
"seldahl's barbara is a precise and moving portrait of someone whose world is turned upside down , first by passion and then by illness .","seldahl 's barbara is a precies and moving portarit of someone whose world is turned upside d own, frist by passion and then by illness.",__label__2,55,6,True
"trivial where it should be profound , and hyper-cliched where it should be sincere .","trivial where it should be profound , and hyper-cliched where it should be sincere .",__label__1,93,17,False
set in a 1986 harlem that doesn't look much like anywhere in new york .,set in a 1986 harlem that doesn't look much like anywhere in new york .,__label__2,91,16,False
a seriocomic debut of extravagant promise by georgian-israeli director dover kosashvili .,a seriocomic debut of extravagant prmoise by georgian - israeli directr dover kosashvili.,__label__1,24,2,True
what makes it worth watching is quaid's performance .,wh at makes it worth watching is quaid 's performance.,__label__2,14,1,True
"an inconsequential , barely there bit of piffle .","an inconsquential, brely there bit of piffle.",__label__1,20,3,True
"if you're burnt out on it's a wonderful life marathons and bored with a christmas carol , it might just be the movie you're looking for . it depends on how well flatulence gags fit into your holiday concept .","if you 're burmt out on it 's a wonderful life marathons and b0red with a christmas carol, it might just be the movie you 're looking for. it depends on how well flatulence gags fit into your holiday concept .",__label__1,43,2,True
it is great summer fun to watch arnold and his buddy gerald bounce off a quirky cast of characters .,it is cracking summr fu n to watch arnold and his buddy gerald bounce o ff a kinky cast of characters.,__label__2,51,7,True
"haneke keeps us at arm's length . guided more by intellect than heart , his story flattens instead of sharpens .","haenke kee ps u$ at arm '$ lnegth. guided mo re by intellect than heart, his story flattens instead of sharpens.",__label__2,64,9,True
"there's no question that epps scores once or twice , but it's telling that his funniest moment comes when he falls about ten feet onto his head .","there 's no question that epps scores once or twice, but it 's telling that his funniest moment comes when he falls about te n feet onto his head.",__label__1,34,1,True
the story the movie tells is of brian de palma's addiction to the junk-calorie suspense tropes that have all but ruined his career .,the story the movie tells is of brian de palma 's addiction to the junk - calorie suspense tropes that have all but ruied his career.,__label__1,32,1,True
"passion , lip-synching , tragedy , and lots of really really high notes . for me , this opera isn't a favorite , so it's a long time before the fat lady sings .","passion , lip-synching , tragedy , and lots of really really high notes . for me, this opera is n't a favorite, so it 's a long time before the fat lady sings.",__label__2,27,1,True
"bigelow offers some flashy twists and turns that occasionally fortify this turgid fable . but for the most part , the weight of water comes off as a two-way time-switching myopic mystery that stalls in its lackluster gear of emotional blandness .","bigelow offers some flashy twists and turns that occasionally fortify this turgid fable . but for the most part, the weight of water come in o ff a s a two - way time - swicthing myopic mystery that stalls in its lusterless gear of emotional blandness.",__label__1,60,6,True
"for those of us who respond more strongly to storytelling than computer-generated effects , the new star wars installment hasn't escaped the rut dug by the last one .","for those of us who respond more strongly to storytelling than computer - generated effects, the new star w ars installment has n't escaped the rut dug by the last one.",__label__2,36,1,True
schindler's list it ain't .,schindler 's list i t a i n't.,__label__1,16,2,True
"even though we know the outcome , the seesawing of the general's fate in the arguments of competing lawyers has the stomach-knotting suspense of a legal thriller , while the testimony of witnesses lends the film a resonant undertone of tragedy .","even though we know the outcome, the seesawing of the general 's fa te in the arguments of competing lawyers has the stomach - knotting suspense of a lega l thrillr, while the tesimony of witnesses le nds the film a resonant undertone of tragey.",__label__2,105,13,True
"that rare movie that works on any number of levels -- as a film of magic and whimsy for children , a heartfelt romance for teenagers and a compelling argument about death , both pro and con , for adults .","that rre movie that works on any number of levels -- as a film of ma gic and whimsy for children, a heartfelt romance for teenagers and a oblige argument about death, both pro and con, for adults.",__label__2,61,5,True
"city by the sea is the cinematic equivalent of defensive driving : it's careful , conscientious and makes no major mistakes . but what saves lives on the freeway does not necessarily make for persuasive viewing .","city by the sea is the cinematic equivalent of defensive driving : it's careful , conscientious and makes no major mistakes . but what saves lives on the freeway does not necessarily make for persuasive viewing .",__label__2,90,15,False
an elegant and sly deadpan comedy .,an e1egant and sl y deadpan comdy.,__label__2,21,3,True
i don't even care that there's no plot in this antonio banderas-lucy liu faceoff . it's still terrible !,i do n't even care that there 's no pl ot in this antonio banderas - lucy liu faceoff. i t ' s still terrible!,__label__1,51,6,True
"belongs to daniel day-lewis as much as it belongs to martin scorsese ; it's a memorable performance in a big , brassy , disturbing , unusual and highly successful film .","belongs to daniel day - lewis as much as it belongs to martin scorsese ; it 's a memorable performance in a big, brassy, disturbing, uusual and highly successful film.",__label__2,39,1,True
"as much as i laughed throughout the movie , i cannot mount a cogent defense of the film as entertainment , or even performance art , although the movie does leave you marveling at these guys' superhuman capacity to withstand pain .","as much as i laughed throughout the movie , i cannot mount a cogent defense of the film as entertainment , or even performance art , although the movie does leave you marveling at these guys' superhuman capacity to withstand pain .",__label__2,235,44,False
"a summary of the plot doesn't quite do justice to the awfulness of the movie , for that comes through all too painfully in the execution .","a sumary of the plot does n't quite do justice to the awflness of the movie, for that comes through all too painully in t he performance.",__label__1,53,5,True
"if festival in cannes nails hard- boiled hollywood argot with a bracingly nasty accuracy , much about the film , including some of its casting , is frustratingly unconvincing .","if festival in cannes nails hard- boiled hollywood argot with a bracingly nasty accuracy, much about the film, including some of its casting, is frustratingly unconvincing.",__label__1,34,1,True
the result is an 'action film' mired in stasis .,the solvent is an ' action film ' mi red in stasis.,__label__1,21,2,True
"it's a tour de force , written and directed so quietly that it's implosion rather than explosion you fear .","it 's a tur Diamond State force, written and directed so quietly that it 's implosion rather than explosion you fear.",__label__2,32,2,True
arnold's jump from little screen to big will leave frowns on more than a few faces .,arnold 's jump from little screen to bi g will leave frowns on more than a few faces.,__label__1,22,1,True
a good thriller .,a g0od thriller.,__label__2,11,1,True
"i have no problem with "" difficult "" movies , or movies that ask the audience to meet them halfway and connect the dots instead of having things all spelled out . but first , you have to give the audience a reason to <b>want</b> to put for that effort , and "" i","i have no problem with "" difficult "" movies , or movies that ask the audience to meet them halfway and connect the dots instead of having things all spelled out . but first, you have to give the audience a r3ason to < b > want</b > to put for that efort, and "" i",__label__1,41,4,True
"'si bien no logra desarrollarse como un gran drama , tampoco es tan superficial como muchas cintas que pecan de pretenciosas y que resultan totalmente banales . '","' si bien n o logra desarrollarse como un gran drama, tampoco es tan superfciial como muchas cintas que pecan de pretenciosas y que resultan totalmente banales. '",__label__1,48,4,True
"it's got all the familiar bruckheimer elements , and schumacher does probably as good a job as anyone at bringing off the hopkins/rock collision of acting styles and onscreen personas .","it 's got all the familiar bruckheimer elements, and schumacher does probably a s god a job as anyone at bringing off the hopkins / rock collision of acting styles and onscreen personas.",__label__2,43,2,True
