original_text,adversarial_text,original_label,requests_number,num_perturbed,attack_sucessful
"occasionally funny , always very colorful and enjoyably overblown in the traditional almodóvar style .","occasionally funny, always very coloured and enjoably overblown in the traditional almodóvar style.",LABEL_2,25,2,True
becomes the last thing you would expect from a film with this title or indeed from any plympton film : boring .,becomes the la st thing you would expect f rom a film with this title or indeed from any plympton film : bring.,LABEL_0,37,4,True
"sodden and glum , even in those moments where it's supposed to feel funny and light .","sodden and glum, even in those moments w here it 's suposed to feel funny and light.",LABEL_1,38,4,True
"some movies were made for the big screen , some for the small screen , and some , like ballistic : ecks vs . sever , were made for the palm screen .","s0me movies were made for the liberal riddle, sme for the small screen, and s0me, like ballistic : ecks v$. sever , were made for the palm screen .",LABEL_1,72,12,True
"it's not only dull because we've seen [eddie] murphy do the genial-rogue shtick to death , but because the plot is equally hackneyed .","it 's not 0nly dull because we 've seen [ eddie ] murphy do the genial - rogue shtick to death, but because the plot is equally hckneyed.",LABEL_0,40,2,True
"if you're looking for a smart , nuanced look at de sade and what might have happened at picpus , sade is your film .","i f you 're looing fo r a smart, nuanecd look at Delaware s@de and what miht have h@ppened a t pcipus, sade is your filn.",LABEL_1,120,20,True
"it's hard to believe that a relationship like holly and marina's could survive the hothouse emotions of teendom , and its longevity gets more inexplicable as the characterizations turn more crassly reductive .","it 's had t o believe that a relationship like holly and marina 's could survive the hothouse emotions of teendom, and its longevity gets more inexplicabe as the characterizations turn more crass1y reductive.",LABEL_0,59,5,True
friday after next is the kind of film that could only be made by african-americans because of its broad racial insensitivity towards african-americans .,friday after next is the kind of film that could only be made by african - americans because of its broad racial insensitvity towards african - americans.,LABEL_0,33,1,True
the worst film of the year .,the w orst film of the year.,LABEL_0,11,1,True
"it made me feel unclean , and i'm the guy who liked there's something about mary and both american pie movies . oh , and booty call .","it made me feel unclean , and i'm the guy who liked there's something about mary and both american pie movies . oh, an d boot y claim.",LABEL_1,22,4,True
"hardly a nuanced portrait of a young woman's breakdown , the film nevertheless works up a few scares .","hardly a nuacned portraiture of a young woman 's breakdown, the film neverthleess woks up a f ew scares.",LABEL_1,94,19,True
"this starts off with a 1950's doris day feel and it gets very ugly , very fast . the first five minutes will have you talking 'til the end of the year !","this starts off with a 1950 's doris day feel and it gets very ug ly, very fast. the first five minutes will have you talking 'til the end of the year !",LABEL_0,24,1,True
"more vaudeville show than well-constructed narrative , but on those terms it's inoffensive and actually rather sweet .","more vaudeville show than well - constructed narrative, but on those terms it 's inoffensive and actually rather swet.",LABEL_2,26,1,True
'cq may one day be fondly remembered as roman coppola's brief pretentious period before going on to other films that actually tell a story worth caring about,' cq may one day be fndly remembered as roman coppola 's brief pretentious period before going on to other films that actually tell a story worth caring about,LABEL_2,34,1,True
"the inspirational screenplay by mike rich covers a lot of ground , perhaps too much , but ties things together , neatly , by the end .","th e inspirational screenpay by mike rich covers a lot of ground, perhaps too much, but ties things together, netly, by the end.",LABEL_2,42,3,True
it's probably worth catching solely on its visual merits . if only it had the story to match .,it 's probabyl worth catching solely on information technology visual merits. if only it had the story to match .,LABEL_2,25,2,True
"fairy-tale formula , serves as a paper skeleton for some very good acting , dialogue , comedy , direction and especially charm .","fairy - tale formula, serves as a paper skeleton for some very g ood acting, dialogue, comedy, direction and especially charm.",LABEL_2,29,1,True
"the color sense of stuart little 2 is its most immediate and most obvious pleasure , but it would count for very little if the movie weren't as beautifully shaped and as delicately calibrated in tone as it is .","the color sense of stuart little 2 is its most immediate and most obvious pleaure, but it would count for very little if the movie were n't as beautifully shaped and as delicately calibrated in tone as it is.",LABEL_2,46,1,True
the most surprising thing about this film is that they are actually releasing it into theaters .,t he mot surprising thi ng about this film is that they are actually releasing it into theaters.,LABEL_2,32,3,True
a fan film that for the uninitiated plays better on video with the sound turned down .,a fan flm that fo r the uninitiated plays better on video with the sound turned down.,LABEL_2,27,2,True
"strong filmmaking requires a clear sense of purpose , and in that oh-so-important category , the four feathers comes up short .","strong filmmaking requires a clear sense of purpose, and in that oh - so - important category, the Little Joe feathers comes up short.",LABEL_1,34,1,True
". . . an otherwise intense , twist-and-turn thriller that certainly shouldn't hurt talented young gaghan's resume .",". . . an otherwise intense, twist - and - reverse thriller that certainly should n't hurt talented youn g gaghan 's rseume.",LABEL_2,39,5,True
cho's timing is priceless .,ch o ' s timing 1s priceless.,LABEL_2,35,6,False
. . . a lesson in prehistoric hilarity .,. . . a less0n i n prehistoric hilarity.,LABEL_1,39,9,False
"this is a good script , good dialogue , funny even for adults . the characters are interesting and often very creatively constructed from figure to backstory . the film will play equally well on both the standard and giant screens .","ths represent a go od handwriting, good dialoge, queer ev en for adutls. the characters are inter3sting and often very creatively constructed from figure to backstory. the film will play equally well on both the standard and giant screens .",LABEL_2,235,42,False
an almost unbearably morbid love story .,an almost unbearably norbid love $tory.,LABEL_0,24,3,True
if you grew up on scooby -- you'll love this movie . matthew lillard is born to play shaggy !,if you grew up on scooby -- you 'll loe th is movie. matthew lillard is born to play shaggy !,LABEL_2,23,2,True
"as conceived by mr . schaeffer , christopher and grace are little more than collections of quirky traits lifted from a screenwriter's outline and thrown at actors charged with the impossible task of making them jell .","axerophthol conceived by mr. schaeffer, christopher and grace are little more than collections of qirky trats lifted from a screenwriter 's outline and thrown at actors charged with the impossible task of making them jell.",LABEL_1,61,4,True
"do not , under any circumstances , consider taking a child younger than middle school age to this wallow in crude humor .","do n ot, under any circumstances, consider taking a chil d younger than middle school age to this wallow in crude humor.",LABEL_0,32,2,True
"depicts the sorriest and most sordid of human behavior on the screen , then laughs at how clever it's being .","depicts the grim and most flyblown of human behavior on the screen, then laughs at how clever it 's being.",LABEL_0,35,2,True
"alex nohe's documentary plays like a travelogue for what mostly resembles a real-life , big-budget nc-17 version of tank girl .","alex nohe 's documentary plays like a travelogue for what mosty resembles a real - lifespan, big - budget nc-1 7 reading of tank young lady.",LABEL_1,84,15,True
"a beautiful , timeless and universal tale of heated passions -- jealousy , betrayal , forgiveness and murder .","a beautiful, timeless and universal story of heated passions -- jealousy, b3trayal, forgiveness and murder.",LABEL_1,63,9,True
ya-yas everywhere will forgive the flaws and love the film .,ya - yas everywhere will forgive the flaws and l ove t he film.,LABEL_2,22,2,True
"watching the powerpuff girls movie , my mind kept returning to one anecdote for comparison : the cartoon in japan that gave people seizures .","watching the powepuff girls movie, my mind kept returning to one anecdote for comparison : the cartoon in jpan that gave people seizures.",LABEL_1,40,3,True
"austin powers in goldmember is a cinematic car wreck , a catastrophic collision of tastelessness and gall that nevertheless will leave fans clamoring for another ride .","austin powers in goldmember i s a cinematic car wrck, a catastrophic collision of tastelessness and gall that nevertheless will leave fans clamoring for another ride.",LABEL_0,36,2,True
"[gai] comes closer to any actress i can remember to personifying independence in its purest and , yes , most intimidating form .","[ ga i ] comes closer to any actress i can remember to personifying independence in its purest and, yes, m ost intimidating form.",LABEL_1,49,5,True
the pool drowned me in boredom .,the pool drowend me in boreom.,LABEL_0,17,2,True
"the tone is balanced , reflective and reasonable .","the tone i s balanced, reflective and reasonable.",LABEL_2,13,1,True
brings an irresistible blend of warmth and humor and a consistent embracing humanity in the face of life's harshness .,brings am resistless bl end o f warmh and humor and a consistent embracing humanity in the face of life 's harshness.,LABEL_2,50,6,True
"a ragbag of promising ideas and failed narrative , of good acting and plain old bad filmmaking .","a melange of promising ideas and faild narrative, of good acting and plain old bad filmmaking.",LABEL_0,28,2,True
writer/director alexander payne ( election ) and his co-writer jim taylor brilliantly employ their quirky and fearless ability to look american angst in the eye and end up laughing .,writer / director alexander payne ( election ) and his co - writer jim taylor briliantly empoly t heir quirky and fearless ability to look american angst in the eye and end up laughig.,LABEL_2,53,4,True
"a well-done film of a self-reflexive , philosophical nature .","a well - done fil m of a self - self-referent, philosophical nature.",LABEL_2,63,14,False
"entertains not so much because of its music or comic antics , but through the perverse pleasure of watching disney scrape the bottom of its own cracker barrel .","entertains not so much because of its music or comic antics, but throuh the perverse pleasure of watching disney scrape the botom of its own cracker barrel.",LABEL_1,39,2,True
"an amusing and unexpectedly insightful examination of sexual jealousy , resentment and the fine line between passion and pretence .","an amusing an d unexpectedly insightful examination of intimate jealousy, resentment and the fine line between passion and pretence.",LABEL_1,39,4,True
"there ought to be a directing license , so that ed burns can have his revoked .","tere ought to be a directing license, so tat ed burns ca n have his revoked.",LABEL_1,40,7,True
"while most films these days are about nothing , this film seems to be about everything that's plaguing the human spirit in a relentlessly globalizing world .","while most films these days are about nothing, this film seems to be about everything that 's plaguing t he human spirit in a relentlessly globalizing world.",LABEL_0,42,3,True
i'm going to give it a marginal thumbs up . i liked it just enough .,i 'm going to give it a marginal thumbs u p. i lked i t jut enuogh.,LABEL_2,45,7,True
"clint eastwood's blood work is a lot like a well-made pb& j sandwich : familiar , fairly uneventful and boasting no real surprises  but still quite tasty and inviting all the same .","clint eastwood 's blood work is a lot like a well - made pb & j sandwich : familiar, fairly uneventful and boasting no real surprises  but still quit3 tasyt and invting all the same.",LABEL_2,55,3,True
"its story about a young chinese woman , ah na , who has come to new york city to replace past tragedy with the american dream is one that any art-house moviegoer is likely to find compelling .","its story about a young chinese woman, a h ma, who has coe to new york city to replace past tragedy w1th the american dream is one that any art - houes moviegoer is likely to find compelling.",LABEL_2,123,19,True
"one of the most plain , unimaginative romantic comedies i've ever seen .","on e of the mo st plain, unimaginatiev romantic comedies i 've ever seen.",LABEL_0,28,3,True
"phillip noyce and all of his actors -- as well as his cinematographer , christopher doyle -- understand the delicate forcefulness of greene's prose , and it's there on the screen in their version of the quiet american .","phillip noyce and all of his actors -- as well as his cinematographer , christopher doyle -- understand the delicate forcefulness of greene's prose , and it's there on the screen in their version of the quiet american .",LABEL_2,237,41,False
the transporter bombards the viewer with so many explosions and side snap kicks that it ends up being surprisingly dull .,the transporter bombards the viewr with so many explosions and side snap kicks that it ends up being surprisingly muffle.,LABEL_0,31,2,True
it's lazy for a movie to avoid solving one problem by trying to distract us with the solution to another .,it 's la zy for a mov ie to avoid solving one problem by trying to distract us with the solution to another.,LABEL_0,31,2,True
"me no lika da accents so good , but i thoroughly enjoyed the love story . scott baio is turning in some delightful work on indie projects .","Maine no more lika district attorney accents so god, simply i exhaustively enjoeyd th e lo ve $tory. scott baio is turning in some delightful w ork on indie projects.",LABEL_2,107,18,True
"short and sweet , but also more than anything else slight tadpole pulls back from the consequences of its own actions and revelations .","sort @nd sweet, just also more than anything else cold-shoulder tadpole puls back from the consequences of its own acions and revelations.",LABEL_1,60,8,True
alarms for duvall's throbbing sincerity and his elderly propensity for patting people while he talks .,alarms for duvall 's throbbing sncerity and his elderly propensity for patting people while he talks.,LABEL_1,22,1,True
martyr gets royally screwed and comes back for more .,martyr gets royally srewed and comes back for more.,LABEL_0,15,1,True
i didn't laugh . i didn't smile . i survived .,i didn't laugh . i didn't smile . i survived.,LABEL_2,9,1,True
"overly stylized with lots of flash black-&-white freeze frames reminiscent of a pseudo-hip luxury car commercial , ( it's ) at its worst when it's actually inside the ring .","oerly stylized with lots o f flash black-&-white freeze frames reminiscent of a psuedo - hip luxury car commerc1al, ( it 's ) at its worst when it 's actually inside the ring.",LABEL_0,54,5,True
"reeboir varies between a sweet smile and an angry bark , while said attempts to wear down possible pupils through repetition . it has no affect on the kurds , but it wore me down .","reeboir varies between a sweet smile and an angry bark , while said attempts to wear down possible pupils through repetition . it has no affect on the kurds, but it wore me d own.",LABEL_0,19,1,True
a sometimes tedious film .,a sometims tedious fil m.,LABEL_0,16,3,True
i admired this work a lot .,i amired this work a lot.,LABEL_2,12,1,True
staggeringly dreadful romance .,staggeringly dredaful romance.,LABEL_0,23,4,False
a flawed but engrossing thriller .,a fl@wed but engrossing thriller.,LABEL_1,20,4,True
"efteriades gives the neighborhood -- scenery , vibe and all -- the cinematic equivalent of a big , tender hug .","efteriades gves the neighborhood -- scenery, vibe and all -- the cinematic equivalent of a big, tender h ug.",LABEL_2,30,2,True
. . . there's enough cool fun here to warm the hearts of animation enthusiasts of all ages .,. . . there 's enough cool down fu n here to wa rm the herts of animation enthusiasts of all ages.,LABEL_2,39,4,True
"adults will certainly want to spend their time in the theater thinking up grocery lists and ways to tell their kids how not to act like pinocchio . as for children , they won't enjoy the movie at all .","adults will certainly want to spend their time in the theater thinking up grocery lists and ways to tell their kids how not to act like pinocchio . as for children, they wo m't enjo y the movie at all.",LABEL_0,23,2,True
the quirky drama touches the heart and the funnybone thanks to the energetic and always surprising performance by rachel griffiths .,the quirky drama tuches th e heat and the funnybone thaks to the energetic amd always surprisig performace by rcahel griffiths.,LABEL_2,61,8,True
director jay russell weighs down his capricious fairy-tale with heavy sentiment and lightweight meaning .,director jay russell weighs down his capricious fairy-tale with heavy sentiment and lightweight meaning .,LABEL_1,97,17,False
the kind of primal storytelling that george lucas can only dream of .,the kind of prmial storytelling that gerge George Lucas can only drema of.,LABEL_1,77,13,False
"a powerful , inflammatory film about religion that dares to question an ancient faith , and about hatred that offers no easy , comfortable resolution .","a powerful, inflammatory film about religion that dares to question an ancient faith, and @bout hatred that offers no easy, comfortable resolution.",LABEL_1,33,1,True
it's so good that you can practically see the hollywood 'suits' trying to put together the cast and filmmaking team for the all-too -inevitable american remake .,it 's so go od that you can practically see the hollywood ' suits ' trying to put together the cast and filmmaking team for the all - too -inevitable american remake.,LABEL_2,36,1,True
"the setting is so cool that it chills the characters , reducing our emotional stake in the outcome of "" intacto's "" dangerous and seductively stylish game .","the setting is so coo l that it chills the characters, reducing our emotional stake in the outcome of "" intacto 's "" dangerous and seductively stylish game.",LABEL_2,33,1,True
"nicks refuses to let slackers be seen as just another teen movie , which means he can be forgiven for frequently pandering to fans of the gross-out comedy .","nicks refuses to le t slackers be seen as just another teen movie, which means he can be forgiven for frequently pandering to fans of the grsos - out comedy.",LABEL_0,40,2,True
"as if to prove a female director can make a movie with no soft edges , kathryn bigelow offers no sugar-coating or interludes of lightness . her film is unrelentingly claustrophobic and unpleasant .","as if to prove a female director can make a movie with no soft edges , kathryn bigelow offers no sugar-coating or interludes of lightness . her film equal urelentingly claustr0phobic a nd unpleasatn.",LABEL_0,48,8,False
"a loud , ugly , irritating movie without any of its satirical salvos hitting a discernible target .","a loud, ugl y, iritating movie without any of its satirical salvos hitting a discernible target.",LABEL_0,27,2,True
"take care is nicely performed by a quintet of actresses , but nonetheless it drags during its 112-minute length .","take care is nicely performed by a quintet o f actress, but nonetheless information technology drags during it s 112 - minue 1ength.",LABEL_1,119,22,False
both a grand tour through 300 hundred years of russian cultural identity and a stunning technical achievement .,both a grand tour through 300 hundred years of russian cultural identity and a stuning technical achievmeent.,LABEL_2,28,2,True
fessenden's narrative is just as much about the ownership and redefinition of myth as it is about a domestic unit finding their way to joy .,fessenden 's n@rrative is just ampere much aout the onwership and redefinition of my th group A it is about a domesitc unit finding thir way to joy.,LABEL_1,89,13,True
this is the kind of movie where people who have never picked a lock do so easily after a few tries and become expert fighters after a few weeks .,this is the kind of movie where people who have never picked a lock do so easily after a few tries and become good fighters after a few weeks.,LABEL_1,38,1,True
it's the unsettling images of a war-ravaged land that prove more potent and riveting than the unlikely story of sarah and harrison .,it 's th e unesttling images of a wa r - ravaged land that proe more potent and riveting than the unlikey story o f sarah amd harrison.,LABEL_1,107,18,True
"best of all is garcia , who perfectly portrays the desperation of a very insecure man .","best of all is garcia , who perfectly portrays the desperation of a very insecure man .",LABEL_1,93,17,False
weiss and speck never make a convincing case for the relevance of these two 20th-century footnotes .,weiss and speck never make a convincing case for the relevance of these two 2th - century annotate.,LABEL_0,34,3,True
everyone's to blame here .,everone 's t o blame hee.,LABEL_0,21,3,True
changing lanes is an anomaly for a hollywood movie ; it's a well-written and occasionally challenging social drama that actually has something interesting to say .,changing lanes is an anomaly for a hollywood movie ; it 's a wel l - written and occasionally challenging social drama that actually has something concern to say.,LABEL_2,38,2,True
just not campy enough,just n ot campy enuogh,LABEL_0,13,2,True
"if oscar had a category called best bad film you thought was going to be really awful but wasn't , guys would probably be duking it out with the queen of the damned for the honor .","if oscar had a category called best b ad film you thought was going to be really awul but was n't, guys would probably be duikng it out with the queen of the damned for the honor.",LABEL_0,52,3,True
"accuracy and realism are terrific , but if your film becomes boring , and your dialogue isn't smart , then you need to use more poetic license .","accuracy and realism are terrific, b ut if your film becomes boring, and your dialogue is n't s mart, then you need to use more poetic license.",LABEL_0,38,2,True
"this engrossing , characteristically complex tom clancy thriller is shifty in the manner in which it addresses current terrorism anxieties and sidesteps them at the same time .","this engrossing, characteristically complex tom clancy thriller is shfty in the manner in which it addresses current terrorism anxieties and sidesteps them at the same time.",LABEL_1,33,1,True
i hope the movie is widely seen and debated with appropriate ferocity and thoughtfulness .,i hpe the movie is widely seen and debated with appropriate ferocity and thoughtfulness.,LABEL_2,20,1,True
"based on dave barry's popular book of the same name , the movie benefits from having a real writer plot out all of the characters' moves and overlapping story .","based on dave barry 's popular Koran of the same name, the mo vie benefits from having a real writer plot out all of the characters ' moves and overlapping story.",LABEL_2,45,2,True
"thirty years ago , it would have been groundbreaking . now it's just tired .","thirty years ago , it would have been groundbreaking . now it 's ju st tired.",LABEL_0,11,1,True
the big finish is a bit like getting all excited about a chocolate eclair and then biting into it and finding the filling missing .,the b ig finish is a bit like getting all excited about a chocolte eclair and then biting into it and finding th3 filling missing.,LABEL_1,141,25,False
"a movie just for friday fans , critics be damned . if you already like this sort of thing , this is that sort of thing all over again .","a movie just for friday fans , critics be damned . i f yo u already like this sort 0f thing, this is that sort 0f thing all over once again.",LABEL_1,60,9,True
[crystal and de niro] manage to squeeze out some good laughs but not enough to make this silly con job sing .,[ crystal and de niro ] manage to hug out some good laughs but not enough to make this silly con job sing.,LABEL_0,32,1,True
"it may not be a huge cut of above the rest , but i enjoyed barbershop . it's a funny little movie with clever dialogue and likeable characters .","it may not be a huge cut of above the rest, merely i enjoyde barbersop. information technology '$ a funn y litle mov ie wih clevre dialogue and sympathetic character.",LABEL_2,161,30,False
"it's predictable , but it jumps through the expected hoops with style and even some depth .","it 's predictalbe, but it jumps through the expected hopos with flair and even some depth.",LABEL_1,78,13,True
"an exceptionally dreary and overwrought bit of work , every bit as imperious as katzenberg's the prince of egypt from 1998 .","an exceptionally dreary and ovrewrought bit of work, every bit as imper1ous as katzenberg 's the prince of egypt from 1998.",LABEL_0,34,2,True
"secretary manages a neat trick , bundling the flowers of perversity , comedy and romance into a strangely tempting bouquet of a movie .","secretary manages a ne at trick, bundling the flowers of perversity, comedy and romance into a strangely tempting bouquet of a movie.",LABEL_2,28,1,True
"for all the dolorous trim , secretary is a genial romance that maintains a surprisingly buoyant tone throughout , notwithstanding some of the writers' sporadic dips into pop freudianism .","for all the dolorous trim, secretary i s a genial romance that maintains a surpriisngly buoyant tone throughout, notwithstanding some of the writers ' sporadic dips into pop freudianism.",LABEL_2,40,2,True
narc is all menace and atmosphere .,na rc 1s all menace and atmosphere.,LABEL_0,19,2,True
"the story loses its bite in a last-minute happy ending that's even less plausible than the rest of the picture . much of the way , though , this is a refreshingly novel ride .","the story loses its bite in a last-minute happy ending that's even less plausible than the rest of the picture . much of the way , though , this is a refreshingly novel ride .",LABEL_1,3,0,False
the modern-day characters are nowhere near as vivid as the 19th-century ones .,the modern - day role are nowhere near as vivid as t he 19th - century ones.,LABEL_0,26,2,True
filmmaker tian zhuangzhuang triumphantly returns to narrative filmmaking with a visually masterful work of quiet power .,filmmaker tian zhuangzhuang triumphntly recall to narrative filmmaking with a visually masterful work of quiet power.,LABEL_2,30,2,True
a really funny fifteen-minute short stretched beyond its limits to fill an almost feature-length film .,a realyl fnny fifteen - minute short stretched beyond its limits to fill an almost feature - length film.,LABEL_2,30,2,True
"reggio falls victim to relying on the very digital technology that he fervently scorns , creating a meandering , inarticulate and ultimately disappointing film .","reggio fall s victim to relying on the ver y digital technology that he fervently scrns, creating a meandering, inarticulate and ultimately dsiappointing film.",LABEL_0,65,9,True
"watching this gentle , mesmerizing portrait of a man coming to terms with time , you barely realize your mind is being blown .","watching this gentle, mesmreizing portrait of a man coming to terms with time, you barely realize your mind is being blown.",LABEL_2,30,1,True
manages to be both repulsively sadistic and mundane .,manages to be both repulsvely sdaistic and mundane.,LABEL_0,19,2,True
""" freaky friday , "" it's not .",""" freaky friady, "" it 's not.",LABEL_1,17,3,True
"a lousy movie that's not merely unwatchable , but also unlistenable .","a lou sy mov ie that 's n ot mereyl unwatchale, but aso unlistenable.",LABEL_0,53,8,True
i'm just too bored to care .,i 'm ju st to o b ored to care.,LABEL_0,22,3,True
laggard drama wending its way to an uninspired philosophical epiphany .,lagger dram a wending its way to an uninspired philosophical epiphany.,LABEL_0,20,2,True
"you've already seen city by the sea under a variety of titles , but it's worth yet another visit .","you 've already seen city by the sea under a variety of titles, but it 's worth yet another visi t.",LABEL_2,26,1,True
"its story may be a thousand years old , but why did it have to seem like it took another thousand to tell it to us ?","its story may be a thousand years old, but why did it have to seem like it took another thousand to tell it to us?",LABEL_1,32,1,True
". . . instead go rent "" shakes the clown "" , a much funnier film with a similar theme and an equally great robin williams performance .",". . . instead go rent "" shakes the clown "", a mu ch funnier film with a similar theme and an equally gre@t robin williams performance.",LABEL_2,35,2,True
an awkwardly garish showcase that diverges from anything remotely probing or penetrating .,an awkwardly garsh showcase that diverge$ from anything remotely probing or penetrating.,LABEL_0,25,2,True
a well paced and satisfying little drama that deserved better than a direct-to-video' release .,a well paced and sati$fying little drama tha t deserved better than a direct - to - video ' release.,LABEL_2,29,2,True
"a spunky , original take on a theme that will resonate with singles of many ages .","a spnuky, original take on a theme that w ill resonate with singles of m any ages.",LABEL_2,41,5,True
"this version moves beyond the original's nostalgia for the communal film experiences of yesteryear to a deeper realization of cinema's inability to stand in for true , lived experience .","this version movs beyond the original 's nostalgia for the communal film experiences of yesteryear to a deeper realization of cinema 's ianbility t0 $tand 1n for true, lived experience.",LABEL_1,82,10,True
too clunky and too busy ribbing itself to be truly entertaining .,too clnky and t oo busy ribbing itself t0 be truly entertaining.,LABEL_0,26,3,True
the wild thornberrys movie is a jolly surprise .,the wild thornberrys movie i s a jolly storm.,LABEL_2,18,2,True
"in its own floundering way , it gets to you . just like igby .","in its own floundering means, i t gets to you. hardly li ke iby.",LABEL_1,58,10,True
not sweet enough to liven up its predictable story and will leave even fans of hip-hop sorely disappointed .,non sweet enough to liven up its predctable story and will leave even fans of hip - hop sorely disapponited.,LABEL_0,36,3,True
"a movie that , rather than skip along the seine , more or less slogs its way through soggy paris , tongue uncomfortably in cheek .","a movie that, rather than sk1p alo ng the seine, more or less slogs its way through soggy paris, tongue uncomfortably i n cheek.",LABEL_1,41,4,True
"for its 100 minutes running time , you'll wait in vain for a movie to happen .","for its 100 minutes running time, you 'll wait in vain f0r a movie t o happen.",LABEL_0,27,2,True
"a punch line without a premise , a joke built entirely from musty memories of half-dimensional characters .","a punch line without a premise, a joke built entirely from musty memories o f h alf - dimensional characters.",LABEL_0,29,2,True
"thirteen conversations about one thing lays out a narrative puzzle that interweaves individual stories , and , like a mobius strip , elliptically loops back to where it began .","th1rteen conversat1ons aout 0ne affair lays out a narration puzzle that intewreaves somebody storie$, and, like a mobis strip, ellptically l oops back to where information technology bgan.",LABEL_1,159,30,False
many of benjamins' elements feel like they've been patched in from an episode of miami vice .,many of benjamins ' eements feel lie they 've been patched in fom an eipsode of miaim vice.,LABEL_1,101,18,True
"samira makhmalbaf's new film blackboards is much like the ethos of a stream of consciousness , although , it's unfortunate for the viewer that the thoughts and reflections coming through are torpid and banal","samira makhmalbaf 's new film blackboards is much li ke the ethos of a stream of consciousness, although, it 's unfotrunate for the viewer that the thoughts and reflections coming through are torpid and banal",LABEL_0,45,2,True
"it's not so much enjoyable to watch as it is enlightening to listen to new sides of a previous reality , and to visit with some of the people who were able to make an impact in the theater world .","it 's not so much enjoyable to watch as it is enlihgtening to listen to new sides of a previous reality, and to visit with some of the people who were able to make an impact in the theater world.",LABEL_2,48,1,True
a tv style murder mystery with a few big screen moments ( including one that seems to be made for a different film altogether ) .,a tv style murder mytery with a few big cover moments ( including one that seems to be made for a different plastic film altogether ).,LABEL_1,44,3,True
a rambling ensemble piece with loosely connected characters and plots that never quite gel .,a rambling ensemble piece with loosely connected charactrs and plots that never quite g el.,LABEL_0,30,3,True
features what is surely the funniest and most accurate depiction of writer's block ever .,features what is surely the suspect and most accurate depiction of writer 's block ever.,LABEL_2,24,1,True
"while you have to admit it's semi-amusing to watch robert deniro belt out "" when you're a jet , you're a jet all the way , "" it's equally distasteful to watch him sing the lyrics to "" tonight . ""","while you have to admit it 's semi - amusing to watch robert deniro bel t out "" when you 're a jet, you 're a jet all the way, "" it 's equally distasteful to watch him sing the lyrics to "" tonight. """,LABEL_0,51,1,True
gives an intriguing twist to the french coming-of-age genre .,gies an intriguing twits to the french coming - of - age genre.,LABEL_2,24,2,True
"using a stock plot , about a boy injects just enough freshness into the proceedings to provide an enjoyable 100 minutes in a movie theater .","using a stock plot, about a boy injects just enough freshness into the proceedings to provide an enjyoable 100 minut3s in a movie theater.",LABEL_2,38,2,True
"i've always dreamed of attending cannes , but after seeing this film , it's not that big a deal .","i've always dreamed of attending cannes , but after seeing this film , it's not that big a deal .",LABEL_1,115,22,False
"a sad , superior human comedy played out on the back roads of life .","a sad, superior human being comedy plyed o ut on the back roads of life.",LABEL_0,29,3,True
"it arrives with an impeccable pedigree , mongrel pep , and almost indecipherable plot complications .","information technology arrives with an impeccable pedigree, mongrel pep, and almost undecipherable plt complications.",LABEL_1,49,6,True
"a film which presses familiar herzog tropes into the service of a limpid and conventional historical fiction , when really what we demand of the director is to be mesmerised .","a film which presses familiar herzog tropes into the service of a limpid and conventional historical fiction, when really what we demnad of the director is t o be mesmerised.",LABEL_1,45,3,True
"mild , meandering teen flick .","mid, meandering teen fl1ck.",LABEL_1,17,3,True
"for every cheesy scene , though , there is a really cool bit -- the movie's conception of a future-world holographic librarian ( orlando jones ) who knows everything and answers all questions , is visually smart , cleverly written , and nicely realized .","for every cheesy scene, though, thee is a really nerveless bit -- the movie 's conception of a futuer - world holographic librarian ( orlando jones ) who knows everything and answers all questions, is visually smart, clveerly wr1tten, and nicely realized.",LABEL_2,247,48,False
"although largely a heavy-handed indictment of parental failings and the indifference of spanish social workers and legal system towards child abuse , the film retains ambiguities that make it well worth watching .","although largely a heavy - handed indictment of parental failings and the indifference of spanish social workers and legal system towards chld pervert, the film retains ambiguities that make it well worth watching.",LABEL_1,45,2,True
serving sara should be served an eviction notice at every theater stuck with it .,serving sara sh0uld be served an eviction notice at every theater stuck wih it.,LABEL_0,27,2,True
"just because it really happened to you , honey , doesn't mean that it's interesting to anyone else .","just because it really happened to you, hnoey, does n' t mean that information technology 's interesting to anyone e lse.",LABEL_1,48,6,True
one of those terrific documentaries that collect a bunch of people who are enthusiastic about something and then figures out how to make us share their enthusiasm .,one of those terrifc documentarise that collect a bunch of people who are enthusisatic about something and then figures out how to make us share their enthusiasm.,LABEL_2,44,3,True
a classy item by a legend who may have nothing left to prove but still has the chops and drive to show how its done .,a swish item by a legend who may have nothing left to prove but still has the chops and drive to show how its done.,LABEL_2,34,1,True
the production values are of the highest and the performances attractive without being memorable .,the production values a re of the higehst and the performances attractive without being memorable.,LABEL_2,24,2,True
"not only does the movie fail to make us part of its reality , it fails the most basic relevancy test as well .","not omly does the movie fa il to make us part of its reality, it faisl the most basic relevancy test as well.",LABEL_0,38,3,True
"this story still seems timely and important . and there's an element of heartbreak to watching it now , with older and wiser eyes , because we know what will happen after greene's story ends .","this story still se ems timely and important. and there's an element of heartbreak to watching it now , with older and wiser eyes , because we know what will happen after greene's story ends .",LABEL_2,13,1,True
it's one pussy-ass world when even killer-thrillers revolve around group therapy sessions .,it 's one pu ssy - a ss world when even killer - thrillers revolve around group therapy sessions.,LABEL_0,27,2,True
"a witty , whimsical feature debut .","a wtty, whimiscal feature debut.",LABEL_2,18,3,True
an engrossing iranian film about two itinerant teachers and some lost and desolate people they encounter in a place where war has savaged the lives and liberties of the poor and the dispossessed .,an engrossing iranian film about two itinerant teachers and some lost and barren people they encounter in a place where war h as savagde the lievs and liberties of the poor and the dispossessed.,LABEL_0,53,4,True
"although fairly involving as far as it goes , the film doesn't end up having much that is fresh to say about growing up catholic or , really , anything .","although fiarly involving as far as it goes, the film does n't end up having much that is fresh to say about growing up catholic or, really, anything.",LABEL_1,38,1,True
it's fascinating to see how bettany and mcdowell play off each other .,it ' s fascinating t o control how betatny a nd mdcowell play off 3ach early.,LABEL_2,59,10,True
"collateral damage is , despite its alleged provocation post-9/11 , an antique , in the end . as are its star , its attitude and its obliviousness .","clolateral damage i$, despite IT alleged pr0vocation pots-9/11, an antique, inwards t he cease. as are its star , its attitude and its obliviousness .",LABEL_0,90,17,False
"despite its title , punch-drunk love is never heavy-handed . the jabs it employs are short , carefully placed and dead-center .","despite its title , punch-drunk love is never heavy-handed . the j abs it employs are shot, carefuly placed and dead - centr.",LABEL_1,40,6,True
"just a string of stale gags , with no good inside dope , and no particular bite .","just a string of stale gags, with atomic number 102 g ood inside dope, and no particular bite.",LABEL_0,27,2,True
how this one escaped the lifetime network i'll never know .,how t his 1 escaped t he lifetime network i 'll never kmow.,LABEL_1,31,4,True
"the biggest problem with satin rouge is lilia herself . she's a cipher , played by an actress who smiles and frowns but doesn't reveal an inner life .","the biggest probelm with satin rouge is lilia herself. she's a cipher , played by an actress who smiles and frowns but doesn't reveal an inner life .",LABEL_0,17,1,True
"a movie i loved on first sight and , even more important , love in remembrance .","a movie i lo ved on fist sight and, even more important, love in remembrance.",LABEL_2,39,6,True
"branagh , in his most forceful non-shakespeare screen performance , grounds even the softest moments in the angry revolt of his wit .","branagh, in his most forceful non - shakespeare screen performance, grounds even the softest moments in the a ngry rising of his wit.",LABEL_1,34,2,True
"the film , while not exactly assured in its execution , is notable for its sheer audacity and openness .","the film, while not exactly assured in its execution, is notale for its sheer audacity and openness.",LABEL_2,25,1,True
the ending feels at odds with the rest of the film .,the ending feels at o dds with the rest of the film.,LABEL_0,16,1,True
beautifully directed and convincingly acted .,attractively directed an d convincingly acted.,LABEL_2,15,2,True
"another big , dumb action movie in the vein of xxx , the transporter is riddled with plot holes big enough for its titular hero to drive his sleek black bmw through .","another big, dense action movie in the vein of xxx, the transporter is riddled with plot ho les big enough for its titular hero to drive his sleek black bmw through.",LABEL_0,47,3,True
"mandel holland's direction is uninspired , and his scripting unsurprising , but the performances by phifer and black are ultimately winning . you'll find yourself wishing that you and they were in another movie .","mandel holland 's direction is uninspired, and his scripting unsurprising, but the performances by phifer and black are utlimately winning. you'll find yourself wishing that you and they were in another movie .",LABEL_2,30,1,True
absolutely ( and unintentionally ) terrifying .,abslutely ( and unintentionally ) terrifyign.,LABEL_0,18,2,True
crush is so warm and fuzzy you might be able to forgive its mean-spirited second half .,crush is s o war m and fuzzy you might be able to forgive its mean - spirited second half.,LABEL_2,28,2,True
"to paraphrase a line from another dickens' novel , nicholas nickleby is too much like a fragment of an underdone potato .","to paraphrase a line from another dickens ' novel, nicholas nickleby 1s too much like a fragment of an underdone potato.",LABEL_0,30,1,True
uneven but a lot of fun .,uneven but a set of f un.,LABEL_2,16,2,True
do not see this film .,d o not see tis film.,LABEL_0,15,2,True
the cast delivers without sham the raw-nerved story .,the cast delivers witohut fictive the raw - nerved sotry.,LABEL_2,42,6,True
the stunt work is top-notch ; the dialogue and drama often food-spittingly funny .,the stunt work is to p - notch ; the dialogue and drama often food - spittingly fu nny.,LABEL_2,27,2,True
"the only camouflage carvey should now be considering is a paper bag to wear over his head when he goes out into public , to avoid being recognized as the man who bilked unsuspecting moviegoers .","the only camouflage carvey should now be considering is a paper bag to wear over his head when he goes out into public, to avoid being recognized as the man who biked unsspecting moviegeors.",LABEL_0,51,3,True
a bit too eager to please .,a bit too eager t o please.,LABEL_0,17,3,True
"as well-acted and well-intentioned as all or nothing is , however , the film comes perilously close to being too bleak , too pessimistic and too unflinching for its own good .","as well - acted and well - intentioned as all or nothing is, however, the flick comes perilously c lose to being too belak, too pessimisitc and too unflinching for its own practiced.",LABEL_0,65,6,True
"men in black ii has sequel-itis something fierce . an ungainly , comedy-deficient , b-movie rush job . . .","men in black i i has sequel - itis something fierce. an ungainly , comedy-deficient , b-movie rush job . . .",LABEL_0,16,1,True
"the jokes are flat , and the action looks fake .","the jokes ar e flat, and the action loks fak e.",LABEL_0,25,3,True
"this cuddly sequel to the 1999 hit is a little more visually polished , a little funnier , and a little more madcap .","th is cuddly sequl to the 1999 hit is a little more visually polished, a little fnunier, and a little more madcap.",LABEL_2,38,3,True
""" 13 conversations about one thing "" is an intelligent flick that examines many different ideas from happiness to guilt in an intriguing bit of storytelling .",""" 13 conversations about one thing "" is an intelligent flic k that examines many different ideas from happiness to guilt in an intrigue mo of storytelling.",LABEL_2,46,4,True
"the movie is gorgeously made , but it is also somewhat shallow and art-conscious .","the movie is gorgeously made, but it is also somehat shallow and ar t - conscious.",LABEL_2,26,2,True
the piece plays as well as it does thanks in large measure to anspaugh's three lead actresses .,the piece plays as w ell as it does thank in large measure to anspaugh 's three lead actresses.,LABEL_2,32,2,True
. . . the picture's cleverness is ironically muted by the very people who are intended to make it shine .,. . . the picture 's cleverness i s ironically muted by the vey people who are intended to make it shine.,LABEL_0,29,2,True
"it's a rollicking adventure for you and all your mateys , regardless of their ages .","it's a rollicking adventure for you and all your mateys , regardless of their ages .",LABEL_2,93,17,False
"the film is old-fashioned , occasionally charming and as subtle as boldface .","the film is old - fashioned, occasionally charming and as pernicious as boldface.",LABEL_2,23,1,True
another in-your-face wallow in the lower depths made by people who have never sung those blues .,another in - your - fae wallow in the lower depths made by people who have never sung those blues.,LABEL_0,26,1,True
"no such thing is sort of a minimalist beauty and the beast , but in this case the beast should definitely get top billing . robert john burke as the monster horns in and steals the show .","no such thing is sort of a minimalist beauty and the beast , but in this case the beast should definitely get top billing . robert jhn burke as the momster horns in and steals the show.",LABEL_1,78,13,False
"in a movie full of surprises , the biggest is that secret ballot is a comedy , both gentle and biting .","in a m ovie full of surprises, the biggest is that secret ballot is a comedy, both pacify and biting.",LABEL_2,46,5,True
the film proves unrelentingly grim -- and equally engrossing .,the film proves unrelentingly grim -- and equally engrossng.,LABEL_2,15,1,True
"if it were any more of a turkey , it would gobble in dolby digital stereo . if nothing else , "" rollerball "" 2002 may go down in cinema history as the only movie ever in which the rest of the cast was outshined by ll cool j .","if i t were an y mo re o f a turkey, i t would gobble in Ray M. Dolby digital stereo. if nothing else , "" rollerball "" 2002 may go down in cinema history as the only movie ever in which the rest of the cast was outshined by ll cool j .",LABEL_1,85,16,True
the irwins' scenes are fascinating ; the movie as a whole is cheap junk and an insult to their death-defying efforts .,the irwins ' scenes are fascinating ; the movie as a whole is cheap junk and an insut to their death - defying efforts.,LABEL_0,35,2,True
a sensitive and astute first feature by anne-sophie birot .,a sensitive and astute first feature by anne-sophie birot .,LABEL_1,63,12,False
"unintelligible , poorly acted , brain-slappingly bad , harvard man is ludicrous enough that it could become a cult classic .","unnitelligible, poorly acted, brain - slappingly ba d, harvard man live luicrous enough that it could become a cult classic.",LABEL_0,42,4,True
"director kevin bray excels in breaking glass and marking off the "" miami vice "" checklist of power boats , latin music and dog tracks . he doesn't , however , deliver nearly enough of the show's trademark style and flash .","director kevin bray excels in breaking glass and marking off the "" miami vice "" checklist of power boats , latin music and dog tracks . he doesn't , however , deliver nearly enough of the show's trademark style and flash .",LABEL_1,3,0,False
"an exciting and involving rock music doc , a smart and satisfying look inside that tumultuous world .","an energize and involving rock music doc, a smart and satisying look inside that tumultuous world.",LABEL_2,28,2,True
execrable .,eexcrable.,LABEL_1,11,2,False
"both stars manage to be funny , but , like the recent i spy , the star chemistry begs the question of whether random gags add up to a movie .","both stars manage to be funny, b ut, like the recent i spy, the star chemistry begs the question of whether random gags add up to a movie.",LABEL_1,35,1,True
spielberg has managed to marry science fiction with film noir and action flicks with philosophical inquiry .,spielberg has managed to marry science fiction with film nir and action flicks with philosophical inquiry.,LABEL_1,28,3,True
"this toothless dog , already on cable , loses all bite on the big screen .","ths tootless wiener, already on cable, loses all bite on the big screen.",LABEL_0,34,3,True
"while it would be easy to give crush the new title of two weddings and a funeral , it's a far more thoughtful film than any slice of hugh grant whimsy .","while it would be easy to sacrifice crush the new title of two weddings and a funeral, it 's a far more thoughtful film than any slice of hugh grant whimsy.",LABEL_2,41,1,True
this flat run at a hip-hop tootsie is so poorly paced you could fit all of pootie tang in between its punchlines .,this flat run at a hip - hop tootsie is so porly paced you could fit all of pootie tang in between its punchlines.,LABEL_0,30,1,True
"the production design , score and choreography are simply intoxicating .","the production design, score and choreography are simply itoxicating.",LABEL_2,16,1,True
"a penetrating , potent exploration of sanctimony , self-awareness , self-hatred and self-determination .","a penetrating, potent explration of sanctimony, self - awarenss, self - hatred and self - dtermination.",LABEL_1,36,4,True
"smith's approach is never to tease , except gently and in that way that makes us consider our own eccentricities and how they are expressed through our homes .","Kate Smith 's approach is never t o tease, except gently and in that way that makes us believe our owm eccentricities and how they are expressed through our homes.",LABEL_1,57,5,True
"a fiercely clever and subtle film , capturing the precarious balance between the extravagant confidence of the exiled aristocracy and the cruel earnestness of the victorious revolutionaries .","a fiercely clever and subtle film, capturing the precarious balance between the extravagant confidence of the exiled aristocracy an d the crel earnestness of the victorious revolutionaries.",LABEL_1,38,3,True
a movie that hovers somewhere between an acute character study and a trite power struggle .,a motion picture that hovers somewhere between an actue character read and a trite mogul struggle.,LABEL_1,87,16,False
"dodgy mixture of cutesy romance , dark satire and murder mystery .","dodgy mixture of cutesy romance, dark satire and murder mystery.",LABEL_1,16,1,True
the film's maudlin focus on the young woman's infirmity and her naive dreams play like the worst kind of hollywood heart-string plucking .,the film 's maudlin focus on the young woman 's infirmity and her naive dreams play like the w orst kind of hollywood heart - string plucking.,LABEL_0,31,1,True
never once predictable .,never once preditcable.,LABEL_1,23,4,False
". . . a good , if not entirely fresh , look at war .",".. . a good, if not only fresh, look at war.",LABEL_1,29,5,True
a captivating coming-of-age story that may also be the first narrative film to be truly informed by the wireless age .,a captivatimg coming - of - age story that may also be the frst narrative film to be truly informed by the wireless age.,LABEL_2,35,2,True
rather less than the sum of its underventilated père-fils confrontations .,rather less than the sum of its underventilated pè re - fils confrontations.,LABEL_1,23,3,True
"lends itself to the narcotizing bland ( sinister , though not nearly so sinister as the biennial disney girl movie ) machinations of the biennial disney boy movie .","lends itself to th e narcotizign bland ( sinister, though n0t nearly so sinister as the biennial disney girl movie ) machinations of the biennial disney boy m ovie.",LABEL_1,52,6,True
"the movie attempts to mine laughs from a genre -- the gangster/crime comedy -- that wore out its welcome with audiences several years ago , and its cutesy reliance on movie-specific cliches isn't exactly endearing .","the movie attempts to mine laughs from a genre -- the gangster / crime comedy -- that wo re stunned its welcome with audiences several years ago, and its cutesy reliance on movie - specific cliches is n 't exactly endearing.",LABEL_0,55,3,True
a poignant lyricism runs through balzac and the little chinese seamstress that transforms this story about love and culture into a cinematic poem .,a poignant lyricims streamlet through bazlac and the little chinese $eamstress tat transforms this story about love and culture into a cinematic poem.,LABEL_1,77,12,True
"as hugh grant says repeatedly throughout the movie , 'lovely ! brilliant ! '","as h ugh gr ant says repeatedly througohut the m ovie, ' cover girl! brilliant ! '",LABEL_2,48,8,True
"swimming is above all about a young woman's face , and by casting an actress whose face projects that woman's doubts and yearnings , it succeeds .","swimming is above all about a young woman 's fce, and by casting an actress whose face projects that woman 's doubts and yearnings, it succeeds.",LABEL_1,34,1,True
this sort of cute and cloying material is far from zhang's forte and it shows .,this sort of cute and cloying material is far from zhang ' s fort e and it shows.,LABEL_1,31,3,True
this is a movie so insecure about its capacity to excite that it churns up not one but two flagrantly fake thunderstorms to underscore the action .,this is a movie so inseure about its capacity to excite that it churns up not one but two flagrantly fake thunderstorms to underscore the action.,LABEL_0,32,1,True
the plot grinds on with yawn-provoking dullness .,the plot grinds on wi th yaw n - provoking dullness.,LABEL_0,34,5,True
"an intelligent , multi-layered and profoundly humanist ( not to mention gently political ) meditation on the values of knowledge , education , and the affects of cultural and geographical displacement .","an intelligent, mlti - lyered and profoundly humanist ( not to mention gently political ) meditation on the values of knowledge, education, and the affects of ethnic and geographical translation.",LABEL_1,108,18,True
"for all its plot twists , and some of them verge on the bizarre as the film winds down , blood work is a strong , character-oriented piece .","fo r all its plot twists, and some of them verge on th e bizarre as the film winds down, line work is a hard, character - oriented piece.",LABEL_1,50,4,True
the film's performances are thrilling .,the film 's performances are thriling.,LABEL_2,12,1,True
"william shatner , as a pompous professor , is the sole bright spot . . .","william shatner, as a pompous professor, is the sole briht spot...",LABEL_2,21,1,True
a modestly surprising movie .,a modestly surprising picture show.,LABEL_2,25,5,False
"on the whole , the movie lacks wit , feeling and believability to compensate for its incessant coarseness and banality .","on the whole, the movei laks wit, feeling and believability to compensate for its incessant coarseness and banality.",LABEL_0,32,2,True
the film was immensely enjoyable thanks to great performances by both steve buscemi and rosario dawson . . .,the film w as vastly enjyoable thakns to greta performances by both steve buscemi and rosario dawson...,LABEL_2,43,5,True
generates an enormous feeling of empathy for its characters .,generates an enorous feeling of empathy for its characters.,LABEL_2,15,1,True
"ultimately , clarity matters , both in breaking codes and making movies . enigma lacks it .","ult1mately, clarity maters, bot h i n breaking codes and making movies. enigma lacks it .",LABEL_1,35,5,True
"a picture that extols the virtues of comradeship and community in a spunky , spirited fashion .","a pictue that etxols t he virtue of comradeship and community in a spunky, spirited fashion.",LABEL_2,37,5,True
"'god help us , but capra and cooper are rolling over in their graves . '","' god help us, but cara and cooper are rolling over i n their graves. '",LABEL_0,71,14,True
jonathan parker's bartleby should have been the be-all-end-all of the modern-office anomie films .,jonathan parker's bartleby should have been the be-all-end-all of the modern-office anomie films .,LABEL_1,121,23,False
the movie is essentially a series of fleetingly interesting actors' moments .,t he moie is essentially a seies 0f fleetingly interesting actors ' instant.,LABEL_2,45,8,True
"there's a reason the studio didn't offer an advance screening . "" the adventures of pluto nash "" is a big time stinker .","there's a reason the studio didn't offer an advance screening . "" the adventures o f pluto Ogden Nash "" exist a b ig time stiker.",LABEL_0,49,8,True
the whole thing plays out with the drowsy heaviness of synchronized swimmer wearing a wool wetsuit .,the whole thing plys out with the drowsy heaviness of synchronized swimmer wearing a wool wetsuit.,LABEL_1,22,1,True
"rambles on in a disjointed , substandard fashion from one poorly executed action sequence to the next .","rambles on in a disjointed, substandard fashion from one peaked do action sequence to the next.",LABEL_0,36,3,True
"a confident , richly acted , emotionally devastating piece of work and 2002's first great film","a confident, richy acted, emotionally devastating piece of work and 2002 's first gret film",LABEL_2,27,2,True
"the story , once it gets rolling , is nothing short of a great one .","the story, once it gets rolling, is nothing shor t of a great one.",LABEL_2,20,1,True
one of the most important and exhilarating forms of animated filmmaking since old walt doodled steamboat willie .,unmatchable of the mos t important and exalt forms of animated filmmaking since old walt doodled steamboat willie.,LABEL_2,32,3,True
its characters are thinner than cardboard -- or even comic-book paper .,its characters are thinner than cardboard -- or een comic - book paper.,LABEL_1,19,1,True
throws in enough clever and unexpected twists to make the formula feel fresh .,throws in enough clever and unepxected twists to make the formula fe el fresh.,LABEL_2,23,2,True
a fascinating documentary that provides a rounded and revealing overview of this ancient holistic healing system,a fascinaing documentary that provies a rounded and revealing overview of this ancient holistic healing system,LABEL_2,32,4,True
"rabbit-proof fence will probably make you angry . but it will just as likely make you weep , and it will do so in a way that doesn't make you feel like a sucker .","rabit - proof femce will believably constitute you ang ry. but it will just as likely make y ou w eep, and it will do so in a way that does n't make you feel like a sucker.",LABEL_0,91,12,True
collapses under its own meager weight .,collapses under its own maeger we1ght.,LABEL_0,39,6,True
equlibrium could pass for a thirteen-year-old's book report on the totalitarian themes of 1984 and farenheit 451 .,eqlibrium cold pas for a thirteen - year - old 's boo k news report along the totalitarian themes of 1984 and farenheit 451.,LABEL_1,125,23,False
the fast runner' transports the viewer into an unusual space,the fa st runner ' tarnsports the viewer into an unuusal sace,LABEL_1,65,11,False
not one moment in the enterprise didn't make me want to lie down in a dark room with something cool to my brow .,not one moment in the enteprrise did n't make me want to lie do wn in a d@rk room wih something cool to my bow.,LABEL_1,106,18,True
[grant] goes beyond his usual fluttering and stammering and captures the soul of a man in pain who gradually comes to recognize it and deal with it .,[ gant ] goes beoynd hi$ usual fluttering and stammering and capturse the soul of a man in pain World Health Organization gradually cones to recognize it and deal with it.,LABEL_1,66,7,True
completely creatively stillborn and executed in a manner that i'm not sure could be a single iota worse . . . a soulless hunk of exploitative garbage .,completely creatively stillborn and executed im a manner that i 'm not sure could beryllium a single ioa wor se... a soullss hun k of expl0itative garbge.,LABEL_0,88,14,True
"in his debut as a director , washington has a sure hand . his work with actors is particularly impressive .","in his de but as a director, washington has a sure hand. hi s act upon wih actors i s in particular imperssive.",LABEL_2,64,10,True
"it just goes to show , an intelligent person isn't necessarily an admirable storyteller .","it just gos to show, an intelligent person is n't necessarily an adirable storyteller.",LABEL_0,26,2,True
it appears that something has been lost in the translation to the screen .,it appeas that something ha s been lost in the translation to the screen.,LABEL_0,33,4,True
"the movie is too cute to take itself too seriously , but it still feels like it was made by some very stoned college students .","the movie is too cute to take istelf to o seriously, but it still f3els like i t WA made by some very stoned college students.",LABEL_1,50,5,True
"sharp , lively , funny and ultimately sobering film .","sharp, lively, queer and ultimately soebring f ilm.",LABEL_2,26,3,True
"it's difficult to imagine that a more confused , less interesting and more sloppily made film could possibly come down the road in 2002 .","it 's difficult to imagine that a more confused, le ss interesting and more sloppily made film could possibly come down the road in 2002.",LABEL_0,30,1,True
"martin scorsese cria um espetáculo visual que não possui alma - um filme esteticamente belo , mas emocionalmente frio .","mratin scosese cria um espetcáulo ocular que não possui alm a - u m filme esetticamente blo, mum emocioanlmente frio.",LABEL_1,111,20,False
"beautifully crafted and brutally honest , promises offers an unexpected window into the complexities of the middle east struggle and into the humanity of its people .","attractively crafted and brutally dependable, promises offers an unexpected window into the complexities of the middle east struggle and into the humanity of its people.",LABEL_2,51,5,True
fred schepisi's tale of four englishmen facing the prospect of their own mortality views youthful affluence not as a lost ideal but a starting point .,fred schepisi 's tale of f our englishmen facing the prospect of their own mortality vies youthful affluence n ot as a lost ideal bu t a starting point.,LABEL_1,51,5,True
"the film's strength isn't in its details , but in the larger picture it paints - of a culture in conflict with itself , with the thin veneer of nationalism that covers our deepest , media-soaked fears .","the film 's strength is n't in its details, b ut in the larger picture it paints - of a culture in conflict with itself, with the thin veneer of nationalism that covers our deepest, media - soaked fears.",LABEL_1,51,2,True
"one of the most haunting , viciously honest coming-of-age films in recent memory .","one of th e most haunting, viciously honest coming - of - age films in recent memory.",LABEL_2,22,1,True
a fleet-footed and pleasingly upbeat family diversion .,a fleet - footed and plesingly welfare family diversion.,LABEL_2,23,2,True
gere gives a good performance in a film that doesn't merit it .,gere giv3s a good performance in a film that does n't meritoriousness it.,LABEL_1,75,14,False
"if anything , the film is doing something of a public service -- shedding light on a group of extremely talented musicians who might otherwise go unnoticed and underappreciated by music fans .","if anything, the film is doing something of a public service -- shedding lihgt on a group of extremely talentd musicians who might otherwise go unnoticed and underappreciated by music fans.",LABEL_2,43,2,True
late marriage's stiffness is unlikely to demonstrate the emotional clout to sweep u . s . viewers off their feet .,late marriage's stiffness is unlikely to demonstrate the emotional clout to sweep u . s . viewers off their feet .,LABEL_0,4,0,False
"sweet home alabama is one dumb movie , but its stupidity is so relentlessly harmless that it almost wins you over in the end .","sweet home alabaam is one du mb movie, but it s stupidity is so relentlessly harmless that it almost wins you over in the end.",LABEL_0,39,3,True
"long after you leave justine , you'll be wondering what will happen to her and wishing her the best -- whatever that might mean .","long after you leave justin3, you 'll b e wondering what will happen t o her and wishing her the best -- whatever that might mean.",LABEL_1,51,6,True
exposing the ways we fool ourselves is one hour photo's real strength .,exposnig the ways we fool ourselves is one hour photo 's real strength.,LABEL_1,20,1,True
. . . works on some levels and is certainly worth seeing at least once .,. . . works on some levels a nd is certainly wort h picture at least once.,LABEL_2,28,3,True
no doubt the star and everyone else involved had their hearts in the right place . where their heads were is anyone's guess .,no dubt the star and everyone else involved had their hearts in the right place. where their heads were is anyone's guess .,LABEL_2,27,2,True
a wordy wisp of a comedy .,a wordy wisp of a comedy.,LABEL_1,33,7,False
cho continues her exploration of the outer limits of raunch with considerable brio .,ch0 continues her exploration of the verboten limts o f raunch with considerable invigoration.,LABEL_1,83,14,False
woody allen used to ridicule movies like hollywood ending . now he makes them .,woody allen us ed to ridicule movise l ike holywood ending. now he makes them .,LABEL_0,31,4,True
"essentially , the film is weak on detail and strong on personality","essemtially, th e film is weak on detail and strong on personality",LABEL_0,27,4,True
"it is nature against progress . in fessenden's horror trilogy , this theme has proved important to him and is especially so in the finale .","it is nature against progress . in fessenden 's horror trilogy, this theme has prved important to him and is especially so in the finale.",LABEL_2,27,1,True
"nonsensical , dull "" cyber-horror "" flick is a grim , hollow exercise in flat scares and bad acting .","nonsensical, du1l "" cyber - horror "" flick i$ a grim, hollow exercise in flat scares and tough acting.",LABEL_0,39,3,True
a thinly veiled excuse for wilson to play his self-deprecating act against murphy's well-honed prima donna shtick .,a thinly obliterate excuse for wilson to play his self - deprecating act against murphy 's well - hoed prima donna shtick.,LABEL_1,33,2,True
"made to be jaglomized is the cannes film festival , the annual riviera spree of flesh , buzz , blab and money . the charming result is festival in cannes .","made to be jaglomized is the cannes film festival , the annual riviera spree of flesh , buzz , blab and money . th e charming upshot is festival in canns.",LABEL_2,34,5,True
allen shows he can outgag any of those young whippersnappers making moving pictures today .,allen shows he can outgag any of those young whipersnappers m@king moving pictures today.,LABEL_2,61,10,True
probes in a light-hearted way the romantic problems of individuals for whom the yearning for passion spells discontent .,probes in a light - harted way the romantic problems of individuals for whom the yearning for passion spells discontent.,LABEL_1,26,1,True
"a witty , trenchant , wildly unsentimental but flawed look at the ins and outs of modern moviemaking .","a wity, ternchant, wildly unsnetimental but flawed look a t the ins and outs of modern movie making.",LABEL_1,49,7,True
"in between all the emotional seesawing , it's hard to figure the depth of these two literary figures , and even the times in which they lived . but they fascinate in their recklessness .","in between all the emotional seesawing , it's hard to figure the depth of these two literary figures , and even the times in which they lived . but thy fascinae in ther recklessness.",LABEL_0,24,4,True
"personal velocity has a no-frills docu-dogma plainness , yet miller lingers on invisible , nearly psychic nuances , leaping into digressions of memory and desire . she boxes these women's souls right open for us .","persoanl vleocity ha$ a no - frill dou - dogma plainness, yet miller lingers on invisible, nearly psychic nuances, leaping into digressions o f memory and desire. she boxes these women's souls right open for us .",LABEL_1,219,41,False
i cry for i spy -- or i would if this latest and laziest imaginable of all vintage-tv spinoffs were capable of engendering an emotional response of any kind .,i cr y for i spy -- or i would if this latest and l@ziest imaginable of all vintage - tv spinoffs were capable of engendering an emotional response of any kind.,LABEL_0,42,3,True
good-looking but relentlessly lowbrow outing plays like clueless does south fork .,good - looking bu t relentlessly lowbrow outing plays like clueless does south fork.,LABEL_0,18,1,True
a rarity among recent iranian films : it's a comedy full of gentle humor that chides the absurdity of its protagonist's plight .,a rarity among recent iranian films : it 's a comedy full of gentle hu mor that chides the absurdity of its protagonist 's plight.,LABEL_2,29,1,True
"you could say that it's slow at times , you could say that a few of the characters act in ways that real people wouldn't , but one thing you couldn't say is that alias betty is predictable .","you could say that it 's slow at times, you could say that a few of the characters act in was that r eal people would n't, but one thing you could n't say is that alias betty is predictable.",LABEL_0,56,3,True
francophiles will snicker knowingly and you'll want to slap them .,Francophile will snicker knowingly and you 'll want to s lap them.,LABEL_0,25,2,True
formula 51 is so trite that even yu's high-energy action stylings can't break through the stupor .,formula 51 is then tirte that even yu 's high - energy action stylings ca n't break through the stupor.,LABEL_0,34,2,True
"texan director george ratliff had unlimited access to families and church meetings , and he delivers fascinating psychological fare .","texan director george ratliff had unlimited access to families and church meetings, and he delivers enchant psychological fare.",LABEL_2,28,1,True
"wedding feels a bit anachronistic . still , not every low-budget movie must be quirky or bleak , and a happy ending is no cinematic sin .","wedding feels a bit anachronistic . still , not every low-budget movie must be quirky or bleak , and a happy ending is no cinematic sin .",LABEL_1,3,0,False
writer and director otar iosseliani's pleasant tale about a factory worker who escapes for a holiday in venice reveals how we all need a playful respite from the grind to refresh our souls .,writer and director otar iosseliani 's pleaant t ale about a factory worker who escapes for a holiday in venice reveals how we all need a playful respite from the grind to refresh our souls.,LABEL_2,54,4,True
an intimate contemplation of two marvelously messy lives .,an intimate contemplation of two marvelously mesy lives.,LABEL_1,14,1,True
a captivating and intimate study about dying and loving . . .,a captivating and intimate study abou t dying and loving...,LABEL_1,16,1,True
"with nary a glimmer of self-knowledge , [crane] becomes more specimen than character -- and auto focus remains a chilly , clinical lab report .","with nary a glimmer of self - cognition, [ crne ] becomes moe specimen than character -- and auto focu$ remains a chilly, cliincal la b account.",LABEL_1,107,19,True
"a powerful and telling story that examines forbidden love , racial tension , and other issues that are as valid today as they were in the 1950s .","a powerful and telling story that examines forbidden love, racial tension, and other issues that ar e as vali d today as they were in the 1950s.",LABEL_2,42,3,True
it seems like i have been waiting my whole life for this movie and now i can't wait for the sequel .,it seems like i have been waiting my whole life for this movie and now i ca n 't wait for the sequel.,LABEL_2,27,1,True
"with we were soldiers , hollywood makes a valiant attempt to tell a story about the vietnam war before the pathology set in .","wth we were soldiers, hollywood makes a valinat attempt to tell a story about the vietnam war befre the pathology set in.",LABEL_1,44,4,True
"i prefer soderbergh's concentration on his two lovers over tarkovsky's mostly male , mostly patriarchal debating societies .","i perfer soderbergh 's concentration on his two lovers over tarkovsky '$ motly male, mstly patriarchal debating societies.",LABEL_1,111,20,False
a riveting documentary .,a riveting documentry.,LABEL_2,19,4,False
. . . too dull to enjoy .,. . . to o dull t0 ejoy.,LABEL_0,20,3,True
jarecki and gibney do find enough material to bring kissinger's record into question and explain how the diplomat's tweaked version of statecraft may have cost thousands and possibly millions of lives .,jarecki and gibney do find enough material to bring kissinger 's record into question and explain how the diplomat 's tweaked version of statecraft may have cost thousands and possibly millions of l ives.,LABEL_0,38,1,True
"abandon spends 90 minutes trying figure out whether or not some cocky pseudo-intellectual kid has intentionally left college or was killed . the only problem is that , by the end , no one in the audience or the film seems to really care .","abandon spends 90 minutes trying figure out whether or not some cocky pseudo-intellectual kid has intentionally left college or was killed . the on1y probl3m embody tht, by the end, n o ome in th3 audence or the film seens to very care.",LABEL_0,267,47,False
i was impressed by how many tit-for-tat retaliatory responses the filmmakers allow before pulling the plug on the conspirators and averting an american-russian armageddon .,i was impressed by h ow ma ny tit - for - tat retaliatory responses the filmmakers allow before pulling the plug on the conspirators and averting an american - russian armageddon.,LABEL_1,40,2,True
manages to be sweet and wickedly satisfying at the same time .,manages to be swet and wickedly satisfying a t the same t ime.,LABEL_2,47,8,True
"a real story about real people living their lives concerned about the future of an elderly , mentally handicapped family member .","a real story about real people living their lies concerned aobut the future of a n elderly, mentlly handcapped folk fellow member.",LABEL_1,65,10,True
"be prepared to cling to the edge of your seat , tense with suspense . the ring never lets you off the hook .","be set up to cl ing to the edge o f your seat, strain with suspense. the ring never lets you off the hook .",LABEL_1,81,14,True
i can easily imagine benigni's pinocchio becoming a christmas perennial . coal isn't as easy to come by as it used to be and this would be a worthy substitute for naughty children's stockings .,i can e@sily imagine benigni '$ pinocchio beoming a christmas recurrent. coal isn't as easy to come by as it used to be and this would be a worthy substitute for naughty children's stockings .,LABEL_1,64,12,False
"unexpected moments of authentically impulsive humor are the hallmark of this bittersweet , uncommonly sincere movie that portrays the frank humanity ofemotional recovery .","unexpected mments of authentically impulsive humour ar e the assay-mark of this climbing bittersweet, uncommonly sincere mvoie that portrays the frank humanity of emotional recovery.",LABEL_2,86,13,True
"john carlen's script is full of unhappy , two-dimensional characters who are anything but compelling .","john carlen 's script is full of infelicitous, two - dimensional characters who are amything but compelling.",LABEL_0,32,2,True
"although the sequel has all the outward elements of the original , the first film's lovely flakiness is gone , replaced by the forced funniness found in the dullest kiddie flicks .","although the sequel has all the outward elements of the original, the first film 's lovely flakiness is gone, supplant by the forced funniness found in the dullest kiddie flicks.",LABEL_0,51,3,True
"a tender and touching drama , based on the true story of a troubled african-american's quest to come to terms with his origins , reveals the yearning we all have in our hearts for acceptance within the family circle .","a tedner and touching drama, based on the true story of a troubled african - american 's quest to come to terms with his origins, reveals the yearning we all have in our heatrs for acceptance within the family circle.",LABEL_2,55,3,True
"the soupy end result has the odd distinction of being playful without being fun , too .","the soupy end result has t he odd distinctoin o f beng playful without being fun, too.",LABEL_1,37,5,True
"like its title character , esther kahn is unusual but unfortunately also irritating .","like its ti tle character, esther kahn i s unusual but unfortunately also iritating.",LABEL_0,33,4,True
"none of this is meaningful or memorable , but frosting isn't , either , and you wouldn't turn down a big bowl of that , would you ?","none of this i s meaningful or memorable, but frosting is n't, either, and you would n't turn down a big bowl of that, would you?",LABEL_0,34,1,True
"the film has the high-buffed gloss and high-octane jolts you expect of de palma , but what makes it transporting is that it's also one of the smartest , most pleasurable expressions of pure movie love to come from an american director in years .","t he fi lm h@s the high - buffed gloss and high - octane jolts you expect of de palma, but what makes it transporting is that it 's also 0ne of th e smartest, most plaesurable expressions of pure movie l ove to come from an american director in years.",LABEL_2,84,7,True
"brash , intelligent and erotically perplexing , haneke's portrait of an upper class austrian society and the suppression of its tucked away demons is uniquely felt with a sardonic jolt .","brash, intellig3nt and erotically dumbfound, haneke 's portrait of an upper class austrian society and the suppression of its tucked away demons is uniquely felt with a sardonic jolt.",LABEL_1,51,4,True
a rather average action film that benefits from several funny moments supplied by epps .,a rather average action film that benefts from several funny moments supplied by epps.,LABEL_2,20,1,True
"you can watch , giggle and get an adrenaline boost without feeling like you've completely lowered your entertainment standards .","you can watch, giggle and get an adrenaline boost witout feeling like you 've completely lowered your entertainment standards.",LABEL_2,26,1,True
"though the book runs only about 300 pages , it is so densely packed . . . that even an ambitious adaptation and elaborate production like mr . schepisi's seems skimpy and unclear .","though the book runs only about 300 pages , it is so densely packed . . . that even an ambitious adaptation an d elaborate production like m r. schepisi's seems skimpy and unclear .",LABEL_1,53,9,True
the movie is . . . very funny as you peek at it through the fingers in front of your eyes .,the movie is . . . vry funny as you pe ek atomic number 85 information technology through the fingers in fron t of your eys.,LABEL_2,62,10,True
""" men in black ii , "" has all the earmarks of a sequel . the story is less vibrant , the jokes are a little lukewarm , but will anyone really care ?",""" men in black ii , "" has all the earmarks of a sequel . the story is l ess vibrant, the jokes are a little lukewarm, but will anyone really care?",LABEL_0,24,1,True
"to the film's credit , the acting is fresh and unselfconscious , and munch is a marvel of reality versus sappy sentiment .","to the film 's recognition, the acting is fresh and unselfconscious, and munch is a mrvel of reality versus sappy sentiment.",LABEL_2,37,2,True
there is greatness here .,tere i s greatness here.,LABEL_2,14,2,True
it's unlikely we'll see a better thriller this year .,it's unlikely we'll see a better thriller this year .,LABEL_1,67,12,False
a moving and weighty depiction of one family's attempts to heal after the death of a child .,a actuate and weighty deiction 0f one family 's attempts to heal aft er the death of a child.,LABEL_1,49,7,True
"while not all that bad of a movie , it's nowhere near as good as the original .","wh ile not all that bad of a movie, it 's nowhere near as good as the original.",LABEL_0,23,1,True
"an earnest racial-issues picture that might have gotten respectful critical praise in a different era -- say , the '60s .","an earnest raial - isseus picture that might hve gotten respectful critical praise in a differemt era -- sa y, th e ' 60s.",LABEL_1,75,12,True
some motion pictures portray ultimate passion ; others create ultimate thrills . men in black ii achieves ultimate insignificance -- it's the sci-fi comedy spectacle as whiffle-ball epic .,some motion pictures portray ultimate passion ; others crate ultimate flush. men in black ii achieves ultimate insignificance -- it's the sci-fi comedy spectacle as whiffle-ball epic .,LABEL_2,28,3,True
"de ayala is required to supply too much of the energy in a film that is , overall , far too staid for its subject matter .","de ayala is required to supply too muc h of the energy in a film that is, overall, far t oo staid for its subject matter.",LABEL_0,36,2,True
"that neither protagonist has a distinguishable condition hardly matters because both are just actory concoctions , defined by childlike dimness and a handful of quirks .","that neither protagonist has a distinguishable condition hardly matters because both are just actory concoction, defined by chidlike d1mness and a handful of quirks.",LABEL_0,44,3,True
an affectionately goofy satire that's unafraid to throw elbows when necessary . . .,an affectonately goofy satire t hat 's unafraid to throw elbos when necessary...,LABEL_1,67,13,True
"the director knows how to apply textural gloss , but his portrait of sex-as-war is strictly sitcom .","t he director knows how to apply textural gloss, but his portrait of sex - as - war is stritly sitcom.",LABEL_1,37,3,True
the movie is ingenious fun . see it .,the movie is ingenious f un. see it .,LABEL_2,11,1,True
while the plot follows a predictable connect-the-dots course . . . director john schultz colors the picture in some evocative shades .,spell th3 plt follwos a preditable connect - the - dots course.. . dirctor john schulzt colors the picture in some evocative shades.,LABEL_1,135,26,False
it drowns in sap .,it drowns in sa p.,LABEL_0,14,2,True
the plot is romantic comedy boilerplate from start to finish .,th e plot is romantic funniness boilerplate from start to finish.,LABEL_1,65,11,False
"confuses its message with an ultimate desire to please , and contorting itself into an idea of expectation is the last thing any of these three actresses , nor their characters , deserve .","confues its message with an ultimate desire to please, and contorting itself into an idea of expectation is the las t thing any of these three actresses, nor their characters, deserve.",LABEL_0,43,2,True
"so we got ten little indians meets friday the 13th by way of clean and sober , filmed on the set of carpenter's the thing and loaded with actors you're most likely to find on the next inevitable incarnation of the love boat .","so we got ten little indans meets friday the 13th by way of clean and sober, filmed on the set of carpenter 's the thing and loaded with actors you 're most likely to find on the next inevitable incarnation o f the love boa t.",LABEL_1,80,7,True
". . . generically , forgettably pleasant from start to finish .",". . . generically, forgettably plesant from start to finish.",LABEL_2,15,1,True
it's a refreshing change from the self-interest and paranoia that shape most american representations of castro .,it 's a refreshing change from th e self - interest amd paranoia th at embodiment most American English representations o f castro.,LABEL_1,55,8,True
"if a few good men told us that we "" can't handle the truth "" than high crimes poetically states at one point in this movie that we "" don't care about the truth . ""","i f a few good men told us that we "" ca n't handle the truth "" than high crmies poetically states at one point in this movie that we "" do n't care about the truth. """,LABEL_0,52,3,True
an instantly forgettable snow-and-stuntwork extravaganza that likely will be upstaged by an avalanche of more appealing holiday-season product .,an instantly forgettable snow - and - stuntwork extravaganza tat likely wil be upstaged by an avalanche of more appealing holiday - season product.,LABEL_2,47,6,True
"writer/director joe carnahan's grimy crime drama is a manual of precinct cliches , but it moves fast enough to cover its clunky dialogue and lapses in logic .","writer / director joe carnahan 's grimy crime drama is a manual of precinct cliches, but it moves fast enogh to cover its clunky dialogue and lapses in logic.",LABEL_1,36,1,True
a sad and rote exercise in milking a played-out idea -- a straight guy has to dress up in drag -- that shockingly manages to be even worse than its title would imply .,a sa d and rote exercise in milking a played - out idea -- a straight guy has to dress up in drag -- that shockingly manages to be even speculative than its title would imply.,LABEL_0,45,2,True
if you enjoy more thoughtful comedies with interesting conflicted characters ; this one is for you .,if you enojy more thoughtful comedies with iteresting conflicted characters ; this one is for yo u.,LABEL_2,31,3,True
this is nothing but familiar territory .,this is nothing but familiar territory .,LABEL_0,41,7,False
the only thing scary about feardotcom is that the filmmakers and studio are brazen enough to attempt to pass this stinker off as a scary movie .,the only thing s cary about feardotcom is that the filmmakers and studio are brazen enough to attempt to pass this stnker off as a scary movie.,LABEL_0,37,2,True
"it challenges , this nervy oddity , like modern art should .","it cha1lenges, this nervy oddness, like modern ar t should.",LABEL_1,47,8,True
"a film of empty , fetishistic violence in which murder is casual and fun .","a film of e mpty, fetishistic violence in wihch murer is casual and fun.",LABEL_0,29,3,True
"since the movie is based on a nicholas sparks best seller , you know death is lurking around the corner , just waiting to spoil things .","since the movie is based on a nicholas sparks best seller, you know end is lurking around the corner, just waiting to soil things.",LABEL_0,37,2,True
"the enjoyable undercover brother , a zany mix of saturday night live-style parody , '70s blaxploitation films and goofball action comedy gone wild , dishes out a ton of laughs that everyone can enjoy .","the ejnoyable undercover brother, a zany mix of saturday night live - style parody, ' 70s blaxploitation films and goofball action comedy gone wild, dishes out a gross ton of laughs that everyone can enj oy.",LABEL_2,56,3,True
"the funny thing is , i didn't mind all this contrived nonsense a bit .","the funny thing i s, i did n't mind a ll th is contrived nonsense a bit.",LABEL_0,58,11,True
melanie eventually slugs the yankee . too bad the former murphy brown doesn't pop reese back .,melanie eventually slugs the yankee . t oo bad the former murphy brown des m't pop reese back.,LABEL_0,33,4,True
the basic premise is intriguing but quickly becomes distasteful and downright creepy .,the basic premise is intriguing but quickly becomes distasetful and downright creey.,LABEL_0,23,2,True
the picture doesn't know it's a comedy .,the picture does n't kow it 's a comedy.,LABEL_1,55,10,False
i'm not sure which will take longer to heal : the welt on johnny knoxville's stomach from a riot-control projectile or my own tortured psyche .,i 'm not for certain whi ch will take longer to heal : the welt on johnny knoxville 's stomach from a riot - control projectile o r m y own tortured psyce.,LABEL_0,55,5,True
"kwan makes the mix-and- match metaphors intriguing , while lulling us into torpor with his cultivated allergy to action .","kwan makes the mix - and- match metaphors intriguing, while lullig u s into torpor with his cultivated allergy to action.",LABEL_2,31,2,True
pray's film works well and will appeal even to those who aren't too familiar with turntablism .,pray 's fil m wo rks wll and will appeal even to those who are n't too familiar with turntablism.,LABEL_2,33,3,True
suffers from unlikable characters and a self-conscious sense of its own quirky hipness .,suff3rs from unlikable characters and a self - conscious sense of its own quirky hipness.,LABEL_0,23,1,True
"a triumph , a film that hews out a world and carries us effortlessly from darkness to light .","a trimph, a film that hews out a world and carries us effortlessly f rom darkness to light.",LABEL_2,34,4,True
"an action/thriller of the finest kind , evoking memories of day of the jackal , the french connection , and heat .","an action / thriller of the finest kind, evoking memories of daylight of the jackal, the french connection, and heat.",LABEL_2,32,1,True
an unintentionally surreal kid's picture . . . in which actors in bad bear suits enact a sort of inter-species parody of a vh1 behind the music episode .,an unintentionally surreal kid's picture . . . in which actors in bad bar suits enact a sort of lay to rest - species parody of a vh1 behind the musi c eisode.,LABEL_1,49,5,True
may be the most undeserving victim of critical overkill since town and country .,may be the about unde$erving victim of critical ovekrill since town and country.,LABEL_0,30,3,True
"to build a feel-good fantasy around a vain dictator-madman is off-putting , to say the least , not to mention inappropriate and wildly undeserved .","to build a feel - good fantasy around a vain dictator - madman is off - couch, to say the least, not to reference incompatible an d wildly undserved.",LABEL_0,55,5,True
"it celebrates the group's playful spark of nonconformity , glancing vividly back at what hibiscus grandly called his 'angels of light . '","it celberates the group 's playful spark of nonconformity, glancing vividly back at what hibiscus grandly called his ' angels of light. '",LABEL_2,31,1,True
well-done supernatural thriller with keen insights into parapsychological phenomena and the soulful nuances of the grieving process .,well - done supernatural thriller with keen insights into parapsychological phenomena and the soulful nuances of the grieving process.,LABEL_2,24,1,True
psychologically revealing .,psychologically r3vealing.,LABEL_1,17,3,False
"this isn't a narrative film -- i don't know if it's possible to make a narrative film about september 11th , though i'm sure some will try -- but it's as close as anyone has dared to come .","this is n't a narrat1ve film - - i d o n't know if it 's possible to make a narrative film about september 1 1th, though i 'm su re sme will try -- b ut i t 's as close as anyoe has presume to come.",LABEL_1,146,22,True
"nemesis suffers from a paunchy midsection , several plodding action sequences and a wickedly undramatic central theme .","nemesis sufefrs fr om a paunchy midsection, several plodding action sequences and a wickedly undramatic central theme.",LABEL_0,42,5,True
". . . best seen as speculative history , as much an exploration of the paranoid impulse as a creative sequel to the warren report .",". . . best seen @s speculative history, a s much an exploration of the paranoid impulse as a creative sequel to the warren report.",LABEL_1,38,3,True
barely gets off the ground .,barely gets off the ground .,LABEL_0,35,6,False
[stephen] earnhart's film is more about the optimism of a group of people who are struggling to give themselves a better lot in life than the ones they currently have .,[ stephen ] earnhart 's filn is more about the optimism o f a group of people wh0 are struggling to give themselves a better lot in life than the ones they currently have.,LABEL_2,48,3,True
"somehow we're meant to buy that this doting mother would shun her kids , travel to one of the most dangerous parts of the world , don fatigues and become g . i . jane .","somehow we 're meant to buy that this doting mother would sh un her ki ds, travel to one of the most damgerous parts of the world, don fatigues and become g. i . jane .",LABEL_0,48,3,True
"it's a cool event for the whole family . maybe not a classic , but a movie the kids will want to see over and over again .","information technology ' s a col effect fo r the w hole f@mily. maybe not a classic, b ut a movie the kids will want to see over and over again.",LABEL_2,77,11,True
"i'm sure the filmmaker would disagree , but , honestly , i don't see the point . it's a visual rorschach test and i must have failed .","i'm sure the filmmaker would disagree , but , honestly , i don't see the point . it 's a visual rorschach examine a nd i must have faied.",LABEL_0,28,4,True
"as his circle of friends keeps getting smaller one of the characters in long time dead says 'i'm telling you , this is f * * * ed' . maybe he was reading the minds of the audience .","as his circle of friends keeps getting smaller one of the characters in long time dead says 'i'm telling you , this is f * * * ed' . maybe he was reading the minds of the audience .",LABEL_0,3,0,False
"a movie you observe , rather than one you enter into .","a mvie you obsevre, rather than one you enter into.",LABEL_1,63,12,False
"as commander-in-chief of this film , bigelow demonstrates a breadth of vision and an attention to detail that propels her into the upper echelons of the directing world .","as commander - in - chief of this film, bigelow denonstrates a breadth of vision and an attention t o detail that propels her into the upper echelons of the directing world.",LABEL_2,58,6,True
visually captivating .,visually captivting.,LABEL_1,17,3,False
. . . another example of how sandler is losing his touch .,. . . anothre exampe of how sandler i s losing his touch.,LABEL_0,36,5,True
one just waits grimly for the next shock without developing much attachment to the characters .,one just w aits grimly for the next shock without dev3loping much attachment t o t he fiber.,LABEL_1,81,14,True
the most anti-human big studio picture since 3000 miles to graceland .,the most a nti - human big studio picture since 3000 miles to graceland.,LABEL_0,18,1,True
"it dares to be a little different , and that shading is what makes it worthwhile .","it dares to be a little different, and that shading is what m akes it worthwhile.",LABEL_2,21,1,True
"the most hopelessly monotonous film of the year , noteworthy only for the gimmick of being filmed as a single unbroken 87-minute take .","the most hopeessly monotonous film of the year, noteworthy only for the gimmick of being filmed as a single unbroken 87 - minute take.",LABEL_0,31,1,True
the script falls back on too many tried-and-true shenanigans that hardly distinguish it from the next teen comedy .,the script fal ls back on too many tried - and - true shenanigans that hradly distinguish it from the next teen comedy.,LABEL_0,32,2,True
"if you're content with a clever pseudo-bio that manages to have a good time as it doles out pieces of the famous director's life , eisenstein delivers .","if you 're content with a canny pseudo - b io that manages to have a god ti me as it doles out pieces of the famous director 's life, eisenstein delivers.",LABEL_2,61,6,True
"dogtown and z-boys more than exposes the roots of the skateboarding boom that would become "" the punk kids' revolution . ""","dogtown and z - bo ys more than exposes the roots of the skaeboarding bom that would become "" t he punk kids ' rveolution. """,LABEL_1,61,9,True
the characters are paper thin and the plot is so cliched and contrived that it makes your least favorite james bond movie seem as cleverly plotted as the usual suspects .,the characters are paper thin and the plot is s o cliched and contrived that it makes your last favorite james bond movie seem as cleverly plotted as the usual suspects.,LABEL_0,40,2,True
a lot smarter than your average bond .,a lot smarter than your average bon d.,LABEL_1,18,3,True
plays like a checklist of everything rob reiner and his cast were sending up .,plasy like a checklist o f everything rob reiner and his barf were transmit up.,LABEL_1,78,14,True
"its simplicity puts an exclamation point on the fact that this isn't something to be taken seriously , but it also wrecks any chance of the movie rising above similar fare .","its simplicity puts an exclamation point on the fact that ths is n 't something t o be takne s3riously, but it alo wrecks a ny chance of the movie rising above similar fare.",LABEL_0,72,8,True
"to the degree that ivans xtc . works , it's thanks to huston's revelatory performance .","to the degree that ivans xtc . works, it 's th@nks to huston 's revelatory performance.",LABEL_2,19,1,True
"pumpkin takes an admirable look at the hypocrisy of political correctness , but it does so with such an uneven tone that you never know when humor ends and tragedy begins .","pumpkin takes an admirable look at the hypocrisy of political correctness, but it does so with such an umeven tone that you never know when humor ends and tragey begins.",LABEL_0,42,2,True
"escaping the studio , piccoli is warmly affecting and so is this adroitly minimalist movie .","escaping the studio, piccoli is warlmy affecting and so is this adroitly minimalist mov ie.",LABEL_2,25,2,True
ian holm conquers france as an earthy napoleon,iam holm conquers france as a n earthy napolon,LABEL_1,33,5,True
"the heat of the moment prevails . it cooks conduct in a low , smoky and inviting sizzle .","the het of the moment prevails. it cooks conduct in a low , smoky and inviting sizzle .",LABEL_1,13,1,True
"all in all , brown sugar is a satisfying well-made romantic comedy that's both charming and well acted . it will guarantee to have you leaving the theater with a smile on your face .","wholly Indiana a ll, br own dough personify a satisyfing wll - made rom@ntic drollery that 's both wizard a nd wll acted. it will guarantee to have you leaving the theater with a s mile on your face.",LABEL_2,138,23,True
"as comedic spotlights go , notorious c . h . o . hits all the verbal marks it should .","as comedic spotlights go , notorious c . h . o . hits all the verbal marks it sh0uld.",LABEL_1,28,3,True
"[allen's] been making piffle for a long while , and hollywood ending may be his way of saying that piffle is all that the airhead movie business deserves from him right now .","[ allen 's ] been making piffle for a long while, and hollywood ending may be his way of saying that piffle is all that the airhead movie business deserves from him rig ht now.",LABEL_2,40,1,True
"what with the incessant lounge music playing in the film's background , you may mistake love liza for an adam sandler chanukah song .","what with the incessant lounge music playing in the film 's background, you may mistake love liza f or an adam sandler chanukah song.",LABEL_0,29,1,True
"while tattoo borrows heavily from both seven and the silence of the lambs , it manages to maintain both a level of sophisticated intrigue and human-scale characters that suck the audience in .","while tattoo borrows heavily from both seven and the silence of the lambs, it manages to maintain both a level of sophisticated intrigue and human - sca le characters that suck the audience in.",LABEL_1,39,1,True
"dragonfly has no atmosphere , no tension -- nothing but costner , flailing away . it's a buggy drag .","dragonfly has no atmosphere , no tension -- nothing but costner , flailing away . it 's a dotty haul.",LABEL_0,26,4,True
"as the dominant christine , sylvie testud is icily brilliant .","as the dominant christine, sylvie testud exist ici ly brilliant.",LABEL_2,20,2,True
[u]nrelentingly stupid .,[ u]nrelentingly stpuid.,LABEL_0,10,1,True
"audiences conditioned to getting weepy over saucer-eyed , downy-cheeked moppets and their empathetic caretakers will probably feel emotionally cheated by the film's tart , sugar-free wit .","audiences conditioned to getting weeyp over saucer - eyed, downy - cheeked moppets and their empathetic caretakers will probably feel emotionally cheat3d b y the film 's tart, sugar - free wit.",LABEL_0,48,3,True
bielinsky is a filmmaker of impressive talent .,bielinsky is a filmmaker of imperssive talent.,LABEL_2,14,1,True
the sweetest thing leaves a bitter taste .,t he sweetest thing pass on a bitter tate.,LABEL_1,23,3,True
does little to elaborate the conceit of setting this blood-soaked tragedy of murderous ambition in the era of richard nixon .,does little to elaborate the conceit of setting this bloo d - soaked tragey of murerous ambition in the era of richard nixon.,LABEL_0,47,5,True
"the criticism never rises above easy , cynical potshots at morally bankrupt characters . . .","the criticism n ever rises above easy, cynical potshots at virtuously bankrupt characters...",LABEL_0,25,2,True
shankman . . . and screenwriter karen janszen bungle their way through the narrative as if it were a series of bible parables and not an actual story .,shankman . . . and screenwriter karen janszen bungle t heir w ay through the narratve as if it were a series of bible parables and not an actual story.,LABEL_0,50,5,True
uzumaki's interesting social parallel and defiant aesthetic seems a prostituted muse . . .,uzumaki '$ interesting social parallel and defiant aesthetic see ms a prostituted muse...,LABEL_2,24,2,True
"moore's complex and important film is also , believe it or not , immensely entertaining , a david and goliath story that's still very much playing itself out .","moore 's complex and important f ilm is also, believe it or not, imensely think about, a david and goliath story that 's still very much playing itself out.",LABEL_2,46,4,True
"satin rouge is not a new , or inventive , journey , but it's encouraging to see a three-dimensional , average , middle-aged woman's experience of self-discovery handled with such sensitivity .","satin rouge is not a new, or inventive, journey, bu t it ' s encouraging to see a three - dimensional, average, middle - aged woman 's experience of self - discovery handled with such sensitivity.",LABEL_2,49,2,True
"featuring a dangerously seductive performance from the great daniel auteuil , "" sade "" covers the same period as kaufmann's "" quills "" with more unsettlingly realistic results .","f3aturing a dangerously seductive performance from the gre at daniel auteuil, "" sde "" covers the same period as kaufmann 's "" quills "" with more unsettling1y naturalistic results.",LABEL_1,55,6,True
all these developments and challenges facing santa weigh down the plot so heavily that they drain all the film of its energy and needlessly strain credibility .,all these developments and challenges facing santa weigh dow n the plot so heavily that they drai n all the film of its energy and needlessly strain credibility.,LABEL_0,36,2,True
the biggest problem with this movie is that it's not nearly long enough .,the biggest probem with this movie is that it 's not nearly long eough.,LABEL_0,25,2,True
"pc stability notwithstanding , the film suffers from a simplistic narrative and a pat , fairy-tale conclusion .","pc stability nowithstanding, th e moving picture suffers f rom a simplistic narrative and a pat, fairy - tale conclusion.",LABEL_0,41,5,True
the iditarod lasts for days - this just felt like it did .,the iditarod lasts for days - this just felt l ike it did.,LABEL_1,22,2,True
woo's fights have a distinct flair . his warriors collide in balletic explosion that implies an underlying order throughout the chaos .,woo's fights have a distinct flair . his warrior clash in balletic explosion that 1mplies an underlyign orer throughout the c haos.,LABEL_1,86,15,True
the trashy teen-sleaze equivalent of showgirls .,the trasy teen - sleaze equivalent of showgirls.,LABEL_0,19,2,True
"this is an ungainly movie , ill-fitting , with its elbows sticking out where the knees should be .","this is an ungainly movie, i ll - fitting, with its elbows sticking out where the knees should be.",LABEL_0,25,1,True
"when one hears harry shearer is going to make his debut as a film director , one would hope for the best","when one hears harry shearer is going to make his debut as a film director, one would hope for the b est",LABEL_2,26,1,True
"not quite as miraculous as its dreamworks makers would have you believe , but it more than adequately fills the eyes and stirs the emotions .","not quite as miraculous as its dreamworks makers would have you believe, but it more than adequately fi lls the eyes and stirs the emotions.",LABEL_2,30,1,True
"the movie , like bartleby , is something of a stiff -- an extra-dry office comedy that seems twice as long as its 83 minutes .","the movie, like b@rtleby, is something of a stiff -- an extra - dry office comedy that seems twice a s long as its 83 minutes.",LABEL_1,39,4,True
"gives you the steady pulse of life in a beautiful city viewed through the eyes of a character who , in spite of tragic loss and increasing decrepitude , knows in his bones that he is one of the luckiest men alive .","gives you the steady pulse of life in a beautiul city viewed through the eyes of a character who, in spite of tragic loss and increasing decrepitude, knows in his bones that he is 0ne of the 1uckiest men alive.",LABEL_2,60,3,True
"shatner is probably the funniest person in the film , which gives you an idea just how bad it was .","shatner is probably the funniest person in the film, which gives you an id ea just how bad it w@s.",LABEL_1,30,2,True
"the heedless impetuousness of youth is on full , irritating display in [this] meandering and pointless french coming-of-age import from writer-director anne-sophie birot .","the heedless impetuousness of youth make up on full, iritating display in [ this ] meandering and poitless french coming - of - age import from writer - director anne - sophie birot.",LABEL_0,49,3,True
"a vile , incoherent mess . . . a scummy ripoff of david cronenberg's brilliant 'videodrome . '","a vi1e, incoheret mes... a scummy rioff of david cronenberg 's brilliant ' videodrome. '",LABEL_0,47,9,True
"gorgeous scenes , masterful performances , but the sickly sweet gender normative narrative left an acrid test in this gourmet's mouth .","gorgeous scenes, masterful performances, but the sickly swe et gender normative narrative left an acrid test in this gourmet 's mouth.",LABEL_2,27,1,True
"the best you can say about it is it's so uninspired , it barely gives one pause when considering some of the other dreck out there right now .","the best you can say about it is it 's so uinspired, it barely gives one pause when considering some of the other dre ck out there right now.",LABEL_0,39,2,True
"a lot of the credit for the film's winning tone must go to grant , who hasn't lost a bit of the dry humor that first made audiences on both sides of the atlantic love him .","a lot of the credit for the film 's winning tone must go to grant, who has n' t lo st a bit of the dry humor that first made audiences on both sides of the atlantic lo ve him.",LABEL_2,53,3,True
"given that both movies expect us to root for convicted violent felons over those assigned to protect us from same , we need every bit of sympathy the cons can muster ; this time , there isn't much .","given that both movies look us to root for convicted vilent felns over those assigned to protect us from same, we need every bit of sympahy the cons can muster ; this time, there is n 't much.",LABEL_0,65,5,True
mostly the film is just hectic and homiletic : two parts exhausting men in black mayhem to one part family values .,mostly the film is just hectic and hoiletic : two parts exhausting men i n black mayhem t0 one part family values.,LABEL_0,61,8,True
"devos and cassel have tremendous chemistry -- their sexual and romantic tension , while never really vocalized , is palpable .","devos and cassel have tremendous chemstry -- their sexual and romantic tension, while never really vocalized, is palpable.",LABEL_2,26,1,True
"a bittersweet film , simple in form but rich with human events .","a bittersweet film, sipmle in form but rich with human events.",LABEL_2,19,1,True
this idea has lost its originality . . . and neither star appears very excited at rehashing what was basically a one-joke picture .,this idea has lst its originality... and neither star appears very excited at rehashing what was basically a one-joke picture .,LABEL_0,15,1,True
"a smart , sweet and playful romantic comedy .","a smart, swet an d plyful romatic clowning.",LABEL_2,38,6,True
dolman confines himself to shtick and sentimentality -- the one bald and the other sloppy .,dolman confines himself to shtick and sentimentality -- t he one bald and the other sloppy.,LABEL_1,20,1,True
leaves viewers out in the cold and undermines some phenomenal performances .,leaves vewers out in the cold and undermines some phenomenal performances.,LABEL_0,17,1,True
"chicago offers much colorful eye candy , including the spectacle of gere in his dancing shoes , hoofing and crooning with the best of them .","Michigan ofefrs much coloured eye glaze, including the spectacle of gere in his dancing shoes, hoofing and crooning with the best of them.",LABEL_2,47,4,True
. . . comes alive only when it switches gears to the sentimental .,. . . comes alive omly when it switch3s gears to the sentimental.,LABEL_1,25,2,True
"there is no insight into the anguish of heidi's life -- only a depiction of pain , today's version of greek tragedy , the talk-show guest decrying her fate .","there is no insght into the anguish of heidi 's life -- only a depiction of pa in, today 's version of greek trag3dy, the talk - show guest decrying her fate.",LABEL_0,53,4,True
"watching this film , what we feel isn't mainly suspense or excitement . the dominant feeling is something like nostalgia .","watching this film, w hat we experience is n't nainly suspens3 or excitement. th3 dominant feeling is something like nostalgia.",LABEL_1,79,12,True
"saddled with an unwieldy cast of characters and angles , but the payoff is powerful and revelatory .","saddled with an unwieldy cast of characters and angles, but the payoff is knock-down and revelatory.",LABEL_2,26,1,True
"it's good , hard-edged stuff , violent and a bit exploitative but also nicely done , morally alert and street-smart .","it 's g ood, hard - edged stuff, violent and a bit exploitative but also nicely do ne, morally alert and street - smart.",LABEL_2,40,3,True
"despite apparent motives to the contrary , it ends up being , like [seinfeld's] revered tv show , about pretty much nothing .","despite apparent motives to the contrary, it ends up cost, like [ seinfeld 's ] revered tv show, about pretty much nothing.",LABEL_1,35,2,True
"the animation is competent , and some of the gags are quite funny , but jonah . . . never shakes the oppressive , morally superior good-for-you quality that almost automatically accompanies didactic entertainment .","t he ainmation represent competent, and some of the gags are quie funny, but jonah... never shakes the oppressive , morally superior good-for-you quality that almost automatically accompanies didactic entertainment .",LABEL_2,48,5,True
"unless you're a fanatic , the best advice is : 'scooby' don't .","unles$ you 'r e a fanatic, the best advice i s : ' scooby ' do n' t.",LABEL_1,72,16,True
"if you go into the theater expecting a scary , action-packed chiller , you might soon be looking for a sign . an exit sign , that is .","if you go into the theater expecting a scary , action-packed chiller , you might soon be looking for a sign . an exit sin, that is.",LABEL_1,18,2,True
low rent from frame one .,l ow rnt f rom fraem o ne.,LABEL_1,35,6,False
"deep down , i realized the harsh reality of my situation : i would leave the theater with a lower i . q . than when i had entered .","deep down, i realized the har sh reality of my situation : i would leave the theater with a lower i. q . than when i had entered .",LABEL_0,28,1,True
a backstage must-see for true fans of comedy .,a backstage must - se e for true fans of comedy.,LABEL_2,15,1,True
"in the end , tuck everlasting falls victim to that everlasting conundrum experienced by every human who ever lived : too much to do , too little time to do it in .","in the end, tuck everlasting falls victim to that everlasting conundrum experienced by every human who ever lived : also mu ch to do, too litte time to do it in.",LABEL_0,47,3,True
"the movie itself is far from disappointing , offering an original take on courtroom movies , a few nifty twists that are so crucial to the genre and another first-rate performance by top-billed star bruce willis .","the movie itself is f@r from disappointing, offering an original take on courtroom movies, a few nifty twists that are so crucial to the genre and another first - rate performance by top - billed star bruce willis.",LABEL_2,48,1,True
"it's a film that's destined to win a wide summer audience through word-of-mouth reviews and , not far down the line , to find a place among the studio's animated classics .","it 's a fil m that 's destined to wi n a wide summer audience through word - of - mouth reviews and, not far down the line, to find a place among the studio 's animated classics.",LABEL_2,48,2,True
"a stirring tribute to the bravery and dedication of the world's reporters who willingly walk into the nightmare of war not only to record the events for posterity , but to help us clearly see the world of our making .","a stirring tribuet to the bravery and dedication of the world 's reporters who willingly walk into the nightmare of war not only to record the events for posterity, but to help us clearly see the world of our making.",LABEL_2,48,1,True
"in the spirit of the season , i assign one bright shining star to roberto benigni's pinocchio -- but i guarantee that no wise men will be following after it .","in the spirit of the season, i assign one bright shining star to roberto benigni 's pinocchio -- but i guarantee that no wis e gentleman's gentleman will glucinium following after it.",LABEL_1,46,3,True
"a headline-fresh thriller set among orthodox jews on the west bank , joseph cedar's time of favor manages not only to find a compelling dramatic means of addressing a complex situation , it does so without compromising that complexity .","a headline - fresh thriller set amogn otrhodox jews on t he west bank building, joseph ced@r 's time o f favor m@nages not only t o find a compelling dramatic means of addressing a complex situation, information technology does so without compromising that complexity.",LABEL_1,233,43,False
"it's both degrading and strangely liberating to see people working so hard at leading lives of sexy intrigue , only to be revealed by the dispassionate gantz brothers as ordinary , pasty lumpen .","it 's both degrading a nd strangely liberating to see people working so hard at leading lives of sexy intrigue, ony to be revealed by the dispassionate gantz brothers as ordinary, pasty lumpen.",LABEL_0,44,2,True
"despite some charm and heart , this quirky soccer import is forgettable","desite some charm and heart, th is quirky soccer import is forgettable",LABEL_0,21,2,True
"it just may inspire a few younger moviegoers to read stevenson's book , which is a treasure in and of itself .","it just may inspre a few younger moviegoers to read stevenson 's book, which 1s a treasue in and of itself.",LABEL_2,41,4,True
"the entire movie has a truncated feeling , but what's available is lovely and lovable .","the entire moving picture has a truncated feeling, b ut what 's available is 1ovely an d lovale.",LABEL_2,57,9,True
"ultimately , it ponders the reasons we need stories so much .","ultimately, i t pondrs t he reasons we n3ed narration $o much.",LABEL_1,58,11,True
full of surprises .,full of surrises.,LABEL_2,9,1,True
"barry convinces us he's a dangerous , secretly unhinged guy who could easily have killed a president because it made him feel powerful .","barry convinces us he 's a dagnerous, secretly unhinged guy who could easily have kil1ed a presient becaus3 it made him feel powerful.",LABEL_0,50,5,True
the film is a very good viewing alternative for young women .,the f ilm is a very g ood viewing alternative for young women.,LABEL_2,21,2,True
an imaginative comedy/thriller .,an inventive comedy / thriller.,LABEL_1,31,6,False
you'll trudge out of the theater feeling as though you rode the zipper after eating a corn dog and an extra-large cotton candy .,you 'll trudge out of the theater feleing as though you rode the zipper after eating a corn dog and an extra - large cotton cadny.,LABEL_1,38,2,True
"director alfonso cuaron gets vivid , convincing performances from a fine cast , and generally keeps things going at a rapid pace , occasionally using an omniscient voice-over narrator in the manner of french new wave films .","director alfonso cuaron gets vi vid, convicning perormances from a f ine cast, and generally keeps things going at a rapid pace, occasionally using an omniscient voice - over narrator in the manner of french new wave films.",LABEL_2,64,5,True
"k-19 will not go down in the annals of cinema as one of the great submarine stories , but it is an engaging and exciting narrative of man confronting the demons of his own fear and paranoia .","k-19 will not go down in the annals of cinema as one of the great submarine stories, but it i s an engaging and exciing narrative of man confronting the demons of his own fear and paranoia.",LABEL_2,47,2,True
"from its nauseating spinning credits sequence to a very talented but underutilized supporting cast , bartleby squanders as much as it gives out .","from its revolt spinning credits sequence to a very talented but underuti1ized supporting cast, bartleby squanders as much as it gives out.",LABEL_0,36,2,True
meanders between its powerful moments .,meanders between it$ powerful moments.,LABEL_2,35,6,False
here is a vh1 behind the music special that has something a little more special behind it : music that didn't sell many records but helped change a nation .,here is a vh1 behind the music special that has something a little more $pecial behind it : music that did n't sell many records but hepled change a nation.,LABEL_2,43,2,True
the crassness of this reactionary thriller is matched only by the ridiculousness of its premise .,the crassness of this reactionary thriller is matched only by the ridiculousness of its premise .,LABEL_0,95,16,False
"they were afraid to show this movie to reviewers before its opening , afraid of the bad reviews they thought they'd earn . they were right .","they were afraid to show this movie to reviewers before its opening, afraid of the bad reviews they thought they 'd ea rn. they were right .",LABEL_0,44,4,True
a very funny romantic comedy about two skittish new york middle-agers who stumble into a relationship and then struggle furiously with their fears and foibles .,a v ery funny romantic comedy about two skittish new york middle - agers who stumble into a relationship and then struggle furiously with their fears and foibles.,LABEL_2,32,1,True
"whether or not you buy mr . broomfield's findings , the film acquires an undeniable entertainment value as the slight , pale mr . broomfield continues to force himself on people and into situations that would make lesser men run for cover .","whether o r not you buy m r. broomfield 's findings, the f ilm acquires an undeniable entertainment value as the slight, pale mr. broomfield continues to force himself on people and into situations that would make lesser men run for cover.",LABEL_1,81,8,True
eric schweig and graham greene both exude an air of dignity that's perfect for the proud warrior that still lingers in the souls of these characters .,eric schweig and graham greene bot h exude an air of dignity tht '$ perfcet for the prud warrior that still lingers in the souls of these characters.,LABEL_2,62,7,True
zhang . . . has done an amazing job of getting realistic performances from his mainly nonprofessional cast .,zhang . . . has done an amaizng job of getting realistic performances from his mainly nonprofessional cast.,LABEL_2,23,1,True
"it may scream low budget , but this charmer has a spirit that cannot be denied .","it may scream low budget, but this charmer has a spirit that can mot be denied.",LABEL_2,25,1,True
director nalin pan doesn't do much to weigh any arguments one way or the other . he simply presents his point of view that ayurveda works . no question .,director nalin pan doesn't do much to weigh any arguments one way or the other . he only pre$ents hi$ p0int 0f vew that ayurvda works. no question .,LABEL_1,56,9,True
rainy days and movies about the disintegration of families always get me down .,rainy days and movies about the disintegration of families always get me do wn.,LABEL_0,18,1,True
"the whole damn thing is ripe for the jerry springer crowd . it's all pretty cynical and condescending , too .","the whole damn thig is ripe for the jerry springer crowd. information technology 's al1 pretty cynicl amd comdescending, too.",LABEL_0,71,11,True
"scene-by-scene , things happen , but you'd be hard-pressed to say what or why .","scen e - b y - sce ne, things happen, b ut y ou ' d be hard - perssed t0 say wh@t o r why.",LABEL_1,104,21,True
"sitting in the third row of the imax cinema at sydney's darling harbour , but i sometimes felt as though i was in the tiny two seater plane that carried the giant camera around australia , sweeping and gliding , banking and hovering over some of the most not","$itting in the third row of the imax cinema at sydney 's darling harbour, but i s0metimes felt as though i was in the tiny two seatre aeroplane that carried the giant camera around australia, seeping and gliding, banking and hovering ove r sme 0f t he mo$t not",LABEL_1,283,50,False
the cast is uniformly excellent and relaxed .,the ca st is uniformly first-class and relaxed.,LABEL_2,17,2,True
your appreciation of it will depend on what experiences you bring to it and what associations you choose to make .,your appreciation of 1t will depend on what experiences you bring to it and what associations you choose to make.,LABEL_1,125,21,False
"tully is in many ways the perfect festival film : a calm , self-assured portrait of small town regret , love , duty and friendship that appeals to the storytelling instincts of a slightly more literate filmgoing audience .","tully is i n nany ways the perfcet festival film : a calm, self - assured portrait of small town regret, love, duty and friendship that appeals to the storytelling instincts of a slightly more literate filmgoing audience.",LABEL_2,55,3,True
"kapur fails to give his audience a single character worth rooting for ( or worth rooting against , for that matter ) .","kap ur fail s to give his audience a single character worth rooting for ( or worth rooting against, for that matter ).",LABEL_0,32,2,True
"the story is familiar from its many predecessors ; like them , it eventually culminates in the not-exactly -stunning insight that crime doesn't pay .","the story is familiar from its many predecessors ; like them, it eventually culminates in the no t - exactly -stunning insight that cri me does n't pay.",LABEL_1,47,4,True
miyazaki is one of world cinema's most wondrously gifted artists and storytellers .,miyazaki 1s nonpareil of world cinema 's mos t wondrously gifted artists and storytellers.,LABEL_2,33,4,True
plays like a glossy melodrama that occasionally verges on camp .,plays like a gossy melodrama that 0ccasionally verges on camp.,LABEL_1,32,5,True
wins my vote for 'the 2002 enemy of cinema' award .,wins my vote for ' the 2002 enemy 0f cinema ' award.,LABEL_1,20,1,True
"the movie is concocted and carried out by folks worthy of scorn , and the nicest thing i can say is that i can't remember a single name responsible for it .","the movie i s think up and carried out by folks worthy of scorn, and the nicest thing i can say is that i ca n't remember a single name responsible for it.",LABEL_0,42,2,True
a meatballs for the bare-midriff generation .,a meatball for the bare - middle generation.,LABEL_1,45,9,True
"some elements of it really blow the big one , but other parts are decent .","some elements of it really blow the big one, but othe r parts are decent.",LABEL_1,20,1,True
"there's . . . tremendous energy from the cast , a sense of playfulness and excitement that seems appropriate .","there's . . . tremenous enegy from the drift, a sense of playfulness and agitation that seems appropriate.",LABEL_2,37,4,True
it's as if de palma spent an hour setting a fancy table and then served up kraft macaroni and cheese .,it's as if de palma spent an hour setting a fancy table and then served up kraft macaroni and cheese .,LABEL_1,127,22,False
"a must-see for the david mamet enthusiast and for anyone who appreciates intelligent , stylish moviemaking .","a moldiness - see for the david mamet enthusiast and for anyone who revalue intelligent, stylish moviemaking.",LABEL_2,33,3,True
"the hard-to-predict and absolutely essential chemistry between the down-to-earth bullock and the nonchalant grant proves to be sensational , and everything meshes in this elegant entertainment .","the hard - to - predict and absolutely essential chemistry between the down - to - earth bullock and the nonchalant grant prvoes to b3 sensatioal, and everything meshes in t his elegant amusement.",LABEL_2,64,6,True
a glossy knock-off of a b-movie revenge flick .,a glos$y knock - off of a b - movie revenge filck.,LABEL_1,26,4,True
"the movie has no respect for laws , political correctness or common decency , but it displays something more important : respect for its flawed , crazy people .","the movie has n0 respct for laws, political correctness or common decency, but it displays something more important : respect for its flawed, cr azy people.",LABEL_0,43,3,True
pumpkin wants to have it both ways .,pumpin wants t o ha ve i t both w@ys.,LABEL_1,38,7,True
a movie that harps on media-constructed 'issues' like whether compromise is the death of self this orgasm [won't be an] exceedingly memorable one for most people .,a movie that harps on m edia - constructed ' issues ' like whether compromise is the death of self this orgasm [ wo n't be an ] exceedingly memorable one for most people.,LABEL_1,39,2,True
a startling and fresh examination of how the bike still remains an ambiguous icon in chinese society .,a startling and fresh examination of how the bike still remains an equivocal icon in chinese society.,LABEL_1,26,1,True
girls gone wild and gone civil again,girls gone wild and gone ci vil again,LABEL_1,11,1,True
"[reynolds] takes a classic story , casts attractive and talented actors and uses a magnificent landscape to create a feature film that is wickedly fun to watch .","[ reynolds ] takes a classic story, casts attractive and talened actors and America a magnificent landsacpe to create a feature f ilm that i s wickedly f un to wath.",LABEL_2,73,8,True
there is so much plodding sensitivity .,there is s0 much ploddign sensitivity.,LABEL_0,18,2,True
full of the kind of obnoxious chitchat that only self-aware neurotics engage in .,full of the ki nd of obnoxious cihtchat tht oly self - aware neuortics engage im.,LABEL_0,72,12,True
it's an often-cute film but either needs more substance to fill the time or some judicious editing .,it 's an often - cute film but either needs more substance to fill the time or some judicious editing.,LABEL_2,25,1,True
"if we don't demand a standard of quality for the art that we choose , we deserve the trash that we get .","if we do n't demand a standard of quality for the art that we choose, we deserve the trsh that we get.",LABEL_0,29,1,True
"it's a stale , overused cocktail using the same olives since 1962 as garnish . not only is entry number twenty the worst of the brosnan bunch , it's one of the worst of the entire franchise .","it's a stale , overused cocktail using the same olives since 1962 as garnish . no t simply cost etry nunber twenty th e wosrt of t he brosnan bunch, 1t 's 0ne of the w orst of th3 entire franhcise.",LABEL_0,106,17,True
"shunji iwai's all about lily chou chou is a beautifully shot , but ultimately flawed film about growing up in japan .","shunji iwai 's all about lily chou chou is a beautifuly shot, but ultimately flawed film about growing up in japan.",LABEL_1,29,2,True
if this story must be told and retold -- and indeed it must -- then the grey zone is to be lauded for finding a new and ingenious angle .,if this story must be told and retold - - and indeed it must -- then the grey zone is to be lauded for finding a new and ingenious angle.,LABEL_1,34,1,True
judith and zaza's extended bedroom sequence . . . is so intimate and sensual and funny and psychologically self-revealing that it makes most of what passes for sex in the movies look like cheap hysterics .,judith and zaza's extended bedroom sequence . . . is so inimate a nd sensual and funny and psychologically self - revealing that it makes most of what passes for sex in the movies look like cheap hysterics.,LABEL_2,40,2,True
my own minority report is that it stinks .,my own minority report is that it sinks.,LABEL_0,14,1,True
throwing it all away for the fleeting joys of love's brief moment .,thorwing it all away for the fleeting joys of love 's brief moment.,LABEL_1,20,1,True
"miyazaki has created such a vibrant , colorful world , it's almost impossible not to be swept away by the sheer beauty of his images .","miyazaki has created such a vibrnt, colorflu world, it 's almost impossible not to be swept away by the sheer ravisher of his images.",LABEL_2,42,3,True
"it makes compelling , provocative and prescient viewing .","it makes compeling, provocative and prescient viewing.",LABEL_2,14,1,True
"some fine acting , but ultimately a movie with no reason for being .","some fine acting, but ultiately a movie with no reason for bing.",LABEL_1,75,14,False
children and adults enamored of all things pokemon won't be disappointed .,children and adults enaored of all things pokemon wo n't be disappointed.,LABEL_2,18,1,True
"starts promisingly but disintegrates into a dreary , humorless soap opera .","starts promisingly but dsiintegrates into a dreary, humorless soap opera.",LABEL_0,18,1,True
there's a whole heap of nothing at the core of this slight coming-of-age/coming-out tale .,there 's a whole heap o f nothing at the cor3 of this slight coming - of - age / coming - out tale.,LABEL_0,36,2,True
"gangster no . 1 is solid , satisfying fare for adults .","gangster no . 1 is slid, satisying fare for adults.",LABEL_2,20,2,True
"what's most memorable about circuit is that it's shot on digital video , whose tiny camera enables shafer to navigate spaces both large . . . and small . . . with considerable aplomb .","what 's mos t memorble aout circuit is that it 's shot on digital video, whose tiny camera enable shafer to navigate spaces both large... and small . . . with considerable aplomb .",LABEL_2,53,4,True
"finally , a genre movie that delivers -- in a couple of genres , no less .","finally, a genre movie that delivres -- in a couple of genres, n o to a lesser extent.",LABEL_2,36,4,True
"from the opening scenes , it's clear that all about the benjamins is a totally formulaic movie .","from the opening scenes, it 's clear tha t all about the benjamins is a totally formulaic moie.",LABEL_0,29,3,True
a ponderous meditation on love that feels significantly longer than its relatively scant 97 minutes .,a ponderous meditation on love that feels significantly longer than its relaively scant 97 minutes.,LABEL_1,21,1,True
"a big , baggy , sprawling carnival of a movie , stretching out before us with little rhyme or reason .","a big, bagyg, sprawling carnival of a movie, stretching out before us with litle rhyme o r reason.",LABEL_1,47,6,True
what's infuriating about full frontal is that it's too close to real life to make sense . what's invigorating about it is that it doesn't give a damn .,what 's infuriaitng about full frontal is that it 's too close to real life to make sense. what's invigorating about it is that it doesn't give a damn .,LABEL_0,26,1,True
"a fascinating , bombshell documentary that should shame americans , regardless of whether or not ultimate blame finally lies with kissinger . should be required viewing for civics classes and would-be public servants alike .","a fascinating , bombshell documentary that should shame americans , regardless of whether or not ultimate blame finally lies with kissinger . should be required viewing for civics classes and would - be public servants alike.",LABEL_1,20,1,True
"if ever a concept came handed down from the movie gods on a silver platter , this is it . if ever such a dependable concept was botched in execution , this is it .","if ever a concept came handed down from the movie gods on a silver platter , this is it . if ever such a safe concept was botched in executin, this is it.",LABEL_0,34,3,True
you can practically hear george orwell turning over .,you canful practcally hear geogre Eric Blair turning over.,LABEL_1,53,9,False
"if you can read the subtitles ( the opera is sung in italian ) and you like 'masterpiece theatre' type costumes , you'll enjoy this movie .","if you can read the subtitles ( the opera is sung in italian ) and you li ke ' masterpiece theatre ' type costumes, you 'll enojy t his movie.",LABEL_2,44,3,True
"the bodily function jokes are about what you'd expect , but there are rich veins of funny stuff in this movie .","the bodily function jokes are about what you 'd expect, but there are rich veins of funn y stuff in this movie.",LABEL_2,27,1,True
"a bright , inventive , thoroughly winning flight of revisionist fancy .","a bright, inventive, thooughly wnining flight of revisionist fancy.",LABEL_2,27,3,True
the film itself is about something very interesting and odd that would probably work better as a real documentary without the insinuation of mediocre acting or a fairly trite narrative .,the film itself is about something very inteesting and odd that would probably work better as a real documentary without the insinuation of mediocre acting or a fairly trite narrative.,LABEL_2,36,1,True
"there seems to be no clear path as to where the story's going , or how long it's going to take to get there .","there seems to b e no clear path as to where the story 's going, or how long it 's going to take to get there.",LABEL_0,31,1,True
evokes a little of the fear that parents have for the possible futures of their children--and the sometimes bad choices mothers and fathers make in the interests of doing them good .,evoke a little of the fear that parents hav3 for the possible futures of their children -- and the sometimes bad choices mothers and fathers make in the interests of doing them good.,LABEL_0,46,2,True
the film's needlessly opaque intro takes its doe-eyed crudup out of pre-9/11 new york and onto a cross-country road trip of the homeric kind .,th e film 's needlessly opaque int ro takes its doe - eyed crudup out of pre-9/11 new york and onto a cross - country road t rip of the homeric kind.,LABEL_1,54,5,True
those who aren't put off by the film's austerity will find it more than capable of rewarding them .,thse who are n't put off by the film 's austerity will find it more than capable of rewarding them.,LABEL_2,26,1,True
nearly all the fundamentals you take for granted in most films are mishandled here .,neraly a ll the fundamentas you take f or granted in most films a re mishandled here.,LABEL_0,39,5,True
"yes , one enjoys seeing joan grow from awkward young woman to strong , determined monarch , but her love for the philandering philip only diminishes her stature .","yes, one enjoys seeing joan grow from awkward young woman to strnog, determined monarch, but her love for the philandering philip only diminishes her $tature.",LABEL_1,40,2,True
a virtual roller-coaster ride of glamour and sleaze .,a virtual roller - coaster ride of glamour and seaze.,LABEL_1,57,11,False
"as literary desecrations go , this makes for perfectly acceptable , occasionally very enjoyable children's entertainment . you'll forget about it by monday , though , and if they're old enough to have developed some taste , so will your kids .","as lierary desecrations go, this makes f or perfectly acceptable, occasionally vry enoyable children 's entertainment. you'll forget about it by monday , though , and if they're old enough to have developed some taste , so will your kids .",LABEL_2,48,6,True
maid in manhattan proves that it's easier to change the sheets than to change hackneyed concepts when it comes to dreaming up romantic comedies .,m@id Indiana manhattan proves tht i t '$ easier to alteration the sheets than to change hackneyed concepts when it comes to dreaming up romanic comedies.,LABEL_1,87,13,True
its juxtaposition of overwrought existentialism and stomach-churning gore will have you forever on the verge of either cracking up or throwing up .,its juxtaposition of overwrought existentialism and stomach - churning panel will have you forever on the ver ge of either cracking up or thrwoing up.,LABEL_0,39,3,True
"taken as a whole , the tuxedo doesn't add up to a whole lot .","taken as a whole, the tuxedo does n't ad d up to a whole lot.",LABEL_0,20,1,True
"care deftly captures the wonder and menace of growing up , but he never really embraces the joy of fuhrman's destructive escapism or the grace-in-rebellion found by his characters .","care deftly captures the wnoder and menace of growing up, but he never really embraces the joy of fuhrman 's destructive escapism or the grace - in - rebellion fund by his characters.",LABEL_1,56,4,True
"i liked about schmidt a lot , but i have a feeling that i would have liked it much more if harry & tonto never existed .","i lked about schmidt a lot, but i have a feeling that i would have liked it much more if harry & tonto never existed.",LABEL_2,32,1,True
neither funny nor suspenseful nor particularly well-drawn .,neiter funny nor suspenseful nor particularly well - drawn.,LABEL_0,15,1,True
"this misty-eyed southern nostalgia piece , in treading the line between sappy and sanguine , winds up mired in tear-drenched quicksand .","this misty - eyed southern nostalgia piece, in treading the line between sapp y and sanguine, winds up mired in tear - drenched quicksand.",LABEL_0,42,5,True
an amused indictment of jaglom's own profession .,@n amused indictment of jagl0m 's own profession.,LABEL_1,53,9,False
a less-than-thrilling thriller .,a less - than - thrilling thriller.,LABEL_0,12,1,True
"while broomfield's film doesn't capture the effect of these tragic deaths on hip-hop culture , it succeeds as a powerful look at a failure of our justice system .","while broomfield 's film does n't capture the effect of these tragic deaths on hip - hop culture, it succeeds a s a powerful look @t a failure of our justice system.",LABEL_1,45,2,True
those unfamiliar with mormon traditions may find the singles ward occasionally bewildering .,t hose unfamiliar with mormon traditions may find t he singles ward at times bewildering.,LABEL_1,28,4,True
has all the scenic appeal of a cesspool .,has all the scenic appeal of a cessopol.,LABEL_0,21,3,True
"his comedy premises are often hackneyed or just plain crude , calculated to provoke shocked laughter , without following up on a deeper level .","his comedy premises @re often hackneyed or just plain cru de, calculated to provoke shocked laughter, witohut following up on a deeper level.",LABEL_0,39,3,True
a moving and solidly entertaining comedy/drama that should bolster director and co-writer juan josé campanella's reputation in the united states .,a moving and solidly think about comedy / drama tha t should bolster director and co - writer juan josé campanella 's reputation in the united states.,LABEL_2,35,2,True
"the film delivers not just the full assault of reno's immense wit and insight , but a time travel back to what it felt like during those unforgettably uncertain days .","th e film delivers no t just the full assault of reno 's immense wit and insight, but a time travel back to what it felt like during those unforgettably uncertain days.",LABEL_2,41,2,True
i don't think most of the people who loved the 1989 paradiso will prefer this new version . but i do .,i d o n't think most of the people who loved the 1989 paradiso will prefer this new version. but i do.,LABEL_1,127,23,False
"all the filmmakers are asking of us , is to believe in something that is improbable .","all the filmmakers are asking of uranium, i$ to believe Hoosier State something that is improbable.",LABEL_1,34,3,True
"like the film's almost anthropologically detailed realization of early-'80s suburbia , it's significant without being overstated .","like the film 's almost anthropologically detailed realization of early-'80s suburbia, i t ' s significant without being overstated.",LABEL_2,28,2,True
"there's not a spark of new inspiration in it , just more of the same , done with noticeably less energy and imagination .","there 's non a spar k of new inspiration in it, just more of the same, done with noticeably less energy and imagination.",LABEL_0,38,2,True
"less dizzying than just dizzy , the jaunt is practically over before it begins .","less dizzying than just dizzy, the j aunt is practically over before it begins.",LABEL_1,19,1,True
the darker elements of misogyny and unprovoked violence suffocate the illumination created by the two daughters and the sparse instances of humor meant to shine through the gloomy film noir veil .,the darker elements o f misgoyny and unprovoked violence suffoctae the illumination created by the two daughters and the sparse instances of humor meant to shine through the gloomy film noir veil.,LABEL_0,51,4,True
"if "" lilo & stitch "" isn't the most edgy piece of disney animation to hit the silver screen , then this first film to use a watercolor background since "" dumbo "" certainly ranks as the most original in years .","if "" lilo & stitch "" is n't the most edgy piece of disney animation to hit the silver screen, then this first film to use a watercolor background since "" dumbo "" certainly ranks as the mo st original in years.",LABEL_2,47,1,True
the pacing is often way off and there are too many bona fide groaners among too few laughs .,t he paing is often way o ff and there are too many bona fide groaners among to o few laughs.,LABEL_0,38,4,True
"[hawn's character]is so bluntly written , without a trace of sentimentality , and so blisteringly defined , that every other character seems overlooked and underwritten .","[ hawn 's character]is so bluntly written, withut a trace of sentimentality, and so blisteringly defined, that every other character seems overlooked and underwritten.",LABEL_0,38,2,True
"chilling but uncommercial look into the mind of jeffrey dahmer , serial killer .","chilling b ut uncommercial look into the mind o f jeffrey dahmer, serial kiler.",LABEL_0,54,9,True
"a masterful film from a master filmmaker , unique in its deceptive grimness , compelling in its fatalist worldview .","a masterful fi lm from a master filmmaker, unique in its deceptive grimness, compelling i n its fatalist worldview.",LABEL_2,45,6,True
". . . the gentle melding of drama and comedy makes "" what time is it there ? "" something the true film buff will enjoy .",". . . the gentle melding of drama and comedy makes "" what time is it there ? "" something the rightful filn bu ff leave emjoy.",LABEL_2,44,7,True
. . . breathes surprising new life into the familiar by amalgamating genres and adding true human complexity to its not-so-stock characters .,. . . breathes surprising new lie into the familiar by amalgamating genres and adding true human complexity to its not - so - stock characters.,LABEL_2,30,1,True
"whether [binoche and magimel] are being charming or angst-ridden , they easily fill their scenes and , fine judges both , never overcook the hysteria .","whether [ binoche and magimel ] are being cahrming or angst - ridden, they easily fi ll their scenes and, fine judges both, never overcook the hysteria.",LABEL_2,39,2,True
"if shayamalan wanted to tell a story about a man who loses his faith , why didn't he just do it , instead of using bad sci-fi as window dressing ?","if shayamalan wanted to tell a sotry abo ut a mam who loses his faith, why did n't he just do it, instead of using bad sci - fi as window dressing?",LABEL_0,48,3,True
"the secrets of time travel will have been discovered , indulged in and rejected as boring before i see this piece of crap again .","the secrets of time travel will have been discovered, indulged in and rejected as boring before i determine this piec e of cra p aga in.",LABEL_0,44,4,True
it has all the excitement of eating oatmeal .,it throw all th e excitement of eating oatmeal.,LABEL_2,18,2,True
"although the film boils down to a lightweight story about matchmaking , the characters make italian for beginners worth the journey","although the film boils down to a lightweight story about matchmaking, t he characters make italian for beginners worth t he journey",LABEL_2,56,8,True
"this is a movie full of grace and , ultimately , hope .","this is a movie full of adorn and, ultimately, hope.",LABEL_2,21,1,True
allen's underestimated charm delivers more goodies than lumps of coal .,allen 's underestimated cha rm delivers more goodies than lumps of coal.,LABEL_2,16,1,True
supposedly authentic account of a historical event that's far too tragic to merit such superficial treatment .,supposedly authentic account of a historical event that 's f ar too trgaic to merit such superficial treatment.,LABEL_0,27,2,True
"like a fish that's lived too long , austin powers in goldmember has some unnecessary parts and is kinda wrong in places .","like a fish that 's lived too long, austin powers in goldmember has some unnecessay parts and is kinda wr ong in places.",LABEL_0,34,2,True
this romantic/comedy asks the question how much souvlaki can you take before indigestion sets in .,this romanticist / comedy a sks the question how much souvlaik can you take before indigestion sets in.,LABEL_1,37,4,True
devoid of any of the qualities that made the first film so special .,devoid of any of the qualities that made t he first film so special.,LABEL_2,18,1,True
a subject like this should inspire reaction in its audience ; the pianist does not .,a subject like this should inspire reation i n it s audience ; th e pinaist does not.,LABEL_1,47,8,True
nicole kidman makes it a party worth attending .,nicole kidman makes it a party wo rth attedning.,LABEL_2,18,2,True
narc is a no-bull throwback to 1970s action films . it zips along with b-movie verve while adding the rich details and go-for-broke acting that heralds something special .,narc is a no-bull throwback to 1970s action films . it zips along with b - movie verve while ading the rich details and go - for - broke acting t hat forerunner something special.,LABEL_2,46,4,True
". . . less a story than an inexplicable nightmare , right down to the population's shrugging acceptance to each new horror .",". . . l ess a story than an inexplicable incubus, right down to the population 's shrugging acceptance to each new horror.",LABEL_0,31,2,True
"a highly personal look at the effects of living a dysfunctionally privileged lifestyle , and by the end , we only wish we could have spent more time in its world .","a highly personal look at the effects of living a dysfunctionally privileged lifestyle, and by the end, we only wish we could have spent more time in its world.",LABEL_1,37,1,True
"unfortunately , the picture failed to capture me . i found it slow , drab , and bordering on melodramatic .","unfrotunately, the visualise flush it to capture me. i fo und it slow, drab, and bordering on melodramatic.",LABEL_0,64,10,True
to imagine the life of harry potter as a martial arts adventure told by a lobotomized woody allen is to have some idea of the fate that lies in store for moviegoers lured to the mediocrity that is kung pow : enter the fist .,to imagine the life of harry potter as a martial arts adventure told by a lobotomized woody allen is to have some idea of the fate that lies in store for moviegoers lured to the mediocrity that is kung pow : e nter th e fist.,LABEL_1,60,4,True
fear dot com is more frustrating than a modem that disconnects every 10 seconds .,fear dot c om is more furstrating tham a modem tht dsconnects every 10 seconds.,LABEL_0,40,5,True
"sc2 is an autopilot hollywood concoction lacking in imagination and authentic christmas spirit , yet it's geared toward an audience full of masters of both .","sc2 is an autopilot hollywood concoction lacking i n imagination and authentic christmas spirit, yet it 's geared toward an audience full of masters of both.",LABEL_0,31,1,True
"schepisi , aided by a cast that seems to include every top-notch british actor who did not appear in gosford park ( as well as one , ms . mirren , who did ) , has succeeded beyond all expectation .","schepisi, aided by a cast that seems to include every top - notch british actor who did not appear in gosford park ( as well as one, ms. mirren, who did ), has succeded beyodn all expectation.",LABEL_2,54,2,True
a film that will probably please people already fascinated by behan but leave everyone else yawning with admiration .,a fil m that will probably plaese people alrady fascinated by behan but leave everyone else yawning with admiration.,LABEL_2,40,5,True
an ingenious and often harrowing look at damaged people and how families can offer either despair or consolation .,an ingenious and often harrowing look a t damaged people and how families can 0ffer either despair or consolation.,LABEL_1,33,3,True
". . . post-september 11 , "" the sum of all fears "" seems more tacky and reprehensible , manipulating our collective fear without bestowing the subject with the intelligence or sincerity it unequivocally deserves .",". . . post - septembre 11, "" the sum of all fears "" se ems mre tacky and rerpehensible, manipulating our collective fear wtihout bestowing the subject with the intelligence or sincerity it unequivocally deserves.",LABEL_0,66,7,True
a fun ride .,a fu n ride.,LABEL_2,8,1,True
"this is an egotistical endeavor from the daughter of horror director dario argento ( a producer here ) , but her raw performance and utter fearlessness make it strangely magnetic .","this is an egotistical endeavor from t he daughter of horror director dario argento ( a producer here ), but her raw performance and utter fe@rlessness make it strangely magnetic.",LABEL_1,51,5,True
"when the precise nature of matthew's predicament finally comes into sharp focus , the revelation fails to justify the build-up .","whe n the precise nature of matthew 's predicament finally comes int o sharp focus, the revelation fails t o justify the build - up.",LABEL_0,53,6,True
"apart from anything else , this is one of the best-sustained ideas i have ever seen on the screen .","apart from anything else, ths i s one of th e bet - sustained ideas i have ever seen on the screen.",LABEL_2,41,4,True
"on a cutting room floor somewhere lies . . . footage that might have made no such thing a trenchant , ironic cultural satire instead of a frustrating misfire .","on a cutting room floor somewhere lies . . . footae tat might hav e mde n o such affair a trenchant, ironic cultural satire instead of a frustrating miss.",LABEL_0,87,15,True
"could have been crisper and punchier , but it's likely to please audiences who like movies that demand four hankies .","could have been crisper and punchier, but it 's likely to please audiences who l ike moies that demand four hankies.",LABEL_2,31,2,True
"is there a group of more self-absorbed women than the mother and daughters featured in this film ? i don't think so . nothing wrong with performances here , but the whiney characters bugged me .","is there a group of more self-absorbed women than the mother and daughters featured in this film ? i don't think so . nothing wrong with performances here, bu t the winey type tease Pine Tree State.",LABEL_0,44,6,True
"de oliveira creates an emotionally rich , poetically plump and visually fulsome , but never showy , film whose bittersweet themes are reinforced and brilliantly personified by michel piccoli .","de oliveira creates an emotionally ric h, poetically plump and visually fulsome, but never showy, film whose bittersweet themes are reinforced and brililantly personified by michel piccoli.",LABEL_2,39,2,True
a series of immaculately composed shots of patch adams quietly freaking out does not make for much of a movie .,a series of immaculately composed shots of patch adams quietly freaking out does n ot make for much of a movie.,LABEL_0,25,1,True
"[taymor] utilizes the idea of making kahlo's art a living , breathing part of the movie , often catapulting the artist into her own work . this isn't a new idea . it's been done before but never so vividly or with so much passion .","[taymor] utilizes the idea of making kahlo's art a living , breathing part of the movie , often catapulting the artist into her own work . this isn't a new idea . it's been done before but never so vividly or with so much passion .",LABEL_2,4,0,False
"the chateau belongs to rudd , whose portrait of a therapy-dependent flakeball spouting french malapropisms . . . is a nonstop hoot .","the chateau belongs to rudd , whose portrait of a therapy-dependent flakeball spouting french malapropisms . . . 1s a nonstop hoot.",LABEL_0,28,6,False
"the fun of the movie is the chance it affords to watch jackson , who also served as executive producer , take his smooth , shrewd , powerful act abroad .","the fu n of the movie is the chance it affords to watch jackson, who also served as executive producer, take his smooth, shrewd, powerful act abroad.",LABEL_2,35,1,True
the comedy death to smoochy is a rancorous curiosity : a movie without an apparent audience .,the comedy death t o smoochy is a ranorous curiosity : a movie without an apparent audience.,LABEL_0,26,2,True
"this is human comedy at its most amusing , interesting and confirming .","this is human comedy at its most amuing, imteresting and confirming.",LABEL_2,23,2,True
this directorial debut from music video show-off higuchinsky is all flash .,this directorial debut from music video show-off higuchinsky is all flash .,LABEL_1,79,14,False
"while undisputed isn't exactly a high , it is a gripping , tidy little movie that takes mr . hill higher than he's been in a while .","while undisputed is n't exactly a high, it is a gripping, tidy little m ovie that ta kes mr. hill higher than he 's been in a while.",LABEL_2,44,3,True
an impeccable study in perversity .,an impeccable stdy in perversity.,LABEL_2,12,2,True
never [sinks] into exploitation .,never [ go under ] into exploitation.,LABEL_1,22,4,True
looks awfully like one long tourist spot for a mississippi that may never have existed outside of a scriptwriter's imagination .,looks awfully like one long tourist spot for a mississippi that ma y never have existed outside of a scriptwriter 's imagination.,LABEL_0,27,2,True
"though the story . . . is hackneyed , the characters have a freshness and modesty that transcends their predicament .","though the stoyr.. . i s hakneyed, the characters have a freshness and modesty that transcends their predicament.",LABEL_1,54,8,True
so-so entertainment .,so - so entertainent.,LABEL_2,25,5,False
"la de salma es una versión de frida superficial , preciosista y sin ningún contenido .","l@ d e salma e s uma versón d e frid a superficial, preciosisat y sin ningn contenido.",LABEL_1,87,16,False
"because the genre is well established , what makes the movie fresh is smart writing , skewed characters , and the title performance by kieran culkin .","because the genre is well established, what mak es the m ovie fresh is smart writing, skewed characters, and the title performance by kieran culkin.",LABEL_2,36,2,True
"no one involved , save dash , shows the slightest aptitude for acting , and the script , credited to director abdul malik abbott and ernest 'tron' anderson , seems entirely improvised .","no one involved , save dash , shows the slightest aptitude for acting , and the script , credited to director abdul malik abbott and ernest 'tron' anderson , seems entirely improvised .",LABEL_0,181,35,False
there's a reason why halftime is only fifteen minutes long .,there ' s a cause why halftime is omly xv minutes long.,LABEL_1,67,12,False
"with or without the sex , a wonderful tale of love and destiny , told well by a master storyteller","with or without the sex, a wonerful tarradiddle of love and destiny, told we ll by a master storyteller",LABEL_2,34,3,True
"afraid to pitch into farce , yet only half-hearted in its spy mechanics , all the queen's men is finally just one long drag .","afraid to pitch into farce, yet only h alf - harted in its spy mechanics, all the queen 's men is finally just one long drag.",LABEL_0,37,2,True
"williams plays sy , another of his open-faced , smiling madmen , like the killer in insomnia . he does this so well you don't have the slightest difficulty accepting him in the role .","williams plays sy , another of his open-faced , smiling madmen , like the killer in insomnia . he does this so well you don't have the slightest difficulty accepting him in the role .",LABEL_2,4,0,False
"highlighted by a gritty style and an excellent cast , it's better than one might expect when you look at the list of movies starring ice-t in a major role .","highlighted by a gritty style and an first-class cast, it 's dependable th an one might expect when you look at the list of movies starring ice - t in a major role.",LABEL_2,48,3,True
"these three films form a remarkably cohesive whole , both visually and thematically , through their consistently sensitive and often exciting treatment of an ignored people .","these three films form a remarkbly cohesive whole, both visually and thematically, through their consistently sensitive and often agitate treatment of an ignored people.",LABEL_2,37,2,True
it's a drag how nettelbeck sees working women -- or at least this working woman -- for whom she shows little understanding .,it 's a dr ag how nettelbeck sees working women -- or at least this working woman -- for whom she shows littel understanding.,LABEL_0,33,2,True
"nohe's documentary about the event is sympathetic without being gullible : he isn't blind to the silliness , but also captures moments of spontaneous creativity and authentic co-operative interaction .","nohe 's documentary about the event i s sympthetic withot being gullible : he is n't blind to the silliness, but also captures moments of spontaneous creativity and authentic co - operative interaction.",LABEL_2,48,3,True
borrows from other movies like it in the most ordinary and obvious fashion .,borrows from other movies lie it in the most ordinary and obvious fashion.,LABEL_1,19,1,True
"barely manages for but a few seconds over its seemingly eternal running time to pique your interest , your imagination , your empathy or anything , really , save your disgust and your indifference .","baely manages for but a few seconds over its seemingly eternal running time to pique your interest, your imagination, your empathy or anything, really, save your disgust a nd your indifference.",LABEL_0,55,5,True
the irony is that this film's cast is uniformly superb ; their performances could have -- should have -- been allowed to stand on their own .,the irony is that this film 's cast is uniformly suprb ; their performances could have -- should have -- been allowed to stand on their own.,LABEL_2,33,1,True
this is so bad .,this i$ so b ad.,LABEL_0,17,2,True
"aptly named , this shimmering , beautifully costumed and filmed production doesn't work for me .","aptly named, this shimmering, beautifully costumed and filmed production does n't w ork for me.",LABEL_0,21,1,True
"the fascination comes in the power of the huston performance , which seems so larger than life and yet so fragile , and in the way the ivan character accepts the news of his illness so quickly but still finds himself unable to react .","the fascination comes in the power of the huston performance, which seems so larger than life and yet so fragile, and in the way the ivan character accepts the news of his illness so quickly b ut still finds himself unable to react.",LABEL_1,49,1,True
"often demented in a good way , but it is an uneven film for the most part .","oten demented in a good way, but it is an uneven film for t he most part.",LABEL_0,32,3,True
savvy director robert j . siegel and his co-writers keep the story subtle and us in suspense .,savvy film director robert j. sigel and his co - writers keep the stry subte amd us in sspense.,LABEL_1,109,20,False
"bloody sunday has the grace to call for prevention rather than to place blame , making it one of the best war movies ever made . it's a movie that accomplishes so much that one viewing can't possibly be enough .","bloody sunday has the grace to call for prevention rather than to place blame , making it one of the best war movies ever made . it ' s a mo vie tht accomplisehs soh mu ch that one viewing ca n't possibly be decent.",LABEL_2,57,8,True
you could nap for an hour and not miss a thing .,you could nap for an 60 minutes a nd not miss a thng.,LABEL_2,51,8,True
"though it never rises to its full potential as a film , still offers a great deal of insight into the female condition and the timeless danger of emotions repressed .","though it never rises t o its full potential as a film, still offers a great deal of insight into the female condition and the timeless danger of emotions repressed.",LABEL_1,35,1,True
"beresford nicely mixes in as much humor as pathos to take us on his sentimental journey of the heart . it really is a shame that more won't get an opportunity to embrace small , sweet 'evelyn . '","beresford nicely m1xes in as much hu mor as pathos to take us on his sentimental journey of the heart. it really is a shame that more won't get an opportunity to embrace small , sweet 'evelyn . '",LABEL_2,30,2,True
doesn't come close to justifying the hype that surrounded its debut at the sundance film festival two years ago .,does n't come close to apologise the hy pe th@t surround3d its debut at the sundance film festival two years ago.,LABEL_1,49,5,True
"it's rare to find a film that dazzles the eye , challenges the brain , and satisfies our lust for fast-paced action , but minority report delivers all that and a whole lot more .","it 's rare to find a film that bedazzle the eye, challenges the brain, and satisfies our lust for fast - paced action, but minority report delives all that and a whole lot more.",LABEL_2,51,2,True
"comes off more like a misdemeanor , a flat , unconvincing drama that never catches fire .","comes 0ff more like a misdemeanor, a flat, unconvincing drama t hat never catches fire.",LABEL_0,27,3,True
"although the level of the comedy declines as the movie proceeds , there's no denying the fun of watching de niro and crystal having fun .","although the level of the comedy declines as the movie proceeds, there 's no denynig the fun of watching de niro and crystal having fun.",LABEL_2,33,1,True
"as chilling and fascinating as philippe mora's modern hitler-study , snide and prejudice .","as chi1ling and fascinating as philippe mora 's modern Der Fuhrer - study, snide and prejudice.",LABEL_1,30,2,True
p . t . anderson understands the grandness of romance and how love is the great equalizer that can calm us of our daily ills and bring out joys in our lives that we never knew were possible .,p . t . anderson undersands the grnadness of romance and how love is the gr eat equalizer that can c alm us of our daily ills @nd b ring out jos in our lives that we never knew were possible.,LABEL_2,76,8,True
is it really an advantage to invest such subtlety and warmth in an animatronic bear when the humans are acting like puppets ?,is it really an advantage to invest such subtlty and warmth in an animatroinc be ar whe n the humans are acting like puppets?,LABEL_1,48,5,True
"every joke is repeated at least four times . every joke is repeated at least four times . every joke is repeated at least--annoying , isn't it ?","every joke is repeated at least four times . every joke is repeated at least four times . every joke is repeated at least -- annyoing, is n't it?",LABEL_0,21,1,True
"blessed with a searing lead performance by ryan gosling ( murder by numbers ) , the movie is powerful and provocative . it's also built on a faulty premise , one it follows into melodrama and silliness .","blesed with a searing lead performance by ryan gosling ( murder by numbers ), the movie is powerful and provocative. it's also built on a faulty premise , one it follows into melodrama and silliness .",LABEL_2,28,1,True
"triple x is a double agent , and he's one bad dude . when you've got the wildly popular vin diesel in the equation , it adds up to big box office bucks all but guaranteed .","triple x is a double agent , and he's one bad dude . when you've got the wildly popular vin diesel in the equation , it adds up to big box office bucks all but guaranteed .",LABEL_1,3,0,False
"left me with the visceral sensation of longing , lasting traces of charlotte's web of desire and desperation .","left me with the visceral sensation of longing, lasting traces of Queen City 's web of desre and desperation.",LABEL_1,35,3,True
"by no means a slam-dunk and sure to ultimately disappoint the action fans who will be moved to the edge of their seats by the dynamic first act , it still comes off as a touching , transcendent love story .","by no means a slam - dunk and sure to ultimately disappoint the action fans who will be moved to the edge of their seats by the dynamic first act, it still comes off as a touching, transcendent love story.",LABEL_1,47,1,True
the best way to hope for any chance of enjoying this film is by lowering your expectations . then lower them a bit more .,the bes t way to hope for any chance of enjoying this film is by lowering your expectations. then lower them a bit more .,LABEL_2,23,1,True
what's missing in murder by numbers is any real psychological grounding for the teens' deviant behaviour . being latently gay and liking to read are hardly enough .,wat 's mising im mudrer by numbers equal an y genuine psychological grounding for the teens ' deviatn behavoiur. being latently gay and liking to read are hardly enough .,LABEL_0,93,14,True
"it's like a "" big chill "" reunion of the baader-meinhof gang , only these guys are more harmless pranksters than political activists .","it 's like a "" big chill "" reunion of the baader - meinhof gang, only these guys are m ore harmless pranksters than political activists.",LABEL_0,31,1,True
"truth to tell , if you've seen more than half-a-dozen horror films , there's nothing here you haven't seen before .","truth to tell, if you 've seen nore than half - a - dozen horror fims, there '$ nothing here you hav e n 't seen befre.",LABEL_1,87,12,True
"when it's all wet , blue crush is highly enjoyable . when it's on dry land , though , this surfer-girl melodrama starts gasping like a beached grouper .","when it 's all wet, blue crush is highly enoyable. when it's on dry land , though , this surfer-girl melodrama starts gasping like a beached grouper .",LABEL_2,18,1,True
"despite its faults , gangs excels in spectacle and pacing .","despie its faults, gangs excels in spectacle and pacing.",LABEL_2,16,1,True
"a solid cast , assured direction and complete lack of modern day irony .","a solid cast, assured direction amd complete lack of modern day irony.",LABEL_1,75,14,False
"for all of its insights into the dream world of teen life , and its electronic expression through cyber culture , the film gives no quarter to anyone seeking to pull a cohesive story out of its 2 1/2-hour running time .","for all of its inisghts into the dream world of teen life, and its electronic expression through cyber culture, the film gives no quarter to anyone seeking to pull a cohesive story out of its 2 1/2 - hour running time.",LABEL_1,50,1,True
the country bears wastes an exceptionally good idea . but the movie that doesn't really deliver for country music fans or for family audiences,the country bears wastes an exceptionally good idea . but the movie that do es n't really birth fo r coutnry music fa ns operating theater for kinfolk interview,LABEL_0,66,10,True
"schmaltzy and unfunny , adam sandler's cartoon about hanukkah is numbingly bad , little nicky bad , 10 worst list bad .","schmaltzy and unfnny, adam sandler 's cartoon about h@nukkah i s numbing1y high-risk, little nicky bad, 10 wors t list b ad.",LABEL_0,57,7,True
predictable storyline and by-the-book scripting is all but washed away by sumptuous ocean visuals and the cinematic stylings of director john stockwell .,predictable storyline and by - the - book scripting is all but washed aay by sumptuous ocean visuals and the cinematic stylings of director john stockwell.,LABEL_1,32,1,True
"happily , some things are immune to the folly of changing taste and attitude . for proof of that on the cinematic front , look no further than this 20th anniversary edition of the film that spielberg calls , retrospectively , his most personal work yet .","happily, some thing a re immune t o the folly o f changing taste a nd attitude. for proof of that on the cinematic front , look no further than this 20th anniversary edition of the film that spielberg calls , retrospectively , his most personal work yet .",LABEL_2,42,7,True
you'd have to be a most hard-hearted person not to be moved by this drama .,you 'd have to be a most hard - hearted person non to be moved b y t his drama.,LABEL_0,33,3,True
uses high comedy to evoke surprising poignance .,us es high com3dy to evoke surprising poignance.,LABEL_2,22,3,True
"a delightful surprise because despite all the backstage drama , this is a movie that tells stories that work -- is charming , is moving , is funny and looks professional .","a delihgtful surprise because contempt all the backstage drama, this is a move that tells stories that work -- is chrming, is noving, is fumny and looks professional.",LABEL_2,65,7,True
[a]n utterly charming and hilarious film that reminded me of the best of the disney comedies from the 60s .,[ a]n uterly chamring and hilarious fi lm that remind me of the bet of the disney comedies from the 60s.,LABEL_2,56,7,True
"the pacing is deadly , the narration helps little and naipaul , a juicy writer , is negated .","the pacing is deadly, the narration helps litle and naipaul, a juicy writer, is neated.",LABEL_0,29,2,True
"essentially an exceptionally well-written , well-edited , well-directed , well-acted , bald rip-off of aliens .","essentially an exceptionally wll - written, well - edited, well - directed, well - acted, bald rip - off of aliens.",LABEL_2,31,1,True
"it would be great to see this turd squashed under a truck , preferably a semi .","it would be great to see this tu rd squashed under a truck, preferably a semi.",LABEL_0,21,1,True
"the first hour is tedious though ford and neeson capably hold our interest , but its just not a thrilling movie .","the first hour is tedious though ford and neeson capably hold our interest, but its just n ot a thrilling movie.",LABEL_0,26,1,True
"a worthwhile documentary , whether you're into rap or not , even if it may still leave you wanting more answers as the credits roll .","a worthwhile documentary, whether you 're into rap or not, even if it may still leav e you wanting moe answers as the credits roll.",LABEL_2,46,4,True
there are now two signs that m . night shyamalan's debut feature sucked up all he has to give to the mystic genres of cinema : unbreakable and signs .,there are now two signs that m . night shyamalan 's debut feature sucked up @ll he h as to give to the mystic genres of cinema : unbreakable and signs.,LABEL_0,33,2,True
a smug and convoluted action-comedy that doesn't allow an earnest moment to pass without reminding audiences that it's only a movie .,a smug and convoluted action - comedy tat dos n't allow an eanest moment to pass without reminding adiences that it 's o nly a movie.,LABEL_0,51,5,True
"few films have captured the chaos of an urban conflagration with such fury , and audience members will leave feeling as shaken as nesbitt's cooper looks when the bullets stop flying .","few films have captured the c haos of an urban inferno with such fury, and audience members will leave feeling as sahken a s nesbitt 's cooper looks when the bullets stop flying.",LABEL_0,52,4,True
skip this turd and pick your nose instead because you're sure to get more out of the latter experience .,skip t his turd and pick yur pry instead because you 're sure to get more out of the latter experience.,LABEL_0,35,3,True
"this fascinating experiment plays as more of a poetic than a strict reality , creating an intriguing species of artifice that gives the lady and the duke something of a theatrical air .","t his fasinating experiment plays as more of a poetic than a strict reality, creating an intriguing speices of artifice that gives the lady and the duke something of a theatrical air.",LABEL_2,54,4,True
". . . one big laugh , three or four mild giggles , and a whole lot of not much else .",". . . one big la ugh, three or four mild giggles, and a whole lot of not much else.",LABEL_2,25,1,True
"as i settled into my world war ii memories , i found myself strangely moved by even the corniest and most hackneyed contrivances .","as i settled into my world war ii memories, i found mysef strangely moved by even the corniest and most hackneyed contrivances.",LABEL_1,29,1,True
"( wendigo is ) why we go to the cinema : to be fed through the eye , the heart , the mind .","( wendigo is ) why we go to the cinema : t o be fed through th3 eye, the heart, the listen.",LABEL_1,123,24,False
"most new movies have a bright sheen . some , like ballistic , arrive stillborn . . . looking like the beaten , well-worn video box cover of seven years into the future .","most new movies hav e a bright shee n. some , like ballistic , arrive stillborn . . . looking like the beaten , well-worn video box cover of seven years into the future .",LABEL_2,24,3,True
this is amusing for about three minutes .,thi s i$ amusing for about three minutes.,LABEL_2,17,2,True
"i can't remember the last time i saw an audience laugh so much during a movie , but there's only one problemit's supposed to be a drama .","i ca n't remember the last tim e i saw an audience laugh so much during a movie, but there 's only one problem it 's supposed to be a drama.",LABEL_1,46,3,True
it's difficult to say whether the tuxedo is more boring or embarrassing--i'm prepared to call it a draw .,it 's difficult to say whether the tuxedo is moe bornig or embarrassing -- i'm prepared to cal it a draw.,LABEL_0,52,6,True
"the problem with concept films is that if the concept is a poor one , there's no saving the movie . sorry , charlie","the problme with concept films is that if the concept is a p0or one, there 's n o saving the movie. sorry , charlie",LABEL_0,37,3,True
"not only are the film's sopranos gags incredibly dated and unfunny , they also demonstrate how desperate the makers of this 'we're -doing-it-for -the-cash' sequel were .","no t on1y are the film 's sopranos gags incr3dibly dated and unufnny, they also demonstrate how dseperate the makers of this ' we 're -doing - it - for -the - cash ' sequel were.",LABEL_0,61,5,True
"impossible as it may sound , this film's heart is even more embracing than monty , if only because it accepts nasty behavior and severe flaws as part of the human condition .","impossible as it m ay sound, this film 's heart is even more embracing than mnoty, if only because it accepts nasty behavior and severe flaws as part of the human condition.",LABEL_2,43,2,True
a quirky comedy set in newfoundland that cleverly captures the dry wit that's so prevalent on the rock .,a quirky comedy set in newfoundland that cleverly captures the dry w it that 's so prevalent on the rock.,LABEL_2,24,1,True
"the film is enriched by an imaginatively mixed cast of antic spirits , headed by christopher plummer as the subtlest and most complexly evil uncle ralph i've ever seen in the many film and stage adaptations of the work .","the film is enriched away an imaginatively mixed cast of antic spirits, headed by christopher plummer as the subtlest and most complexly evil uncle ralph i 've ever seen in the many film and stage adaptations of the work.",LABEL_2,49,1,True
it all drags on so interminably it's like watching a miserable relationship unfold in real time .,it all dr ags on so interminably it 's like watching a msierable relationship unfold in real time.,LABEL_0,27,2,True
"although i didn't hate this one , it's not very good either . it can be safely recommended as a video/dvd babysitter .","although i did n't hate this one, it 's not very g ood either. it can be safely recommended as a video/dvd babysitter .",LABEL_0,20,1,True
"the more kevin costner rests on his pretty-boy laurels , the public is , regrettably , going to have tepid films like dragonfly tossed at them .","the more kevin costner rests on his pretty - boy laurels, the public is, regrettably, going to have tepdi films like dragonfly tosed at them.",LABEL_0,39,2,True
"it's a wonderful , sobering , heart-felt drama .","it 's a wonedrful, sobering, hea rt - felt drama.",LABEL_2,21,2,True
"a preposterous , prurient whodunit .","a preposter0us, prurient whodunit.",LABEL_0,13,1,True
despite the premise of a good story . . . it wastes all its star power on cliched or meaningless roles .,despite the premise of a good story . . . it wases all its star power on cliched or meaningless roles.,LABEL_0,18,1,True
what might have been acceptable on the printed page of iles' book does not translate well to the screen .,what might have been acceptable on the printed page of iles ' book act not translate well to the screen.,LABEL_0,29,1,True
this off-putting french romantic comedy is sure to test severely the indulgence of fans of amélie .,this o ff - putting french romantic comedy is sure to test severely the indulgence of fans of amélie.,LABEL_0,23,1,True
the magic ( and original running time ) of ace japanimator hayao miyazaki's spirited away survives intact in bv's re-voiced version .,the magic ( and original running time ) of ace japanimator hayao miyazaki 's spirited away survives intact i n bv 's re - voiced version.,LABEL_2,30,1,True
hollywood ending is the most disappointing woody allen movie ever . he has a great cast and a great idea . but the execution is a flop with the exception of about six gags that really work .,holywood ending 1s t he about disappoimting wody al1en mvie ever. he has a great cast and a great idea . but the execution is a flop with the exception of about six gags that really work .,LABEL_0,58,9,True
a grand fart coming from a director beginning to resemble someone's crazy french grandfather .,a grand fart coming f rom a director beginning to resemble someone 's crazy french grandfather.,LABEL_0,20,1,True
"una película oscura , precisa , por momentos grandiosa y casi siempre conmovedora .","una pelíula ocura, precias, por momentso grandiosa y cai siemper conmovedora.",LABEL_1,71,14,False
a live-wire film that never loses its ability to shock and amaze .,a live - wire film that never lo$es its ability to shock and amaze.,LABEL_2,22,1,True
"a vibrant , colorful , semimusical rendition .","a virant, colorful, semimsical rendition.",LABEL_2,35,8,False
"a better title , for all concerned , might be swept under the rug .","a better title, for all cncerned, night beryllium swept udner the rug.",LABEL_1,40,6,True
the difference between cho and most comics is that her confidence in her material is merited .,th e difference betwixt cho and most comcis is that her confidence in her material is merited.,LABEL_1,101,17,False
we have an actor who is great fun to watch performing in a film that is only mildly diverting .,w e have an ac tor who is with child fu n to watch performing in a film that is only mildly diverting.,LABEL_2,39,4,True
"even these tales of just seven children seem at times too many , although in reality they are not enough . every child's story is what matters . this film can only point the way -- but thank goodness for this signpost .","even these tales of just seven children seem at times too many , although in reality they are not enough . every child's story is what matters . this film can only point the wa y -- but thank goodness f or this signpost.",LABEL_2,26,2,True
"hardly an objective documentary , but it's great cinematic polemic . . . love moore or loathe him , you've got to admire . . . the intensity with which he's willing to express his convictions .","hardly a n objective documnetary, bu t information technology ' s gr eat cinmatic polemicist... love moore or loathe him , you've got to admire . . . the intensity with which he's willing to express his convictions .",LABEL_2,142,28,False
"the town has kind of an authentic feel , but each one of these people stand out and everybody else is in the background and it just seems manufactured to me and artificial .","t he town has kind of an authentic feel, but each one of these people stand out and everybody else is in the background and it just seems manufactured to me and artificial.",LABEL_1,39,2,True
"decasia is what has happened already to so many silent movies , newsreels and the like . the unexpected thing is that its dying , in this shower of black-and-white psychedelia , is quite beautiful .","decasia is what has happened already to so many silent movies , newsreels and the like . the unexpected thing is that its dying, in this shower of black - and - white psychedelia, is quite bautiful.",LABEL_2,29,1,True
"an unbelievably stupid film , though occasionally fun enough to make you forget its absurdity .","a n ubnelievably stupid fi lm, thoguh occasionally fun enough to make you forget 1ts silliness.",LABEL_0,91,16,False
"the actors don't inhabit their roles -- they're trapped by them , forced to change behavior in bizarre unjustified fashion and spout dialog that consists mostly of platitudes .","the actors do n't ihnabit their roles -- they 're immobilise by them, forecd to modify behvior inward bizarre unjustified fashion and s pout dialog that consists mostly of platitudes.",LABEL_0,80,10,True
"this ecologically minded , wildlife friendly film teaches good ethics while entertaining with its unconventionally wacky but loving family","this ecologically minded, wildlife friendly f ilm teaches god ethics while hold with its unconventionally wacky but have it off family",LABEL_2,38,4,True
tries to add some spice to its quirky sentiments but the taste is all too familiar .,tries to add some spice to its quirky sentiments but the taste is entirely too familiar.,LABEL_1,25,1,True
"a cross between blow and boyz n the hood , this movie strives to be more , but doesn't quite get there . good performances keep it from being a total rehash .","a cross between blow and boyz n the hood , this movie strives to be more , but doesn't quite get there . good performances keep it from being a total rehash .",LABEL_1,3,0,False
the entire movie establishes a wonderfully creepy mood .,the entire move establishes a wonderfully creepy mood.,LABEL_2,14,1,True
"its gross-out gags and colorful set pieces . . . are of course stultifyingly contrived and too stylized by half . still , it gets the job done -- a sleepy afternoon rental .","its gro ss - out gags and colorful set pieces.. . are of course stultifyingly contrived and too stylized by half . still , it gets the job done -- a sleepy afternoon rental .",LABEL_0,23,2,True
disappointing in comparison to other recent war moviesor any other john woo flick for that matter .,disappointing in equivalence to ot her recnet war novies or any otehr john wo o flick for tht subject.,LABEL_0,107,18,False
"though the film is well-intentioned , one could rent the original and get the same love story and parable .","though the film is well - intentioned, one could rent the original a nd get the same lo ve story and allegory.",LABEL_2,37,4,True
"a drama of great power , yet some members of the audience will leave the theater believing they have seen a comedy .","a drama of great poer, yet some memb3rs of the audience w ill leve the theater believing they hve seen a comedy.",LABEL_1,76,14,True
"while the ideas about techno-saturation are far from novel , they're presented with a wry dark humor .","whie the ideas about techno - saturation are far from fresh, they 're presented with a ironical dark body fluid.",LABEL_1,63,11,True
"[serry] wants to blend politics and drama , an admirable ambition . it's too bad that the helping hand he uses to stir his ingredients is also a heavy one .","[serry] wants to blend politics and drama , an admirable ambition . i t ' s too bad tat the helping hand he use of goods and services to stir his ingredients is also a heavy one.",LABEL_0,50,6,True
"the movie is dawn of the dead crossed with john carpenter's ghosts of mars , with zombies not as ghoulish as the first and trains not as big as the second .","th e movie is dawn of the dead frustrate with Saint John the Apostle carpenter '$ ghosts of mars, with zombies n0t as ghoulish as the first and trains not as big as the second.",LABEL_1,83,11,True
"a very long movie , dull in stretches , with entirely too much focus on meal preparation and igloo construction .","a very long movie, dull in stretches, with entirely also much focus on meal preparation and igloo construction.",LABEL_0,29,1,True
". . . unlikable , uninteresting , unfunny , and completely , utterly inept .",". . . unlikable , uninteresting , unfunny , and completely , utterly inept .",LABEL_0,57,12,False
"the script's snazzy dialogue establishes a realistic atmosphere that involves us in the unfolding crisis , but the lazy plotting ensures that little of our emotional investment pays off .","the script 's snazzy dialogue establishes a realistic atmosphere that involves us in the unfolding crisis, but the lazy plotting ensures that little of our emotional investment pays of f.",LABEL_1,35,1,True
it's deep-sixed by a compulsion to catalog every bodily fluids gag in there's something about mary and devise a parallel clone-gag .,it ' s dep - sixed by a compulsion to catalog ev3ry bodily fluids g ag inch thee ' s smoething abut ma ry and devies a par@llel clone - gag.,LABEL_1,101,18,True
"if you love reading and/or poetry , then by all means check it out . you'll probably love it .","i f you eff reding and/ro potery, then by a ll mean s chck i t come out of the closet. you'll probably love it .",LABEL_2,82,15,True
"so young , so smart , such talent , such a wise * * * .","so young, so voguish, such talnt, su ch a wise * * *.",LABEL_2,37,5,True
"there's a neat twist , subtly rendered , that could have wrapped things up at 80 minutes , but kang tacks on three or four more endings .","there's a neat twist , subtly rendered , that could have wrapped things up at 80 minutes , but kang tacks on three or four more endings .",LABEL_1,157,29,False
"the action here is unusually tame , the characters are too simplistic to maintain interest , and the plot offers few surprises .","the action here 1s unusually tame, the characters are too simplistic t o maintain interest, and the plot offers fe w surprises.",LABEL_0,38,4,True
a savvy exploration of paranoia and insecurity in america's culture of fear .,a savvy exploration of paranoia and insecurity in america's culture of fear .,LABEL_0,79,14,False
"audiences are advised to sit near the back and squint to avoid noticing some truly egregious lip-non-synching , but otherwise the production is suitably elegant .","audiences are advised to sit near the back and squint to avo id noticing some truly egregious lip - non - synching, bu t otherwise the production is suitably elegant.",LABEL_2,44,3,True
"you needn't be steeped in '50s sociology , pop culture or movie lore to appreciate the emotional depth of haynes' work . though haynes' style apes films from the period . . . its message is not rooted in that decade .","you nee d n't be steeped in ' 50s sociology, pop culture or movie lore to appreciate the emotional depth of haynes ' work. thouhg haynes ' syle apes fi1ms from the peiod... its message is not rooted in that decade .",LABEL_1,93,14,True
"even though it's common knowledge that park and his founding partner , yong kang , lost kozmo in the end , you can't help but get caught up in the thrill of the company's astonishing growth .","even though it 's common knowledge that park and his founding partner, yong kang, lost kozmo in the end, you ca n't help bu t get caught up in the thrill of the company 's astonishing growth.",LABEL_2,44,1,True
it treats women like idiots .,it treas women like iditos.,LABEL_0,16,2,True
"if you adored the full monty so resoundingly that you're dying to see the same old thing in a tired old setting , then this should keep you reasonably entertained .","if you aored the full monty so resoundingly that you 're dying to see the same old thing in a tired old setting, then this should keep you reasonably entertained.",LABEL_2,37,1,True
a dreary rip-off of goodfellas that serves as a muddled and offensive cautionary tale for hispanic americans .,a dreary r ip - off of goodfellas that serves as a muddled and ofensive cautionary tale for hispanic americans.,LABEL_0,29,2,True
so relentlessly wholesome it made me want to swipe something .,so relentlessly wholesone it made me want to swipe something.,LABEL_2,18,1,True
"yes they can swim , the title is merely anne-sophie birot's off-handed way of saying girls find adolescence difficult to wade through .","yes t hey c an swimming, the title is merely anne - sophie birot 's off - handed way of saying girls find adolescence difficult to wade through.",LABEL_1,42,3,True
the first half bursts with a goofy energy previous disney films only used for a few minutes here and there .,the first half bursts with a goofy energy previos disney films only victimised for a few minutes he re and there.,LABEL_1,41,5,True
"as david letterman and the onion have proven , the worst of tragedies can be fertile sources of humor , but lawrence has only a fleeting grasp of how to develop them .","as david letterman and the onion have proven, the worst of tragedies can be fertile sources of humor, but lawrence has only a fleeting grasp of ho w to develop them.",LABEL_0,37,1,True
"typical animé , with cheapo animation ( like saturday morning tv in the '60s ) , a complex sword-and-sorcery plot and characters who all have big round eyes and japanese names .","typical animé, with cheapo animation ( lie Sabbatum moring tv in the ' 60s ), a conplex swod - and - srcery pl0t and characters who completely have crowing r ound eyes and japane$e nanes.",LABEL_1,161,32,True
a lot more dimensional and complex than its sunny disposition would lead you to believe .,a lot more dimensional and complex th an its sunny disposition would lad you to beileve.,LABEL_1,37,5,True
"solaris "" is a shapeless inconsequential move relying on the viewer to do most of the work .","solaris "" is a shapeless inconsequent move relying on the viewer t o do most o f the work.",LABEL_1,44,7,True
it's a sharp movie about otherwise dull subjects .,it 's a sharp movie about otherwise dull subects.,LABEL_2,15,1,True
"deadly dull , pointless meditation on losers in a gone-to-seed hotel .","deadyl dull, point1ess meditation on losers in a gone - to - seed hotel.",LABEL_0,27,2,True
"one long , numbing action sequence made up mostly of routine stuff yuen has given us before .","ome long, numbing action seqence made up mosly of routine stuff yen has given us before.",LABEL_1,40,4,True
a listless and desultory affair .,a listless a nd desultory affair.,LABEL_0,15,2,True
"its strengths and weaknesses play off each other virtually to a stand-off , with the unfortunate trump card being the dreary mid-section of the film .","its strengths and weaknesses play off each other virtually to a stand - off, with t he unfortunate trump card be ing the drery mid - section of the film.",LABEL_0,49,4,True
i thought my own watch had stopped keeping time as i slogged my way through clockstoppers .,i thought my own wat ch had stopped keeping time as i slogged my way through clockstoppers.,LABEL_0,21,1,True
"pull[s] off the rare trick of recreating not only the look of a certain era , but also the feel .","pu1l[s ] o ff the rare tr1ck o f recreatng not only the look of a sure era, but also th e fel.",LABEL_1,119,22,False
"the direction occasionally rises to the level of marginal competence , but for most of the film it is hard to tell who is chasing who or why .","th e direction occasion@lly r1ses t o the tear down of marginal competency, but for most of t he film it is hard to tell who is chasing who o r why.",LABEL_1,79,11,True
"the result is somewhat satisfying -- it still comes from spielberg , who has never made anything that wasn't at least watchable . but it's also disappointing to a certain degree .","the result is somewhat satisfying -- it still comes from spielberg , who has never made anything that wasn't at least watchable . but it's also disappointing to a certain degree .",LABEL_1,3,0,False
"evelyn may be based on a true and historically significant story , but the filmmakers have made every effort to disguise it as an unimaginative screenwriter's invention .","evelny m@y be based on a true and historically significant story, but t he fimmakers have mad e every effort to disguise it as an unimaginative screenwiter '$ invention.",LABEL_1,63,7,True
the hot topics of the plot are relegated to the background -- a welcome step forward from the sally jesse raphael atmosphere of films like philadelphia and american beauty .,the hot topics of the plot are relegated to the b@ckground -- a welcome ste p forard from the sally jesse raphael atmosphere of films like philadelphia and american beauty.,LABEL_2,44,3,True
"while the story does seem pretty unbelievable at times , it's awfully entertaining to watch .","while the narrative does seem pretty unbelievable at times, it 's awfully entertaining to watch.",LABEL_2,25,1,True
the movie is too impressed with its own solemn insights to work up much entertainment value .,the movie is too impressed wit h i ts own solenn insights to work up much entertainment value.,LABEL_1,37,5,True
"the animation and backdrops are lush and inventive , yet return to neverland never manages to take us to that elusive , lovely place where we suspend our disbelief .","the animation and backdrops a re lush and inventive, yet return to neverland never manages to take us to that elusive, lovely place where we suspend our disbelief.",LABEL_2,34,1,True
there's none of the happily-ever -after spangle of monsoon wedding in late marriage -- and that's part of what makes dover kosashvili's outstanding feature debut so potent .,there 's none of the happily - ever -after spangle of monsoon wedding i n late marriage -- and that 's part of what makes dover kosashvili 's outstanding feature debut so potent.,LABEL_2,37,1,True
"smart and fun , but far more witty than it is wise .","smart and fum, but far more wit ty than it is wise.",LABEL_2,22,2,True
"places a slightly believable love triangle in a difficult-to-swallow setting , and then disappointingly moves the story into the realm of an improbable thriller .","stead a slightly believable love triangle in a difficult - to - swallow setting, and th en disappointingly moves the story into the re alm of an improbable thriller.",LABEL_0,53,5,True
"for the most part , i spy was an amusing lark that will probably rank as one of murphy's better performances in one of his lesser-praised movies .","for the most part, i spy was an aumsing lark that will probably rank as 0ne of murphy 's sound performances in one of his lesser - praised movies.",LABEL_2,47,3,True
. . . a roller-coaster ride of a movie,. . . a roller - coaster ride of a movie,LABEL_1,47,11,False
a close-to-solid espionage thriller with the misfortune of being released a few decades too late .,a close - to - solid epsionage thriller with the misfortune of being released a few decades too late.,LABEL_0,26,1,True
"'yes , that's right : it's forrest gump , angel of death . '","' yes, that 's right : it 's forrest gu mp, angel of dea th. '",LABEL_1,62,14,True
"there are things to like about murder by numbers -- but , in the end , the disparate elements don't gel .","there are things to like about mrder by numbers -- but, in the end, the disparate elements do n't gel.",LABEL_0,28,1,True
the affectionate loopiness that once seemed congenital to demme's perspective has a tough time emerging from between the badly dated cutesy-pie mystery scenario and the newfangled hollywood post-production effects .,the affectionate loopiness that once seemed congenital to demme 's perspective has a tough time emerging from between the badly dated cutey - pie mystery scenario and th3 newfangled hollywood post - production effects.,LABEL_0,77,10,True
"perhaps a better celebration of these unfairly dismissed heroes would be a film that isn't this painfully forced , false and fabricated .","perhaps a better celebration of these unfairly dismssed heroes would be a film that is n't this painfully forced, false a nd fabricated.",LABEL_0,45,5,True
"you come away thinking not only that kate isn't very bright , but that she hasn't been worth caring about and that maybe she , janine and molly -- an all-woman dysfunctional family -- deserve one another .","you come away thinking not o nly that kate is n't very bright, but that she has n't been wo rth carign about and that maybe she, janine and molly -- an all - woman dysfunctional family -- deserve one another.",LABEL_0,61,4,True
viveka seldahl and sven wollter will touch you to the core in a film you will never forget -- that you should never forget .,viveka seldahl and sven wollter will trace you to the cre in a celluloid you will n3ver forget -- that you should never forget.,LABEL_2,47,4,True
"an ambitious movie that , like shiner's organizing of the big fight , pulls off enough of its effects to make up for the ones that don't come off .","an ambitious movie that, like shiner 's organizing of the big fight, pulls off enough of its effects to mke up for the ones that do n't come off.",LABEL_2,37,1,True
sheridan's take on the author's schoolboy memoir . . . is a rather toothless take on a hard young life .,sheridan's take on the author's schoolboy memoir . . . is a rathr toothless take on a hard young lif e.,LABEL_0,22,2,True
"graças às interações entre seus personagens , o filme torna-se não apenas uma história divertida sobre uma curiosa perseguição , mas também um belo estudo de personagens .","garças às inerações etre sus persongens, o filme torma - se não apeas u ma histria divertda sore uma cur1osa perseguiço, mum tmabém u m belo estudo de personagens.",LABEL_1,163,30,False
"these characters are so well established that the gang feels comfortable with taking insane liberties and doing the goofiest stuff out of left field , and i'm all for that .","these charactesr are s o well established that the gang feels comfortable with taking insane liberties and doing the goofiest stuff out of left field, and i 'm all for that.",LABEL_2,41,2,True
"if legendary shlockmeister ed wood had ever made a movie about a vampire , it probably would look a lot like this alarming production , adapted from anne rice's novel the vampire chronicles .","if fabled shlockmeister ed wood had ever made a moie about a vampire, i t probably would look a lot like this alarming production, adapted from ane rice '$ refreshing the vampire chronicles.",LABEL_1,98,15,True
gussied up with so many distracting special effects and visual party tricks that it's not clear whether we're supposed to shriek or laugh .,gusside up with s o many distrcting special effect$ and visual party tricks that it 's no t clear whether we 're spuposed t o shriek or laugh.,LABEL_0,60,7,True
. . . surprisingly inert for a movie in which the main character travels back and forth between epochs .,. . . surprisingly indifferent for a motion-picture show inward which the main character trvels b@ck and fo rth between epocs.,LABEL_1,93,16,True
"hypnotically dull , relentlessly downbeat , laughably predictable wail pitched to the cadence of a depressed fifteen-year-old's suicidal poetry .","hypnotically d ull, relentlessly downbeat, laughably preditable wail pitched to the cadence of a depressed fifteen - year - old 's sucidal poetry.",LABEL_0,46,5,True
"bravo for history rewritten , and for the uncompromising knowledge that the highest power of all is the power of love .","assassin for history rewritten, and for the uncompromising knowledge that the highest power of all is the power of lo ve.",LABEL_2,31,2,True
"an elegant work , food of love is as consistently engaging as it is revealing .","an eleg@nt work, food of love is as consistently engagig as it is revealing.",LABEL_2,26,2,True
odd and weird .,o dd and w eird.,LABEL_0,13,2,True
i kept wishing i was watching a documentary about the wartime navajos and what they accomplished instead of all this specious hollywood hoo-ha .,i kept wishing i was waching a documentary about the wartime navajos and what they accomplishd instead of all this specious hollywood hoo - ha.,LABEL_0,41,3,True
crummy,crumy,LABEL_0,9,1,False
"a sham construct based on theory , sleight-of-hand , and ill-wrought hypothesis .","a $ham construct based on theory, sleight - o f - hand, and ill - wrought hypothesis.",LABEL_0,44,6,True
a romantic comedy enriched by a sharp eye for manners and mores .,a romantic comedy enriched past a sharp eye for manners and mores.,LABEL_2,21,1,True
an old-fashioned drama of substance about a teacher's slide down the slippery slope of dishonesty after an encounter with the rich and the powerful who have nothing but disdain for virtue .,an old - fashioned drama of substance about a teacher 's slide down the slippery slope of dishonesty after an encounter with the rich and the powerful who have nada bu t disdain for virtue.,LABEL_0,48,2,True
"here's my advice , kev . start reading your scripts before signing that dotted line .","here ' s my advice, kev. start reading your script$ before bless that sprinkle line.",LABEL_1,95,17,False
"even if it pushes its agenda too forcefully , this remains a film about something , one that attempts and often achieves a level of connection and concern .","even if it pushes its @genda too forcefully, this remains a film about something, one tha t atetmpts and often achieves a level of connection and concern.",LABEL_1,43,3,True
you don't have to be an especially tough grader to give a charitable b-minus to the emperor's club .,you do n't h@ve t o be an especially tough grader to give a charitable b - minus to the emperor 's club.,LABEL_1,42,4,True
"oft-described as the antidote to american pie-type sex comedies , it actually has a bundle in common with them , as the film diffuses every opportunity for a breakthrough","oft - described as the antidote to american pie - type sex comedies, i t actually has a bunle i n common with them, as the film diffuses every opportunity for a breakthrouh",LABEL_1,100,15,True
a mixed bag of a comedy that can't really be described as out of this world .,a mixed bag of a comedy tat ca n't really be described as out of this world.,LABEL_0,23,1,True
"starts off with a bang , but then fizzles like a wet stick of dynamite at the very end . it's still worth a look .","starts off with a bang , but then fizzles like a wet stick of dynamite at the very end . it 's still worth a l ook.",LABEL_2,12,1,True
it's a masterpiece .,it 's a materpiece.,LABEL_2,10,1,True
"the premise for this kegger comedy probably sounded brilliant four six-packs and a pitcher of margaritas in , but the film must have been written . . . in the thrall of a vicious hangover .","the premise for this kegger comedy probably sounded brlliant four six - packs and a pitcher of margaritas in, but the film must have been written... in the thrall of a vicious hangover .",LABEL_2,36,1,True
the film's stagecrafts are intimate and therefore bolder than the otherwise calculated artifice that defines and overwhelms the film's production design .,the film 's stagecrafts are intimate and theref0re bolder than the otherwise calulated artifiec tha t defines amd overcome the film 's production design.,LABEL_1,57,6,True
it's refreshing to see a romance this smart .,it 's refershing to s ee a romance thi s smart.,LABEL_2,24,3,True
"in the end , the film feels homogenized and a bit contrived , as if we're looking back at a tattered and ugly past with rose-tinted glasses .","in the end, the film feels homogenized and a bit contirved, as if we 're looking back at a tattered and ug1y past with rose - tinted glasses.",LABEL_0,42,2,True
it's like an all-star salute to disney's cheesy commercialism .,it's like an all-star salute to disney's cheesy commercialism .,LABEL_1,79,14,False
"dazzles with its fully-written characters , its determined stylishness ( which always relates to characters and story ) and johnny dankworth's best soundtrack in years .","dazzles with its fu lly - written characters, its determined stylishness ( which always relates to characters and story ) and johnny dnkworth ' s b est soundtrcak i n yeras.",LABEL_2,69,9,True
a gripping documentary that reveals how deep the antagonism lies in war-torn jerusalem .,a gripping documentary that expose how deep the hostility lies in war - torn jerusalem.,LABEL_1,87,16,False
"all in all , a great party .","all in all, a grea t par ty.",LABEL_2,17,2,True
"a reminder that beyond all the hype and recent digital glitz , spielberg knows how to tell us about people .","a reminder that beyond entirely the hype and recent digital glitz, spielberg knows how to tell us about people.",LABEL_2,34,2,True
"this version's no classic like its predecessor , but its pleasures are still plentiful .","this version 's no classic like its predecessor, but its pleasres are still plentiful.",LABEL_2,21,1,True
"time literally stops on a dime in the tries-so-hard-to-be-cool "" clockstoppers , "" but that doesn't mean it still won't feel like the longest 90 minutes of your movie-going life .","time literally stops on a dime in the tries - so - hard - to - be - cool "" clockstoppers, "" but that does n't mean it still wo n't feel like the longest 90 minutes of you r movie - get going life.",LABEL_1,59,3,True
"infidelity drama is nicely shot , well-edited and features a standout performance by diane lane .","infidelity drama is ncely shot, well - edited and features a stanout performance by diane lane.",LABEL_2,28,2,True
"what's most offensive isn't the waste of a good cast , but the film's denial of sincere grief and mourning in favor of bogus spiritualism .","what 's mot offesnive is n't the waste of a good cast, bu t the film ' s denial of sincere grief a nd mournign im fav0r of b ogus spiritualism.",LABEL_0,96,13,True
"how on earth , or anywhere else , did director ron underwood manage to blow $100 million on this ?","h ow on earth, or anywhere else, did director ron underwood manage to boast $ 100 million on this?",LABEL_0,30,2,True
lacks the inspiration of the original and has a bloated plot that stretches the running time about 10 minutes past a child's interest and an adult's patience . but it also has many of the things that made the first one charming .,lack the inspiration of the original and has a bloated plot that stretches the running time about 10 minutes past a child 's interest and an adult 's patience. but it also has many of the things that made the first one charming .,LABEL_0,39,1,True
"like schindler's list , the grey zone attempts to be grandiloquent , but ends up merely pretentious -- in a grisly sort of way .","like schindler 's list, the grey zone attempts to be grandiloquent, but e nds u p merely pretenious -- in a grisly sort of way.",LABEL_0,40,3,True
"every now and again , a movie comes along to remind us of how very bad a motion picture can truly be . frank mcklusky c . i . is that movie !","every now and again, a movie comes along to remind us of how very ba d a motion picture can truly be. frank mcklusky c . i . is that movie !",LABEL_0,29,1,True
"fails to satisfactorily exploit its gender politics , genre thrills or inherent humor .","fails to satisfactorily 3xploit its gender politics, genre thrills or inhernet humor.",LABEL_1,36,4,True
"the angst-ridden , affluent slacker characters are more grating than engaging .","the angst - ridden, affluent slacker characters are more gratig thn engaging.",LABEL_0,24,2,True
"its use of the thriller form to examine the labyrinthine ways in which people's lives cross and change , buffeted by events seemingly out of their control , is intriguing , provocative stuff .","its us3 of the thriller form to examine the labyrinthine ways in which people 's lives cross and cange, buffeted by events seemingly out of their control, is intriguing, provocative stu ff.",LABEL_2,49,3,True
the solid filmmaking and convincing characters makes this a high water mark for this genre .,the soli d filmmaking and convincing characters take a leak this a high water mark for this genre.,LABEL_2,25,2,True
"ryosuke has created a wry , winning , if languidly paced , meditation on the meaning and value of family .","ryosuke has created a wr y, winning, i f languidly paced, meditation o n t he meainng and value of family.",LABEL_1,63,11,True
plays like a bad blend of an overripe episode of tv's dawson's creek and a recycled and dumbed-down version of love story .,plays like a ba d blend of an overripe episode of tv 's dawson 's creek and a recycled and dumbed - down version of love story.,LABEL_0,31,1,True
"enough is not a bad movie , just mediocre . the performances are so overstated , the effect comes off as self-parody .","enough is not a bad movie, just second-rate. th3 performanecs @re thus overstated, the effect comes o ff @s sef - paroy.",LABEL_0,98,16,True
". . . very funny , very enjoyable . . .",". . . vey funny, rattling enjoyable...",LABEL_2,37,8,False
"an energizing , intoxicating documentary charting the rise of hip-hop culture in general and the art of scratching ( or turntablism ) in particular .","an energizing, intoxicating documentary chart1ng t he rise 0f hip - hop culture in general and the art of scratching ( or turntablism ) 1n part1cular.",LABEL_2,55,6,True
"jirí hubac's script is a gem . his characters are engaging , intimate and the dialogue is realistic and greatly moving . the scope of the silberstein family is large and we grow attached to their lives , full of strength , warmth and vitality . .","jirí hubac's script is a gem . his charactesr constitute pursue, intimate and the dia1ogue i s naturalistic an d gratly movign. the scope of the silberstein family is large and we grow attached to their lives , full of strength , warmth and vitality . .",LABEL_2,263,48,False
"sometimes this modest little number clicks , and sometimes it doesn't .","sometimes this modest little nmuber clicks, and sometimes i t does n't.",LABEL_1,73,13,False
"about as enjoyable , i would imagine , as searching for a quarter in a giant pile of elephant feces . . . positively dreadful .","about as enjoyable , i would imagine , as searching for a quarter in a giant pile of elephant feces . . . positively dredful.",LABEL_0,9,1,True
a little weak -- and it isn't that funny .,a little weak -- and it is n't that fnny.,LABEL_0,16,1,True
"from beginning to end , this overheated melodrama plays like a student film .","from beginning to end, ths overheated melodrama plays lik e a student film.",LABEL_0,33,4,True
"just another disjointed , fairly predictable psychological thriller .","just another disjointed, fairly predicable psychological thriller.",LABEL_0,14,1,True
'like a child with an important message to tell . . . [skins'] faults are easy to forgive because the intentions are lofty . ',' corresponding a child with am important message t o tel l... [skins'] faults are easy to forgive because the intentions are lofty . ',LABEL_1,53,12,True
"a graceless , witless attempt at mating some like it hot with the wwii espionage thriller .","a graceless, witless attempt at mating some like it hot with the wwii espionage thriller.",LABEL_0,21,1,True
the best film of the year 2002 .,the b est film of the year 2002.,LABEL_2,12,1,True
"does a good job of establishing a time and place , and of telling a fascinating character's story .","does a goo d job of establishing a time and place, and of telling a fsacinating character 's story.",LABEL_2,29,2,True
"if you thought tom hanks was just an ordinary big-screen star , wait until you've seen him eight stories tall .","i f yo u thought tom hanks was just an ordinary big - screen s tar, wait until you ' ve sen him eight stories tall.",LABEL_1,64,9,True
"at its best , it's black hawk down with more heart . at its worst , it's rambo- meets-john ford .","at its best , it's black hawk down with more heart . at its worst , it's rambo- meets-john ford .",LABEL_1,3,0,False
it treats ana's journey with honesty that is tragically rare in the depiction of young women in film .,it trats ana 's journey with money plant that is tragically rare in the depiction of young women in film.,LABEL_1,30,2,True
"very well made , but doesn't generate a lot of tension .","very well made, but does n't generate a lot of tension.",LABEL_2,17,1,True
a deep and meaningful film .,a deep a nd meaningful film.,LABEL_2,10,1,True
it's one thing to read about or rail against the ongoing - and unprecedented - construction project going on over our heads . it's quite another to feel physically caught up in the process .,it 's one thing to r3ad about or rail against the ogoing - and unprecedented - building project going on over 0ur heads. it's quite another to feel physically caught up in the process .,LABEL_0,53,5,True
kapur's contradictory feelings about his material result in a movie that works against itself .,kapur 's contradictory feelings about his material result in a movie th at worsk against itself.,LABEL_0,25,2,True
"terminally bland , painfully slow and needlessly confusing . . . the movie , shot on digital videotape rather than film , is frequently indecipherable .","terminal1y b1and, sorely slw an d neeldessly flurry... the movie , shot on digital videotape rather than film , is frequently indecipherable .",LABEL_0,51,8,True
no telegraphing is too obvious or simplistic for this movie .,no telegraphing is too obvious or simplistic for this movie.,LABEL_1,65,11,False
the gags that fly at such a furiously funny pace that the only rip off that we were aware of was the one we felt when the movie ended so damned soon .,th e gags that fly at such a furiously funny pace that the only r1p off that we were aware of was the one we felt when the movie ende d so damned soon.,LABEL_0,47,3,True
"feels at times like a giant commercial for universal studios , where much of the action takes place .","feels at tim3s like a giant star commercial for universal studios, where much of the action takes pace.",LABEL_1,105,19,False
"mr . deeds is not really a film as much as it is a loose collection of not-so-funny gags , scattered moments of lazy humor .","mr. deeds is not really a fil m as much as it is a loose collection of n ot - so - funny gags, scattered moments of lazy humor.",LABEL_0,39,2,True
"godard has never made a more sheerly beautiful film than this unexpectedly moving meditation on love , history , memory , resistance and artistic transcendence .","godard has nevre made a nore sheerly beautiufl film than this unexpectedly moving meditation on love, history, memory, resistance and artistic transcendence.",LABEL_2,42,3,True
with its parade of almost perpetually wasted characters . . . margarita feels like a hazy high that takes too long to shake .,w ith its parade of almost perpetually watsed characters... margarita feels like a hazy high that takes too long to shake .,LABEL_0,31,4,True
"over-the-top and a bit ostentatious , this is a movie that's got oodles of style and substance .","over-the-top and a bit ostentatious , this is a movie that's got oodles of style and substance .",LABEL_1,117,23,False
"bursting through the constraints of its source , this is one adapted- from-television movie that actually looks as if it belongs on the big screen .","bursting through the constraints of its source, this is one adapted- from - television movie that actually loo ks as if it blongs on the big screen.",LABEL_2,38,2,True
it asks nothing of the audience other than to sit back and enjoy a couple of great actors hamming it up .,it asks nothing of the audience other than to sit back and enjoy a couple of grea t actors hamming it up.,LABEL_2,26,1,True
"if you are an actor who can relate to the search for inner peace by dramatically depicting the lives of others onstage , then esther's story is a compelling quest for truth .","if you are an actor wh0 can relate to the search for inner peac e by dramatically depicting the lives of others onstage, then esther 's story is a compelling seeking for truth.",LABEL_2,53,4,True
about as big a crowdpleaser as they possibly come .,just about as big a crowdpleaser as they possibly come.,LABEL_1,19,2,True
a solid film . . . but more conscientious than it is truly stirring .,a soid motion picture... but more conscientious than it is truly stirring .,LABEL_2,18,3,True
"at a time when we've learned the hard way just how complex international terrorism is , collateral damage paints an absurdly simplistic picture .","at a time when we 've learned the h ard way just how complex international terrrism i s, collateral damage paints an absurldy simplistic picture.",LABEL_0,44,4,True
"a surprisingly flat retread , hobbled by half-baked setups and sluggish pacing .","a surprisingly fl at retread, hobbled by half - baked setups and sluggish p@cing.",LABEL_1,29,4,True
"what is 100% missing here is a script of even the most elemental literacy , an inkling of genuine wit , and anything resembling acting .","what is 1 00 % missing here is a script of even the most elemental literacy, an inkling of genuine wit, and anythig resembling acting.",LABEL_0,38,3,True
it's neither as romantic nor as thrilling as it should be . but it offers plenty to ponder and chew on as its unusual relationship slowly unfolds .,it's neither as romantic nor as thrilling as it should be . but it offers plenty to ponder an d chaw on as it s unusual human relationship slowly unfolds.,LABEL_2,62,10,True
morvern rocks .,mrvern rocks.,LABEL_1,13,2,True
"and if you appreciate the one-sided theme to lawrence's over-indulgent tirade , then knock yourself out and enjoy the big screen postcard that is a self-glorified martin lawrence lovefest . if you are willing to do this , then you so crazy !","and if you appreciate the one - sided theme to lawrence 's over - indulgent tirade, then knock yourself out and enjoy the big screen postcard that is a self - glorified matin lawrence lovefe$t. if you are willing to do this , then you so crazy !",LABEL_1,70,8,True
"the country bears has no scenes that will upset or frighten young viewers . unfortunately , there is almost nothing in this flat effort that will amuse or entertain them , either .","the country bears has no scenes that will upset or frighten young viewers . ufnortunately, there is almost aught in this flat effort that will amuse or entertain them, either.",LABEL_0,31,2,True
"ensemble movies , like soap operas , depend on empathy . if there ain't none , you have a problem .","ensemble movies, lie soap operas, depend on empathy. if there ain't none , you have a problem .",LABEL_1,22,2,True
"long before it's over , you'll be thinking of 51 ways to leave this loser .","long before it 's over, you 'll be thinking of 51 ways to leave this lose r.",LABEL_0,22,1,True
a compelling motion picture that illustrates an american tragedy .,a compelling moton picture that illustrates an american tragedy.,LABEL_1,55,10,False
"the x potion gives the quickly named blossom , bubbles and buttercup supernatural powers that include extraordinary strength and laser-beam eyes , which unfortunately don't enable them to discern flimsy screenplays .","the x potion g ives the quickly named blossom, bubbles and buttercup supernatural powers that include sinful strength and laser - beam eyes, which unfortunately do n't enable them to discern flimsy screenplays.",LABEL_1,44,2,True
"a shame that stealing harvard is too busy getting in its own way to be anything but frustrating , boring , and forgettable .","a shame tat stealing harvard is t oo busy cause in information technology own way to b3 @nything but frustrative, drilling, a nd forgettabl3.",LABEL_0,131,24,False
"in a 102-minute film , aaliyah gets at most 20 minutes of screen time . . . . most viewers will wish there had been more of the "" queen "" and less of the "" damned . ""","Indiana a 102 - minute flick, aalyah get$ a t nost 2 0 minutes of scren time.... most viewers will wish there had been more of the "" qu een "" and less of the "" damned. """,LABEL_1,119,21,True
ferrara directs the entire film with the kind of detachment that makes any given frame look like a family's custom-made christmas card .,ferrara directs t he entire film with the kind of breakup that makes any givem frame look lie a family 's custom - made christmas c@rd.,LABEL_1,71,9,True
"as a movie , it never seems fresh and vital . it never plays as dramatic even when dramatic things happen to people . it labours as storytelling .","as a novie, it never $eems fres h and vital. it never plays as dramatic even when dramatic things happen to people . it labours as storytelling .",LABEL_0,27,3,True
first-time director joão pedro rodrigues' unwillingness to define his hero's background or motivations becomes more and more frustrating as the film goes on .,first - time director joão pedro rodrigues ' unwillingness to define his hero 's background or motivations becomes more and m ore frustratng as the film goes on.,LABEL_0,38,2,True
winds up feeling like lots of other quirky movies that try to score hipness points with young adults .,winds up feeling like lots of other quirky movies that tr y to score hipness points with young adults.,LABEL_1,23,1,True
you don't have to know about music to appreciate the film's easygoing blend of comedy and romance .,you do n't have t0 know about music to appreciate th e film 's easygoing blend of comedy and romance.,LABEL_2,29,2,True
vampire epic succeeds as spooky action-packed trash of the highest order .,vampire epic succeeds as spooky action - packed trash o f the highest order.,LABEL_1,39,6,True
"while it has definite weaknesses -- like a rather unbelievable love interest and a meandering ending -- this '60s caper film is a riveting , brisk delight .","while it has definite weaknesses -- like a rather unbelievable love interest and a meandering ending -- this ' 60s caper film i s a riveting, brisk please.",LABEL_2,38,2,True
eckstraordinarily lame and severely boring .,eckstraordinarily lam e and severely bornig.,LABEL_0,15,2,True
"often overwrought and at times positively irritating , the film turns into an engrossing thriller almost in spite of itself .","often overwrought and astatine times positively irritating, the film turns into an engrossing thriller a1most in spite of itself.",LABEL_0,38,3,True
"boy oh boy , it's a howler .","boy oh boy, it ' s a howler.",LABEL_1,45,9,False
"made-up lampoons the moviemaking process itself , while shining a not particularly flattering spotlight on america's skin-deep notions of pulchritude .","made - up lamponos the moviemaking process itself, while shinig a not particularly flattering spotlight on amercia 's skin - deep notions of pulchritude.",LABEL_0,42,3,True
"on its icy face , the new film is a subzero version of monsters , inc . , without the latter's imagination , visual charm or texture .","on its icy face, the new film is a subzero version of monsters, inc., without t he ltter 's imagination, visual charm or texture.",LABEL_1,149,29,False
"a real winner -- smart , funny , subtle , and resonant .","a rea l winer -- sma rt, odd, subtle, and resonant.",LABEL_2,33,5,True
insufferably naive .,insufferbaly nai ve.,LABEL_0,12,2,True
"obvious , obnoxious and didactic burlesque .","obvious, obnoixous and didactic burlesque.",LABEL_0,13,1,True
a mimetic approximation of better films like contempt and 8 1/2 .,a mimetic appr0ximation o f better photographic film like cotnempt and 8 1/ 2.,LABEL_1,63,12,False
"<em>ash wednesday</em> is not edward burns' best film , but it is a good and ambitious film . and it marks him as one of the most interesting writer/directors working today .","< em > ash wednesday</em > is not edward burns ' best film, but it is a goo d and ambitious film. and i t strike off him @s o ne 0f th e mos t occupy writer / theatre director worikng nowadays.",LABEL_2,117,17,True
michel piccoli's moving performance is this films reason for being .,mcihel piccoli 's moving performance is this films reason for being.,LABEL_2,18,1,True
"[dong] makes a valiant effort to understand everyone's point of view , and he does such a good job of it that family fundamentals gets you riled up .","[ dong ] makes a valiant effort to understand everyone 's point of view, and he does such a go od job of it that family fundamentals gets you riled up.",LABEL_2,36,1,True
calculated swill .,calculated pigswill.,LABEL_1,12,2,True
"from the choppy editing to the annoying score to 'special effects' by way of replacing objects in a character's hands below the camera line , "" besotted "" is misbegotten","from the choppy editing to the annyoing score to ' special effects ' by way of replacing objects in a character 's hands below the camera line, "" besotted "" is mi$begotten",LABEL_0,45,2,True
[a] real pleasure in its laid-back way .,[ a ] rea l peasure in its laid - back way.,LABEL_2,21,2,True
"apparently , romantic comedy with a fresh point of view just doesn't figure in the present hollywood program .","apparently, romantic comedy with a fresh point of v1ew j ust does n't figure in the present hollywood program.",LABEL_0,29,2,True
"a recent favourite at sundance , this white-trash satire will inspire the affection of even those unlucky people who never owned a cassette of def leppard's pyromania .","a recent favourite at sundace, this white - trash satire will inspire the affection of flush thse unlucky people who never owned a cassette of def leppard 's pyromania.",LABEL_2,72,9,True
director boris von sychowski instead opts for a routine slasher film that was probably more fun to make than it is to sit through .,director boris von sychowski instead ops for a routine slasher film that was probably more fun to make than it is to sit through.,LABEL_2,56,7,True
"the screenplay , co-written by director imogen kimmel , lacks the wit necessary to fully exploit the comic elements of the premise , making the proceedings more bizarre than actually amusing .","the screenplay, co - written by director imogen kimmel, want the wit necessary to fully exploit the comic elements of the premise, making the proceedings more bizarre t han actually amusing.",LABEL_0,43,2,True
"it's all stitched together with energy , intelligence and verve , enhanced by a surplus of vintage archive footage .","it 's all stitched together with energy, intelligence and verve, enhanced by a surpuls of vintage archive footage.",LABEL_1,37,3,True
dignified ceo's meet at a rustic retreat and pee against a tree . can you bear the laughter ?,dignified ceo's meet at a rustic retreat and pee against a tree . can you bear the laughter ?,LABEL_0,3,0,False
"if h . g . wells had a time machine and could take a look at his kin's reworked version , what would he say ? 'it looks good , sonny , but you missed the point . '","if h . g . well had a time mchine and could take a look a t hi$ kin '$ reworked version, wht would h e $ay? 'it looks good , sonny , but you missed the point . '",LABEL_1,119,22,True
has something to say . . . but it is a statement and issue worthy of a much more thoughtfulness and insight than a melodramatic and wholly predictable thriller .,ha s s0mething t o say... b ut it is a assertion an d issue worthy of a much more thoughtfulness and insight th an a melodramatic and wholly predictable thriller.,LABEL_1,81,14,True
on the right track to something that's creepy and effective . . . it's just going to take more than a man in a bullwinkle costume to get there .,on the right track to something that's creepy and effective . . . information technology ' s ju$t going to take more than a nan i n a bullwinkle costume t o get there.,LABEL_1,100,18,False
"a movie more to be prescribed than recommended -- as visually bland as a dentist's waiting room , complete with soothing muzak and a cushion of predictable narrative rhythms .","a movie more to be prescribed thn recommended -- as visually bland a s a dentist 's waiting room, complete with soothing muzak and a cushion of predictable narrative rhythms.",LABEL_0,45,3,True
a woman's pic directed with resonance by ilya chaiken .,a wonan 's pic channelise with resonance by ily a chaiken.,LABEL_1,61,11,False
not since ghostbusters has a film used manhattan's architecture in such a gloriously goofy way .,not since ghostbu$ters h as a film used manhattan 's architecture i n such a gloriously goofy way.,LABEL_1,64,12,True
"for a film that celebrates radical , nonconformist values , what to do in case of fire ? lazily and glumly settles into a most traditional , reserved kind of filmmaking .","for a film that celebrates radical, nonconformist values, what to do in case of fire? lazily and glumly settles into a most traditional , reserved kind of filmmaking .",LABEL_1,24,1,True
the mothman prophecies is best when illustrating the demons bedevilling the modern masculine journey .,the mothman pophecies is best when illustrating the demosn bedevilling th e modern masucline journey.,LABEL_1,37,5,True
"critics need a good laugh , too , and this too-extreme-for-tv rendition of the notorious mtv show delivers the outrageous , sickening , sidesplitting goods in steaming , visceral heaps .","critics n eed a good laugh, too, and this too - extreme - for - tv rendition of the notorious mtv show delivers the outrageous, sickening, sidesplitting goods in steaming, visceral heaps.",LABEL_0,41,1,True
an uneven look into a grim future that doesn't come close to the level of intelligence and visual splendour that can be seen in other films based on philip k . dick stories .,an uneven look into a gr im future tha t does n't come close t0 the level of intelligence and visual splendour that can be seen in other films based on philip k. dick stories .,LABEL_0,47,3,True
one thing you have to give them credit for : the message of the movie is consistent with the messages espoused in the company's previous video work .,one thing you have to give them credit for : th e message of the movie i s consistent with the messages espoused in the company 's previous video work.,LABEL_2,48,4,True
"there's not much more to this adaptation of the nick hornby novel than charm -- effortless , pleasurable , featherweight charm .","the re 's not much m0re to this adaptation of the nick hornby novel than tempt -- effortless, pleasurabel, featherweight charm.",LABEL_2,47,5,True
"a sensitive , modest comic tragedy that works as both character study and symbolic examination of the huge economic changes sweeping modern china .","a sensitive, mild comedian tragedy that woks as both character stdy and symbolic 3xamination o f the huge economic changes sweeping modern china.",LABEL_1,59,8,True
"a thoughtful , provocative , insistently humanizing film .","a thoughtful, provocative, insistently humanise film.",LABEL_2,41,9,False
""" juwanna mann ? "" no thanks . wewannour money back , actually .",""" juwanna m ann? "" no thanks. weannour money back, actulaly.",LABEL_1,57,12,True
"it's hard to fairly judge a film like ringu when you've seen the remake first . many of the effective horror elements are dampened through familiarity , [yet] are worthwhile .","it's hard to fairly judge a film like ringu when you've seen the remake first . many of th e effective repulsion elements are dampened trough familiarity, [ yet ] are worthhwile.",LABEL_1,53,8,True
"it's just disappointingly superficial -- a movie that has all the elements necessary to be a fascinating , involving character study , but never does more than scratch the surface .","it 's ju st disappoinitngly superficial -- a movie that has all the elements necessary to be a fascinating, involving character study, but never does more than scratch the surface.",LABEL_0,41,2,True
"though the violence is far less sadistic than usual , the film is typical miike : fast , furious and full of off-the-cuff imaginative flourishes .","though the violence is far less sadistic than usual, the film is typical miike : fast, furious and full of off - the - cuff imaginative flourish3s.",LABEL_1,37,1,True
. . . a bland murder-on-campus yawner .,. . . a blan d muder - on - camps yawner.,LABEL_0,26,5,True
both damning and damned compelling .,both damning and damned compelling .,LABEL_1,35,6,False
"dialogue-heavy and too cerebral for its own good -- or , at any rate , too cerebral for its racy subject matter .","dialogue - heav y and too cerebral for its own god -- or, at any rate, too intellectual for its racy subject matter.",LABEL_0,45,4,True
"who is the audience for cletis tout ? anybody who enjoys quirky , fun , popcorn movies with a touch of silliness and a little bloodshed .","who is the audience for cletis tout ? anybody who enjoys quirky, fu n, popcorn movies with a touch of silliness and a little bloodshed.",LABEL_2,24,1,True
sade is an engaging look at the controversial eponymous and fiercely atheistic hero .,sade is an engaging look a t t he controversial epnoymous and fercely atheistic hero.,LABEL_1,33,4,True
deserves high marks for political courage but barely gets by on its artistic merits .,deserves high marks for political courage but barely gets by along its artistci merts.,LABEL_1,89,15,False
it's a fanboy 'what if ? ' brought to life on the big screen .,information technology '$ a fanby ' what i f? ' brought to life on the big screen .,LABEL_1,42,9,False
the gantzes' interviews tend to let the guys off the hook .,the gantzes ' interviews tend t o let th e guys off the hook.,LABEL_1,73,13,False
"as green-guts monster movies go , it's a beaut .","as green - guts monster movies go, it 's a b eaut.",LABEL_2,17,1,True
"hip-hop has a history , and it's a metaphor for this love story .","rosehip - hop take a history, and it 's a metaphor for this loe s tory.",LABEL_1,85,17,False
"unlike most teen flicks , swimming takes its time to tell its story , casts mostly little-known performers in key roles , and introduces some intriguing ambiguity .","unlike virtually teen flick$, swimming takes its time t o tell its story, throw away mostly little - knwn performers in key r oles, and introduces some intriguing ambigutiy.",LABEL_1,163,30,False
makes an aborbing if arguable case for the man's greatness .,makes an abobring if arguable case for the man 's greatness.,LABEL_1,34,5,True
"a truly moving experience , and a perfect example of how art -- when done right -- can help heal , clarify , and comfort .","a trul y movimg expereince, and a p3rfect examle of how ar t -- when done right -- can h elp heal, clarify, and comfort.",LABEL_2,61,8,True
it's hard to imagine that even very small children will be impressed by this tired retread .,it 's hrd to imagine that even very small children will be impressed by thi s tired retread.,LABEL_0,27,2,True
"not so much a movie as a picture book for the big screen . this isn't my favorite in the series , still i enjoyed it enough to recommend .","not so much a movie as a picture book for the big screen . this is n't my favorite in the series, still i enjoed it enough to recommend.",LABEL_2,23,1,True
"it's a setup so easy it borders on facile , but keeping the film from cheap-shot mediocrity is its crack cast .","it 's a setup so ea$y it borders on facile, but keeping the film from cheap - shot mediocrity is its crack cast.",LABEL_1,32,1,True
this overproduced piece of dreck is shockingly bad and absolutely unnecessary . hmmmmight i suggest that the wayward wooden one end it all by stuffing himself into an electric pencil sharpener ?,tis oveprroduced small-arm of drck 1s shocikngly ba d a nd absoltuely unnecessry. hmmm might i suggest that the wawyard wooden one e nd it all by stuffing himself into an electric pencil sharpener?,LABEL_0,110,16,True
"though howard demonstrates a great eye as a director , this southern gothic drama is sadly a tough sit , with an undeveloped narrative and enough flashbacks and heavy-handed metaphors to choke a horse -- or at least slow him down to a canter .","tohugh howard demonstrates a great eye as a director, this southern gothic drama is sadly a tough sit, with an undeveloped narrative and enough flashbacks and heavy - handed metaphors to choke a horse -- or at least slow him down to a canter.",LABEL_0,53,1,True
""" i blame all men for war , "" [the warden's daughter] tells her father . the movie is about as deep as that sentiment .",""" i blame all me n f or war, "" [ the warden 's daughter ] tells her fahter. the movie is about as deep as that sentiment .",LABEL_0,41,6,True
a sobering and powerful documentary about the most severe kind of personal loss : rejection by one's mother .,a sobering and powerful documentay about the most severe kind of per$onal loss : rejection by one 's mother.,LABEL_1,51,7,True
"nine queens is not only than a frighteningly capable debut and genre piece , but also a snapshot of a dangerous political situation on the verge of coming to a head .","nine queens is not on ly than a frighteningly capable debut and genre piece, but also a snapsoht of a dangerous political situation on the verge of coming to a head.",LABEL_1,46,3,True
"there's a persistent theatrical sentiment and a woozy quality to the manner of the storytelling , which undercuts the devastatingly telling impact of utter loss personified in the film's simple title .","there 's a persistent theatrical sentiment and a woozy quality to the manner of the storytelling, which undercuts the devastatingly telling impact of utter los personified in the film 's simple title.",LABEL_0,39,1,True
rarely have i seen a film so willing to champion the fallibility of the human heart .,rarely have i attend a film so willing to champion the fallibility of the human heart.,LABEL_1,93,17,False
"the people in abc africa are treated as docile , mostly wordless ethnographic extras .","the pepole in abc africa a re treated as docile, mostly wordlss ethnographic extras.",LABEL_0,29,3,True
quitting offers piercing domestic drama with spikes of sly humor .,quitting offers piercing domestic drama with spikes of sly wittiness.,LABEL_1,19,1,True
a documentary to make the stones weep -- as shameful as it is scary .,a documentary to make the stones wep -- as sahmeful as it is scay.,LABEL_0,70,11,True
there is only so much baked cardboard i need to chew .,there is onl y so much baked cardboard i need to chew.,LABEL_1,16,1,True
norton is magnetic as graham .,notron i$ magnetic a s gr@ham.,LABEL_1,35,6,False
that it'll probably be the best and most mature comedy of the 2002 summer season speaks more of the season than the picture,that it 'll probably be the b est and most mature comedy of the 2002 summer season speaks more of the season than the picture,LABEL_2,28,1,True
nothing is sacred in this gut-buster .,nothing is sared in this gut - buster.,LABEL_0,14,1,True
"although it bangs a very cliched drum at times , this crowd-pleaser's fresh dialogue , energetic music , and good-natured spunk are often infectious .","although it bangs a very cliched drum at times, this crowd - pleaser 's fresh dialogue, energetic music, and good - natured spunk are often infecitous.",LABEL_2,36,1,True
"the film is just a big , gorgeous , mind-blowing , breath-taking mess .","the film is just a big, gorgeus, mind - blowing, breath - taking mess.",LABEL_2,23,1,True
"the story itself it mostly told through on-camera interviews with several survivors , whose riveting memories are rendered with such clarity that it's as if it all happened only yesterday .","the story itself it mostly told through on - camera interviews with several survivors, whose riveting memories are rendered with s uch clarity that it 's as if it all happened only yesterday.",LABEL_2,38,1,True
like leafing through an album of photos accompanied by the sketchiest of captions .,like leafing through an album o f photos acc0mpanied by the sketchiest of captions.,LABEL_1,28,3,True
"despite its lavish formalism and intellectual austerity , the film manages to keep you at the edge of your seat with its shape-shifting perils , political intrigue and brushes with calamity .","despite its lavish formalism and intellectual austerity, the flm manages to keep you at the edge of your seat with its shape - shifting perils, plitical scheme an d copse with calamity.",LABEL_1,82,9,True
"a thoroughly enjoyable , heartfelt coming-of-age comedy .","a thoroughyl enjyoable, heartfelt coming - of - age comedy.",LABEL_2,23,2,True
"its maker , steven spielberg , hasn't had so much fun in two decades , since he was schlepping indiana jones around the globe in search of a giant misplaced ashtray .","its mak3r, steven spielberg, has n't had so much fun in two decades, since he was schlepping indiana jon3s arund the globe in search of a giant misplaced ashtray.",LABEL_0,48,3,True
a movie that reminds us of just how exciting and satisfying the fantasy cinema can be when it's approached with imagination and flair .,a movi e that remnids us of just h ow agitate and satisfing the fantasy cinema can be when it 's approached with imagination and flair.,LABEL_2,50,5,True
suffocated at conception by its munchausen-by-proxy mum . punish the vehicle to adore the star .,suffocated at conception by its munchausen-by-proxy mum . punish the vehicle t o adore the star.,LABEL_1,13,1,True
"impostor can't think of a thing to do with these characters except have them run through dark tunnels , fight off various anonymous attackers , and evade elaborate surveillance technologies .","impostor can't think of a thing to do with these characters except have them run through dark tunnels , fight off various anonymous attackers , and evade elaborate surveillance technologies .",LABEL_1,179,32,False
"it's not original , and , robbed of the element of surprise , it doesn't have any huge laughs in its story of irresponsible cops who love to play pranks .","it 's no t oriignal, amd, robed of the element of surprise, it does m't hav e any huge laughs in its story of irresponsible cps who love to playing period prakns.",LABEL_0,87,11,True
mib ii is a movie that makes it possible for the viewer to doze off for a few minutes or make several runs to the concession stand and/or restroom and not feel as if he or she has missed anything . that's because relatively nothing happens .,mib ii constitute a movie that m akes it possible for the viewer to doze off for a few minutes or make several runs to the concession stand and/or restroom and not feel as if he or she has missed anything. that's because relatively nothing happens .,LABEL_2,51,2,True
it's easy to love robin tunney -- she's pretty and she can act -- but it gets harder and harder to understand her choices .,it's easy to love robin tunney -- she's pretty and she can act -- but it gets harder and harder to understand her choices .,LABEL_1,3,0,False
"the actors are simply too good , and the story too intriguing , for technical flaws to get in the way .","the actors are simply too good, and the story too inriguing, for technical flaws to get in the way.",LABEL_2,27,1,True
"by the time you reach the finale , you're likely wondering why you've been watching all this strutting and posturing .","by the time you reach the finale, you 're likely wondering why you 've been watching all this strtting and posturing.",LABEL_1,28,1,True
"for his first attempt at film noir , spielberg presents a fascinating but flawed look at the near future .","for his first attempt at f ilm noir, spielberg presents a fascinating but flawed lo ok at the near fuutre.",LABEL_2,46,7,True
get out your pooper-scoopers .,get out your pooper-scoopers .,LABEL_0,37,7,False
a cautionary tale about the folly of superficiality that is itself endlessly superficial .,a cautionary tale about the folly of superficiality that is itself endlessly superficial .,LABEL_0,79,14,False
"sinks into the usual cafeteria goulash of fart jokes , masturbation jokes , and racist japanese jokes .","sinks into the usual cafeteria goulash of far t jokes, masturbation jokes, and raicst japanese jokes.",LABEL_0,28,3,True
"while some of the camera work is interesting , the film's mid-to-low budget is betrayed by the surprisingly shoddy makeup work .","whil3 some of the camera work is interesting, the film 's mid - to - low budget is betrayed by the surprisingly shoddy makeup work.",LABEL_0,34,1,True
"despite besson's high-profile name being wasabi's big selling point , there is no doubt that krawczyk deserves a huge amount of the credit for the film's thoroughly winning tone .","despite besson 's high - profile name being wasabi 's big selling point, there is mo doubt that krawczyk deserves a huge amount of the credit for the film 's thoroughly winning tone.",LABEL_2,42,1,True
"as social exposé , skins has its heart in the right place , but that's not much to hang a soap opera on .","as social exposé, skins h as its heart in the rigth place, but that 's not much to hang a soap opera on.",LABEL_1,34,2,True
"a different kind of love story - one that is dark , disturbing , painful to watch , yet compelling .","a different kind of loe stroy - o ne that 1s dark, disturbing, painful to watch, yet compelling.",LABEL_1,44,6,True
the charms of the lead performances allow us to forget most of the film's problems .,the charms of t he lead performances allow us to forget most of the film 's problems.,LABEL_2,21,1,True
"combining quick-cut editing and a blaring heavy metal much of the time , beck seems to be under the illusion that he's shooting the latest system of a down video .","combining quick - cut editing and a blaring heavy meatl much of the time, b eck seems to be under the illusion that h e 's shoot down the latest system of a down video.",LABEL_1,63,6,True
"a wry , affectionate delight .","a wry, affectionate dlight.",LABEL_2,11,1,True
"with lines that feel like long soliloquies -- even as they are being framed in conversation -- max is static , stilted .","with liens tat feel like long soliloquies -- even as they are being framed in conversation -- m@x is static, stilted.",LABEL_1,39,3,True
you have no affinity for most of the characters . nothing about them is attractive . what they see in each other also is difficult to fathom .,you have n o affinity for most of the characters. nothing abotu then i s attractvie. what they see in each other also is difficult to fathom .,LABEL_0,49,7,True
"though nijinsky's words grow increasingly disturbed , the film maintains a beguiling serenity and poise that make it accessible for a non-narrative feature .","though nijinsky 's words grw increasingly disturbed, the film maintains a beguiling serenity and poise that make it accessible for a non - narrative feature.",LABEL_1,32,1,True
the kind of nervous film that will either give you a mild headache or exhilarate you .,the kind o f nervous film that will either give you a m1ld headache or exhilarate yo u.,LABEL_1,32,4,True
"mr . goyer's loose , unaccountable direction is technically sophisticated in the worst way .","mr. goyer 's loose, unexplainable direction exist technically sophisticated in t he worst wa y.",LABEL_0,35,4,True
the film lapses too often into sugary sentiment and withholds delivery on the pell-mell pyrotechnics its punchy style promises .,the take lapses to o often into sugary sentiment and withholds delivery on the pell - mell pyrotechnics its punchy style promises.,LABEL_0,31,2,True
insanely hilarious ! i haven't laughed that hard in years !,insanely hilarious ! i have n't lauhged tha t surd i n yaers!,LABEL_2,36,5,True
the emotions are raw and will strike a nerve with anyone who's ever had family trauma .,the emotions a re raw and will strike a nerve with anyone who 's ever had family trauma.,LABEL_0,22,1,True
"madonna has made herself over so often now , there's apparently nothing left to work with , sort of like michael jackson's nose .","madonna has made herself over so often now, there 's apparently noting left to work with, sort of like michael jackson 's nose.",LABEL_0,31,1,True
it's like going to a house party and watching the host defend himself against a frothing ex-girlfriend . you don't want to call the cops . you want to call domino's .,it's like going to a house party and watching the host defend himself against a frothing ex-girlfriend . you do n't require to call the co ps. you want to call domino's .,LABEL_0,20,2,True
"not only is undercover brother as funny , if not more so , than both austin powers films , but it's also one of the smarter , savvier spoofs to come along in some time .","not only is undercover brother as comic, if not more so, than both austin powers films, but it 's also one of the smrter, savvier spoofs to come along in some time.",LABEL_2,47,2,True
"the movie certainly has its share of clever moments and biting dialogue , but there's just not much lurking below its abstract surface .","the movie certainly has its share of clever moments and biting dalogue, but there 's just not much lurking below its abstract surface.",LABEL_2,30,1,True
like other great documentaries . . . this goes after one truth ( the ford administration's complicity in tearing 'orphans' from their mothers ) and stumbles upon others even more compelling .,like other great documentaries . . . this goes after one trueness ( the ford administration 's complicity in tearing ' orphans ' from their mothers ) and stumbles upon others even more compelling.,LABEL_1,43,3,True
"the problem is the needlessly poor quality of its archival prints and film footage . the images lack contrast , are murky and are frequently too dark to be decipherable .","the prolbem exist the needessly po or qality of its archival impress and film footage. the images deficiency contrast, are murky and are frequently too dark to be decipherable.",LABEL_0,112,16,True
simply doesn't have sufficient heft to justify its two-hour running time .,simply do es n't have sufficient heft to excuse it s two - hour running time.,LABEL_0,39,5,True
fans of the modern day hong kong action film finally have the worthy successor to a better tomorrow and the killer which they have been patiently waiting for .,fans of the modern day hong kong action film finally have the worhy successor to a better tomorrow and the killer which they have been patiently waiting for.,LABEL_2,34,1,True
"it does give a taste of the burning man ethos , an appealing blend of counter-cultural idealism and hedonistic creativity .","it does give a taste of the burning man ethos, an appealing blend of conuter - cultural idealism and hedonistic creativity.",LABEL_2,34,2,True
"if the plot seems a bit on the skinny side , that's because panic room is interested in nothing more than sucking you inand making you sweat .","if the plot seems a bit on the skinny side, that 's because panic room is interested in goose egg more than suking you in and making you sweat.",LABEL_0,40,2,True
the observations of this social/economic/urban environment are canny and spiced with irony .,the obserations o f this social / economic / urban environment are canny and spiced with irony.,LABEL_1,26,2,True
"for its seriousness , high literary aspirations and stunning acting , the film can only be applauded .","for its seriousness, high literary aspirations and stunn1ng acting, the film ca n only be appaluded.",LABEL_2,32,3,True
consider the film a celluloid litmus test for the intellectual and emotional pedigree of your date and a giant step backward for a director i admire .,cosnider the film a celluloid litmus test for the intellectual and emotional pedgiree of your date and a giant step backward for a director i adnire.,LABEL_1,54,6,True
an involving true story of a chinese actor who takes up drugs and winds up in an institution--acted mostly by the actual people involved .,an ivolving true story of a chinese actor who takes up drugs and winds up in an institution -- a cted mostly by the actual people involved.,LABEL_1,37,2,True
"mostly , [goldbacher] just lets her complicated characters be unruly , confusing and , through it all , human .","mostly, [ goldbacher ] just les her complicated characters be unruly, confusing and, through it all, human.",LABEL_0,27,1,True
"a miraculous movie , i'm going home is so slight , yet overflows with wisdom and emotion .","a niraculous movie, i 'm going home is so slight, yet overflwos with wisdom and emotion.",LABEL_2,30,2,True
"comes across as a relic from a bygone era , and its convolutions . . . feel silly rather than plausible .","comes across as a relic from a bygone era , and its convolutions . . . fe el silly rather tan plausible.",LABEL_0,16,2,True
"this odd , poetic road movie , spiked by jolts of pop music , pretty much takes place in morton's ever-watchful gaze -- and it's a tribute to the actress , and to her inventive director , that the journey is such a mesmerizing one .","this odd, poetical road movie, spiked by jolts of pop music, pretty much takes place in morton 's ever - watchful gaze -- and it ' s a tribute to the actress, amd to her imaginative director, that the juorney is such a mesmerizing one.",LABEL_2,267,50,False
"hey everybody , wanna watch a movie in which a guy dressed as a children's party clown gets violently gang-raped ? i didn't think so .","hey everybody, wanna watch a movie in which a guy dressed as a chidren 's party clown gets volently gang - rap3d? i didn't think so .",LABEL_0,40,3,True
it's not too fast and not too slow . it's not too racy and it's not too offensive . it's not too much of anything .,it's not too fast and not too slow . it's not too racy and it's not too offensive . information technology '$ not excessively a great deal of anything.,LABEL_1,175,30,False
"it extends the writings of jean genet and john rechy , the films of fassbinder , perhaps even the nocturnal works of goya .","it extends the writings of jean genet and john rechy , the films of fassbinder , perhaps even the nocturnal works of goya .",LABEL_1,135,24,False
a bore that tends to hammer home every one of its points .,a bore that tends to hammer home evey one of its points.,LABEL_0,18,1,True
occasionally amateurishly made but a winsome cast and nice dialogue keeps it going .,occasionally amateurishly made but a w1nsome cast and ni ce dialogue keeps it going.,LABEL_2,23,2,True
"meyjes's movie , like max rothman's future , does not work .","meyjes 's movie, like max rothman 's future, serve not wo rk.",LABEL_0,23,2,True
"hardly a masterpiece , but it introduces viewers to a good charitable enterprise and some interesting real people .","hardly a masterpiece, but it stick in viewers to a goo d charitable enterpirse and some occupy real people.",LABEL_2,38,4,True
"it's weird , wonderful , and not necessarily for kids .","i t 's weird, wonderful, and not necessarily for kids.",LABEL_2,63,12,False
"jae-eun jeong's take care of my cat brings a beguiling freshness to a coming-of-age story with such a buoyant , expressive flow of images that it emerges as another key contribution to the flowering of the south korean cinema .","jae - eun jeong 's take care of my cat bings a beguiling impudence to a coming - of - age story with such a buoynt, expressive flow of images that it emerges as another key contribution to the flowering of the south korean cinema.",LABEL_2,62,3,True
"the smash 'em-up , crash 'em-up , shoot 'em-up ending comes out of nowhere substituting mayhem for suspense .","the smahs 'em - up, crash 'em - up, shoot 'e m - up enidng comes out of nowhere substituting mayhem for suspense.",LABEL_1,44,4,True
"much has been written about those years when the psychedelic '60s grooved over into the gay '70s , but words don't really do the era justice . you have to see it .","much has been written about those years when the psychedelic '60s grooved over into the gay '70s , but words don't really do the era justice . you ha ve to see it.",LABEL_1,17,3,True
this version incarnates the prophetic book in a way even its exacting author might admire .,th is version incarnates the prophetic book in a way eve its exacting author might admire.,LABEL_2,25,2,True
"dazzling and sugar-sweet , a blast of shallow magnificence that only sex , scandal , and a chorus line of dangerous damsels can deliver .","dazzling and sugar - sweet, a blast of shallw magnificence that only sex, scandal, and a chorus line o f dangerous damsels can deliver.",LABEL_0,36,2,True
"a gorgeously strange movie , heaven is deeply concerned with morality , but it refuses to spell things out for viewers .","a gorgeously strange movie, heaven i$ deeply concerned with morality, but it refuses to spell things out for viewers.",LABEL_1,29,1,True
"this is a great subject for a movie , but hollywood has squandered the opportunity , using it as a prop for warmed-over melodrama and the kind of choreographed mayhem that director john woo has built his career on .","this is a great subject for a movie, b ut hollywood has squanderd the opportunity, using it as a prop for warmed - over melodrama and the kind of choreographed mayhem that director john woo has built his career on.",LABEL_0,52,2,True
"armed with a game supporting cast , from the pitch-perfect forster to the always hilarious meara and levy , like mike shoots and scores , doing its namesake proud .","armed with a game supporting cas t, from the pitch - hone forster to the always hilarious meara and levy, like mike shoots and scores, doing its namesake pr oud.",LABEL_2,51,4,True
the actors must indeed be good to recite some of this laughable dialogue with a straight face .,the actors must indeed b3 good to rec1te some o f this laughable dialogue with a straight face.,LABEL_1,43,6,True
a sugar-coated rocky whose valuable messages are forgotten 10 minutes after the last trombone honks .,a sugar - coated rocky who se valuable messages are forgotten 10 minutes after the lat trombone honks.,LABEL_1,61,11,True
"viewed on its own terms , treasure planet is better-than-average family entertainment , but true fans of the stevenson's novel will likely prefer disney's more faithful 1950 live-action swashbuckling classic .","viewed on its own terms, treasure planet is btter - than - average family entertainment, but true fans of the stevenson 's novel will likely prefer disney 's more faithful 1950 live - action swashbuckling classic.",LABEL_2,44,1,True
"although sensitive to a fault , it's often overwritten , with a surfeit of weighty revelations , flowery dialogue , and nostalgia for the past and roads not taken .","althouh sensitiev t o a fault, it 's often overwritten, with a surfeit of weighty reevlations, flowery dialogue, and nostalgia for the past and roads not taken.",LABEL_1,51,4,True
"this movie feel more like a non-stop cry for attention , than an attempt at any kind of satisfying entertainment .","this movei feel more like a n on - stop cry for attention, than an attempt at whatever kind of satisfying entertainment.",LABEL_0,44,4,True
"what saves it . . . and makes it one of the better video-game-based flicks , is that the film acknowledges upfront that the plot makes no sense , such that the lack of linearity is the point of emotional and moral departure for protagonist alice .","what saves it . . . and makes it one o f the better video - game - based flicks, is that the film acknwledges upfront that the plot makes no sense, such that the lack of linearity is the point of emotional and moral departure for protagonist alice.",LABEL_2,57,2,True
the reason this picture works better than its predecessors is that myers is no longer simply spoofing the mini-mod-madness of '60s spy movies .,the reason this picture works beter than its predecessors is that myers is no longer simply spoofing the mini - mod - madness of ' 60s spy movies.,LABEL_2,34,1,True
"further proof that the epicenter of cool , beautiful , thought-provoking foreign cinema is smack-dab in the middle of dubya's axis of evil .","further p roof tha t the epicenter of cool, beautiful, thought - provoking foreign cinema is smack - dab in the middle of dubya 's axis of evil.",LABEL_0,38,2,True
i liked this film a lot . . .,i lked this film a lot...,LABEL_2,14,1,True
imagine a scenario where bergman approaches swedish fatalism using gary larson's far side humor,imagine a scenario where berman aproaches sedish fatalism using gary larson 's far side hunor,LABEL_1,35,4,True
an intelligently made ( and beautifully edited ) picture that at the very least has a spark of life to it -- more than you can say for plenty of movies that flow through the hollywood pipeline without a hitch .,an intelligently made ( and attractively edited ) picture that astatine the very least has a spa rk of life to it -- more than you can say for plenty of movies that flow through the hollywood pipeline wihout a htch.,LABEL_2,65,5,True
the film tunes into a grief that could lead a man across centuries .,the film tunes into a grief that could le ad a man acro$s centuries.,LABEL_1,24,3,True
"filled with low-brow humor , gratuitous violence and a disturbing disregard for life .","filled with low - br0w temper, gratuitosu violence a nd a shake up disregard for l ife.",LABEL_0,83,16,False
"say this for the soundtrack , it drowns out the lousy dialogue .","s ay this for the soundtrack, it drowns out the lou sy dialogue.",LABEL_0,22,2,True
tsai may be ploughing the same furrow once too often .,tsai may be ploughing the same furrow on ce too often.,LABEL_1,15,1,True
"in my opinion , analyze that is not as funny or entertaining as analyze this , but it is a respectable sequel .","in my opinion, analyze that is not as funny or entertaining as analyze this, b ut it is a respectable sequel.",LABEL_1,27,1,True
what better message than 'love thyself' could young women of any size receive ?,what better message than 'love thyself' could young women of any size receive ?,LABEL_1,87,16,False
i was sent a copyof this film to review on dvd . for free . i still want my money back .,i was snt a copyof this film to revew on dvd. for free . i still want my money back .,LABEL_1,31,5,True
the cumulative effect of the relentless horror on parade numbs the movie's power as a work of drama .,the cumulative effect o f the relntless horrr on parade numbs the movie 's power as a work of drama.,LABEL_0,34,3,True
"although trying to balance self-referential humor and a normal ol' slasher plot seemed like a decent endeavor , the result doesn't fully satisfy either the die-hard jason fans or those who can take a good joke .","although trying to balance self - referential humor and a normal ol' slasher plot seemed like a decent endeavor, the resu1t do es n't fully satisfy either the die - hard jason fans or those who can take a good joke.",LABEL_0,51,2,True
toward the end sum of all fears morphs into a mundane '70s disaster flick .,toward the end sun of all faers morphs i nto a mundane ' 70s disaster flick.,LABEL_0,30,3,True
"you can feel the heat that ignites this gripping tale , and the humor and humanity that root it in feeling .","you can feel t he heat that ignites this gripping tale, amd the humor and humanity that r oot it in feeling.",LABEL_1,36,3,True
"fails in making this character understandable , in getting under her skin , in exploring motivation . . . well before the end , the film grows as dull as its characters , about whose fate it is hard to care .","fails in making this character understandable , in getting under her skin , in exploring motivation . . . we ll before the remnant, th e film grow s as dul l a s 1ts characters, about whose fate it is hard to care.",LABEL_0,83,12,True
"seeing seinfeld at home as he watches his own appearance on letterman with a clinical eye reminds you that the key to stand-up is to always make it look easy , even though the reality is anything but .","seeing seinfeld at home as he watches his own appearance on letterman with a clinical eye reminds you that the ke y to stand - up is to always make it look easy, even though the reality is anything but.",LABEL_2,45,1,True
"an energetic , violent movie with a momentum that never lets up .","an gumptious, violent movie with a momentum that never let s up.",LABEL_1,49,9,True
"the movie is a desperate miscalculation . it gives poor dana carvey nothing to do that is really funny , and then expects us to laugh because he acts so goofy all the time .","the movei 1s a heroic miscalcu1ation. it gives poor dana carvey nthing to do that is really funny, and then expects us to laugh because he acts so goofy all the time.",LABEL_0,69,8,True
"seldahl's barbara is a precise and moving portrait of someone whose world is turned upside down , first by passion and then by illness .","selahl '$ barara i s a precise and moving portrait of someone whose world is turned upside down, first by passion and then by illness.",LABEL_1,55,6,True
"trivial where it should be profound , and hyper-cliched where it should be sincere .","trivial where i t should be prof0und, and hyp er - cliched where information technology should be sinceer.",LABEL_1,93,17,False
set in a 1986 harlem that doesn't look much like anywhere in new york .,set in a 1986 harlem t hat does n't look much like anywhere in new york.,LABEL_1,25,2,True
a seriocomic debut of extravagant promise by georgian-israeli director dover kosashvili .,a seriocmoic debut of extravagant promise by georgian - isreali direcor capital of Delaware ko$ashvili.,LABEL_1,75,14,False
what makes it worth watching is quaid's performance .,what makes it worht watching i s quaid 's performance.,LABEL_2,21,2,True
"an inconsequential , barely there bit of piffle .","a n inconsequential, barely there bit of piffle.",LABEL_1,49,9,False
"if you're burnt out on it's a wonderful life marathons and bored with a christmas carol , it might just be the movie you're looking for . it depends on how well flatulence gags fit into your holiday concept .","if you're burnt out on it's a wonderful life marathons and bored with a christmas carol , it might just be the movie you're looking for . i t depends on how well flatulence gags tantrum into your holidy cnocept.",LABEL_1,49,8,True
it is great summer fun to watch arnold and his buddy gerald bounce off a quirky cast of characters .,information technology is not bad summer sport t o watch arnold an d his bdudy gerald bounce off a quirky ca$t of characters.,LABEL_2,115,20,False
"haneke keeps us at arm's length . guided more by intellect than heart , his story flattens instead of sharpens .","haneke keeps us at arm's length . guided more by intellect than heart, his story flattens instead o f sharpens.",LABEL_0,19,1,True
"there's no question that epps scores once or twice , but it's telling that his funniest moment comes when he falls about ten feet onto his head .","there 's no question that epps scores once or twice, but it 's telling that h is funniest moemnt cmoes when he falls about ten feet onto his head.",LABEL_2,46,3,True
the story the movie tells is of brian de palma's addiction to the junk-calorie suspense tropes that have all but ruined his career .,the story the movie tells is of brian de palma 's addiction to the junk - calorie suspense tropes that have a ll but ruied his career.,LABEL_0,37,2,True
"passion , lip-synching , tragedy , and lots of really really high notes . for me , this opera isn't a favorite , so it's a long time before the fat lady sings .","passion , lip-synching , tragedy , and lots of really really high notes . for me, this opera is n't a favorie, so it 's a log time earlier the fat lady sings.",LABEL_0,38,3,True
"bigelow offers some flashy twists and turns that occasionally fortify this turgid fable . but for the most part , the weight of water comes off as a two-way time-switching myopic mystery that stalls in its lackluster gear of emotional blandness .","bigelow offers some flashy twists and turns that occasionally fortify this turgid fable . but for the most part, the weight of water comes off as a two - way time - switching myopic mystery that stalls in its lackluster gear of emotional blandess.",LABEL_0,38,1,True
"for those of us who respond more strongly to storytelling than computer-generated effects , the new star wars installment hasn't escaped the rut dug by the last one .","for those of us who respond more strogly to storytelling than computer - generated effects, the new star wars installment has n't escaped the rut dug by the last one.",LABEL_1,37,1,True
schindler's list it ain't .,schindler 's lit i t a i n't.,LABEL_1,31,5,True
"even though we know the outcome , the seesawing of the general's fate in the arguments of competing lawyers has the stomach-knotting suspense of a legal thriller , while the testimony of witnesses lends the film a resonant undertone of tragedy .","even though we know the outcome, the seesawing of the general 's fate in the arguments of competing lawyers has the stomach - knotting suspense of a legal thriller, wh1le the testimony 0f witnesses lends th e film a resonant undertone of tragedy.",LABEL_1,97,13,True
"that rare movie that works on any number of levels -- as a film of magic and whimsy for children , a heartfelt romance for teenagers and a compelling argument about death , both pro and con , for adults .","that rare movi e that exploit on any number of levels -- as a film of magic and whimsy for children, a heartfelt romance for teenagers and a compelling argument about death, both pro and con, for adults.",LABEL_2,50,2,True
"city by the sea is the cinematic equivalent of defensive driving : it's careful , conscientious and makes no major mistakes . but what saves lives on the freeway does not necessarily make for persuasive viewing .","city by the sea is the cinematic equivalent of defensive driving : it's careful , conscientious and makes no major mistakes . merely wat saves lives on the freeway do3s not ncessarily make for persuasive reckon.",LABEL_1,82,14,True
an elegant and sly deadpan comedy .,an elegant @nd sly deadpan comey.,LABEL_2,17,2,True
i don't even care that there's no plot in this antonio banderas-lucy liu faceoff . it's still terrible !,i don't even care that there's no plot in this antonio banderas-lucy liu faceoff . it 's still terribe!,LABEL_0,11,1,True
"belongs to daniel day-lewis as much as it belongs to martin scorsese ; it's a memorable performance in a big , brassy , disturbing , unusual and highly successful film .","belongs to daniel day - lewis as much as it belongs to martin scorsese ; it 's a memoable performance in a big, brassy, disturbing, unusual and highly succe$sful film.",LABEL_2,44,2,True
"as much as i laughed throughout the movie , i cannot mount a cogent defense of the film as entertainment , or even performance art , although the movie does leave you marveling at these guys' superhuman capacity to withstand pain .","as much as i laughed throughout the movie , i cannot mount a cogent defense of the film as entertainment , or even performance art , although the movie does leave you marveling at these guys' superhuman capacity to withstand pain .",LABEL_2,235,44,False
"a summary of the plot doesn't quite do justice to the awfulness of the movie , for that comes through all too painfully in the execution .","a summary of the plot does n 't quite do jusitce to the afulness of the moive, for that comes through all too paifully in the execution.",LABEL_0,64,7,True
"if festival in cannes nails hard- boiled hollywood argot with a bracingly nasty accuracy , much about the film , including some of its casting , is frustratingly unconvincing .","if festival in cannes nails hard- boiled hollywood argot wth a bracingly naty accuracy, much about the film, including some of its casting, is frutsratingly uconvincing.",LABEL_0,50,4,True
the result is an 'action film' mired in stasis .,the result i s an ' actoin film ' mired in stasis.,LABEL_0,63,12,False
"it's a tour de force , written and directed so quietly that it's implosion rather than explosion you fear .","it 's a tour de force, written and directed so quietly that it 's implosion rathr th an explosion you fear.",LABEL_1,37,4,True
arnold's jump from little screen to big will leave frowns on more than a few faces .,arnold 's jump from little screen to big will leae frowns on more than a few faces.,LABEL_0,23,1,True
a good thriller .,a g ood thriller.,LABEL_2,8,1,True
"i have no problem with "" difficult "" movies , or movies that ask the audience to meet them halfway and connect the dots instead of having things all spelled out . but first , you have to give the audience a reason to <b>want</b> to put for that effort , and "" i","i have no problem wth "" difficult "" movies, o r movies that ask the audience to meet them halfway and connect the dots instead of having things all spelled out. bu t fir$t, y0u cause t o give the audience a reason to < b > want/<b > t o p ut for th at effort, and "" i",LABEL_1,167,28,True
"'si bien no logra desarrollarse como un gran drama , tampoco es tan superficial como muchas cintas que pecan de pretenciosas y que resultan totalmente banales . '","' s i bin no more logr a desarrollarse coo United Nations granny darma, tmapoco es t@n trivial com0 muchas cinta$ que peacn Diamond State preetnciosas y que resultan toalmente banales. '",LABEL_1,157,29,True
"it's got all the familiar bruckheimer elements , and schumacher does probably as good a job as anyone at bringing off the hopkins/rock collision of acting styles and onscreen personas .","information technology 's go t all the familiar bruckheimer elements, and schumacher does probably as good a job a s anyone at bringing off the hopkins / rock collision of acting styles and onscreen personas.",LABEL_2,57,4,True
